# Blender 4.3.2
# www.blender.org
mtllib altar2.mtl
o altar
v -74.994743 76.219421 29.875349
v 74.518356 75.964821 29.962433
v -74.994743 85.710098 29.867533
v 74.751198 85.710030 29.803602
v -75.173317 76.170219 -29.870237
v 74.594513 75.915581 -29.830359
v -74.918663 85.915558 -29.877943
v 74.826973 85.661041 -29.687002
v 39.940018 75.953896 16.692387
v -40.565689 75.953842 16.622370
v -40.523415 75.926514 -16.563814
v 39.982452 75.926453 -16.631392
v 39.452827 0.254672 16.650551
v -40.313057 0.254468 16.395607
v -40.016533 0.227405 -16.466057
v 39.749344 0.227608 -16.211117
v -75.249084 76.219208 29.620363
v -74.997093 75.964729 29.840797
v 74.751198 76.219353 29.811419
v 74.496208 76.219566 30.065756
v -74.994423 85.964554 29.612661
v -75.249077 85.709885 29.612547
v 74.496544 85.964691 29.803068
v 74.496208 85.710243 30.057940
v -74.918327 76.170013 -30.124578
v -74.920753 75.915375 -30.089605
v 74.572639 76.170158 -29.934172
v 74.826973 76.170364 -29.679190
v -74.918343 85.660690 -30.132399
v -75.173325 85.660896 -29.878057
v 74.572639 85.660835 -29.941984
v 74.572319 85.915703 -29.687536
v 39.452835 75.699150 16.588411
v 39.707817 75.698936 16.334076
v -40.313049 75.698944 16.333473
v -40.058716 75.699150 16.588463
v -40.016525 75.671883 -16.528193
v -40.271515 75.672089 -16.273851
v 39.749352 75.672089 -16.273252
v 39.495018 75.671875 -16.528242
v 39.453156 -0.000199 16.396097
v 39.707817 0.254462 16.396210
v -40.058395 -0.000193 16.396145
v -40.058723 0.254678 16.650597
v -40.016861 -0.027047 -16.211185
v -40.271523 0.227614 -16.211716
v 39.494682 -0.027053 -16.211227
v 39.495010 0.227398 -16.466106
v -75.344017 86.029259 17.623707
v -75.602470 85.695511 -21.666265
v -75.228470 25.535372 17.656271
v -74.897041 25.503008 -21.640398
v -75.571281 85.906433 17.621353
v -75.477554 85.922943 -21.665205
v -75.470848 85.989807 17.622368
v -75.561813 85.822403 -21.665991
v -75.633003 85.788803 17.620781
v -75.359421 85.984787 -21.664007
v -75.404930 86.017136 17.623055
v -75.589752 85.756454 -21.666212
v -75.605736 85.854759 17.621017
v -75.425606 85.957466 -21.664679
v -75.522469 85.955284 17.621840
v -75.526840 85.874077 -21.665670
v -75.645042 85.727859 17.620693
v -75.298378 85.996910 -21.663359
v -75.449257 29.297411 17.660591
v -75.760185 33.059448 17.667942
v -76.006683 36.821484 17.673126
v -75.986092 40.583511 17.669336
v -75.784653 44.345535 17.659470
v -75.532272 48.107555 17.647892
v -75.337830 51.869576 17.638260
v -75.288002 55.631615 17.633486
v -75.447021 59.393646 17.635733
v -75.840225 63.155689 17.645845
v -76.289238 66.917732 17.657835
v -76.497093 70.679764 17.661720
v -76.303017 74.441795 17.652098
v -75.934174 78.203804 17.636604
v -75.690666 81.965828 17.625326
v -75.653656 81.933479 -21.661451
v -75.856461 78.171524 -21.559706
v -75.845604 74.409500 -21.556967
v -75.746979 70.647392 -21.649023
v -75.990250 66.885376 -21.637754
v -76.268791 63.123341 -21.625294
v -76.468742 59.361320 -21.615475
v -76.618546 55.599300 -21.607334
v -76.652405 51.837261 -21.603107
v -76.507538 48.075233 -21.604877
v -76.185654 44.313194 -21.612591
v -75.755241 40.551144 -21.623959
v -75.353134 36.789112 -21.634371
v -75.099915 33.027077 -21.639772
v -74.933983 29.265041 -21.642252
v -75.299988 85.998451 -19.792570
v -75.300247 85.999992 -17.921827
v -75.300217 86.001534 -16.051081
v -75.300613 86.003075 -14.180324
v -75.302795 86.004616 -12.309516
v -75.306808 86.006149 -10.438640
v -75.311310 86.007690 -8.567748
v -75.314705 86.009232 -6.696898
v -75.317444 86.010773 -4.826061
v -75.319519 86.012314 -2.955261
v -75.321243 86.013855 -1.084460
v -75.323341 86.015396 0.786352
v -75.326050 86.016937 2.657190
v -75.328728 86.018478 4.528012
v -75.331131 86.020020 6.398839
v -75.333260 86.021561 8.269650
v -75.335304 86.023102 10.140450
v -75.337044 86.024643 12.011250
v -75.338821 86.026184 13.882051
v -75.341118 86.027725 15.752862
v -74.907021 25.504549 -19.769327
v -75.008499 25.506092 -17.895166
v -75.078064 25.507635 -16.022097
v -75.028458 25.509174 -14.153025
v -74.962204 25.510714 -12.284506
v -74.959709 25.512255 -10.413851
v -75.067406 25.513798 -8.539499
v -75.378906 25.515348 -6.658293
v -75.772926 25.516899 -4.774313
v -75.932320 25.518444 -2.898218
v -75.764381 25.519979 -1.033117
v -75.403534 25.521511 0.825502
v -75.103737 25.523043 2.686163
v -75.106308 25.524584 4.556990
v -75.508545 25.526134 6.441244
v -76.155579 25.527693 8.333731
v -76.631279 25.529247 10.220457
v -76.748695 25.530790 12.095133
v -76.509537 25.532328 13.957846
v -75.929848 25.533852 15.809103
v -75.528229 85.875618 -19.794882
v -75.527885 85.877151 -17.924162
v -75.527122 85.878693 -16.053453
v -75.526909 85.880234 -14.182708
v -75.529015 85.881775 -12.311908
v -75.533501 85.883316 -10.441009
v -75.538628 85.884857 -8.570106
v -75.542328 85.886398 -6.699237
v -75.545189 85.887939 -4.828403
v -75.547195 85.889481 -2.957598
v -75.548744 85.891029 -1.086802
v -75.550743 85.892570 0.784010
v -75.553551 85.894112 2.654840
v -75.556313 85.895653 4.525662
v -75.558716 85.897194 6.396485
v -75.560745 85.898735 8.267304
v -75.562691 85.900269 10.138096
v -75.564255 85.901810 12.008889
v -75.565895 85.903351 13.879693
v -75.568207 85.904892 15.750512
v -75.427155 85.959007 -19.793898
v -75.427216 85.960548 -17.923147
v -75.426949 85.962090 -16.052423
v -75.427170 85.963623 -14.181674
v -75.429321 85.965164 -12.310866
v -75.433487 85.966705 -10.439982
v -75.438164 85.968246 -8.569083
v -75.441666 85.969788 -6.698234
v -75.444450 85.971329 -4.827395
v -75.446503 85.972870 -2.956588
v -75.448166 85.974403 -1.085795
v -75.450233 85.975945 0.785016
v -75.452965 85.977486 2.655854
v -75.455681 85.979027 4.526684
v -75.458076 85.980568 6.397496
v -75.460190 85.982109 8.268308
v -75.462204 85.983650 10.139123
v -75.463882 85.985191 12.009908
v -75.465607 85.986725 13.880715
v -75.467903 85.988266 15.751534
v -75.590919 85.757996 -19.795431
v -75.589905 85.759529 -17.924726
v -75.588379 85.761070 -16.054033
v -75.587547 85.762611 -14.183322
v -75.589561 85.764153 -12.312518
v -75.594543 85.765694 -10.441607
v -75.600311 85.767235 -8.570678
v -75.604347 85.768776 -6.699801
v -75.607353 85.770317 -4.828959
v -75.609276 85.771858 -2.958155
v -75.610649 85.773399 -1.087363
v -75.612556 85.774940 0.783436
v -75.615471 85.776482 2.654276
v -75.618294 85.778023 4.525105
v -75.620689 85.779564 6.395920
v -75.622627 85.781097 8.266732
v -75.624443 85.782639 10.137532
v -75.625854 85.784180 12.008317
v -75.627350 85.785721 13.879113
v -75.629707 85.787262 15.749925
v -75.361015 85.986328 -19.793211
v -75.361214 85.987869 -17.922461
v -75.361099 85.989410 -16.051729
v -75.361458 85.990952 -14.180987
v -75.363625 85.992485 -12.310164
v -75.367683 85.994026 -10.439288
v -75.372231 85.995567 -8.568408
v -75.375664 85.997108 -6.697540
v -75.378418 85.998650 -4.826713
v -75.380493 86.000191 -2.955909
v -75.382195 86.001732 -1.085112
v -75.384270 86.003273 0.785711
v -75.387001 86.004814 2.656538
v -75.389687 86.006355 4.527363
v -75.392082 86.007896 6.398190
v -75.394211 86.009438 8.269002
v -75.396233 86.010979 10.139813
v -75.397964 86.012520 12.010598
v -75.399719 86.014061 13.881398
v -75.402023 86.015594 15.752217
v -75.563118 85.823944 -19.795210
v -75.562485 85.825478 -17.924490
v -75.561394 85.827019 -16.053782
v -75.560921 85.828560 -14.183063
v -75.562988 85.830101 -12.312247
v -75.567688 85.831642 -10.441356
v -75.573074 85.833183 -8.570426
v -75.576920 85.834724 -6.699561
v -75.579849 85.836266 -4.828722
v -75.581818 85.837807 -2.957922
v -75.583290 85.839355 -1.087134
v -75.585251 85.840897 0.783674
v -75.588112 85.842438 2.654508
v -75.590881 85.843979 4.525342
v -75.593292 85.845520 6.396162
v -75.595284 85.847061 8.266965
v -75.597176 85.848595 10.137780
v -75.598679 85.850136 12.008557
v -75.600258 85.851677 13.879354
v -75.602577 85.853218 15.750171
v -75.479034 85.924484 -19.794416
v -75.478928 85.926025 -17.923681
v -75.478470 85.927559 -16.052958
v -75.478508 85.929100 -14.182208
v -75.480644 85.930641 -12.311404
v -75.484924 85.932182 -10.440516
v -75.489784 85.933723 -8.569610
v -75.493378 85.935265 -6.698757
v -75.496193 85.936806 -4.827922
v -75.498215 85.938347 -2.957110
v -75.499847 85.939880 -1.086314
v -75.501877 85.941422 0.784497
v -75.504654 85.942963 2.655328
v -75.507378 85.944504 4.526150
v -75.509789 85.946045 6.396973
v -75.511856 85.947586 8.267781
v -75.513832 85.949127 10.138597
v -75.515472 85.950661 12.009385
v -75.517159 85.952202 13.880185
v -75.519478 85.953743 15.750998
v -75.603523 85.697044 -19.795492
v -75.602127 85.698586 -17.924803
v -75.600182 85.700127 -16.054129
v -75.598991 85.701668 -14.183417
v -75.600967 85.703209 -12.312625
v -75.606224 85.704750 -10.441703
v -75.612350 85.706291 -8.570758
v -75.616562 85.707832 -6.699878
v -75.619644 85.709373 -4.829031
v -75.621544 85.710915 -2.958231
v -75.622803 85.712456 -1.087454
v -75.624664 85.713997 0.783354
v -75.627632 85.715538 2.654191
v -75.630501 85.717079 4.525033
v -75.632881 85.718620 6.395848
v -75.634766 85.720154 8.266648
v -75.636520 85.721695 10.137456
v -75.637833 85.723236 12.008225
v -75.639259 85.724777 13.879022
v -75.641640 85.726318 15.749840
v -75.029442 29.266584 -19.768305
v -75.153954 29.268127 -17.893381
v -75.120811 29.269667 -16.023764
v -74.975014 29.271204 -14.157919
v -74.896179 29.272743 -12.289827
v -74.970474 29.274286 -10.416590
v -75.181068 29.275833 -8.538774
v -75.534462 29.277384 -6.656157
v -75.912567 29.278934 -4.772711
v -76.012527 29.280478 -2.898615
v -75.773232 29.282011 -1.035921
v -75.380867 29.283541 0.821642
v -75.046455 29.285072 2.681139
v -74.954048 29.286612 4.548779
v -75.257973 29.288160 6.429719
v -75.846085 29.289717 8.320238
v -76.334137 29.291271 10.207373
v -76.573708 29.292818 12.086157
v -76.508911 29.294359 13.954721
v -76.076042 29.295887 15.810917
v -75.264420 33.028625 -19.763498
v -75.411537 33.030167 -17.887827
v -75.309708 33.031708 -16.020510
v -75.095726 33.033241 -14.156966
v -75.002563 33.034779 -12.289351
v -75.122337 33.036324 -10.414592
v -75.398331 33.037872 -8.534575
v -75.777473 33.039421 -6.651092
v -76.138992 33.040974 -4.768213
v -76.191933 33.042515 -2.895685
v -75.898750 33.044048 -1.034804
v -75.482590 33.045574 0.821957
v -75.090263 33.047104 2.679518
v -74.848099 33.048637 4.542108
v -74.984192 33.050182 6.417420
v -75.449135 33.051739 8.303792
v -75.915916 33.053291 10.190217
v -76.290321 33.054840 12.073533
v -76.452339 33.056385 13.949719
v -76.241447 33.057922 15.813376
v -75.542923 36.790661 -19.757250
v -75.698631 36.792206 -17.881273
v -75.579033 36.793743 -16.014559
v -75.341782 36.795277 -14.151797
v -75.233284 36.796814 -12.284700
v -75.350029 36.798355 -10.410037
v -75.630898 36.799904 -8.529857
v -76.014259 36.801456 -6.646236
v -76.379433 36.803005 -4.763225
v -76.435608 36.804550 -2.890601
v -76.145424 36.806080 -1.029613
v -75.732544 36.807610 0.827260
v -75.280952 36.809139 2.682828
v -74.885963 36.810669 4.540288
v -74.840210 36.812206 6.409489
v -75.156403 36.813755 8.290856
v -75.572769 36.815308 10.175595
v -76.032814 36.816864 12.061784
v -76.366592 36.818413 13.943746
v -76.344864 36.819950 15.813754
v -75.906487 40.552689 -19.748135
v -76.008026 40.554234 -17.873981
v -75.873817 40.555771 -16.007751
v -75.634102 40.557304 -14.145063
v -75.505447 40.558842 -12.278651
v -75.574982 40.560383 -10.405570
v -75.791534 40.561928 -8.527560
v -76.121216 40.563480 -6.645740
v -76.480827 40.565029 -4.762916
v -76.591133 40.566574 -2.888477
v -76.391449 40.568115 -1.024444
v -76.045258 40.569649 0.834676
v -75.560654 40.571175 2.689126
v -75.023643 40.572701 4.541821
v -74.766327 40.574234 6.403905
v -74.868172 40.575775 8.278077
v -75.167130 40.577324 10.158860
v -75.625740 40.578880 12.045007
v -76.043655 40.580429 13.929791
v -76.169304 40.581974 15.804751
v -76.251694 44.314739 -19.739620
v -76.244476 44.316280 -17.869129
v -76.088646 44.317814 -16.003635
v -75.869072 44.319347 -14.140266
v -75.736320 44.320885 -12.273987
v -75.748337 44.322426 -10.402840
v -75.860886 44.323971 -8.528328
v -76.081566 44.325516 -6.650169
v -76.401291 44.327068 -4.768684
v -76.575333 44.328613 -2.892100
v -76.512009 44.330151 -1.023490
v -76.275833 44.331684 0.839322
v -75.806839 44.333214 2.694302
v -75.196838 44.334736 4.544537
v -74.772102 44.336266 6.401001
v -74.660423 44.337803 8.267998
v -74.806213 44.339348 10.143631
v -75.184402 44.340897 12.027073
v -75.598251 44.342449 13.911728
v -75.818138 44.343998 15.789854
v -76.465485 48.076771 -19.735546
v -76.322472 48.078308 -17.869617
v -76.145966 48.079845 -16.004807
v -75.975815 48.081379 -14.139782
v -75.871262 48.082916 -12.272555
v -75.842697 48.084457 -10.402779
v -75.842781 48.085999 -8.532028
v -75.920341 48.087540 -6.658684
v -76.162025 48.089088 -4.779823
v -76.378265 48.090633 -2.901824
v -76.451401 48.092178 -1.028626
v -76.336861 48.093716 0.838272
v -75.939774 48.095245 2.695671
v -75.370811 48.096767 4.547283
v -74.894737 48.098297 6.402027
v -74.646980 48.099831 8.264450
v -74.648979 48.101372 10.135254
v -74.887482 48.102917 12.014000
v -75.212265 48.104465 13.895660
v -75.453987 48.106014 15.774521
v -76.502823 51.838799 -19.737385
v -76.224258 51.840328 -17.876011
v -76.033531 51.841866 -16.011681
v -75.938927 51.843403 -14.144127
v -75.897827 51.844944 -12.274765
v -75.860649 51.846481 -10.405266
v -75.764694 51.848019 -8.537750
v -75.689590 51.849560 -6.669541
v -75.822647 51.851101 -4.794331
v -76.042915 51.852650 -2.916191
v -76.219566 51.854195 -1.039513
v -76.212227 51.855736 0.830986
v -75.933456 51.857269 2.692364
v -75.520607 51.858795 4.549225
v -75.129211 51.860325 6.406811
v -74.856667 51.861858 8.268394
v -74.754211 51.863396 10.135696
v -74.824341 51.864941 12.008781
v -75.000992 51.866486 13.885464
v -75.198547 51.868031 15.762842
v -76.385612 55.600834 -19.744427
v -75.999420 55.602364 -17.886662
v -75.803986 55.603897 -16.022488
v -75.797638 55.605438 -14.151958
v -75.844460 55.606979 -12.279655
v -75.833473 55.608521 -10.409279
v -75.676842 55.610058 -8.543804
v -75.468323 55.611591 -6.680065
v -75.481888 55.613132 -4.808877
v -75.666008 55.614677 -2.931950
v -75.892395 55.616226 -1.053604
v -75.956871 55.617767 0.819309
v -75.814781 55.619305 2.685276
v -75.629745 55.620838 4.549793
v -75.426788 55.622375 6.413711
v -75.232330 55.623909 8.277916
v -75.080063 55.625446 10.143551
v -74.995201 55.626984 12.011425
v -75.013504 55.628525 13.882786
v -75.132355 55.630070 15.757515
v -75.649841 81.964287 15.753217
v -75.617821 81.962746 13.881403
v -75.603813 81.961205 12.010191
v -75.605713 81.959663 10.139521
v -75.613945 81.958122 8.269049
v -75.620720 81.956581 6.398538
v -75.620140 81.955048 4.527780
v -75.612099 81.953506 2.656770
v -75.602318 81.951965 0.785707
v -75.604134 81.950424 -1.084978
v -75.610229 81.948883 -2.955504
v -75.607491 81.947342 -4.826346
v -75.591202 81.945801 -6.697630
v -75.564102 81.944260 -8.569277
v -75.511185 81.942719 -10.441801
v -75.469131 81.941177 -12.313955
v -75.472778 81.939636 -14.184568
v -75.521217 81.938095 -16.053679
v -75.582138 81.936554 -17.922377
v -75.636330 81.935020 -19.791296
v -75.786217 78.202263 15.760900
v -75.648865 78.200714 13.885546
v -75.567970 78.199173 12.012079
v -75.558784 78.197632 10.141039
v -75.582840 78.196091 8.271105
v -75.585983 78.194550 6.400472
v -75.563705 78.193008 4.528990
v -75.526939 78.191467 2.657015
v -75.502274 78.189926 0.785440
v -75.503273 78.188385 -1.085268
v -75.505180 78.186844 -2.955939
v -75.494240 78.185303 -4.827048
v -75.467575 78.183762 -6.698687
v -75.430786 78.182220 -8.570662
v -75.519745 78.180763 -10.346575
v -75.419144 78.179214 -12.220694
v -75.411606 78.177673 -14.091688
v -75.509163 78.176140 -15.959150
v -75.656769 78.174606 -17.824934
v -75.804306 78.173065 -19.690710
v -76.027435 74.440247 15.772099
v -75.763031 74.438698 13.892477
v -75.604240 74.437149 12.016397
v -75.590530 74.435608 10.145201
v -75.630203 74.434067 8.275793
v -75.595428 74.432526 6.403883
v -75.504158 74.430984 4.530077
v -75.400017 74.429443 2.655847
v -75.353966 74.427902 0.783560
v -75.346046 74.426361 -1.087450
v -75.324013 74.424820 -2.958929
v -75.306358 74.423279 -4.830267
v -75.304405 74.421738 -6.701063
v -75.318268 74.420197 -8.571348
v -75.402115 74.418732 -10.347425
v -75.246651 74.417191 -12.223394
v -75.185883 74.415649 -14.096182
v -75.273605 74.414108 -15.963961
v -75.486336 74.412575 -17.827559
v -75.743195 74.411041 -19.689672
v -76.163055 70.678215 15.779758
v -75.855453 70.676666 13.898684
v -75.693092 70.675125 12.022482
v -75.715500 70.673584 10.152510
v -75.772881 70.672043 8.283686
v -75.688004 70.670502 6.410094
v -75.513008 70.668953 4.533484
v -75.333611 70.667412 2.656707
v -75.272736 70.665863 0.783919
v -75.248528 70.664322 -1.087636
v -75.185280 70.662781 -2.960492
v -75.165306 70.661240 -4.831903
v -75.225281 70.659706 -6.700628
v -75.350815 70.658165 -8.567152
v -75.301781 70.656624 -10.439539
v -75.122093 70.655075 -12.316317
v -74.980942 70.653534 -14.191809
v -74.994095 70.651993 -16.062098
v -75.226112 70.650459 -17.925047
v -75.582809 70.648926 -19.783789
v -76.010132 66.916191 15.777719
v -75.788704 66.914642 13.899535
v -75.723839 66.913101 12.026614
v -75.819931 66.911560 10.159106
v -75.900093 66.910019 8.291064
v -75.803909 66.908478 6.417086
v -75.601677 66.906929 4.539546
v -75.400269 66.905388 2.662051
v -75.347633 66.903847 0.789538
v -75.303818 66.902306 -1.082673
v -75.193016 66.900757 -2.957139
v -75.164963 66.899216 -4.828820
v -75.283936 66.897682 -6.695565
v -75.523399 66.896149 -8.558259
v -75.573273 66.894608 -10.427320
v -75.417847 66.893066 -12.303288
v -75.221992 66.891518 -14.180608
v -75.149544 66.889977 -16.053774
v -75.359306 66.888443 -17.917463
v -75.772537 66.886909 -19.774321
v -75.655251 63.154140 15.768893
v -75.557297 63.152599 13.894858
v -75.608521 63.151058 12.025836
v -75.771225 63.149525 10.160571
v -75.881050 63.147987 8.293517
v -75.835045 63.146446 6.421229
v -75.690132 63.144901 4.545623
v -75.539894 63.143356 2.669837
v -75.518150 63.141815 0.798365
v -75.453651 63.140270 -1.074544
v -75.294670 63.138718 -2.950628
v -75.237907 63.137177 -4.823270
v -75.371460 63.135639 -6.689527
v -75.670464 63.134109 -8.550214
v -75.801285 63.132572 -10.416562
v -75.699677 63.131027 -12.290719
v -75.506371 63.129482 -14.167951
v -75.398651 63.127937 -16.042301
v -75.584084 63.126404 -17.906811
v -76.016541 63.124874 -19.763020
v -75.294518 59.392101 15.759866
v -75.234787 59.390560 13.887122
v -75.317711 59.389019 12.019168
v -75.494705 59.387486 10.154380
v -75.642258 59.385948 8.288596
v -75.703636 59.384411 6.419909
v -75.692863 59.382870 4.548820
v -75.659508 59.381329 2.676964
v -75.688934 59.379787 0.807213
v -75.602142 59.378242 -1.066449
v -75.387497 59.376698 -2.944406
v -75.268410 59.375153 -4.819145
v -75.356621 59.373615 -6.686917
v -75.649628 59.372082 -8.547818
v -75.819939 59.370548 -10.412831
v -75.778336 59.369007 -12.284971
v -75.641151 59.367462 -14.160329
v -75.567863 59.365917 -16.033516
v -75.757843 59.364384 -17.897877
v -76.198326 59.362854 -19.753819
v -75.334267 85.929733 17.623802
v -75.503052 85.684738 -21.666349
v -75.134682 25.539614 17.621840
v -74.797050 25.503988 -21.639864
v -75.493965 85.843018 17.621534
v -75.414337 85.845459 -21.665091
v -75.423729 85.901604 17.622517
v -75.473946 85.774673 -21.665892
v -75.537285 85.759850 17.620968
v -75.330406 85.889091 -21.663900
v -75.375938 85.921432 17.623182
v -75.494308 85.726616 -21.666136
v -75.517509 85.807678 17.621206
v -75.378578 85.869209 -21.664572
v -75.459038 85.877983 17.622005
v -75.449837 85.810272 -21.665564
v -75.545586 85.717514 17.620880
v -75.288528 85.897400 -21.663275
v -75.354340 29.302876 17.629564
v -75.663292 33.065380 17.643913
v -75.908104 36.823009 17.656418
v -75.886566 40.579155 17.660738
v -75.684906 44.338470 17.658564
v -75.432594 48.101078 17.652542
v -75.238167 51.866199 17.645790
v -75.188347 55.633091 17.641727
v -75.347603 59.400635 17.644060
v -75.741302 63.165859 17.656317
v -76.190697 66.925758 17.672886
v -76.398560 70.680489 17.678751
v -76.204124 74.435623 17.665621
v -75.834671 78.196724 17.643623
v -75.590752 81.962341 17.627214
v -75.553658 81.933022 -21.662649
v -75.756516 78.172035 -21.562887
v -75.745781 74.408943 -21.562925
v -75.647484 70.643379 -21.658186
v -75.891174 66.878792 -21.649595
v -76.169907 63.117188 -21.638813
v -76.369865 59.356342 -21.629536
v -76.519287 55.596081 -21.619083
v -76.552658 51.837719 -21.610256
v -76.407684 48.080410 -21.606274
v -76.086159 44.322338 -21.608425
v -75.656151 40.561722 -21.615673
v -75.254013 36.797943 -21.624552
v -75.000435 33.033253 -21.631601
v -74.834152 29.268528 -21.637850
v -75.290192 85.898933 -19.792479
v -75.290451 85.900475 -17.921751
v -75.290405 85.902016 -16.051004
v -75.290802 85.903557 -14.180232
v -75.292984 85.905098 -12.309424
v -75.296997 85.906631 -10.438533
v -75.301498 85.908173 -8.567653
v -75.304901 85.909714 -6.696800
v -75.307648 85.911255 -4.825973
v -75.309723 85.912796 -2.955160
v -75.311447 85.914337 -1.084372
v -75.313530 85.915878 0.786447
v -75.316246 85.917419 2.657284
v -75.318932 85.918961 4.528104
v -75.321327 85.920502 6.398931
v -75.323463 85.922043 8.269734
v -75.325500 85.923584 10.140542
v -75.327240 85.925125 12.011338
v -75.329010 85.926666 13.882138
v -75.331306 85.928207 15.752957
v -74.807114 25.506996 -19.765680
v -74.908676 25.509735 -17.890444
v -74.978081 25.509733 -16.022379
v -74.928528 25.508652 -14.156881
v -74.862244 25.509077 -12.286448
v -74.859764 25.511824 -10.410448
v -74.968124 25.515833 -8.527662
v -75.280739 25.519011 -6.639597
v -75.674034 25.520708 -4.759928
v -75.832359 25.521132 -2.898932
v -75.665451 25.520870 -1.047705
v -75.305122 25.521191 0.807775
v -75.004082 25.521837 2.677988
v -75.006844 25.521473 4.566843
v -75.412132 25.520674 6.467226
v -76.059814 25.520412 8.361612
v -76.532776 25.521414 10.235834
v -76.648888 25.525002 12.092833
v -76.411583 25.530655 13.937788
v -75.835030 25.536240 15.777433
v -75.451195 85.811867 -19.794821
v -75.450645 85.813637 -17.924139
v -75.449638 85.815468 -16.053419
v -75.449242 85.817245 -14.182609
v -75.451317 85.818817 -12.311709
v -75.455956 85.820168 -10.440757
v -75.461273 85.821472 -8.569865
v -75.465080 85.822891 -6.699054
v -75.467987 85.824379 -4.828246
v -75.469971 85.825951 -2.957469
v -75.471466 85.827560 -1.086676
v -75.473442 85.829132 0.784166
v -75.476288 85.830635 2.655008
v -75.479057 85.832153 4.525826
v -75.481461 85.833694 6.396634
v -75.483467 85.835274 8.267438
v -75.485367 85.836853 10.138219
v -75.486893 85.838455 12.009011
v -75.488472 85.840042 13.879823
v -75.490799 85.841583 15.750678
v -75.380142 85.870750 -19.793806
v -75.380096 85.872345 -17.923079
v -75.379723 85.873940 -16.052351
v -75.379845 85.875526 -14.181579
v -75.381989 85.877075 -12.310710
v -75.386223 85.878578 -10.439795
v -75.390999 85.880066 -8.568904
v -75.394554 85.881577 -6.698078
v -75.397354 85.883110 -4.827255
v -75.399399 85.884659 -2.956476
v -75.401031 85.886208 -1.085673
v -75.403076 85.887756 0.785150
v -75.405830 85.889290 2.655992
v -75.408554 85.890823 4.526818
v -75.410957 85.892365 6.397629
v -75.413048 85.893913 8.268437
v -75.415047 85.895470 10.139237
v -75.416702 85.897018 12.010026
v -75.418396 85.898567 13.880841
v -75.420708 85.900108 15.751672
v -75.495422 85.728310 -19.795408
v -75.494247 85.730362 -17.924772
v -75.492546 85.732498 -16.054071
v -75.491577 85.734520 -14.183269
v -75.493568 85.736122 -12.312308
v -75.498665 85.737282 -10.441310
v -75.504578 85.738319 -8.570403
v -75.508698 85.739609 -6.699603
v -75.511734 85.741051 -4.828815
v -75.513641 85.742638 -2.958048
v -75.514969 85.744324 -1.087260
v -75.516853 85.745926 0.783581
v -75.519791 85.747398 2.654443
v -75.522636 85.748878 4.525259
v -75.525017 85.750435 6.396059
v -75.526939 85.752045 8.266854
v -75.528732 85.753677 10.137635
v -75.530090 85.755348 12.008416
v -75.531563 85.756989 13.879235
v -75.533936 85.758492 15.750094
v -75.332039 85.890617 -19.793119
v -75.332199 85.892174 -17.922384
v -75.332031 85.893730 -16.051641
v -75.332344 85.895279 -14.180884
v -75.334511 85.896812 -12.310039
v -75.338608 85.898346 -10.439147
v -75.343193 85.899879 -8.568263
v -75.346642 85.901413 -6.697413
v -75.349411 85.902946 -4.826591
v -75.351486 85.904488 -2.955797
v -75.353165 85.906036 -1.085001
v -75.355240 85.907578 0.785829
v -75.357971 85.909119 2.656656
v -75.360664 85.910660 4.527489
v -75.363060 85.912201 6.398301
v -75.365189 85.913742 8.269116
v -75.367203 85.915283 10.139920
v -75.368919 85.916832 12.010705
v -75.370659 85.918373 13.881520
v -75.372963 85.919907 15.752337
v -75.475189 85.776321 -19.795156
v -75.474350 85.778236 -17.924490
v -75.473022 85.780220 -16.053778
v -75.472359 85.782120 -14.182982
v -75.474403 85.783714 -12.312053
v -75.479256 85.784966 -10.441077
v -75.484833 85.786133 -8.570170
v -75.488785 85.787483 -6.699367
v -75.491760 85.788940 -4.828571
v -75.493698 85.790527 -2.957804
v -75.495125 85.792183 -1.087008
v -75.497047 85.793777 0.783834
v -75.499931 85.795258 2.654680
v -75.502731 85.796761 4.525506
v -75.505142 85.798309 6.396302
v -75.507103 85.799904 8.267102
v -75.508957 85.801506 10.137898
v -75.510406 85.803146 12.008668
v -75.511940 85.804764 13.879483
v -75.514275 85.806274 15.750339
v -75.415802 85.847015 -19.794325
v -75.415543 85.848686 -17.923628
v -75.414886 85.850372 -16.052904
v -75.414772 85.852043 -14.182117
v -75.416893 85.853600 -12.311229
v -75.421295 85.855042 -10.440303
v -75.426315 85.856445 -8.569411
v -75.429993 85.857925 -6.698589
v -75.432831 85.859444 -4.827777
v -75.434837 85.861000 -2.956988
v -75.436432 85.862564 -1.086191
v -75.438438 85.864120 0.784643
v -75.441238 85.865639 2.655481
v -75.443977 85.867165 4.526299
v -75.446388 85.868713 6.397111
v -75.448441 85.870270 8.267915
v -75.450378 85.871834 10.138715
v -75.451981 85.873405 12.009503
v -75.453636 85.874969 13.880316
v -75.455956 85.876503 15.751151
v -75.504059 85.686676 -19.795698
v -75.502563 85.689240 -17.925116
v -75.500519 85.691841 -16.054388
v -75.499283 85.694092 -14.183417
v -75.501259 85.695541 -12.312282
v -75.506577 85.696335 -10.441215
v -75.512772 85.697090 -8.570388
v -75.517029 85.698227 -6.699625
v -75.520119 85.699600 -4.828891
v -75.522018 85.701180 -2.958170
v -75.523262 85.702888 -1.087374
v -75.525124 85.704468 0.783513
v -75.528099 85.705887 2.654375
v -75.530968 85.707359 4.525170
v -75.533348 85.708961 6.395936
v -75.535217 85.710663 8.266721
v -75.536957 85.712357 10.137528
v -75.538269 85.713936 12.008363
v -75.539711 85.715286 13.879247
v -75.542137 85.716385 15.750152
v -74.929726 29.271097 -19.762278
v -75.054108 29.272884 -17.890474
v -75.020966 29.272612 -16.028437
v -74.875206 29.272350 -14.164145
v -74.796188 29.273705 -12.290319
v -74.870773 29.276703 -10.409266
v -75.082275 29.280052 -8.523901
v -75.436447 29.282366 -6.636965
v -75.813484 29.283546 -4.760016
v -75.912651 29.283813 -2.902250
v -75.674667 29.283873 -1.052733
v -75.282730 29.284510 0.802500
v -74.947083 29.284704 2.669954
v -74.854233 29.283457 4.554090
v -75.160721 29.281967 6.452154
v -75.750114 29.281391 8.347052
v -76.236191 29.282696 10.225634
v -76.473984 29.286970 12.090582
v -76.409752 29.293192 13.941896
v -75.979774 29.299196 15.784050
v -75.164993 33.035385 -19.755251
v -75.311783 33.037025 -17.886347
v -75.210220 33.037540 -16.028738
v -74.996178 33.038136 -14.165187
v -74.902679 33.039536 -12.288901
v -75.023003 33.041637 -10.404414
v -75.299973 33.043823 -8.517554
v -75.679558 33.045544 -6.631765
v -76.039772 33.046875 -4.757155
v -76.092270 33.047863 -2.901865
v -75.800606 33.048798 -1.053416
v -75.384918 33.049873 0.800942
v -74.991653 33.049747 2.663095
v -74.748138 33.047665 4.539328
v -74.885506 33.045074 6.432779
v -75.352272 33.043522 8.327229
v -75.818558 33.044346 10.211232
v -76.191437 33.048447 12.087029
v -76.352371 33.054737 13.948194
v -76.143143 33.061203 15.795350
v -75.443710 36.799324 -19.748308
v -75.598969 36.800278 -17.880487
v -75.479759 36.801159 -16.024027
v -75.242447 36.802338 -14.160949
v -75.133514 36.803558 -12.284564
v -75.250755 36.804562 -10.399756
v -75.532509 36.805347 -8.512778
v -75.916245 36.806179 -6.626990
v -76.280144 36.807549 -4.752235
v -76.335915 36.809597 -2.896629
v -76.047295 36.812126 -1.047813
v -75.635262 36.814350 0.805096
v -75.183502 36.814701 2.661080
v -74.786652 36.812771 4.528794
v -74.740479 36.809658 6.416310
v -75.058342 36.807003 8.309281
v -75.475571 36.806622 10.197415
v -75.935112 36.809105 12.081655
v -76.267014 36.813557 13.951470
v -76.245323 36.818951 15.804231
v -75.807159 40.562180 -19.741566
v -75.908333 40.561909 -17.875240
v -75.774567 40.562595 -16.017773
v -75.534790 40.564091 -14.154712
v -75.405670 40.565311 -12.280063
v -75.475410 40.565620 -10.397971
v -75.692589 40.565186 -8.513400
v -76.022789 40.564838 -6.628127
v -76.381561 40.565762 -4.750945
v -76.491180 40.568550 -2.890971
v -76.292557 40.572605 -1.038638
v -75.947746 40.576061 0.813443
v -75.464279 40.577244 2.663182
v -74.925774 40.576084 4.521554
v -74.666420 40.573109 6.399934
v -74.768875 40.569740 8.288243
v -75.069389 40.568138 10.177892
v -75.528702 40.568760 12.066933
v -75.945015 40.571133 13.943349
v -76.069542 40.575294 15.802958
v -76.151978 44.322136 -19.738071
v -76.144699 44.320980 -17.873943
v -75.989235 44.321602 -16.013802
v -75.769585 44.323620 -14.149460
v -75.636467 44.325340 -12.276886
v -75.648453 44.325684 -10.399284
v -75.761276 44.324677 -8.519512
v -75.982552 44.323376 -6.636353
v -76.302139 44.323544 -4.756229
v -76.475388 44.326241 -2.889541
v -76.412315 44.330807 -1.031367
v -76.177551 44.334995 0.821168
v -75.710747 44.337429 2.666928
v -75.100365 44.338257 4.518483
v -74.673027 44.337177 6.387463
v -74.560478 44.334805 8.268936
v -74.707329 44.332912 10.157070
v -75.086823 44.332027 12.047070
v -75.500008 44.332493 13.927536
v -75.718620 44.335159 15.794270
v -76.365662 48.079971 -19.740391
v -76.222878 48.078571 -17.878597
v -76.046425 48.079403 -16.014305
v -75.876068 48.082081 -14.146942
v -75.771324 48.084576 -12.275703
v -75.742699 48.085464 -10.403126
v -75.742813 48.084503 -8.529781
v -75.820793 48.082729 -6.650536
v -76.062920 48.082195 -4.768322
v -76.278725 48.084240 -2.894680
v -76.351479 48.088387 -1.029808
v -76.237770 48.092690 0.824879
v -75.842926 48.096497 2.670815
v -75.274406 48.100002 4.520927
v -74.796478 48.101952 6.383827
v -74.547180 48.101864 8.258369
v -74.549202 48.100544 10.141727
v -74.788635 48.098614 12.028473
v -75.113533 48.097454 13.909874
v -75.354584 48.098579 15.782379
v -76.403465 51.837490 -19.748577
v -76.125153 51.836483 -17.888851
v -75.933929 51.837696 -16.019604
v -75.839020 51.840916 -14.147652
v -75.797852 51.844131 -12.276474
v -75.760696 51.845779 -10.408344
v -75.664818 51.845379 -8.541965
v -75.589783 51.843693 -6.668118
v -75.723389 51.842735 -4.785465
v -75.943794 51.843948 -2.906243
v -76.119911 51.847084 -1.035259
v -76.112648 51.850906 0.823196
v -75.835159 51.855682 2.674030
v -75.422791 51.861504 4.528606
v -75.030800 51.866333 6.390087
v -74.757339 51.868744 8.259125
v -74.654343 51.868553 10.135284
v -74.724564 51.866413 12.015301
v -74.901459 51.864414 13.894932
v -75.098961 51.864445 15.771235
v -76.287010 55.596485 -19.760525
v -75.900818 55.596432 -17.902225
v -75.704315 55.598103 -16.028191
v -75.697716 55.601524 -14.150913
v -75.744476 55.605091 -12.278446
v -75.733559 55.607445 -10.413315
v -75.577293 55.607960 -8.553086
v -75.368553 55.607006 -6.685131
v -75.382263 55.606129 -4.803898
v -75.566879 55.606609 -2.921559
v -75.792969 55.608479 -1.046234
v -75.857109 55.611359 0.816784
v -75.715248 55.616199 2.676094
v -75.530296 55.622967 4.539558
v -75.327553 55.629330 6.403656
v -75.133148 55.633434 8.269398
v -74.980644 55.634491 10.137856
v -74.895409 55.633213 12.009907
v -74.913628 55.631733 13.886345
v -75.032600 55.631695 15.764511
v -75.549889 81.962006 15.755463
v -75.517838 81.962181 13.882994
v -75.503815 81.961807 12.010782
v -75.505722 81.960594 10.139334
v -75.513947 81.958847 8.268614
v -75.520729 81.957176 6.398393
v -75.520142 81.955856 4.528078
v -75.512108 81.954742 2.657339
v -75.502327 81.953506 0.785986
v -75.504150 81.951973 -1.085161
v -75.510239 81.950417 -2.955588
v -75.507507 81.949028 -4.825861
v -75.491234 81.947838 -6.696532
v -75.464157 81.946846 -8.567293
v -75.411278 81.946373 -10.439207
v -75.369240 81.945877 -12.312677
v -75.372894 81.944443 -14.185736
v -75.421318 81.941849 -16.056562
v -75.482216 81.938576 -17.925596
v -75.536354 81.935287 -19.793501
v -75.686646 78.197197 15.768557
v -75.549065 78.198524 13.891584
v -75.467995 78.198860 12.014742
v -75.458786 78.197739 10.140718
v -75.482849 78.195961 8.270300
v -75.485977 78.194809 6.401048
v -75.463730 78.194366 4.530725
v -75.426987 78.194038 2.658849
v -75.402328 78.193123 0.786146
v -75.403328 78.191795 -1.085326
v -75.405251 78.190575 -2.955637
v -75.394325 78.189323 -4.826063
v -75.367661 78.187737 -6.697130
v -75.330917 78.185974 -8.567274
v -75.419975 78.185043 -10.341288
v -75.319328 78.184555 -12.217653
v -75.311806 78.183586 -14.093702
v -75.409492 78.181557 -15.965311
v -75.557144 78.178329 -17.832708
v -75.704475 78.174583 -19.696341
v -75.928520 74.435638 15.786043
v -75.663681 74.436157 13.903524
v -75.504356 74.435509 12.020979
v -75.490555 74.433624 10.144426
v -75.530228 74.431801 8.275442
v -75.495491 74.431267 6.407171
v -75.404297 74.431587 4.535341
v -75.300125 74.431755 2.660055
v -75.254028 74.430923 0.785013
v -75.246109 74.429779 -1.086687
v -75.224098 74.428909 -2.957739
v -75.206444 74.427521 -4.829638
v -75.204468 74.425011 -6.701437
v -75.218307 74.421806 -8.569216
v -75.302345 74.419594 -10.340792
v -75.146820 74.418678 -12.217764
v -75.085922 74.418442 -14.096640
v -75.173950 74.417694 -15.971437
v -75.387108 74.415268 -17.839712
v -75.643669 74.411613 -19.699438
v -76.064415 70.678909 15.796196
v -75.756180 70.676750 13.910730
v -75.593163 70.673820 12.025965
v -75.615570 70.670792 10.150152
v -75.672935 70.668800 8.284128
v -75.588249 70.668083 6.416720
v -75.413437 70.667900 4.542689
v -75.233818 70.667374 2.663119
v -75.172752 70.666069 0.786101
v -75.148552 70.664993 -1.085386
v -75.085320 70.664314 -2.958097
v -75.065315 70.662788 -4.832708
v -75.125389 70.659721 -6.705384
v -75.250870 70.655685 -8.569403
v -75.202026 70.652359 -10.433935
v -75.022514 70.650742 -12.308214
v -74.881042 70.650574 -14.188498
v -74.894287 70.650551 -16.068220
v -75.127281 70.648987 -17.940176
v -75.483818 70.645920 -19.797606
v -75.911224 66.922882 15.790854
v -75.689072 66.918709 13.907031
v -75.623856 66.914421 12.025611
v -75.720047 66.911026 10.154227
v -75.800102 66.908775 8.291324
v -75.704216 66.906906 6.424701
v -75.502243 66.904984 4.549937
v -75.300507 66.902870 2.668628
v -75.247704 66.900826 0.791915
v -75.203934 66.899712 -1.078653
v -75.093109 66.899124 -2.953275
v -75.064987 66.897835 -4.830911
v -75.184395 66.895271 -6.704732
v -75.423782 66.891708 -8.565808
v -75.473511 66.888260 -10.424745
v -75.318504 66.885963 -12.294404
v -75.122429 66.885002 -14.173833
v -75.049767 66.884544 -16.057390
v -75.260757 66.883339 -17.933607
v -75.674088 66.881027 -19.790846
v -75.555954 63.163139 15.776723
v -75.457550 63.159573 13.896399
v -75.508820 63.156281 12.020262
v -75.671570 63.153755 10.153350
v -75.781113 63.151344 8.291865
v -75.735184 63.148018 6.426104
v -75.590424 63.144089 4.553149
v -75.440025 63.140324 2.674083
v -75.418259 63.137623 0.800391
v -75.353897 63.136452 -1.068700
v -75.194885 63.136028 -2.944776
v -75.137932 63.135441 -4.825025
v -75.272095 63.134178 -6.700631
v -75.571098 63.132019 -8.561307
v -75.701347 63.129238 -10.417298
v -75.600067 63.126549 -12.283124
v -75.406799 63.124378 -14.160317
v -75.298820 63.122654 -16.044598
v -75.485550 63.121071 -17.923054
v -75.918335 63.119144 -19.780956
v -75.194908 59.398811 15.765653
v -75.135017 59.397339 13.886851
v -75.218208 59.396603 12.012683
v -75.395409 59.396015 10.146235
v -75.542717 59.394051 8.283427
v -75.603798 59.389816 6.418564
v -75.592873 59.384129 4.549618
v -75.559547 59.378456 2.676409
v -75.589073 59.374599 0.808212
v -75.502579 59.372822 -1.058758
v -75.287979 59.372051 -2.935761
v -75.168480 59.371834 -4.818264
v -75.257118 59.371872 -6.696702
v -75.550339 59.371410 -8.559667
v -75.719986 59.369770 -10.415978
v -75.678467 59.367077 -12.280195
v -75.541359 59.363869 -14.154946
v -75.468040 59.360886 -16.036919
v -75.659386 59.358894 -17.914486
v -76.100174 59.357658 -19.772266
v 75.473289 55.617718 0.773132
v 75.183357 59.379730 0.753292
v 75.014099 59.378181 -1.129300
v 75.292305 55.616165 -1.110127
v 75.129944 85.892517 0.731649
v 75.081055 85.941360 0.730950
v 75.124573 85.939835 -1.139334
v 75.173546 85.890968 -1.138636
v 75.029366 85.975883 0.730222
v 74.963409 86.003212 0.729315
v 75.006851 86.001671 -1.140974
v 75.072861 85.974358 -1.140059
v 75.191849 85.774887 0.732575
v 75.164482 85.840843 0.732153
v 75.208183 85.839294 -1.138121
v 75.235634 85.773346 -1.137697
v 75.204002 85.713943 0.732786
v 75.247902 85.712402 -1.137480
v 75.345413 25.521469 0.790533
v 75.354248 29.283501 0.787943
v 75.638443 29.281973 -1.068434
v 75.558319 25.519938 -1.069967
v 75.479630 33.045540 0.792089
v 75.817642 33.044014 -1.061175
v 75.726044 36.807579 0.803231
v 76.061043 36.806053 -1.050212
v 75.971794 40.569618 0.814339
v 76.216400 40.568081 -1.044330
v 76.092216 44.331654 0.818192
v 76.200630 44.330116 -1.048343
v 76.031693 48.093681 0.811596
v 76.003784 48.092136 -1.062817
v 75.800110 51.855694 0.795112
v 75.668808 51.854145 -1.085274
v 75.236603 81.950371 -1.135035
v 75.185356 81.951912 0.734815
v 75.131653 78.188332 -1.137995
v 75.084610 78.189873 0.732084
v 74.950684 74.426300 -1.145357
v 74.927551 74.427841 0.726110
v 74.812111 70.664261 -1.150270
v 74.830139 70.665802 0.723578
v 74.819855 66.902237 -1.146726
v 74.885376 66.903786 0.729869
v 74.921379 63.140202 -1.137750
v 75.035034 63.141754 0.741614
v 74.418106 55.633087 19.440193
v 74.576935 59.395123 19.446274
v 74.469749 59.393578 17.567280
v 74.307770 55.631542 17.561012
v 74.455231 59.392033 15.693645
v 74.234207 55.629997 15.683958
v 74.583221 59.390499 13.828227
v 74.261047 55.628456 13.812714
v 74.805168 59.388966 11.968257
v 74.390984 55.626919 11.947414
v 74.997696 59.387432 10.106582
v 74.588226 55.625385 10.086010
v 75.104156 59.385895 8.239924
v 74.827614 55.623856 8.227043
v 75.138542 59.384354 6.369110
v 75.075500 55.622326 6.368556
v 75.150360 59.382812 4.496990
v 75.305481 55.620792 4.509052
v 75.224907 59.381275 2.628494
v 75.492561 55.619259 2.647056
v 76.545624 59.362831 -19.768833
v 76.695267 55.600811 -19.757084
v 76.417442 55.602341 -17.900341
v 76.230362 59.364357 -17.914242
v 75.986534 55.603859 -16.052441
v 75.745216 59.365875 -16.069485
v 75.746155 55.605392 -14.193523
v 75.510292 59.367409 -14.210248
v 75.694679 55.606930 -12.323696
v 75.538361 59.368950 -12.335840
v 75.696289 55.608475 -10.450802
v 75.630234 59.370499 -10.457707
v 75.640175 55.610012 -8.581238
v 75.626656 59.372040 -8.585118
v 75.438568 55.611546 -6.720089
v 75.411392 59.373573 -6.724758
v 75.185127 55.613075 -4.861928
v 75.073547 59.375099 -4.871472
v 75.153542 55.614616 -2.990959
v 74.940292 59.376633 -3.006376
v 74.700996 85.907913 19.434900
v 74.652184 85.956764 19.434204
v 74.694328 85.955223 17.563837
v 74.743065 85.906372 17.564528
v 74.737175 85.953690 15.693507
v 74.785896 85.904839 15.694195
v 74.780640 85.952148 13.823216
v 74.829414 85.903297 13.823895
v 74.824135 85.950607 11.952928
v 74.873001 85.901756 11.953610
v 74.867310 85.949066 10.082623
v 74.916199 85.900215 10.083322
v 74.910393 85.947525 8.212300
v 74.959312 85.898674 8.212995
v 74.953133 85.945984 6.341965
v 75.002068 85.897133 6.342660
v 74.995560 85.944443 4.471623
v 75.044456 85.895592 4.472311
v 75.037926 85.942902 2.601274
v 75.086784 85.894051 2.601961
v 75.555389 85.924431 -19.842489
v 75.604675 85.875565 -19.841757
v 75.560921 85.877106 -17.971479
v 75.511734 85.925972 -17.972197
v 75.515442 85.878647 -16.101313
v 75.466484 85.927513 -16.102015
v 75.469528 85.880188 -14.231166
v 75.420876 85.929047 -14.231837
v 75.424164 85.881721 -12.360976
v 75.375763 85.930588 -12.361648
v 75.381126 85.883263 -10.490664
v 75.332764 85.932129 -10.491336
v 75.340454 85.884804 -8.620208
v 75.291885 85.933670 -8.620883
v 75.300423 85.886345 -6.749717
v 75.251595 85.935211 -6.750404
v 75.258965 85.887886 -4.879313
v 75.210030 85.936752 -4.880016
v 75.216690 85.889427 -3.008951
v 75.167694 85.938293 -3.009650
v 74.600555 85.991287 19.433491
v 74.534637 86.018616 19.432587
v 74.576881 86.017075 17.562220
v 74.642769 85.989746 17.563126
v 74.619736 86.015533 15.691895
v 74.685616 85.988205 15.692798
v 74.663124 86.013992 13.821595
v 74.729042 85.986671 13.822499
v 74.706535 86.012459 11.951310
v 74.772507 85.985130 11.952203
v 74.749680 86.010918 10.080995
v 74.815643 85.983589 10.081903
v 74.792694 86.009377 8.210671
v 74.858696 85.982048 8.211579
v 74.835449 86.007835 6.340336
v 74.901428 85.980507 6.341252
v 74.877914 86.006294 4.469983
v 74.943871 85.978966 4.470898
v 74.920326 86.004753 2.599642
v 74.986290 85.977425 2.600538
v 75.437279 85.986275 -19.844130
v 75.503448 85.958954 -19.843214
v 75.459862 85.960495 -17.972937
v 75.393723 85.987816 -17.973852
v 75.414780 85.962029 -16.102736
v 75.348770 85.989349 -16.103643
v 75.369354 85.963570 -14.232562
v 75.303513 85.990891 -14.233451
v 75.324425 85.965111 -12.362350
v 75.258705 85.992432 -12.363246
v 75.281441 85.966652 -10.492026
v 75.215736 85.993973 -10.492919
v 75.240448 85.968193 -8.621593
v 75.174652 85.995514 -8.622484
v 75.199974 85.969734 -6.751129
v 75.134048 85.997055 -6.752033
v 75.158325 85.971275 -4.880729
v 75.092323 85.998596 -4.881629
v 75.115952 85.972816 -3.010367
v 75.049927 86.000137 -3.011291
v 74.762695 85.790283 19.435814
v 74.735435 85.856239 19.435396
v 74.777443 85.854706 17.565014
v 74.804565 85.788750 17.565422
v 74.820259 85.853165 15.694690
v 74.847359 85.787209 15.695096
v 74.863838 85.851624 13.824402
v 74.891014 85.785667 13.824811
v 74.907486 85.850082 11.954118
v 74.934753 85.784126 11.954534
v 74.950745 85.848541 10.083817
v 74.978073 85.782585 10.084241
v 74.993889 85.847000 8.213506
v 75.021301 85.781044 8.213929
v 75.036636 85.845459 6.343175
v 75.064041 85.779503 6.343598
v 75.079018 85.843918 4.472809
v 75.106369 85.777962 4.473241
v 75.121300 85.842377 2.602461
v 75.148605 85.776428 2.602880
v 75.639656 85.823891 -19.841230
v 75.667580 85.757942 -19.840780
v 75.623611 85.759483 -17.970518
v 75.595825 85.825432 -17.970961
v 75.577454 85.761024 -16.100374
v 75.550041 85.826973 -16.100798
v 75.530777 85.762566 -14.230266
v 75.503799 85.828514 -14.230665
v 75.484802 85.764099 -12.360122
v 75.458176 85.830048 -12.360511
v 75.441666 85.765640 -10.489814
v 75.415092 85.831589 -10.490188
v 75.401505 85.767181 -8.619334
v 75.374649 85.833130 -8.619731
v 75.362106 85.768723 -6.748802
v 75.334869 85.834671 -6.749221
v 75.320992 85.770264 -4.878383
v 75.293571 85.836212 -4.878798
v 75.278854 85.771805 -3.008009
v 75.251358 85.837753 -3.008445
v 75.376228 85.998398 -19.844969
v 74.774742 85.729340 19.436018
v 74.816490 85.727806 17.565626
v 74.859261 85.726265 15.695294
v 74.902992 85.724724 13.825009
v 74.946831 85.723183 11.954747
v 74.990219 85.721642 10.084458
v 75.033470 85.720100 8.214147
v 75.076248 85.718559 6.343819
v 75.118530 85.717018 4.473447
v 75.160713 85.715485 2.603086
v 75.680305 85.696999 -19.840536
v 75.636215 85.698540 -17.970274
v 75.589676 85.700081 -16.100161
v 75.542587 85.701622 -14.230075
v 75.496246 85.703156 -12.359946
v 75.453079 85.704697 -10.489642
v 75.413185 85.706238 -8.619147
v 75.374146 85.707779 -6.748592
v 75.333206 85.709320 -4.878146
v 75.291138 85.710861 -3.007784
v 74.358627 25.536846 19.461542
v 74.579170 29.298889 19.471197
v 75.250412 29.297379 17.637178
v 75.104378 25.535339 17.631840
v 75.727951 29.295858 15.791973
v 75.728561 25.533827 15.795111
v 75.837822 29.294323 13.925516
v 76.012611 25.532299 13.938715
v 75.643654 29.292768 12.041491
v 75.940475 25.530750 12.061750
v 75.201294 29.291204 10.143133
v 75.510445 25.529188 10.164095
v 74.658981 29.289637 8.238974
v 74.909279 25.527618 8.256540
v 74.400528 29.288082 6.351243
v 74.552628 25.526058 6.363134
v 74.537979 29.286547 4.486376
v 74.595200 25.524519 4.492788
v 74.917175 29.285023 2.635496
v 74.939827 25.522993 2.639906
v 75.012558 29.266518 -19.832644
v 74.975647 25.504486 -19.831675
v 74.940468 25.506025 -17.960909
v 75.062759 29.268063 -17.956942
v 74.996681 25.507570 -16.084860
v 75.141983 29.269609 -16.079550
v 75.021027 25.509113 -14.210642
v 75.063728 29.271147 -14.211271
v 74.926331 25.510654 -12.343321
v 74.872948 29.272682 -12.349497
v 74.815002 25.512190 -10.476942
v 74.749046 29.274220 -10.483850
v 74.767365 25.513731 -8.606882
v 74.778114 29.275763 -8.609369
v 74.829796 25.515276 -6.730486
v 74.943329 29.277313 -6.727022
v 75.095802 25.516830 -4.842302
v 75.251190 29.278870 -4.836424
v 75.444244 25.518389 -2.949366
v 75.583733 29.280428 -2.944407
v 74.889748 33.060932 19.486040
v 75.415627 33.059418 17.643629
v 75.671440 33.057884 15.785609
v 75.554741 33.056339 13.906060
v 75.225906 33.054779 12.014253
v 74.804787 33.053219 10.117112
v 74.385498 33.051655 8.220076
v 74.294693 33.050110 6.342028
v 74.581749 33.048580 4.485811
v 75.018791 33.047058 2.638266
v 75.178284 33.028561 -19.826159
v 75.297478 33.030109 -17.946466
v 75.399284 33.031654 -16.067789
v 75.252419 33.033192 -14.203471
v 74.993538 33.034721 -12.345637
v 74.855324 33.036255 -10.480811
v 74.929810 33.037800 -8.603702
v 75.160362 33.039356 -6.717581
v 75.493942 33.040913 -4.825500
v 75.809906 33.042469 -2.934431
v 75.135994 36.822971 19.497179
v 75.518944 36.821449 17.646503
v 75.585785 36.819908 15.777568
v 75.297508 36.818356 13.888089
v 74.883133 36.816792 11.991345
v 74.512375 36.815231 10.097119
v 74.241684 36.813679 8.208661
v 74.332527 36.812138 6.341115
v 74.772224 36.810619 4.493722
v 75.268463 36.809097 2.649598
v 75.431236 36.790600 -19.814646
v 75.575676 36.792149 -17.933489
v 75.686073 36.793697 -16.054312
v 75.521446 36.795231 -14.191020
v 75.239311 36.796761 -12.334533
v 75.085785 36.798294 -10.470599
v 75.157257 36.799839 -8.593657
v 75.392670 36.801395 -6.707248
v 75.730461 36.802952 -4.814922
v 76.050079 36.804508 -2.923648
v 75.115417 40.584999 19.492886
v 75.343567 40.583469 17.633265
v 75.263206 40.581921 15.755818
v 74.890907 40.580360 13.861489
v 74.477943 40.578800 11.964833
v 74.224464 40.577248 10.077382
v 74.167870 40.575703 8.201295
v 74.470047 40.574173 6.345963
v 75.051620 40.572659 4.506772
v 75.580833 40.571140 2.664555
v 75.832909 40.552639 -19.794529
v 75.938835 40.554188 -17.915607
v 75.995125 40.555733 -16.039551
v 75.815910 40.557266 -14.177100
v 75.531319 40.558792 -12.320750
v 75.357658 40.560326 -10.457980
v 75.381958 40.561871 -8.583762
v 75.553131 40.563419 -6.701083
v 75.837296 40.564976 -4.811847
v 76.151367 40.566536 -2.920894
v 74.914185 44.347023 19.478167
v 74.992790 44.345482 17.609898
v 74.818283 44.343933 15.727016
v 74.450050 44.342373 13.832920
v 74.117416 44.340816 11.940895
v 74.016937 44.339268 10.062290
v 74.173645 44.337734 8.198536
v 74.643059 44.336212 6.352864
v 75.297531 44.334702 4.517884
v 75.811165 44.333183 2.674767
v 76.262840 44.314697 -19.772778
v 76.283653 44.316242 -17.898762
v 76.231308 44.317780 -16.028992
v 76.030502 44.319313 -14.167797
v 75.766014 44.320843 -12.310280
v 75.588272 44.322376 -10.447754
v 75.555130 44.323917 -8.576859
v 75.622398 44.325462 -6.700172
v 75.797691 44.327015 -4.817229
v 76.071915 44.328571 -2.928577
v 74.662109 48.109035 19.460493
v 74.629059 48.107494 17.585777
v 74.432732 48.105942 15.701633
v 74.153473 48.104385 13.812679
v 73.960365 48.102837 11.928722
v 74.003525 48.101295 10.058418
v 74.296150 48.099766 8.202522
v 74.816849 48.098248 6.359810
v 75.430336 48.096737 4.522465
v 75.872124 48.095215 2.675195
v 76.584373 48.076740 -19.757290
v 76.497223 48.078281 -17.889538
v 76.309227 48.079811 -16.027596
v 76.087761 48.081345 -14.167587
v 75.872650 48.082878 -12.307220
v 75.723061 48.084412 -10.443050
v 75.649384 48.085949 -8.574512
v 75.604324 48.087490 -6.704308
v 75.636650 48.089035 -4.829643
v 75.832916 48.090588 -2.945492
v 74.467880 51.871052 19.446175
v 74.373894 51.869507 17.567938
v 74.221695 51.867954 15.686335
v 74.090385 51.866405 13.805939
v 74.065483 51.864864 11.931702
v 74.212982 51.863327 10.067421
v 74.530365 51.861801 8.212959
v 74.966476 51.860279 6.365360
v 75.424019 51.858761 4.518997
v 75.747627 51.857231 2.664902
v 76.729080 51.838772 -19.752033
v 76.534515 51.840305 -17.890476
v 76.211121 51.841831 -16.036369
v 75.975449 51.843365 -14.177170
v 75.835808 51.844898 -12.312450
v 75.749603 51.846436 -10.444618
v 75.667320 51.847977 -8.576576
v 75.526321 51.849510 -6.711914
v 75.406158 51.851048 -4.846058
v 75.493912 51.852592 -2.968189
v 75.731445 81.934967 -19.834486
v 75.668991 81.936508 -17.965284
v 75.569710 81.938049 -16.098223
v 75.463699 81.939583 -14.231531
v 75.370178 81.941124 -12.364153
v 75.321388 81.942665 -10.494154
v 75.318237 81.944206 -8.621527
v 75.325951 81.945747 -6.748278
v 75.307877 81.947289 -4.876524
v 75.279007 81.948830 -3.005396
v 74.820328 81.967316 19.441750
v 74.824692 81.965775 17.569197
v 74.837845 81.964233 15.697163
v 74.869003 81.962692 13.826151
v 74.916054 81.961151 11.956072
v 74.969421 81.959610 10.086348
v 75.021332 81.958069 8.216543
v 75.065903 81.956528 6.346319
v 75.103020 81.954987 4.475656
v 75.138397 81.953445 2.604902
v 75.739174 78.172935 -19.830938
v 75.641930 78.174477 -17.963751
v 75.449394 78.176010 -16.102072
v 75.256821 78.177544 -14.240389
v 75.114212 78.179077 -12.375837
v 75.076599 78.180618 -10.505198
v 75.131935 78.182159 -8.629202
v 75.192795 78.183708 -6.752882
v 75.184387 78.185249 -4.880564
v 75.165871 78.186790 -3.008829
v 75.063560 78.205292 19.458900
v 74.960922 78.203743 17.580179
v 74.868858 78.202202 15.702051
v 74.833191 78.200653 13.827177
v 74.869179 78.199112 11.956453
v 74.938362 78.197578 10.087652
v 74.986641 78.196037 8.217638
v 75.009537 78.194496 6.346166
v 75.017944 78.192955 4.473844
v 75.038460 78.191414 2.602224
v 75.728333 74.410912 -19.828466
v 75.580887 74.412453 -17.964178
v 75.279160 74.413979 -16.108809
v 75.021523 74.415504 -14.250898
v 74.888741 74.417046 -12.385771
v 74.904289 74.418587 -10.512060
v 75.014442 74.420135 -8.632887
v 75.080391 74.421677 -6.756277
v 75.021400 74.423218 -4.886877
v 74.978203 74.424759 -3.016577
v 75.431999 74.443291 19.483290
v 75.201874 74.441734 17.597193
v 74.982903 74.440178 15.711739
v 74.869438 74.438637 13.832365
v 74.900887 74.437096 11.961393
v 74.985657 74.435555 10.093481
v 74.996071 74.434013 8.221281
v 74.950050 74.432472 6.345815
v 74.891167 74.430923 4.469618
v 74.890320 74.429382 2.596765
v 75.824669 70.648888 -19.819799
v 75.615524 70.650421 -17.959074
v 75.214088 70.651939 -16.109472
v 74.937157 70.653473 -14.252657
v 74.878876 70.655014 -12.383249
v 74.974724 70.656555 -10.504900
v 75.109077 70.658104 -8.624315
v 75.112907 70.659653 -6.751302
v 74.942360 70.661186 -4.888349
v 74.837303 70.662720 -3.021627
v 75.625862 70.681267 19.497597
v 75.337341 70.679710 17.608120
v 75.075233 70.678154 15.720165
v 74.958191 70.676605 13.840601
v 75.025719 70.675064 11.971701
v 75.128174 70.673531 10.104815
v 75.088539 70.671989 8.229723
v 74.958885 70.670441 6.349433
v 74.824844 70.668892 4.468871
v 74.809174 70.667343 2.595164
v 76.067657 66.886871 -19.802656
v 75.805038 66.888405 -17.945028
v 75.347122 66.889923 -16.098680
v 75.092438 66.891457 -14.240594
v 75.119667 66.892998 -12.366227
v 75.270157 66.894547 -10.484723
v 75.380257 66.896095 -8.605550
v 75.285301 66.897636 -6.738240
v 75.000946 66.899162 -4.881864
v 74.836952 66.900696 -3.018544
v 75.418228 66.919228 19.488707
v 75.184586 66.917679 17.602398
v 75.008545 66.916130 15.719414
v 74.988899 66.914581 13.845477
v 75.130035 66.913048 11.980834
v 75.255257 66.911514 10.115260
v 75.204315 66.909966 8.239512
v 75.047470 66.908417 6.357634
v 74.891411 66.906868 4.475821
v 74.883980 66.905327 2.602591
v 76.345894 63.124844 -19.783466
v 76.048775 63.126373 -17.927837
v 75.571648 63.127892 -16.082611
v 75.341270 63.129425 -14.223111
v 75.403725 63.130970 -12.346719
v 75.551682 63.132519 -10.465356
v 75.608025 63.134064 -8.589292
v 75.432198 63.135597 -6.726651
v 75.088387 63.137123 -4.873719
v 74.909821 63.138657 -3.011224
v 74.969711 63.157173 19.465876
v 74.830093 63.155624 17.585011
v 74.777390 63.154079 15.709159
v 74.873711 63.152542 13.841918
v 75.081375 63.151012 11.981109
v 75.236221 63.149475 10.117259
v 75.235420 63.147934 8.244411
v 75.135818 63.146385 6.365847
v 75.030891 63.144840 4.486975
v 75.054314 63.143299 2.615531
v 74.914413 59.373531 -1.123056
v 75.083649 59.374306 0.758571
v 75.373718 55.609970 0.778107
v 75.192947 55.608097 -1.102127
v 75.061211 85.862480 -1.140742
v 75.017662 85.864044 0.729542
v 75.052681 85.829041 0.729913
v 75.096336 85.827431 -1.140372
v 74.977852 85.905968 -1.141569
v 74.934395 85.907516 0.728727
v 74.982254 85.887688 0.729204
v 75.025764 85.886139 -1.141077
v 75.120079 85.792015 -1.140131
v 75.076340 85.793663 0.730142
v 75.096191 85.745804 0.730367
v 75.140015 85.744125 -1.139902
v 74.936073 85.914276 -1.141939
v 74.892662 85.915817 0.728352
v 75.104485 85.704369 0.730458
v 75.148399 85.702667 -1.139826
v 75.538666 29.285305 -1.074473
v 75.256134 29.285360 0.768762
v 75.246864 25.522358 0.773569
v 75.458405 25.522623 -1.073099
v 75.718155 33.049358 -1.069751
v 75.381973 33.050285 0.771115
v 75.961540 36.811100 -1.058643
v 75.628365 36.813622 0.782666
v 76.116539 40.570057 -1.049243
v 75.873283 40.574104 0.797749
v 76.100655 44.327744 -1.048198
v 75.992744 44.332310 0.807916
v 75.904099 48.085739 -1.058079
v 75.931831 48.089890 0.808006
v 75.569466 51.845440 -1.077721
v 75.700378 51.848579 0.796970
v 75.085411 81.953453 0.732202
v 75.136627 81.951897 -1.137518
v 74.984695 78.193283 0.729616
v 75.031746 78.192062 -1.140108
v 74.827629 74.431259 0.724462
v 74.850777 74.430389 -1.146578
v 74.730141 70.666466 0.723414
v 74.712120 70.665787 -1.150277
v 74.785416 66.901192 0.731482
v 74.719872 66.900597 -1.145272
v 74.935158 63.137932 0.745047
v 74.821472 63.137505 -1.134328
v 74.370033 59.400288 17.570654
v 74.477356 59.402111 19.452208
v 74.318275 55.634567 19.446033
v 74.207893 55.633167 17.565603
v 74.355499 59.398815 15.690965
v 74.134262 55.633202 15.685112
v 74.483894 59.398079 13.819343
v 74.161324 55.634682 13.808777
v 74.706100 59.397495 11.957717
v 74.291725 55.635963 11.939331
v 74.898315 59.395535 10.099006
v 74.489281 55.634911 10.075100
v 75.004379 59.391300 8.236163
v 74.728645 55.630810 8.214588
v 75.038559 59.385612 6.367496
v 74.976318 55.624451 6.355926
v 75.050453 59.379944 4.494026
v 75.206192 55.617687 4.497471
v 75.125061 59.376087 2.627085
v 75.392883 55.612850 2.642128
v 76.319260 55.597992 -17.918812
v 76.596321 55.597591 -19.771229
v 76.447113 59.357849 -19.785282
v 76.132690 59.359161 -17.935055
v 75.888329 55.597931 -16.070381
v 75.647186 59.360386 -16.088455
v 75.646660 55.599594 -14.201626
v 75.410591 59.362373 -14.216058
v 75.594749 55.603016 -12.325058
v 75.438477 59.365356 -12.332868
v 75.596321 55.606583 -10.452006
v 75.530281 59.368565 -10.455350
v 75.540398 55.608936 -8.587685
v 75.526810 59.371262 -8.590676
v 75.339272 55.609447 -6.731758
v 75.312401 59.372898 -6.738995
v 75.085526 55.608490 -4.869396
v 74.974319 59.373352 -4.883652
v 75.053818 55.607613 -2.988388
v 74.840363 59.373310 -3.007905
v 74.630836 85.877983 17.562454
v 74.588760 85.879463 19.432840
v 74.623688 85.844498 19.433207
v 74.665688 85.843063 17.562822
v 74.673668 85.876450 15.692105
v 74.708504 85.841522 15.692462
v 74.717163 85.874886 13.821797
v 74.752068 85.839943 13.822152
v 74.760704 85.873314 11.951524
v 74.795700 85.838341 11.951863
v 74.803909 85.871750 10.081212
v 74.838943 85.836754 10.081594
v 74.847008 85.870193 8.210916
v 74.882080 85.835175 8.211278
v 74.889763 85.868645 6.340584
v 74.924835 85.833633 6.340958
v 74.932175 85.867119 4.470243
v 74.967216 85.832115 4.470613
v 74.974510 85.865601 2.599885
v 75.009514 85.830612 2.600260
v 75.483902 85.813354 -17.973272
v 75.527695 85.811760 -19.843512
v 75.492188 85.846947 -19.843893
v 75.448517 85.848503 -17.973631
v 75.438225 85.815125 -16.103151
v 75.403130 85.850166 -16.103502
v 75.392067 85.816956 -14.232997
v 75.357307 85.851860 -14.233317
v 75.346512 85.818733 -12.362750
v 75.312050 85.853531 -12.363082
v 75.303452 85.820305 -10.492343
v 75.269020 85.855087 -10.492694
v 75.262932 85.821655 -8.621825
v 75.228279 85.856529 -8.622195
v 75.223099 85.822960 -6.751354
v 75.188141 85.857933 -6.751739
v 75.181755 85.824379 -4.880991
v 75.146660 85.859413 -4.881374
v 75.139511 85.825867 -3.010660
v 75.104355 85.860931 -3.011042
v 74.547829 85.921387 17.561638
v 74.505646 85.922913 19.432007
v 74.553452 85.903084 19.432493
v 74.595581 85.901588 17.562128
v 74.590675 85.919846 15.691306
v 74.638428 85.900047 15.691783
v 74.634094 85.918304 13.821000
v 74.681877 85.898491 13.821477
v 74.677521 85.916763 11.950711
v 74.725372 85.896950 11.951184
v 74.720657 85.915222 10.080407
v 74.768517 85.895393 10.080892
v 74.763680 85.913681 8.210092
v 74.811584 85.893845 8.210572
v 74.806435 85.912140 6.339760
v 74.854324 85.892303 6.340250
v 74.848892 85.910599 4.469408
v 74.896767 85.890770 4.469895
v 74.891304 85.909058 2.599061
v 74.939156 85.889236 2.599535
v 75.412857 85.872238 -17.973989
v 75.456436 85.870697 -19.844229
v 75.408264 85.890579 -19.844732
v 75.364754 85.892097 -17.974455
v 75.367668 85.873825 -16.103792
v 75.319771 85.893654 -16.104250
v 75.322144 85.875420 -14.233626
v 75.274452 85.895210 -14.234069
v 75.277115 85.877014 -12.363391
v 75.229614 85.896759 -12.363849
v 75.234116 85.878563 -10.493014
v 75.186630 85.898300 -10.493487
v 75.193199 85.880066 -8.622542
v 75.145569 85.899834 -8.623038
v 75.152809 85.881554 -6.752078
v 75.105011 85.901367 -6.752597
v 75.111221 85.883064 -4.881709
v 75.063309 85.902901 -4.882213
v 75.068878 85.884598 -3.011379
v 75.020927 85.904427 -3.011874
v 74.689163 85.807755 17.563051
v 74.647240 85.809158 19.433449
v 74.667007 85.761330 19.433697
v 74.708824 85.759972 17.563282
v 74.731972 85.806244 15.692687
v 74.751595 85.758469 15.692908
v 74.775581 85.804634 13.822377
v 74.795280 85.756836 13.822598
v 74.819283 85.802994 11.952107
v 74.839066 85.755165 11.952325
v 74.862579 85.801384 10.081830
v 74.882423 85.753532 10.082044
v 74.905762 85.799789 8.211522
v 74.925644 85.751915 8.211762
v 74.948509 85.798241 6.341202
v 74.968414 85.750359 6.341439
v 74.990868 85.796738 4.470856
v 75.010719 85.748878 4.471104
v 75.033119 85.795258 2.600487
v 75.052933 85.747406 2.600717
v 75.528145 85.729797 -17.972799
v 75.572174 85.728104 -19.843008
v 75.551811 85.776161 -19.843252
v 75.507904 85.777809 -17.973028
v 75.481842 85.731850 -16.102732
v 75.461929 85.779724 -16.102930
v 75.434967 85.733986 -14.232615
v 75.415451 85.781708 -14.232799
v 75.388855 85.736008 -12.362388
v 75.369637 85.783607 -12.362563
v 75.345695 85.737610 -10.491920
v 75.326530 85.785202 -10.492122
v 75.305634 85.738770 -8.621341
v 75.286232 85.786453 -8.621589
v 75.266403 85.739807 -6.750846
v 75.246658 85.787621 -6.751094
v 75.225372 85.741096 -4.880496
v 75.205467 85.788971 -4.880733
v 75.183258 85.742538 -3.010169
v 75.163284 85.790428 -3.010412
v 74.506180 85.929680 17.561253
v 74.549034 85.928139 15.690922
v 74.592415 85.926598 13.820630
v 74.635811 85.925056 11.950326
v 74.678925 85.923523 10.080018
v 74.721947 85.921982 8.209706
v 74.764694 85.920441 6.339368
v 74.807159 85.918900 4.469029
v 74.849594 85.917358 2.598673
v 75.322906 85.900414 -17.974829
v 75.278015 85.901955 -16.104628
v 75.232819 85.903496 -14.234435
v 75.188057 85.905037 -12.364203
v 75.145103 85.906578 -10.493880
v 75.103958 85.908119 -8.623431
v 75.063316 85.909660 -6.752998
v 75.021553 85.911201 -4.882606
v 74.979164 85.912735 -3.012259
v 74.675316 85.718994 19.433800
v 74.717010 85.717865 17.563534
v 74.759743 85.716766 15.693116
v 74.803452 85.715424 13.822740
v 74.847282 85.713844 11.952424
v 74.890694 85.712151 10.082120
v 74.933968 85.710442 8.211831
v 74.976746 85.708839 6.341550
v 75.019028 85.707367 4.471234
v 75.061203 85.705948 2.600847
v 75.536789 85.688171 -17.972891
v 75.580917 85.686226 -19.843016
v 75.490158 85.690727 -16.102877
v 75.442955 85.693329 -14.232741
v 75.396561 85.695580 -12.362346
v 75.353394 85.697029 -10.491710
v 75.313553 85.697823 -8.621055
v 75.274582 85.698578 -6.750633
v 75.233704 85.699715 -4.880321
v 75.191650 85.701088 -3.010039
v 75.154823 29.300686 17.608002
v 74.485031 29.304354 19.437891
v 74.265694 25.541086 19.424856
v 75.010345 25.537727 17.597895
v 75.629112 29.294691 15.776760
v 75.631119 25.532154 15.772696
v 75.738014 29.288471 13.927538
v 75.912895 25.526508 13.934008
v 75.545303 29.284191 12.057386
v 75.841637 25.522915 12.074739
v 75.104706 29.282879 10.167624
v 75.414040 25.521906 10.189657
v 74.561218 29.283443 8.259054
v 74.812256 25.522154 8.280195
v 74.300629 29.284927 6.354143
v 74.452957 25.522945 6.370581
v 74.438911 29.286177 4.472792
v 74.495773 25.523312 4.482210
v 74.819519 29.285990 2.613993
v 74.841873 25.522671 2.619802
v 74.840508 25.508472 -17.959688
v 74.875679 25.505465 -19.833559
v 74.912643 29.270004 -19.830652
v 74.962929 29.272575 -17.953325
v 74.896774 25.511211 -16.082525
v 75.042099 29.274364 -16.079046
v 74.921082 25.511209 -14.213328
v 74.964027 29.274090 -14.218370
v 74.826523 25.510130 -12.349581
v 74.773331 29.273829 -12.358133
v 74.715118 25.510551 -10.481295
v 74.649101 29.275179 -10.486753
v 74.667374 25.513296 -8.605898
v 74.678268 29.278177 -8.604448
v 74.730263 25.517309 -6.721052
v 74.844208 29.281530 -6.714530
v 74.997215 25.520491 -4.825983
v 75.152740 29.283850 -4.819597
v 75.345024 25.522198 -2.937376
v 75.484367 29.285036 -2.934092
v 75.317787 33.062695 17.623240
v 74.793465 33.066864 19.459684
v 75.571541 33.056236 15.781667
v 75.455566 33.049942 13.917157
v 75.128059 33.045834 12.032907
v 74.707390 33.044998 10.138207
v 74.286476 33.046543 8.233037
v 74.194847 33.049133 6.336828
v 74.483574 33.051220 4.467011
v 74.921669 33.051353 2.614900
v 75.078651 33.034733 -19.820391
v 75.197868 33.036869 -17.940599
v 75.299522 33.038509 -16.068716
v 75.153160 33.039021 -14.214099
v 74.894211 33.039612 -12.356261
v 74.755455 33.041012 -10.482772
v 74.830269 33.043114 -8.595927
v 75.061615 33.045307 -6.702940
v 75.395576 33.047035 -4.808531
v 75.710457 33.048370 -2.925776
v 75.419662 36.820446 17.634581
v 75.037842 36.824497 19.478092
v 75.486038 36.815056 15.782889
v 75.199356 36.810593 13.905610
v 74.785431 36.808102 12.010819
v 74.413895 36.808479 10.113168
v 74.141808 36.811123 8.213075
v 74.233513 36.814240 6.327237
v 74.675331 36.816177 4.469628
v 75.171745 36.815838 2.625089
v 75.331909 36.799431 -19.807222
v 75.476273 36.800812 -17.926943
v 75.586411 36.801765 -16.055922
v 75.422432 36.802647 -14.202884
v 75.140221 36.803818 -12.346087
v 74.986046 36.805038 -10.472865
v 75.057762 36.806042 -8.585776
v 75.293907 36.806835 -6.692550
v 75.632004 36.807674 -4.798041
v 75.950554 36.809048 -2.915057
v 75.243881 40.576786 17.629061
v 75.016113 40.580643 19.481890
v 75.164268 40.572624 15.766992
v 74.793358 40.570244 13.881082
v 74.379776 40.569614 11.981500
v 74.124947 40.571205 10.085152
v 74.068085 40.574574 8.194928
v 74.372704 40.577557 6.323346
v 74.955894 40.578728 4.478505
v 75.483864 40.577553 2.640981
v 75.733643 40.563213 -19.788647
v 75.839371 40.563671 -17.911434
v 75.895485 40.563404 -16.043209
v 75.716919 40.564091 -14.189528
v 75.432266 40.565578 -12.332789
v 75.257935 40.566799 -10.461802
v 75.282227 40.567104 -8.578567
v 75.453873 40.566677 -6.689304
v 75.738464 40.566338 -4.796607
v 76.051834 40.567265 -2.911327
v 74.893188 44.336643 17.611906
v 74.814499 44.339954 19.474848
v 74.719704 44.333973 15.740450
v 74.352005 44.333500 13.850555
v 74.018234 44.334377 11.951942
v 73.917000 44.336269 10.060818
v 74.074921 44.338642 8.182613
v 74.547241 44.339733 6.324487
v 75.202133 44.338917 4.488198
v 75.713341 44.336494 2.654240
v 76.163269 44.323841 -19.771015
v 76.183929 44.323639 -17.899624
v 76.131683 44.322483 -16.036221
v 75.931358 44.323101 -14.180363
v 75.666779 44.325115 -12.321873
v 75.488518 44.326828 -10.453049
v 75.455193 44.327171 -8.575706
v 75.522614 44.326168 -6.693751
v 75.698364 44.324871 -4.805809
v 75.972496 44.325047 -2.918525
v 74.529488 48.100056 17.591234
v 74.562340 48.102558 19.462740
v 74.333694 48.098930 15.713461
v 74.054298 48.100082 13.824772
v 73.860458 48.102005 11.932792
v 73.903908 48.103329 10.049927
v 74.198357 48.103420 8.181950
v 74.721100 48.101479 6.331135
v 75.334106 48.097988 4.495273
v 75.773392 48.094189 2.659405
v 76.484581 48.081917 -19.761112
v 76.397537 48.081478 -17.896786
v 76.209869 48.080074 -16.038975
v 75.988487 48.080898 -14.179486
v 75.773117 48.083576 -12.316776
v 75.623230 48.086067 -10.448616
v 75.549423 48.086956 -8.577275
v 75.504326 48.085995 -6.704472
v 75.536934 48.084221 -4.823891
v 75.733574 48.083694 -2.936386
v 74.274132 51.865917 17.573925
v 74.368057 51.867672 19.451292
v 74.121971 51.865883 15.693403
v 73.990479 51.867878 13.810059
v 73.965660 51.870018 11.928883
v 74.113892 51.870213 10.055771
v 74.432388 51.867805 8.193867
v 74.869179 51.862984 6.342388
v 75.326187 51.857170 4.498298
v 75.648270 51.852402 2.654712
v 76.629539 51.839230 -19.761585
v 76.435455 51.838997 -17.904064
v 76.112366 51.837982 -16.051582
v 75.876076 51.839191 -14.187508
v 75.736015 51.842411 -12.318386
v 75.649689 51.845623 -10.448753
v 75.567474 51.847271 -8.582066
v 75.426590 51.846870 -6.718533
v 75.306335 51.845181 -4.847050
v 75.394478 51.844227 -2.961724
v 75.569099 81.936783 -17.969900
v 75.631500 81.934509 -19.838087
v 75.469887 81.940063 -16.103853
v 75.363914 81.943336 -14.236830
v 75.270355 81.945923 -12.367716
v 75.221497 81.947357 -10.495295
v 75.218300 81.947861 -8.621352
v 75.225990 81.948334 -6.748705
v 75.207916 81.949326 -4.877833
v 75.179031 81.950516 -3.007323
v 74.720390 81.963829 19.441227
v 74.724716 81.963493 17.569029
v 74.737862 81.963661 15.696339
v 74.769028 81.963287 13.824335
v 74.816093 81.962074 11.953470
v 74.869469 81.960335 10.083498
v 74.921371 81.958664 8.213987
v 74.965935 81.957336 6.344198
v 75.003044 81.956223 4.473810
v 75.038437 81.954987 2.602770
v 75.542267 78.175987 -17.971785
v 75.639328 78.173447 -19.836523
v 75.350006 78.179733 -16.112249
v 75.157326 78.182961 -14.248960
v 75.014488 78.184990 -12.380243
v 74.976738 78.185951 -10.504568
v 75.032066 78.186447 -8.626322
v 75.092873 78.187454 -6.751906
v 75.084465 78.189217 -4.881419
v 75.065971 78.190804 -3.010268
v 74.963921 78.198212 19.463518
v 74.861183 78.198677 17.585428
v 74.768944 78.200005 15.705681
v 74.733192 78.200340 13.827425
v 74.769211 78.199219 11.953730
v 74.838402 78.197441 10.084440
v 74.886650 78.196297 8.215803
v 74.909531 78.195847 6.345495
v 74.917984 78.195526 4.473261
v 74.938530 78.194611 2.600515
v 75.481621 74.413017 -17.976347
v 75.628670 74.410347 -19.836821
v 75.180252 74.416664 -16.123354
v 74.922073 74.419090 -14.260763
v 74.788826 74.419830 -12.388639
v 74.804359 74.420074 -10.508844
v 74.914551 74.420990 -8.628656
v 74.980408 74.423286 -6.756556
v 74.921501 74.426491 -4.889651
v 74.878304 74.429001 -3.018362
v 75.332817 74.437119 19.494419
v 75.102654 74.437126 17.608749
v 74.883308 74.437637 15.720390
v 74.769478 74.436989 13.834543
v 74.800957 74.435104 11.958200
v 74.885719 74.433289 10.090727
v 74.896088 74.432747 8.222155
v 74.850090 74.433067 6.348673
v 74.791206 74.433235 4.471414
v 74.790367 74.432404 2.595808
v 75.516884 70.647408 -17.975264
v 75.725418 70.644875 -19.831358
v 75.115631 70.650475 -16.126978
v 74.837547 70.652031 -14.261198
v 74.778923 70.652054 -12.382341
v 74.874992 70.652222 -10.499193
v 75.009216 70.653839 -8.621130
v 75.013046 70.657166 -6.755956
v 74.842613 70.661201 -4.895513
v 74.737366 70.664268 -3.024835
v 75.526947 70.681984 19.512249
v 75.238327 70.680397 17.622173
v 74.975693 70.678238 15.729824
v 74.858208 70.675301 13.841661
v 74.925873 70.672279 11.966948
v 75.028252 70.670288 10.102846
v 74.988663 70.669571 8.233942
v 74.859123 70.669380 6.356246
v 74.724915 70.668854 4.472873
v 74.709167 70.667542 2.594931
v 75.707008 66.882523 -17.963911
v 75.968910 66.880287 -19.816893
v 75.248978 66.884819 -16.117201
v 74.992775 66.886024 -14.246614
v 75.019958 66.886482 -12.361859
v 75.170624 66.887451 -10.478242
v 75.280457 66.889748 -8.605386
v 75.185890 66.893196 -6.748197
v 74.901657 66.896751 -4.893438
v 74.737068 66.899315 -3.023053
v 75.319351 66.927254 19.501371
v 75.085388 66.924370 17.613138
v 74.908752 66.920189 15.724505
v 74.888969 66.915901 13.842063
v 75.030289 66.912506 11.973536
v 75.155281 66.910263 10.113112
v 75.104469 66.908394 8.244720
v 74.947792 66.906464 6.365622
v 74.791534 66.904343 4.479991
v 74.784027 66.902306 2.602557
v 75.951035 63.120644 -17.948139
v 76.247368 63.118690 -19.799389
v 75.473541 63.122559 -16.101227
v 75.241516 63.124138 -14.227822
v 75.304001 63.125866 -12.341481
v 75.451912 63.128036 -10.460172
v 75.508133 63.130726 -8.592446
v 75.333130 63.133507 -6.740144
v 74.989311 63.135658 -4.887216
v 74.809929 63.136917 -3.015390
v 74.870567 63.167343 19.473961
v 74.730644 63.164619 17.590435
v 74.677628 63.161053 15.708289
v 74.774170 63.157764 13.833934
v 74.981934 63.155239 11.971496
v 75.136368 63.152832 10.113193
v 75.135475 63.149502 8.246875
v 75.035942 63.145573 6.370970
v 74.930954 63.141804 4.488810
v 74.954407 63.139107 2.615149
v 74.902458 86.015335 0.728501
v 74.945877 86.013794 -1.141798
v 74.515976 86.029198 17.561392
v 74.558838 86.027657 15.691068
v 74.602203 86.026115 13.820780
v 74.645622 86.024582 11.950471
v 74.688713 86.023041 10.080174
v 74.731743 86.021500 8.209851
v 74.774498 86.019958 6.339516
v 74.816956 86.018417 4.469174
v 74.859398 86.016876 2.598814
v 75.332687 85.999931 -17.974676
v 75.287811 86.001472 -16.104467
v 75.242630 86.003014 -14.234271
v 75.197876 86.004555 -12.364051
v 75.154915 86.006096 -10.493728
v 75.113770 86.007637 -8.623302
v 75.073120 86.009178 -6.752860
v 75.031357 86.010719 -4.882461
v 74.988953 86.012253 -3.012106
v 74.463989 85.931213 19.431625
v 75.366379 85.898888 -19.845114
v 74.473732 86.030739 19.431765
v -70.177902 86.029312 17.686050
v -65.011765 86.029366 17.748400
v -59.845634 86.029411 17.810743
v -54.679512 86.029465 17.873095
v -49.513382 86.029518 17.935440
v -44.347244 86.029572 17.997784
v -39.181122 86.029617 18.060135
v -34.014984 86.029671 18.122478
v -28.848856 86.029724 18.184828
v -23.682730 86.029770 18.247171
v -18.516600 86.029823 18.309521
v -13.350470 86.029877 18.371866
v -8.184341 86.029922 18.434216
v -3.018213 86.029976 18.496563
v 2.147921 86.030029 18.558907
v 7.314049 86.030075 18.621256
v 12.480171 86.030128 18.683601
v 17.646303 86.030182 18.745947
v 22.812428 86.030228 18.808296
v 27.978567 86.030281 18.870640
v 33.144691 86.030334 18.932991
v 38.310822 86.030380 18.995333
v 43.476948 86.030434 19.057682
v 48.643074 86.030487 19.120028
v 53.809196 86.030533 19.182377
v 58.975334 86.030586 19.244722
v 64.141457 86.030640 19.307074
v 69.307610 86.030685 19.369413
v -70.168816 85.929787 17.686140
v -65.003365 85.929840 17.748480
v -59.837898 85.929886 17.810816
v -54.672447 85.929939 17.873156
v -49.506989 85.929993 17.935497
v -44.341522 85.930046 17.997837
v -39.176071 85.930092 18.060173
v -34.010612 85.930145 18.122513
v -28.845152 85.930199 18.184853
v -23.679701 85.930244 18.247190
v -18.514242 85.930298 18.309528
v -13.348780 85.930351 18.371868
v -8.183321 85.930397 18.434208
v -3.017862 85.930450 18.496544
v 2.147593 85.930504 18.558884
v 7.313050 85.930550 18.621223
v 12.478506 85.930603 18.683559
v 17.643959 85.930656 18.745901
v 22.809416 85.930702 18.808237
v 27.974874 85.930756 18.870575
v 33.140327 85.930809 18.932915
v 38.305786 85.930855 18.995255
v 43.471249 85.930908 19.057592
v 48.636703 85.930962 19.119932
v 53.802170 85.931007 19.182276
v 58.967628 85.931061 19.244614
v 64.133080 85.931114 19.306946
v 69.298546 85.931160 19.369284
v -70.164505 85.928253 15.815312
v -64.997688 85.928307 15.877669
v -59.830872 85.928360 15.940021
v -54.664070 85.928406 16.002375
v -49.497253 85.928459 16.064734
v -44.330444 85.928513 16.127087
v -39.163635 85.928558 16.189440
v -33.996826 85.928612 16.251799
v -28.830015 85.928665 16.314156
v -23.663206 85.928711 16.376507
v -18.496397 85.928764 16.438860
v -13.329584 85.928818 16.501217
v -8.162775 85.928864 16.563574
v -2.995962 85.928917 16.625929
v 2.170841 85.928970 16.688284
v 7.337658 85.929016 16.750639
v 12.504461 85.929070 16.812996
v 17.671272 85.929123 16.875343
v 22.838083 85.929169 16.937702
v 28.004890 85.929222 17.000061
v 33.171703 85.929276 17.062410
v 38.338512 85.929321 17.124769
v 43.505333 85.929375 17.187120
v 48.672138 85.929428 17.249477
v 53.838943 85.929474 17.311827
v 59.005760 85.929527 17.374186
v 64.172569 85.929581 17.436539
v 69.339371 85.929626 17.498896
v -70.160805 85.926712 13.944509
v -64.992599 85.926765 14.006883
v -59.824394 85.926819 14.069253
v -54.656181 85.926865 14.131627
v -49.487976 85.926918 14.193997
v -44.319763 85.926971 14.256368
v -39.151558 85.927017 14.318742
v -33.983345 85.927071 14.381108
v -28.815138 85.927124 14.443482
v -23.646929 85.927170 14.505853
v -18.478724 85.927223 14.568226
v -13.310518 85.927277 14.630597
v -8.142303 85.927322 14.692971
v -2.974094 85.927376 14.755342
v 2.194109 85.927429 14.817708
v 7.362321 85.927475 14.880086
v 12.530527 85.927528 14.942452
v 17.698742 85.927582 15.004827
v 22.866951 85.927628 15.067201
v 28.035154 85.927681 15.129563
v 33.203362 85.927734 15.191941
v 38.371574 85.927780 15.254315
v 43.539780 85.927834 15.316682
v 48.707985 85.927887 15.379056
v 53.876205 85.927940 15.441424
v 59.044411 85.927986 15.503797
v 64.212608 85.928040 15.566165
v 69.380821 85.928093 15.628537
v -70.157600 85.925171 12.073724
v -64.987953 85.925224 12.136117
v -59.818314 85.925278 12.198506
v -54.648674 85.925323 12.260896
v -49.479027 85.925377 12.323281
v -44.309380 85.925430 12.385678
v -39.139740 85.925476 12.448060
v -33.970100 85.925529 12.510449
v -28.800451 85.925583 12.572839
v -23.630808 85.925629 12.635232
v -18.461164 85.925682 12.697621
v -13.291521 85.925735 12.760011
v -8.121874 85.925781 12.822400
v -2.952232 85.925835 12.884789
v 2.217403 85.925888 12.947175
v 7.387049 85.925941 13.009564
v 12.556691 85.925987 13.071958
v 17.726337 85.926041 13.134347
v 22.895987 85.926094 13.196736
v 28.065619 85.926140 13.259118
v 33.235268 85.926193 13.321511
v 38.404907 85.926247 13.383908
v 43.574547 85.926292 13.446290
v 48.744194 85.926346 13.508683
v 53.913834 85.926399 13.571073
v 59.083466 85.926445 13.633454
v 64.253136 85.926498 13.695844
v 69.422768 85.926552 13.758237
v -70.154427 85.923630 10.202954
v -64.983345 85.923683 10.265359
v -59.812263 85.923737 10.327764
v -54.641182 85.923782 10.390168
v -49.470100 85.923836 10.452572
v -44.299019 85.923889 10.514977
v -39.127945 85.923935 10.577386
v -33.956856 85.923988 10.639794
v -28.785780 85.924042 10.702199
v -23.614706 85.924095 10.764607
v -18.443624 85.924141 10.827012
v -13.272543 85.924194 10.889417
v -8.101467 85.924248 10.951829
v -2.930378 85.924294 11.014234
v 2.240698 85.924347 11.076638
v 7.411780 85.924400 11.139043
v 12.582859 85.924446 11.201455
v 17.753935 85.924500 11.263860
v 22.925011 85.924553 11.326261
v 28.096092 85.924599 11.388669
v 33.267170 85.924652 11.451081
v 38.438259 85.924706 11.513486
v 43.609341 85.924751 11.575894
v 48.780411 85.924805 11.638288
v 53.951492 85.924858 11.700699
v 59.122566 85.924904 11.763108
v 64.293671 85.924957 11.825509
v 69.464745 85.925011 11.887918
v -70.150970 85.922089 8.332162
v -64.978462 85.922142 8.394582
v -59.805969 85.922195 8.457006
v -54.633476 85.922249 8.519429
v -49.460983 85.922295 8.581853
v -44.288483 85.922348 8.644280
v -39.115982 85.922401 8.706704
v -33.943489 85.922447 8.769124
v -28.770998 85.922501 8.831552
v -23.598501 85.922554 8.893971
v -18.426004 85.922600 8.956395
v -13.253511 85.922653 9.018823
v -8.081013 85.922707 9.081243
v -2.908514 85.922752 9.143670
v 2.263977 85.922806 9.206090
v 7.436475 85.922859 9.268517
v 12.608967 85.922905 9.330937
v 17.781467 85.922958 9.393365
v 22.953964 85.923012 9.455785
v 28.126457 85.923058 9.518205
v 33.298954 85.923111 9.580632
v 38.471458 85.923164 9.643056
v 43.643944 85.923218 9.705475
v 48.816444 85.923264 9.767903
v 53.988930 85.923317 9.830331
v 59.161438 85.923370 9.892751
v 64.333946 85.923416 9.955171
v 69.506424 85.923470 10.017598
v -70.147423 85.920555 6.461373
v -64.973518 85.920601 6.523812
v -59.799614 85.920654 6.586247
v -54.625702 85.920708 6.648690
v -49.451797 85.920753 6.711133
v -44.277893 85.920807 6.773572
v -39.103981 85.920860 6.836014
v -33.930077 85.920906 6.898458
v -28.756170 85.920959 6.960896
v -23.582270 85.921013 7.023335
v -18.408361 85.921059 7.085778
v -13.234453 85.921112 7.148217
v -8.060543 85.921165 7.210656
v -2.886642 85.921211 7.273099
v 2.287270 85.921265 7.335541
v 7.461165 85.921318 7.397985
v 12.635075 85.921371 7.460419
v 17.808990 85.921417 7.522858
v 22.982889 85.921471 7.585301
v 28.156796 85.921524 7.647744
v 33.330704 85.921570 7.710183
v 38.504616 85.921623 7.772626
v 43.678520 85.921677 7.835068
v 48.852417 85.921722 7.897507
v 54.026337 85.921776 7.959942
v 59.200226 85.921829 8.022386
v 64.374130 85.921875 8.084828
v 69.548050 85.921928 8.147271
v -70.143639 85.919014 4.590559
v -64.968338 85.919060 4.653023
v -59.793045 85.919113 4.715478
v -54.617744 85.919167 4.777936
v -49.442451 85.919212 4.840390
v -44.267151 85.919266 4.902853
v -39.091850 85.919319 4.965306
v -33.916557 85.919365 5.027764
v -28.741255 85.919418 5.090222
v -23.565962 85.919472 5.152680
v -18.390661 85.919518 5.215138
v -13.215361 85.919571 5.277596
v -8.040062 85.919624 5.340050
v -2.864765 85.919678 5.402508
v 2.310530 85.919724 5.464963
v 7.485828 85.919777 5.527424
v 12.661126 85.919830 5.589883
v 17.836426 85.919876 5.652341
v 23.011723 85.919930 5.714795
v 28.187017 85.919983 5.777253
v 33.362320 85.920029 5.839715
v 38.537613 85.920082 5.902174
v 43.712910 85.920135 5.964627
v 48.888206 85.920181 6.027085
v 54.063507 85.920235 6.089547
v 59.238808 85.920288 6.151997
v 64.414101 85.920334 6.214451
v 69.589409 85.920387 6.276913
v -70.139587 85.917473 2.719754
v -64.962914 85.917519 2.782236
v -59.786247 85.917572 2.844705
v -54.609573 85.917625 2.907186
v -49.432899 85.917671 2.969656
v -44.256233 85.917725 3.032125
v -39.079567 85.917778 3.094605
v -33.902893 85.917831 3.157076
v -28.726221 85.917877 3.219553
v -23.549559 85.917931 3.282026
v -18.372889 85.917984 3.344499
v -13.196215 85.918030 3.406973
v -8.019543 85.918083 3.469442
v -2.842873 85.918137 3.531914
v 2.333788 85.918182 3.594392
v 7.510462 85.918236 3.656870
v 12.687128 85.918289 3.719342
v 17.863802 85.918335 3.781811
v 23.040472 85.918388 3.844290
v 28.217134 85.918442 3.906763
v 33.393803 85.918488 3.969232
v 38.570477 85.918541 4.031720
v 43.747154 85.918594 4.094189
v 48.923824 85.918648 4.156651
v 54.100494 85.918694 4.219132
v 59.277168 85.918747 4.281602
v 64.453827 85.918800 4.344083
v 69.630486 85.918846 4.406556
v -70.135506 85.915932 0.848931
v -64.957458 85.915977 0.911427
v -59.779419 85.916031 0.973912
v -54.601379 85.916084 1.036405
v -49.423340 85.916138 1.098898
v -44.245300 85.916183 1.161386
v -39.067261 85.916237 1.223879
v -33.889229 85.916290 1.286363
v -28.711184 85.916336 1.348863
v -23.533148 85.916389 1.411352
v -18.355108 85.916443 1.473844
v -13.177073 85.916489 1.536329
v -7.999031 85.916542 1.598821
v -2.820992 85.916595 1.661310
v 2.357046 85.916641 1.723802
v 7.535088 85.916695 1.786295
v 12.713125 85.916748 1.848779
v 17.891159 85.916794 1.911276
v 23.069206 85.916847 1.973768
v 28.247240 85.916901 2.036257
v 33.425278 85.916954 2.098741
v 38.603325 85.917000 2.161230
v 43.781364 85.917053 2.223730
v 48.959396 85.917107 2.286217
v 54.137428 85.917152 2.348703
v 59.315460 85.917206 2.411195
v 64.493515 85.917259 2.473688
v 69.671547 85.917305 2.536175
v -70.131996 85.914391 -1.021864
v -64.952553 85.914444 -0.959358
v -59.773094 85.914490 -0.896850
v -54.593643 85.914543 -0.834342
v -49.414185 85.914597 -0.771834
v -44.234741 85.914642 -0.709327
v -39.055275 85.914696 -0.646815
v -33.875832 85.914749 -0.584307
v -28.696375 85.914795 -0.521800
v -23.516928 85.914848 -0.459293
v -18.337473 85.914902 -0.396784
v -13.158022 85.914948 -0.334276
v -7.978571 85.915001 -0.271769
v -2.799116 85.915054 -0.209261
v 2.380341 85.915108 -0.146754
v 7.559789 85.915154 -0.084246
v 12.739241 85.915207 -0.021738
v 17.918699 85.915260 0.040765
v 23.098146 85.915306 0.103277
v 28.277599 85.915359 0.165785
v 33.457054 85.915413 0.228292
v 38.636505 85.915459 0.290799
v 43.815956 85.915512 0.353307
v 48.995407 85.915565 0.415814
v 54.174866 85.915611 0.478314
v 59.354317 85.915665 0.540826
v 64.533768 85.915718 0.603338
v 69.713203 85.915771 0.665846
v -70.128838 85.912849 -2.892638
v -64.947952 85.912903 -2.830115
v -59.767059 85.912949 -2.767596
v -54.586166 85.913002 -2.705065
v -49.405281 85.913055 -2.642542
v -44.224388 85.913101 -2.580012
v -39.043495 85.913155 -2.517496
v -33.862602 85.913208 -2.454967
v -28.681715 85.913254 -2.392443
v -23.500826 85.913307 -2.329916
v -18.319937 85.913361 -2.267393
v -13.139044 85.913414 -2.204864
v -7.958155 85.913460 -2.142340
v -2.777264 85.913513 -2.079818
v 2.403627 85.913567 -2.017287
v 7.584517 85.913612 -1.954764
v 12.765408 85.913666 -1.892245
v 17.946293 85.913719 -1.829718
v 23.127190 85.913765 -1.767191
v 28.308073 85.913818 -1.704668
v 33.488972 85.913872 -1.642142
v 38.669857 85.913918 -1.579615
v 43.850750 85.913971 -1.517092
v 49.031631 85.914024 -1.454565
v 54.212524 85.914078 -1.392042
v 59.393425 85.914124 -1.329520
v 64.574326 85.914177 -1.266989
v 69.755180 85.914230 -1.204474
v -70.125351 85.911308 -4.763427
v -64.943047 85.911362 -4.700889
v -59.760750 85.911407 -4.638347
v -54.578438 85.911461 -4.575805
v -49.396133 85.911514 -4.513267
v -44.213821 85.911560 -4.450721
v -39.031517 85.911613 -4.388179
v -33.849213 85.911667 -4.325641
v -28.666910 85.911720 -4.263095
v -23.484613 85.911766 -4.200561
v -18.302309 85.911819 -4.138015
v -13.120001 85.911873 -4.075469
v -7.937698 85.911919 -4.012935
v -2.755388 85.911972 -3.950382
v 2.426910 85.912025 -3.887851
v 7.609216 85.912071 -3.825300
v 12.791517 85.912125 -3.762763
v 17.973822 85.912178 -3.700217
v 23.156124 85.912224 -3.637682
v 28.338428 85.912277 -3.575136
v 33.520741 85.912331 -3.512591
v 38.703041 85.912384 -3.450057
v 43.885353 85.912430 -3.387511
v 49.067650 85.912483 -3.324965
v 54.249954 85.912537 -3.262419
v 59.432259 85.912582 -3.199885
v 64.614571 85.912636 -3.137339
v 69.796875 85.912689 -3.074793
v -70.121223 85.909767 -6.634239
v -64.937561 85.909821 -6.571681
v -59.753883 85.909866 -6.509120
v -54.570213 85.909920 -6.446571
v -49.386551 85.909973 -6.384010
v -44.202873 85.910027 -6.321445
v -39.019203 85.910072 -6.258891
v -33.835526 85.910126 -6.196334
v -28.651861 85.910179 -6.133773
v -23.468191 85.910225 -6.071216
v -18.284521 85.910278 -6.008655
v -13.100855 85.910332 -5.946098
v -7.917175 85.910378 -5.883537
v -2.733509 85.910431 -5.820979
v 2.450161 85.910484 -5.758426
v 7.633829 85.910538 -5.695868
v 12.817502 85.910583 -5.633307
v 18.001175 85.910637 -5.570751
v 23.184839 85.910690 -5.508182
v 28.368519 85.910736 -5.445632
v 33.552185 85.910789 -5.383070
v 38.735863 85.910843 -5.320506
v 43.919533 85.910889 -5.257953
v 49.103203 85.910942 -5.195395
v 54.286873 85.910995 -5.132835
v 59.470551 85.911041 -5.070278
v 64.654205 85.911095 -5.007724
v 69.837883 85.911148 -4.945167
v -70.116508 85.908226 -8.505076
v -64.931519 85.908279 -8.442504
v -59.746521 85.908333 -8.379920
v -54.561531 85.908379 -8.317354
v -49.376534 85.908432 -8.254775
v -44.191544 85.908485 -8.192206
v -39.006546 85.908531 -8.129626
v -33.821556 85.908585 -8.067054
v -28.636557 85.908638 -8.004478
v -23.451563 85.908684 -7.941898
v -18.266573 85.908737 -7.879333
v -13.081575 85.908791 -7.816757
v -7.896578 85.908844 -7.754184
v -2.711580 85.908890 -7.691612
v 2.473412 85.908943 -7.629035
v 7.658402 85.908997 -7.566455
v 12.843396 85.909042 -7.503883
v 18.028393 85.909096 -7.441306
v 23.213385 85.909149 -7.378734
v 28.398380 85.909195 -7.316154
v 33.583366 85.909248 -7.253585
v 38.768364 85.909302 -7.191013
v 43.953362 85.909348 -7.128440
v 49.138351 85.909401 -7.065856
v 54.323364 85.909454 -7.003284
v 59.508347 85.909508 -6.940719
v 64.693336 85.909554 -6.878135
v 69.878319 85.909607 -6.815563
v -70.110771 85.906685 -10.375945
v -64.924530 85.906738 -10.313357
v -59.738289 85.906792 -10.250770
v -54.552048 85.906837 -10.188178
v -49.365807 85.906891 -10.125590
v -44.179565 85.906944 -10.062995
v -38.993324 85.906990 -10.000407
v -33.807083 85.907043 -9.937819
v -28.620840 85.907097 -9.875232
v -23.434599 85.907143 -9.812641
v -18.248358 85.907196 -9.750045
v -13.062117 85.907249 -9.687465
v -7.875877 85.907303 -9.624877
v -2.689632 85.907349 -9.562282
v 2.496603 85.907402 -9.499698
v 7.682847 85.907455 -9.437102
v 12.869085 85.907501 -9.374515
v 18.055321 85.907555 -9.311927
v 23.241562 85.907608 -9.249339
v 28.427807 85.907654 -9.186740
v 33.614056 85.907707 -9.124153
v 38.800289 85.907761 -9.061564
v 43.986530 85.907814 -8.998969
v 49.172771 85.907860 -8.936389
v 54.359009 85.907913 -8.873801
v 59.545250 85.907967 -8.811210
v 64.731499 85.908012 -8.748614
v 69.917725 85.908066 -8.686027
v -70.105469 85.905144 -12.246814
v -64.917953 85.905197 -12.184211
v -59.730431 85.905251 -12.121608
v -54.542900 85.905296 -12.059005
v -49.355385 85.905350 -11.996393
v -44.167862 85.905403 -11.933790
v -38.980339 85.905449 -11.871181
v -33.792824 85.905502 -11.808584
v -28.605307 85.905556 -11.745981
v -23.417791 85.905609 -11.683372
v -18.230276 85.905655 -11.620769
v -13.042742 85.905708 -11.558166
v -7.855221 85.905762 -11.495551
v -2.667702 85.905807 -11.432948
v 2.519817 85.905861 -11.370345
v 7.707334 85.905914 -11.307742
v 12.894851 85.905960 -11.245139
v 18.082371 85.906013 -11.182528
v 23.269894 85.906067 -11.119925
v 28.457413 85.906120 -11.057315
v 33.644936 85.906166 -10.994712
v 38.832458 85.906219 -10.932109
v 44.019981 85.906273 -10.869506
v 49.207497 85.906319 -10.806895
v 54.395027 85.906372 -10.744300
v 59.582550 85.906425 -10.681689
v 64.770065 85.906471 -10.619086
v 69.957581 85.906525 -10.556483
v -70.101875 85.903603 -14.117605
v -64.912956 85.903656 -14.054988
v -59.724022 85.903709 -13.992366
v -54.535095 85.903755 -13.929748
v -49.346169 85.903809 -13.867122
v -44.157242 85.903862 -13.804503
v -38.968315 85.903915 -13.741878
v -33.779388 85.903961 -13.679252
v -28.590460 85.904015 -13.616637
v -23.401537 85.904068 -13.554011
v -18.212610 85.904114 -13.491393
v -13.023684 85.904167 -13.428767
v -7.834757 85.904221 -13.366149
v -2.645836 85.904266 -13.303531
v 2.543097 85.904320 -13.240905
v 7.732028 85.904373 -13.178290
v 12.920948 85.904427 -13.115664
v 18.109877 85.904472 -13.053046
v 23.298803 85.904526 -12.990420
v 28.487738 85.904579 -12.927794
v 33.676651 85.904625 -12.865169
v 38.865578 85.904678 -12.802554
v 44.054512 85.904732 -12.739936
v 49.243439 85.904785 -12.677314
v 54.432365 85.904831 -12.614688
v 59.621284 85.904884 -12.552070
v 64.810204 85.904938 -12.489444
v 69.999146 85.904984 -12.426818
v -70.099960 85.902061 -15.988360
v -64.909500 85.902115 -15.925727
v -59.719048 85.902168 -15.863078
v -54.528587 85.902222 -15.800441
v -49.338135 85.902267 -15.737800
v -44.147675 85.902321 -15.675159
v -38.957214 85.902374 -15.612520
v -33.766762 85.902420 -15.549880
v -28.576300 85.902473 -15.487239
v -23.385851 85.902527 -15.424602
v -18.195387 85.902573 -15.361953
v -13.004934 85.902626 -15.299319
v -7.814474 85.902679 -15.236682
v -2.624020 85.902733 -15.174041
v 2.566437 85.902779 -15.111396
v 7.756898 85.902832 -15.048762
v 12.947351 85.902885 -14.986122
v 18.137802 85.902931 -14.923476
v 23.328260 85.902985 -14.860835
v 28.518717 85.903038 -14.798202
v 33.709175 85.903091 -14.735557
v 38.899628 85.903137 -14.672908
v 44.090092 85.903191 -14.610274
v 49.280540 85.903244 -14.547637
v 54.471008 85.903290 -14.484996
v 59.661461 85.903343 -14.422347
v 64.851913 85.903397 -14.359710
v 70.042358 85.903442 -14.297069
v -70.098442 85.900520 -17.859083
v -64.906425 85.900574 -17.796423
v -59.714401 85.900627 -17.733763
v -54.522392 85.900681 -17.671110
v -49.330368 85.900726 -17.608450
v -44.138351 85.900780 -17.545782
v -38.946342 85.900833 -17.483130
v -33.754326 85.900879 -17.420469
v -28.562304 85.900932 -17.357817
v -23.370291 85.900986 -17.295149
v -18.178274 85.901039 -17.232489
v -12.986258 85.901085 -17.169836
v -7.794239 85.901138 -17.107176
v -2.602221 85.901192 -17.044523
v 2.589792 85.901237 -16.981855
v 7.781806 85.901291 -16.919203
v 12.973825 85.901344 -16.856543
v 18.165842 85.901398 -16.793882
v 23.357851 85.901443 -16.731215
v 28.549870 85.901497 -16.668562
v 33.741886 85.901550 -16.605902
v 38.933914 85.901596 -16.543238
v 44.125923 85.901649 -16.480577
v 49.317928 85.901703 -16.417921
v 54.509956 85.901749 -16.355261
v 59.701981 85.901802 -16.292608
v 64.893997 85.901855 -16.229944
v 70.085999 85.901909 -16.167284
v -70.096649 85.898987 -19.729803
v -64.903099 85.899033 -19.667128
v -59.709534 85.899086 -19.604445
v -54.515976 85.899139 -19.541769
v -49.322426 85.899185 -19.479094
v -44.128868 85.899239 -19.416418
v -38.935310 85.899292 -19.353735
v -33.741753 85.899345 -19.291059
v -28.548204 85.899391 -19.228384
v -23.354650 85.899445 -19.165701
v -18.161097 85.899498 -19.103018
v -12.967531 85.899544 -19.040342
v -7.773979 85.899597 -18.977667
v -2.580427 85.899651 -18.914991
v 2.613134 85.899696 -18.852316
v 7.806686 85.899750 -18.789640
v 13.000239 85.899803 -18.726957
v 18.193794 85.899857 -18.664274
v 23.387348 85.899902 -18.601599
v 28.580906 85.899956 -18.538923
v 33.774467 85.900009 -18.476248
v 38.968018 85.900055 -18.413565
v 44.161575 85.900108 -18.350897
v 49.355133 85.900162 -18.288214
v 54.548683 85.900215 -18.225531
v 59.742241 85.900261 -18.162855
v 64.935799 85.900314 -18.100180
v 70.129356 85.900368 -18.037497
v -70.093529 85.897453 -21.600576
v -64.898537 85.897499 -21.537886
v -59.703537 85.897552 -21.475187
v -54.508545 85.897606 -21.412497
v -49.313545 85.897652 -21.349798
v -44.118546 85.897705 -21.287100
v -38.923553 85.897758 -21.224409
v -33.728554 85.897812 -21.161718
v -28.533560 85.897858 -21.099020
v -23.338572 85.897911 -21.036322
v -18.143564 85.897964 -20.973631
v -12.948572 85.898010 -20.910925
v -7.753576 85.898064 -20.848234
v -2.558577 85.898117 -20.785536
v 2.636423 85.898170 -20.722845
v 7.831417 85.898216 -20.660147
v 13.026415 85.898270 -20.597456
v 18.221405 85.898323 -20.534758
v 23.416403 85.898369 -20.472059
v 28.611404 85.898422 -20.409369
v 33.806396 85.898476 -20.346678
v 39.001396 85.898529 -20.283979
v 44.196396 85.898575 -20.221289
v 49.391388 85.898628 -20.158583
v 54.586380 85.898682 -20.095892
v 59.781372 85.898727 -20.033194
v 64.976372 85.898781 -19.970503
v 70.171371 85.898834 -19.907804
v -70.102707 85.996964 -21.600660
v -64.907028 85.997009 -21.537954
v -59.711349 85.997063 -21.475248
v -54.515678 85.997116 -21.412550
v -49.320000 85.997162 -21.349844
v -44.124321 85.997215 -21.287146
v -38.928650 85.997269 -21.224440
v -33.732964 85.997322 -21.161734
v -28.537291 85.997368 -21.099028
v -23.341623 85.997421 -21.036329
v -18.145945 85.997475 -20.973623
v -12.950266 85.997520 -20.910925
v -7.754589 85.997574 -20.848219
v -2.558912 85.997627 -20.785513
v 2.636766 85.997681 -20.722815
v 7.832443 85.997726 -20.660109
v 13.028118 85.997780 -20.597410
v 18.223795 85.997833 -20.534704
v 23.419462 85.997879 -20.471998
v 28.615152 85.997932 -20.409292
v 33.810822 85.997986 -20.346594
v 39.006493 85.998039 -20.283888
v 44.202179 85.998085 -20.221182
v 49.397850 85.998138 -20.158484
v 54.593536 85.998192 -20.095778
v 59.789200 85.998238 -20.033079
v 64.984863 85.998291 -19.970373
v 70.180565 85.998344 -19.907667
v -70.105774 85.998505 -19.729887
v -64.911537 85.998550 -19.667196
v -59.717300 85.998604 -19.604513
v -54.523071 85.998657 -19.541830
v -49.328842 85.998703 -19.479147
v -44.134613 85.998756 -19.416456
v -38.940376 85.998810 -19.353765
v -33.746155 85.998863 -19.291082
v -28.551920 85.998909 -19.228392
v -23.357691 85.998962 -19.165709
v -18.163454 85.999016 -19.103018
v -12.969233 85.999062 -19.040335
v -7.775000 85.999115 -18.977652
v -2.580767 85.999168 -18.914961
v 2.613457 85.999214 -18.852278
v 7.807693 85.999268 -18.789595
v 13.001922 85.999321 -18.726912
v 18.196154 85.999374 -18.664221
v 23.390388 85.999420 -18.601530
v 28.584610 85.999474 -18.538847
v 33.778847 85.999527 -18.476164
v 38.973076 85.999573 -18.413481
v 44.167305 85.999626 -18.350782
v 49.361534 85.999680 -18.288107
v 54.555763 85.999733 -18.225424
v 59.749985 85.999779 -18.162733
v 64.944221 85.999832 -18.100050
v 70.138458 85.999886 -18.037367
v -70.107567 86.000038 -17.859159
v -64.914879 86.000092 -17.796499
v -59.722183 86.000145 -17.733831
v -54.529495 86.000198 -17.671156
v -49.336800 86.000244 -17.608488
v -44.144096 86.000298 -17.545820
v -38.951416 86.000351 -17.483152
v -33.758720 86.000397 -17.420492
v -28.566027 86.000450 -17.357817
v -23.373339 86.000504 -17.295149
v -18.180647 86.000557 -17.232489
v -12.987959 86.000603 -17.169821
v -7.795258 86.000656 -17.107153
v -2.602566 86.000710 -17.044485
v 2.590124 86.000755 -16.981817
v 7.782813 86.000809 -16.919149
v 12.975505 86.000862 -16.856482
v 18.168200 86.000916 -16.793814
v 23.360888 86.000961 -16.731153
v 28.553579 86.001015 -16.668478
v 33.746273 86.001068 -16.605806
v 38.938965 86.001114 -16.543139
v 44.131660 86.001167 -16.480478
v 49.324337 86.001221 -16.417807
v 54.517044 86.001266 -16.355139
v 59.709747 86.001320 -16.292479
v 64.902428 86.001373 -16.229799
v 70.095123 86.001427 -16.167139
v -70.109093 86.001579 -15.988437
v -64.917961 86.001633 -15.925788
v -59.726830 86.001686 -15.863132
v -54.535698 86.001740 -15.800495
v -49.344559 86.001785 -15.737838
v -44.153427 86.001839 -15.675193
v -38.962296 86.001892 -15.612544
v -33.771164 86.001938 -15.549899
v -28.580023 86.001991 -15.487243
v -23.388895 86.002045 -15.424594
v -18.197760 86.002090 -15.361949
v -13.006628 86.002144 -15.299301
v -7.815495 86.002197 -15.236655
v -2.624357 86.002251 -15.174006
v 2.566769 86.002296 -15.111354
v 7.757901 86.002350 -15.048705
v 12.949039 86.002403 -14.986056
v 18.140171 86.002449 -14.923404
v 23.331306 86.002502 -14.860755
v 28.522434 86.002556 -14.798110
v 33.713562 86.002609 -14.735461
v 38.904701 86.002655 -14.672816
v 44.095837 86.002708 -14.610168
v 49.286964 86.002762 -14.547511
v 54.478104 86.002808 -14.484874
v 59.669235 86.002861 -14.422217
v 64.860382 86.002914 -14.359572
v 70.051506 86.002960 -14.296924
v -70.111015 86.003120 -14.117682
v -64.921410 86.003174 -14.055057
v -59.731804 86.003227 -13.992427
v -54.542206 86.003273 -13.929801
v -49.352592 86.003326 -13.867167
v -44.162994 86.003380 -13.804534
v -38.973396 86.003433 -13.741912
v -33.783783 86.003479 -13.679278
v -28.594183 86.003532 -13.616645
v -23.404581 86.003586 -13.554019
v -18.214983 86.003632 -13.491389
v -13.025377 86.003685 -13.428756
v -7.835772 86.003738 -13.366130
v -2.646172 86.003784 -13.303496
v 2.543436 86.003838 -13.240867
v 7.733037 86.003891 -13.178241
v 12.922637 86.003944 -13.115607
v 18.112242 86.003990 -13.052974
v 23.301840 86.004044 -12.990348
v 28.491449 86.004097 -12.927711
v 33.681053 86.004143 -12.865085
v 38.870651 86.004196 -12.802451
v 44.060257 86.004250 -12.739825
v 49.249855 86.004303 -12.677199
v 54.439453 86.004349 -12.614566
v 59.629074 86.004402 -12.551932
v 64.818672 86.004456 -12.489306
v 70.008263 86.004501 -12.426684
v -70.114609 86.004662 -12.246898
v -64.926414 86.004715 -12.184287
v -59.738213 86.004768 -12.121676
v -54.550018 86.004814 -12.059066
v -49.361809 86.004868 -11.996448
v -44.173615 86.004921 -11.933829
v -38.985420 86.004967 -11.871219
v -33.797218 86.005020 -11.808608
v -28.609026 86.005074 -11.745997
v -23.420832 86.005127 -11.683378
v -18.232634 86.005173 -11.620769
v -13.044436 86.005226 -11.558158
v -7.856236 86.005280 -11.495540
v -2.668043 86.005325 -11.432929
v 2.520155 86.005379 -11.370318
v 7.708352 86.005432 -11.307704
v 12.896547 86.005478 -11.245093
v 18.084747 86.005531 -11.182483
v 23.272943 86.005585 -11.119864
v 28.461143 86.005638 -11.057254
v 33.649338 86.005684 -10.994636
v 38.837532 86.005737 -10.932017
v 44.025734 86.005791 -10.869414
v 49.213928 86.005836 -10.806796
v 54.402130 86.005890 -10.744193
v 59.590332 86.005943 -10.681575
v 64.778519 86.005997 -10.618957
v 69.966713 86.006042 -10.556354
v -70.119904 86.006203 -10.376044
v -64.932983 86.006256 -10.313441
v -59.746063 86.006310 -10.250846
v -54.559151 86.006355 -10.188243
v -49.372231 86.006409 -10.125644
v -44.185318 86.006462 -10.063048
v -38.998390 86.006508 -10.000445
v -33.811478 86.006561 -9.937858
v -28.624559 86.006615 -9.875262
v -23.437647 86.006660 -9.812659
v -18.250731 86.006714 -9.750064
v -13.063814 86.006767 -9.687461
v -7.876888 86.006821 -9.624866
v -2.689976 86.006866 -9.562269
v 2.496937 86.006920 -9.499671
v 7.683854 86.006973 -9.437076
v 12.870770 86.007019 -9.374473
v 18.057690 86.007072 -9.311877
v 23.244608 86.007126 -9.249282
v 28.431519 86.007179 -9.186679
v 33.618443 86.007225 -9.124076
v 38.805355 86.007278 -9.061488
v 43.992279 86.007332 -8.998884
v 49.179188 86.007378 -8.936290
v 54.366119 86.007431 -8.873691
v 59.553032 86.007484 -8.811095
v 64.739937 86.007530 -8.748500
v 69.926842 86.007584 -8.685897
v -70.125641 86.007744 -8.505168
v -64.939972 86.007797 -8.442588
v -59.754295 86.007851 -8.380004
v -54.568626 86.007896 -8.317417
v -49.382965 86.007950 -8.254836
v -44.197289 86.008003 -8.192264
v -39.011620 86.008049 -8.129672
v -33.825951 86.008102 -8.067092
v -28.640280 86.008156 -8.004504
v -23.454611 86.008202 -7.941932
v -18.268942 86.008255 -7.879340
v -13.083265 86.008308 -7.816760
v -7.897596 86.008362 -7.754179
v -2.711929 86.008408 -7.691600
v 2.473742 86.008461 -7.629015
v 7.659407 86.008514 -7.566429
v 12.845079 86.008560 -7.503848
v 18.030752 86.008614 -7.441261
v 23.216421 86.008667 -7.378684
v 28.402092 86.008713 -7.316103
v 33.587761 86.008766 -7.253517
v 38.773430 86.008820 -7.190936
v 43.959106 86.008873 -7.128352
v 49.144768 86.008919 -7.065772
v 54.330437 86.008972 -7.003185
v 59.516106 86.009026 -6.940605
v 64.701782 86.009071 -6.878021
v 69.887451 86.009125 -6.815441
v -70.130356 86.009285 -6.634330
v -64.946014 86.009338 -6.571764
v -59.761665 86.009384 -6.509197
v -54.577316 86.009438 -6.446632
v -49.392967 86.009491 -6.384067
v -44.208626 86.009544 -6.321497
v -39.024277 86.009590 -6.258933
v -33.839928 86.009644 -6.196365
v -28.655577 86.009697 -6.133791
v -23.471239 86.009743 -6.071231
v -18.286890 86.009796 -6.008666
v -13.102545 86.009850 -5.946102
v -7.918198 86.009895 -5.883533
v -2.733849 86.009949 -5.820968
v 2.450500 86.010002 -5.758399
v 7.634846 86.010056 -5.695834
v 12.819190 86.010101 -5.633270
v 18.003536 86.010155 -5.570693
v 23.187883 86.010208 -5.508128
v 28.372238 86.010254 -5.445567
v 33.556587 86.010307 -5.383003
v 38.740921 86.010361 -5.320426
v 43.925270 86.010406 -5.257869
v 49.109619 86.010460 -5.195297
v 54.293961 86.010513 -5.132736
v 59.478310 86.010559 -5.070171
v 64.662651 86.010612 -5.007594
v 69.847015 86.010666 -4.945037
v -70.134468 86.010826 -4.763519
v -64.951492 86.010880 -4.700964
v -59.768517 86.010925 -4.638416
v -54.585526 86.010979 -4.575866
v -49.402550 86.011032 -4.513313
v -44.219574 86.011078 -4.450763
v -39.036591 86.011131 -4.388210
v -33.853615 86.011185 -4.325664
v -28.670633 86.011238 -4.263113
v -23.487654 86.011284 -4.200561
v -18.304678 86.011337 -4.138019
v -13.121698 86.011391 -4.075466
v -7.938717 86.011436 -4.012916
v -2.755743 86.011490 -3.950362
v 2.427235 86.011543 -3.887816
v 7.610214 86.011589 -3.825266
v 12.793196 86.011642 -3.762713
v 17.976171 86.011696 -3.700163
v 23.159155 86.011749 -3.637617
v 28.342138 86.011795 -3.575057
v 33.525120 86.011848 -3.512514
v 38.708092 86.011902 -3.449961
v 43.891068 86.011948 -3.387411
v 49.074051 86.012001 -3.324867
v 54.257027 86.012054 -3.262312
v 59.440018 86.012100 -3.199764
v 64.622993 86.012154 -3.137209
v 69.805962 86.012207 -3.074661
v -70.137955 86.012367 -2.892721
v -64.956390 86.012421 -2.830191
v -59.774826 86.012466 -2.767658
v -54.593254 86.012520 -2.705127
v -49.411690 86.012573 -2.642588
v -44.230125 86.012619 -2.580057
v -39.048561 86.012672 -2.517527
v -33.866997 86.012726 -2.454993
v -28.685427 86.012772 -2.392462
v -23.503866 86.012825 -2.329924
v -18.322302 86.012878 -2.267386
v -13.140730 86.012932 -2.204859
v -7.959162 86.012978 -2.142329
v -2.777599 86.013031 -2.079790
v 2.403967 86.013084 -2.017261
v 7.585530 86.013130 -1.954726
v 12.767097 86.013184 -1.892195
v 17.948668 86.013237 -1.829661
v 23.130226 86.013283 -1.767126
v 28.311796 86.013336 -1.704592
v 33.493359 86.013390 -1.642062
v 38.674923 86.013435 -1.579523
v 43.856495 86.013489 -1.516993
v 49.038055 86.013542 -1.454462
v 54.219620 86.013596 -1.391928
v 59.401184 86.013641 -1.329397
v 64.582756 86.013695 -1.266859
v 69.764320 86.013748 -1.204321
v -70.141121 86.013908 -1.021944
v -64.960999 86.013962 -0.959430
v -59.780869 86.014008 -0.896910
v -54.600739 86.014061 -0.834395
v -49.420616 86.014114 -0.771879
v -44.240486 86.014160 -0.709364
v -39.060356 86.014214 -0.646846
v -33.880226 86.014267 -0.584334
v -28.700098 86.014313 -0.521815
v -23.519976 86.014366 -0.459303
v -18.339846 86.014420 -0.396780
v -13.159719 86.014465 -0.334266
v -7.979591 86.014519 -0.271755
v -2.799461 86.014572 -0.209236
v 2.380671 86.014626 -0.146720
v 7.560797 86.014671 -0.084204
v 12.740924 86.014725 -0.021689
v 17.921049 86.014778 0.040827
v 23.101179 86.014824 0.103342
v 28.281313 86.014877 0.165857
v 33.461441 86.014931 0.228376
v 38.641563 86.014977 0.290891
v 43.821686 86.015030 0.353406
v 49.001816 86.015083 0.415922
v 54.181953 86.015129 0.478433
v 59.362091 86.015182 0.540951
v 64.542183 86.015236 0.603468
v 69.722321 86.015289 0.665982
v -70.144630 86.015450 0.848852
v -64.965904 86.015495 0.911344
v -59.787193 86.015549 0.973852
v -54.608482 86.015602 1.036344
v -49.429764 86.015656 1.098844
v -44.251045 86.015701 1.161348
v -39.072334 86.015755 1.223840
v -33.893616 86.015808 1.286340
v -28.714907 86.015854 1.348840
v -23.536188 86.015907 1.411337
v -18.357470 86.015961 1.473833
v -13.178759 86.016006 1.536333
v -8.000048 86.016060 1.598837
v -2.821327 86.016113 1.661337
v 2.357386 86.016159 1.723833
v 7.536100 86.016212 1.786329
v 12.714816 86.016266 1.848829
v 17.893530 86.016319 1.911329
v 23.072247 86.016365 1.973825
v 28.250959 86.016418 2.036320
v 33.429680 86.016472 2.098825
v 38.608398 86.016518 2.161325
v 43.787102 86.016571 2.223825
v 48.965820 86.016624 2.286318
v 54.144531 86.016670 2.348820
v 59.323242 86.016724 2.411309
v 64.501961 86.016777 2.473814
v 69.680679 86.016823 2.536318
v -70.148712 86.016991 2.719675
v -64.971375 86.017036 2.782160
v -59.794022 86.017090 2.844637
v -54.616676 86.017143 2.907120
v -49.439323 86.017189 2.969602
v -44.261978 86.017242 3.032087
v -39.084633 86.017296 3.094563
v -33.907288 86.017349 3.157053
v -28.729944 86.017395 3.219530
v -23.552603 86.017448 3.282015
v -18.375257 86.017502 3.344491
v -13.197912 86.017548 3.406973
v -8.020565 86.017601 3.469454
v -2.843214 86.017654 3.531942
v 2.334127 86.017700 3.594419
v 7.511477 86.017754 3.656899
v 12.688818 86.017807 3.719381
v 17.866159 86.017853 3.781870
v 23.043509 86.017906 3.844347
v 28.220850 86.017960 3.906831
v 33.398197 86.018005 3.969311
v 38.575542 86.018059 4.031789
v 43.752899 86.018112 4.094273
v 48.930233 86.018166 4.156754
v 54.107582 86.018211 4.219244
v 59.284927 86.018265 4.281724
v 64.462280 86.018318 4.344205
v 69.639626 86.018364 4.406689
v -70.152756 86.018532 4.590478
v -64.976791 86.018578 4.652939
v -59.800812 86.018631 4.715405
v -54.624840 86.018684 4.777875
v -49.448860 86.018730 4.840336
v -44.272896 86.018784 4.902806
v -39.096916 86.018837 4.965272
v -33.920944 86.018883 5.027737
v -28.744970 86.018936 5.090199
v -23.568995 86.018990 5.152661
v -18.393026 86.019035 5.215130
v -13.217047 86.019089 5.277596
v -8.041079 86.019142 5.340062
v -2.865103 86.019196 5.402524
v 2.310873 86.019241 5.464997
v 7.486843 86.019295 5.527459
v 12.662822 86.019348 5.589924
v 17.838795 86.019394 5.652386
v 23.014763 86.019447 5.714852
v 28.190744 86.019501 5.777321
v 33.366714 86.019547 5.839787
v 38.542686 86.019600 5.902249
v 43.718670 86.019653 5.964718
v 48.894638 86.019699 6.027184
v 54.070610 86.019753 6.089650
v 59.246574 86.019806 6.152112
v 64.422554 86.019852 6.214581
v 69.598526 86.019905 6.277040
v -70.156555 86.020073 6.461285
v -64.981979 86.020119 6.523728
v -59.807396 86.020172 6.586178
v -54.632812 86.020226 6.648633
v -49.458229 86.020271 6.711083
v -44.283646 86.020325 6.773526
v -39.109070 86.020378 6.835976
v -33.934479 86.020424 6.898423
v -28.759893 86.020477 6.960873
v -23.585321 86.020531 7.023324
v -18.410738 86.020576 7.085774
v -13.236158 86.020630 7.148221
v -8.061577 86.020683 7.210671
v -2.886995 86.020729 7.273118
v 2.287594 86.020782 7.335568
v 7.462173 86.020836 7.398019
v 12.636752 86.020889 7.460465
v 17.811337 86.020935 7.522916
v 22.985916 86.020988 7.585366
v 28.160500 86.021042 7.647813
v 33.335083 86.021088 7.710263
v 38.509666 86.021141 7.772713
v 43.684242 86.021194 7.835160
v 48.858826 86.021240 7.897610
v 54.033401 86.021294 7.960053
v 59.207985 86.021347 8.022504
v 64.382568 86.021393 8.084958
v 69.557167 86.021446 8.147401
v -70.160103 86.021606 8.332078
v -64.986923 86.021660 8.394513
v -59.813751 86.021713 8.456948
v -54.640572 86.021767 8.519376
v -49.467407 86.021812 8.581811
v -44.294235 86.021866 8.644242
v -39.121063 86.021919 8.706669
v -33.947891 86.021965 8.769105
v -28.774721 86.022018 8.831536
v -23.601553 86.022072 8.893968
v -18.428377 86.022118 8.956403
v -13.255201 86.022171 9.018834
v -8.082031 86.022224 9.081265
v -2.908861 86.022270 9.143697
v 2.264307 86.022324 9.206132
v 7.437484 86.022377 9.268567
v 12.610652 86.022423 9.331002
v 17.783821 86.022476 9.393426
v 22.956997 86.022530 9.455861
v 28.130165 86.022575 9.518289
v 33.303341 86.022629 9.580728
v 38.476517 86.022682 9.643159
v 43.649681 86.022736 9.705594
v 48.822861 86.022781 9.768025
v 53.996033 86.022835 9.830453
v 59.169189 86.022888 9.892884
v 64.342361 86.022934 9.955323
v 69.515541 86.022987 10.017751
v -70.163559 86.023148 10.202867
v -64.991798 86.023201 10.265283
v -59.820038 86.023254 10.327695
v -54.648285 86.023300 10.390107
v -49.476517 86.023354 10.452519
v -44.304764 86.023407 10.514939
v -39.133011 86.023460 10.577352
v -33.961250 86.023506 10.639771
v -28.789492 86.023560 10.702184
v -23.617739 86.023613 10.764596
v -18.445986 86.023659 10.827016
v -13.274229 86.023712 10.889428
v -8.102468 86.023766 10.951840
v -2.930712 86.023811 11.014256
v 2.241037 86.023865 11.076673
v 7.412795 86.023918 11.139084
v 12.584558 86.023964 11.201501
v 17.756311 86.024017 11.263917
v 22.928070 86.024071 11.326325
v 28.099819 86.024117 11.388738
v 33.271580 86.024170 11.451161
v 38.443340 86.024223 11.513574
v 43.615101 86.024269 11.575982
v 48.786854 86.024323 11.638402
v 53.958611 86.024376 11.700814
v 59.130371 86.024422 11.763227
v 64.302124 86.024475 11.825646
v 69.473869 86.024529 11.888059
v -70.166725 86.024689 12.073644
v -64.996407 86.024742 12.136048
v -59.826088 86.024796 12.198442
v -54.655769 86.024841 12.260842
v -49.485451 86.024895 12.323239
v -44.315132 86.024948 12.385636
v -39.144814 86.024994 12.448037
v -33.974487 86.025047 12.510434
v -28.804167 86.025101 12.572831
v -23.633852 86.025146 12.635228
v -18.463530 86.025200 12.697625
v -13.293211 86.025253 12.760022
v -8.122892 86.025307 12.822423
v -2.952568 86.025352 12.884820
v 2.217745 86.025406 12.947217
v 7.388068 86.025459 13.009614
v 12.558387 86.025505 13.072011
v 17.728699 86.025558 13.134411
v 22.899023 86.025612 13.196813
v 28.069342 86.025658 13.259205
v 33.239662 86.025711 13.321607
v 38.409981 86.025764 13.384001
v 43.580307 86.025810 13.446401
v 48.750618 86.025864 13.508798
v 53.920937 86.025917 13.571195
v 59.091263 86.025963 13.633595
v 64.261581 86.026016 13.695992
v 69.431885 86.026070 13.758389
v -70.169937 86.026230 13.944428
v -65.001053 86.026283 14.006806
v -59.832161 86.026337 14.069192
v -54.663284 86.026382 14.131566
v -49.494400 86.026436 14.193948
v -44.325508 86.026489 14.256333
v -39.156624 86.026535 14.318707
v -33.987740 86.026588 14.381093
v -28.818853 86.026642 14.443471
v -23.649973 86.026688 14.505849
v -18.481081 86.026741 14.568231
v -13.312201 86.026794 14.630609
v -8.143316 86.026840 14.692986
v -2.974426 86.026894 14.755368
v 2.194452 86.026947 14.817750
v 7.363343 86.026993 14.880128
v 12.532225 86.027046 14.942513
v 17.701109 86.027100 15.004884
v 22.869993 86.027145 15.067273
v 28.038879 86.027199 15.129647
v 33.207771 86.027252 15.192029
v 38.376648 86.027306 15.254407
v 43.545540 86.027351 15.316789
v 48.714424 86.027405 15.379170
v 53.883301 86.027458 15.441554
v 59.052193 86.027504 15.503926
v 64.221085 86.027557 15.566310
v 69.389954 86.027611 15.628694
v -70.173645 86.027771 15.815227
v -65.006149 86.027824 15.877585
v -59.838661 86.027878 15.939950
v -54.671173 86.027924 16.002314
v -49.503685 86.027977 16.064676
v -44.336205 86.028030 16.127039
v -39.168716 86.028076 16.189405
v -34.001228 86.028130 16.251768
v -28.833750 86.028183 16.314131
v -23.666265 86.028229 16.376495
v -18.498781 86.028282 16.438858
v -13.331289 86.028336 16.501219
v -8.163799 86.028381 16.563583
v -2.996313 86.028435 16.625948
v 2.171169 86.028488 16.688311
v 7.338657 86.028534 16.750673
v 12.506143 86.028587 16.813032
v 17.673626 86.028641 16.875401
v 22.841116 86.028687 16.937765
v 28.008600 86.028740 17.000130
v 33.176083 86.028793 17.062485
v 38.343563 86.028839 17.124851
v 43.511055 86.028893 17.187212
v 48.678539 86.028946 17.249578
v 53.846039 86.028992 17.311937
v 59.013519 86.029045 17.374302
v 64.181015 86.029099 17.436663
v 69.348495 86.029144 17.499033
vn -0.0015 -0.1965 0.9805
vn -0.0018 -0.0000 1.0000
vn -0.0018 -0.0680 0.9977
vn 0.0017 -0.1967 -0.9805
vn 0.0014 -0.0681 -0.9977
vn 0.0018 -0.0000 -1.0000
vn -0.0000 -1.0000 -0.0000
vn 1.0000 -0.0000 0.0018
vn -0.0000 1.0000 -0.0000
vn -1.0000 -0.0000 -0.0019
vn -0.0000 -1.0000 0.0001
vn -0.0010 -0.0851 0.9964
vn -0.0005 -0.0000 1.0000
vn -0.0005 -0.2412 0.9705
vn -1.0000 -0.0000 -0.0018
vn -0.0003 -0.2376 -0.9714
vn 0.0005 -0.0000 -1.0000
vn 0.0005 -0.0869 -0.9962
vn -0.7076 -0.0432 0.7053
vn -0.7081 -0.0263 0.7057
vn -0.7054 -0.0894 0.7031
vn 0.6885 -0.2206 0.6908
vn 0.7040 -0.0728 0.7065
vn 0.7024 -0.0982 0.7049
vn -0.5783 0.5774 0.5763
vn 0.5763 0.5773 0.5784
vn -0.7057 -0.0264 -0.7081
vn -0.7052 -0.0433 -0.7077
vn -0.7031 -0.0896 -0.7054
vn 0.6908 -0.2209 -0.6884
vn 0.7048 -0.0984 -0.7025
vn 0.7064 -0.0730 -0.7041
vn -0.5763 0.5774 -0.5784
vn 0.5784 0.5773 -0.5763
vn 0.3674 -0.8539 0.3687
vn -0.3922 -0.8327 0.3908
vn -0.3908 -0.8328 -0.3921
vn 0.3687 -0.8539 -0.3674
vn 0.5764 -0.5773 0.5784
vn -0.5784 -0.5774 0.5763
vn -0.5763 -0.5773 -0.5784
vn 0.5784 -0.5773 -0.5764
vn -0.0017 -0.1355 0.9908
vn -0.0012 -0.3766 0.9264
vn 0.7060 0.0002 0.7082
vn -0.0012 0.7071 0.7071
vn -0.7084 -0.0000 0.7059
vn 0.7083 -0.0001 -0.7059
vn 0.0016 -0.3765 -0.9264
vn 0.0027 -0.1353 -0.9908
vn 0.0013 0.7072 -0.7071
vn -0.7060 -0.0001 -0.7083
vn -0.7104 -0.7038 -0.0012
vn 0.7383 -0.6745 0.0015
vn 0.7383 -0.6745 0.0012
vn 0.7071 0.7071 0.0011
vn -0.7071 0.7071 -0.0015
vn -0.0005 -0.3772 0.9261
vn -0.0013 -0.1345 0.9909
vn -0.7104 -0.7038 -0.0013
vn 0.0005 -0.1395 -0.9902
vn -0.0003 -0.3734 -0.9277
vn -0.0003 -0.7070 0.7072
vn -0.0003 -0.7071 0.7071
vn -0.7071 -0.7071 -0.0013
vn 0.0003 -0.7071 -0.7071
vn 0.7071 -0.7071 0.0011
vn 0.7059 0.0001 0.7083
vn -0.7083 0.0001 0.7059
vn -0.7059 -0.0001 -0.7083
vn 0.7084 0.0001 -0.7058
vn -0.9951 0.0584 -0.0799
vn -0.9948 0.0484 -0.0892
vn -0.9903 0.0848 -0.1097
vn -0.9937 0.0826 -0.0762
vn -0.6341 0.7732 -0.0013
vn -0.6338 0.7735 -0.0009
vn -0.7722 0.6354 -0.0010
vn -0.7727 0.6348 -0.0013
vn -0.2903 0.9569 -0.0005
vn -0.2901 0.9570 -0.0004
vn -0.4711 0.8821 -0.0005
vn -0.4713 0.8820 -0.0007
vn -0.8817 0.4718 -0.0012
vn -0.8813 0.4726 -0.0012
vn -0.9563 0.2923 -0.0013
vn -0.9567 0.2910 -0.0011
vn -0.0980 0.9952 -0.0001
vn -0.0980 0.9952 -0.0000
vn -0.9952 0.0976 -0.0014
vn -0.9954 0.0961 -0.0010
vn -0.9861 -0.0199 0.1650
vn -0.9987 -0.0347 0.0365
vn -0.9999 -0.0146 0.0076
vn -0.9898 0.0006 0.1423
vn -0.9815 -0.0515 0.1844
vn -0.9964 -0.0585 0.0614
vn -0.9809 -0.0676 0.1824
vn -0.9967 -0.0570 0.0583
vn -0.9884 -0.0492 0.1435
vn -0.9995 -0.0226 0.0203
vn -0.9968 -0.0072 0.0800
vn -0.9992 0.0247 -0.0326
vn -0.9991 0.0402 0.0118
vn -0.9946 0.0672 -0.0794
vn -0.9962 0.0753 -0.0440
vn -0.9901 0.0913 -0.1069
vn -0.9999 -0.0159 -0.0004
vn -0.9999 -0.0161 0.0013
vn -0.9993 -0.0381 -0.0030
vn -0.9994 -0.0354 -0.0006
vn -0.9991 -0.0414 -0.0103
vn -0.9993 -0.0354 -0.0098
vn -0.9996 -0.0158 -0.0214
vn -0.9997 -0.0071 -0.0250
vn -0.9992 0.0154 -0.0368
vn -0.9988 0.0258 -0.0427
vn -0.9980 0.0251 -0.0584
vn -0.9974 0.0378 -0.0613
vn -0.9940 -0.0701 -0.0841
vn -0.9957 -0.0700 -0.0606
vn -0.9969 -0.0162 -0.0764
vn -0.9966 -0.0129 -0.0819
vn -0.9970 -0.0768 0.0018
vn -0.9985 -0.0356 -0.0409
vn -0.9942 -0.0870 0.0639
vn -0.9976 -0.0680 0.0152
vn -0.9921 -0.0918 0.0855
vn -0.9933 -0.0960 0.0643
vn -0.9949 -0.0814 0.0588
vn -0.9905 -0.1003 0.0944
vn -0.9986 -0.0492 0.0172
vn -0.9915 -0.0734 0.1074
vn -1.0000 -0.0041 -0.0090
vn -0.9944 -0.0222 0.1035
vn -0.9993 0.0363 -0.0017
vn -0.9960 0.0325 0.0837
vn -0.9982 0.0568 -0.0169
vn -0.9975 0.0675 0.0187
vn -0.9916 0.0278 0.1264
vn -0.9869 0.0412 0.1560
vn -0.9818 0.0492 0.1833
vn -0.9889 0.0445 0.1417
vn -0.9861 0.0587 0.1552
vn -0.9847 0.0548 0.1653
vn -0.9971 0.0578 0.0500
vn -0.9982 0.0524 0.0296
vn -0.9992 0.0394 -0.0113
vn -0.9977 0.0397 -0.0555
vn -0.9998 0.0175 -0.0087
vn -0.9987 0.0206 -0.0468
vn -0.9989 0.0073 0.0459
vn -0.9994 0.0049 0.0345
vn -0.9951 0.0164 0.0979
vn -0.9925 0.0005 0.1225
vn -0.9978 0.0428 0.0503
vn -0.9950 0.0111 0.0995
vn -0.9960 0.0706 -0.0548
vn -0.9995 0.0305 -0.0101
vn -0.6343 0.7731 -0.0012
vn -0.6351 0.7725 -0.0015
vn -0.7739 0.6333 -0.0016
vn -0.7732 0.6342 -0.0016
vn -0.6353 0.7723 -0.0009
vn -0.7740 0.6332 -0.0013
vn -0.6349 0.7726 -0.0009
vn -0.7736 0.6336 -0.0012
vn -0.6345 0.7729 -0.0009
vn -0.7730 0.6343 -0.0009
vn -0.6342 0.7731 -0.0013
vn -0.7729 0.6346 -0.0013
vn -0.6339 0.7734 -0.0009
vn -0.7726 0.6349 -0.0014
vn -0.6339 0.7734 -0.0010
vn -0.7726 0.6349 -0.0016
vn -0.6341 0.7732 -0.0016
vn -0.7727 0.6347 -0.0017
vn -0.6344 0.7730 -0.0011
vn -0.7728 0.6346 -0.0015
vn -0.7703 0.6377 -0.0011
vn -0.7704 0.6376 -0.0006
vn -0.6323 0.7747 -0.0005
vn -0.6324 0.7746 -0.0011
vn -0.7724 0.6352 -0.0001
vn -0.6338 0.7735 -0.0001
vn -0.7747 0.6324 -0.0003
vn -0.6357 0.7719 -0.0002
vn -0.7766 0.6300 -0.0008
vn -0.6374 0.7706 -0.0006
vn -0.7770 0.6295 -0.0017
vn -0.6376 0.7704 -0.0013
vn -0.7753 0.6316 -0.0025
vn -0.6363 0.7714 -0.0019
vn -0.7735 0.6338 -0.0022
vn -0.6349 0.7726 -0.0021
vn -0.7726 0.6349 -0.0019
vn -0.6340 0.7733 -0.0017
vn -0.7719 0.6357 -0.0013
vn -0.6337 0.7736 -0.0015
vn -0.2900 0.9570 -0.0006
vn -0.2906 0.9569 -0.0005
vn -0.4720 0.8816 -0.0010
vn -0.4713 0.8820 -0.0010
vn -0.2906 0.9569 -0.0003
vn -0.4721 0.8815 -0.0007
vn -0.2905 0.9569 -0.0005
vn -0.4718 0.8817 -0.0006
vn -0.4716 0.8818 -0.0007
vn -0.4714 0.8819 -0.0007
vn -0.2902 0.9570 -0.0005
vn -0.4712 0.8820 -0.0008
vn -0.2902 0.9570 -0.0008
vn -0.4712 0.8820 -0.0010
vn -0.2903 0.9569 -0.0006
vn -0.4713 0.8820 -0.0011
vn -0.2903 0.9569 -0.0007
vn -0.4715 0.8819 -0.0008
vn -0.4702 0.8825 -0.0006
vn -0.4702 0.8826 -0.0006
vn -0.2897 0.9571 -0.0003
vn -0.4711 0.8821 -0.0001
vn -0.2902 0.9570 -0.0003
vn -0.4722 0.8815 -0.0004
vn -0.2906 0.9568 -0.0002
vn -0.4733 0.8809 -0.0004
vn -0.2910 0.9567 -0.0004
vn -0.4733 0.8809 -0.0011
vn -0.2911 0.9567 -0.0006
vn -0.4726 0.8813 -0.0015
vn -0.2908 0.9568 -0.0010
vn -0.4717 0.8818 -0.0013
vn -0.2904 0.9569 -0.0009
vn -0.4711 0.8821 -0.0010
vn -0.4709 0.8822 -0.0009
vn -0.2901 0.9570 -0.0007
vn -0.8823 0.4707 -0.0019
vn -0.8830 0.4694 -0.0017
vn -0.9577 0.2877 -0.0019
vn -0.9572 0.2894 -0.0022
vn -0.8830 0.4694 -0.0013
vn -0.9578 0.2874 -0.0014
vn -0.8827 0.4700 -0.0011
vn -0.9575 0.2883 -0.0013
vn -0.8822 0.4708 -0.0012
vn -0.9571 0.2897 -0.0014
vn -0.8818 0.4715 -0.0013
vn -0.9569 0.2905 -0.0012
vn -0.8816 0.4720 -0.0014
vn -0.9567 0.2912 -0.0013
vn -0.8815 0.4721 -0.0016
vn -0.9566 0.2913 -0.0016
vn -0.8817 0.4718 -0.0017
vn -0.9568 0.2908 -0.0017
vn -0.8819 0.4715 -0.0015
vn -0.9569 0.2904 -0.0015
vn -0.9544 0.2985 -0.0011
vn -0.9549 0.2968 -0.0005
vn -0.8794 0.4762 -0.0006
vn -0.8788 0.4772 -0.0010
vn -0.9565 0.2917 0.0001
vn -0.8815 0.4722 -0.0000
vn -0.9582 0.2860 0.0004
vn -0.8836 0.4682 -0.0000
vn -0.9597 0.2810 -0.0007
vn -0.8855 0.4645 -0.0008
vn -0.9599 0.2802 -0.0022
vn -0.8859 0.4639 -0.0020
vn -0.9588 0.2841 -0.0032
vn -0.8843 0.4670 -0.0028
vn -0.9573 0.2890 -0.0029
vn -0.8824 0.4704 -0.0026
vn -0.9565 0.2916 -0.0022
vn -0.8813 0.4725 -0.0020
vn -0.9562 0.2926 -0.0017
vn -0.8811 0.4729 -0.0015
vn -0.0975 0.9952 -0.0003
vn -0.0981 0.9952 -0.0002
vn -0.0981 0.9952 -0.0001
vn -0.0980 0.9952 -0.0003
vn -0.0980 0.9952 -0.0002
vn -0.0979 0.9952 -0.0002
vn -0.0985 0.9951 -0.0002
vn -0.0982 0.9952 -0.0002
vn -0.0981 0.9952 -0.0004
vn -0.0981 0.9952 -0.0003
vn -0.0980 0.9952 -0.0004
vn -0.9954 0.0962 -0.0032
vn -0.9950 0.1000 -0.0053
vn -0.9957 0.0930 -0.0020
vn -0.9957 0.0925 -0.0011
vn -0.9956 0.0941 -0.0010
vn -0.9954 0.0958 -0.0011
vn -0.9953 0.0970 -0.0015
vn -0.9953 0.0971 -0.0020
vn -0.9954 0.0959 -0.0023
vn -0.9954 0.0955 -0.0016
vn -0.9940 0.1094 -0.0010
vn -0.9943 0.1069 0.0003
vn -0.9951 0.0986 0.0024
vn -0.9961 0.0878 0.0026
vn -0.9969 0.0782 0.0012
vn -0.9972 0.0752 -0.0021
vn -0.9968 0.0803 -0.0049
vn -0.9960 0.0888 -0.0050
vn -0.9955 0.0944 -0.0034
vn -0.9953 0.0971 -0.0023
vn -0.9437 -0.0606 0.3252
vn -0.9609 -0.0400 0.2738
vn -0.9460 -0.0438 0.3213
vn -0.9336 -0.0555 0.3540
vn -0.9916 0.0055 0.1293
vn -0.9792 -0.0131 0.2026
vn -0.9972 0.0556 -0.0500
vn -0.9994 0.0301 0.0185
vn -0.9774 0.0865 -0.1931
vn -0.9845 0.0658 -0.1628
vn -0.9576 0.0874 -0.2745
vn -0.9557 0.0767 -0.2841
vn -0.9713 0.0681 -0.2280
vn -0.9623 0.0687 -0.2630
vn -0.9979 0.0375 -0.0530
vn -0.9939 0.0491 -0.0989
vn -0.9931 0.0072 0.1174
vn -0.9960 0.0241 0.0861
vn -0.9813 -0.0092 0.1923
vn -0.9842 0.0092 0.1770
vn -0.9995 -0.0258 -0.0192
vn -0.9989 -0.0346 -0.0319
vn -0.9975 -0.0433 -0.0556
vn -0.9978 -0.0332 -0.0567
vn -0.9989 -0.0290 -0.0380
vn -0.9986 -0.0481 -0.0220
vn -1.0000 -0.0023 0.0018
vn -0.9984 -0.0324 0.0460
vn -0.9994 0.0154 0.0315
vn -0.9983 -0.0128 0.0564
vn -0.9999 0.0104 0.0119
vn -1.0000 -0.0081 -0.0015
vn -0.9993 -0.0125 -0.0365
vn -0.9972 -0.0179 -0.0730
vn -0.9934 -0.0299 -0.1108
vn -0.9887 -0.0373 -0.1454
vn -0.9816 -0.0367 -0.1872
vn -0.9801 -0.0497 -0.1924
vn -0.9896 -0.0325 -0.1398
vn -0.9913 -0.0466 -0.1233
vn -0.9635 -0.0588 0.2610
vn -0.9823 -0.0314 0.1847
vn -0.9997 0.0207 0.0143
vn -0.9874 0.0688 -0.1423
vn -0.9708 0.0926 -0.2212
vn -0.9666 0.0845 -0.2420
vn -0.9861 0.0533 -0.1574
vn -0.9995 0.0106 0.0293
vn -0.9849 -0.0264 0.1710
vn -0.9760 -0.0443 0.2133
vn -0.9947 -0.0644 -0.0805
vn -0.9946 -0.0552 -0.0877
vn -0.9974 -0.0710 -0.0120
vn -0.9947 -0.0629 0.0819
vn -0.9955 -0.0512 0.0794
vn -0.9989 -0.0452 -0.0079
vn -0.9936 -0.0508 -0.1006
vn -0.9835 -0.0594 -0.1707
vn -0.9791 -0.0611 -0.1938
vn -0.9921 -0.0613 -0.1093
vn -0.9818 -0.0164 0.1893
vn -0.9953 0.0113 0.0964
vn -0.9952 0.0547 -0.0811
vn -0.9749 0.0854 -0.2055
vn -0.9692 0.0935 -0.2276
vn -0.9786 0.0736 -0.1919
vn -0.9971 0.0301 -0.0702
vn -0.9928 -0.0203 0.1184
vn -0.9728 -0.0574 0.2245
vn -0.9712 -0.0715 0.2271
vn -0.9912 -0.0882 -0.0987
vn -0.9922 -0.0866 -0.0900
vn -0.9967 -0.0809 -0.0072
vn -0.9927 -0.0754 0.0938
vn -0.9933 -0.0714 0.0914
vn -0.9979 -0.0652 -0.0013
vn -0.9926 -0.0599 -0.1053
vn -0.9837 -0.0543 -0.1713
vn -0.9801 -0.0468 -0.1928
vn -0.9925 -0.0469 -0.1130
vn -0.9930 0.0439 0.1093
vn -0.9975 0.0697 0.0150
vn -0.9848 0.0994 -0.1421
vn -0.9682 0.1084 -0.2254
vn -0.9755 0.0969 -0.1977
vn -0.9922 0.0622 -0.1084
vn -0.9991 0.0092 0.0411
vn -0.9772 -0.0393 0.2086
vn -0.9617 -0.0660 0.2660
vn -0.9733 -0.0684 0.2190
vn -0.9909 -0.1057 -0.0834
vn -0.9940 -0.0898 -0.0620
vn -0.9974 -0.0713 0.0092
vn -0.9928 -0.0691 0.0977
vn -0.9928 -0.0697 0.0976
vn -0.9977 -0.0650 0.0168
vn -0.9960 -0.0470 -0.0766
vn -0.9896 -0.0227 -0.1420
vn -0.9838 -0.0069 -0.1791
vn -0.9920 -0.0061 -0.1264
vn -0.9968 0.0742 0.0291
vn -0.9944 0.0935 -0.0502
vn -0.9803 0.1065 -0.1662
vn -0.9741 0.0952 -0.2049
vn -0.9882 0.0668 -0.1380
vn -0.9996 0.0260 -0.0121
vn -0.9900 -0.0183 0.1402
vn -0.9627 -0.0457 0.2668
vn -0.9594 -0.0499 0.2775
vn -0.9818 -0.0364 0.1866
vn -0.9961 -0.0814 -0.0338
vn -0.9976 -0.0677 -0.0108
vn -0.9982 -0.0458 0.0396
vn -0.9945 -0.0394 0.0969
vn -0.9946 -0.0457 0.0931
vn -0.9983 -0.0469 0.0332
vn -0.9990 -0.0329 -0.0316
vn -0.9962 -0.0049 -0.0873
vn -0.9893 0.0249 -0.1438
vn -0.9903 0.0380 -0.1335
vn -0.9970 0.0697 -0.0334
vn -0.9931 0.0797 -0.0865
vn -0.9857 0.0758 -0.1507
vn -0.9879 0.0473 -0.1480
vn -0.9980 0.0079 -0.0631
vn -0.9976 -0.0275 0.0637
vn -0.9808 -0.0480 0.1888
vn -0.9622 -0.0438 0.2689
vn -0.9686 -0.0201 0.2480
vn -0.9908 0.0087 0.1352
vn -0.9982 -0.0320 0.0500
vn -0.9982 -0.0518 0.0304
vn -0.9968 -0.0030 0.0801
vn -0.9961 0.0028 0.0884
vn -0.9973 -0.0099 0.0723
vn -0.9991 -0.0198 0.0366
vn -0.9999 -0.0123 0.0093
vn -0.9997 0.0147 -0.0196
vn -0.9950 0.0500 -0.0863
vn -0.9896 0.0720 -0.1243
vn -0.9968 0.0380 -0.0698
vn -0.9950 0.0396 -0.0921
vn -0.9945 0.0229 -0.1023
vn -0.9977 -0.0148 -0.0664
vn -0.9984 -0.0548 0.0102
vn -0.9921 -0.0762 0.1001
vn -0.9821 -0.0696 0.1749
vn -0.9771 -0.0354 0.2098
vn -0.9840 0.0115 0.1780
vn -0.9960 0.0491 0.0745
vn -0.9940 0.0055 0.1093
vn -0.9963 -0.0069 0.0860
vn -0.9918 0.0316 0.1235
vn -0.9966 0.0406 0.0717
vn -0.9991 0.0231 0.0353
vn -0.9997 0.0053 0.0219
vn -0.9993 0.0037 0.0371
vn -0.9986 0.0238 0.0467
vn -0.9982 0.0584 -0.0171
vn -0.9916 0.0860 -0.0966
vn -0.9995 0.0319 0.0073
vn -0.9995 0.0261 0.0179
vn -0.9995 0.0094 0.0317
vn -0.9995 -0.0097 0.0304
vn -0.9996 -0.0226 0.0152
vn -0.9997 -0.0231 -0.0097
vn -0.9996 -0.0124 -0.0263
vn -0.9997 -0.0164 -0.0155
vn -0.9997 -0.0196 -0.0119
vn -0.9998 -0.0171 -0.0057
vn -0.9996 0.0160 -0.0226
vn -0.9991 0.0282 -0.0306
vn -0.9999 -0.0005 -0.0142
vn -1.0000 -0.0092 -0.0037
vn -0.9999 -0.0097 0.0027
vn -1.0000 -0.0075 0.0030
vn -1.0000 -0.0076 -0.0000
vn -0.9999 -0.0103 -0.0040
vn -0.9999 -0.0138 -0.0057
vn -0.9999 -0.0158 -0.0025
vn -0.9994 0.0227 0.0247
vn -0.9986 0.0127 0.0514
vn -0.9968 -0.0109 0.0793
vn -0.9974 -0.0314 0.0655
vn -0.9990 -0.0377 0.0234
vn -0.9991 -0.0295 -0.0293
vn -0.9997 -0.0242 -0.0098
vn -0.9994 -0.0324 0.0149
vn -0.9993 -0.0352 -0.0150
vn -0.9992 -0.0385 -0.0092
vn -0.9958 0.0489 -0.0770
vn -0.9937 0.0688 -0.0888
vn -0.9981 0.0205 -0.0575
vn -0.9998 0.0030 -0.0221
vn -1.0000 -0.0008 0.0045
vn -1.0000 -0.0004 0.0047
vn -0.9999 -0.0064 -0.0081
vn -0.9997 -0.0175 -0.0181
vn -0.9995 -0.0278 -0.0167
vn -0.9994 -0.0326 -0.0067
vn -0.9981 -0.0259 0.0552
vn -0.9946 -0.0404 0.0952
vn -0.9905 -0.0624 0.1225
vn -0.9949 -0.0652 0.0768
vn -0.9987 -0.0508 0.0053
vn -0.9978 -0.0349 -0.0570
vn -0.9995 -0.0218 -0.0230
vn -0.9996 -0.0130 0.0248
vn -0.9996 -0.0281 0.0061
vn -0.9992 -0.0405 -0.0030
vn -0.9888 0.0532 -0.1392
vn -0.9864 0.0678 -0.1497
vn -0.9937 0.0329 -0.1075
vn -0.9989 0.0219 -0.0419
vn -0.9997 0.0219 0.0074
vn -0.9998 0.0222 -0.0017
vn -0.9993 0.0114 -0.0359
vn -0.9986 -0.0070 -0.0528
vn -0.9990 -0.0232 -0.0385
vn -0.9994 -0.0301 -0.0144
vn -0.9960 0.0185 0.0872
vn -0.9902 0.0050 0.1394
vn -0.9883 -0.0139 0.1519
vn -0.9978 -0.0173 0.0637
vn -0.9994 -0.0025 -0.0345
vn -0.9963 0.0171 -0.0845
vn -0.9979 0.0233 -0.0597
vn -0.9995 0.0204 0.0247
vn -0.9987 -0.0003 0.0511
vn -0.9998 -0.0159 0.0127
vn -0.9870 0.0018 -0.1610
vn -0.9845 -0.0018 -0.1752
vn -0.9928 0.0099 -0.1190
vn -0.9992 0.0195 -0.0346
vn -0.9993 0.0299 0.0203
vn -0.9994 0.0345 -0.0089
vn -0.9972 0.0286 -0.0686
vn -0.9956 0.0157 -0.0921
vn -0.9981 0.0039 -0.0611
vn -0.9997 -0.0011 -0.0233
vn -0.9916 0.0608 0.1139
vn -0.9844 0.0562 0.1669
vn -0.9854 0.0508 0.1627
vn -0.9977 0.0565 0.0387
vn -0.9950 0.0702 -0.0708
vn -0.9927 0.0750 -0.0942
vn -0.9975 0.0640 -0.0301
vn -0.9963 0.0409 0.0753
vn -0.9953 0.0194 0.0951
vn -0.9996 0.0107 0.0247
vn -0.9853 -0.0801 -0.1510
vn -0.9892 -0.0708 -0.1286
vn -0.9966 -0.0437 -0.0704
vn -0.9999 -0.0127 0.0067
vn -0.9990 0.0053 0.0449
vn -0.9999 0.0156 -0.0036
vn -0.9968 0.0226 -0.0770
vn -0.9942 0.0270 -0.1043
vn -0.9974 0.0297 -0.0658
vn -0.9991 0.0312 -0.0273
vn -0.9890 0.0631 0.1335
vn -0.9820 0.0579 0.1796
vn -0.9851 0.0545 0.1629
vn -0.9981 0.0574 0.0219
vn -0.9953 0.0568 -0.0791
vn -0.9958 0.0476 -0.0786
vn -0.9995 0.0318 0.0066
vn -0.9935 0.0158 0.1131
vn -0.9935 0.0087 0.1139
vn -0.9997 0.0130 0.0194
vn -0.9892 -0.1017 -0.1054
vn -0.9928 -0.0899 -0.0789
vn -0.9972 -0.0738 -0.0101
vn -0.9969 -0.0587 0.0526
vn -0.9965 -0.0445 0.0711
vn -0.9993 -0.0306 0.0196
vn -0.9988 -0.0094 -0.0480
vn -0.9970 0.0148 -0.0766
vn -0.9983 0.0344 -0.0462
vn -0.9988 0.0428 -0.0255
vn 0.9951 -0.0584 0.0799
vn 0.9937 -0.0826 0.0763
vn 0.9903 -0.0848 0.1097
vn 0.9948 -0.0484 0.0892
vn 0.6341 -0.7733 0.0013
vn 0.7727 -0.6348 0.0013
vn 0.7722 -0.6354 0.0010
vn 0.6338 -0.7735 0.0013
vn 0.2903 -0.9569 0.0003
vn 0.4713 -0.8820 0.0007
vn 0.4711 -0.8821 0.0007
vn 0.2902 -0.9570 0.0006
vn 0.8817 -0.4718 0.0012
vn 0.9567 -0.2909 0.0014
vn 0.9563 -0.2923 0.0011
vn 0.8813 -0.4726 0.0012
vn 0.0980 -0.9952 0.0001
vn 0.9953 -0.0964 0.0010
vn 0.9952 -0.0979 0.0013
vn 0.9861 0.0199 -0.1649
vn 0.9898 -0.0005 -0.1424
vn 0.9999 0.0146 -0.0077
vn 0.9987 0.0347 -0.0365
vn 0.9815 0.0515 -0.1845
vn 0.9964 0.0585 -0.0615
vn 0.9809 0.0676 -0.1825
vn 0.9967 0.0570 -0.0583
vn 0.9884 0.0493 -0.1436
vn 0.9995 0.0221 -0.0202
vn 0.9968 0.0073 -0.0801
vn 0.9992 -0.0248 0.0326
vn 0.9991 -0.0402 -0.0118
vn 0.9946 -0.0673 0.0794
vn 0.9962 -0.0753 0.0441
vn 0.9901 -0.0913 0.1069
vn 0.9999 0.0164 0.0001
vn 0.9999 0.0159 -0.0011
vn 0.9993 0.0381 0.0030
vn 0.9994 0.0354 0.0006
vn 0.9991 0.0414 0.0102
vn 0.9993 0.0355 0.0099
vn 0.9996 0.0158 0.0214
vn 0.9997 0.0071 0.0250
vn 0.9992 -0.0154 0.0368
vn 0.9988 -0.0258 0.0427
vn 0.9980 -0.0251 0.0584
vn 0.9974 -0.0378 0.0612
vn 0.9940 0.0701 0.0841
vn 0.9966 0.0129 0.0819
vn 0.9969 0.0162 0.0764
vn 0.9957 0.0700 0.0606
vn 0.9985 0.0356 0.0409
vn 0.9970 0.0768 -0.0018
vn 0.9976 0.0680 -0.0152
vn 0.9942 0.0870 -0.0638
vn 0.9933 0.0959 -0.0642
vn 0.9921 0.0918 -0.0854
vn 0.9905 0.1003 -0.0944
vn 0.9949 0.0814 -0.0589
vn 0.9915 0.0734 -0.1074
vn 0.9986 0.0492 -0.0172
vn 0.9944 0.0222 -0.1036
vn 1.0000 0.0040 0.0090
vn 0.9966 -0.0262 -0.0783
vn 0.9993 -0.0363 0.0017
vn 0.9978 -0.0611 -0.0241
vn 0.9982 -0.0568 0.0169
vn 0.9916 -0.0278 -0.1264
vn 0.9889 -0.0445 -0.1417
vn 0.9818 -0.0492 -0.1833
vn 0.9864 -0.0363 -0.1601
vn 0.9870 -0.0538 -0.1512
vn 0.9847 -0.0548 -0.1652
vn 0.9982 -0.0524 -0.0296
vn 0.9971 -0.0578 -0.0501
vn 0.9977 -0.0397 0.0555
vn 0.9992 -0.0394 0.0112
vn 0.9987 -0.0206 0.0469
vn 0.9998 -0.0175 0.0087
vn 0.9994 -0.0049 -0.0344
vn 0.9989 -0.0073 -0.0459
vn 0.9925 -0.0005 -0.1225
vn 0.9951 -0.0164 -0.0979
vn 0.9950 -0.0110 -0.0995
vn 0.9978 -0.0428 -0.0503
vn 0.9995 -0.0305 0.0100
vn 0.9960 -0.0706 0.0549
vn 0.6345 -0.7729 0.0017
vn 0.7733 -0.6341 0.0017
vn 0.7741 -0.6330 0.0014
vn 0.6351 -0.7724 0.0015
vn 0.7740 -0.6332 0.0013
vn 0.6351 -0.7724 0.0013
vn 0.7736 -0.6337 0.0012
vn 0.6349 -0.7726 0.0012
vn 0.7732 -0.6342 0.0012
vn 0.6345 -0.7729 0.0009
vn 0.7729 -0.6346 0.0013
vn 0.6342 -0.7732 0.0013
vn 0.7726 -0.6349 0.0014
vn 0.6340 -0.7734 0.0011
vn 0.7726 -0.6349 0.0016
vn 0.6340 -0.7733 0.0015
vn 0.7728 -0.6347 0.0017
vn 0.6341 -0.7732 0.0016
vn 0.7729 -0.6345 0.0015
vn 0.6343 -0.7731 0.0012
vn 0.7700 -0.6381 0.0010
vn 0.6324 -0.7746 0.0011
vn 0.6326 -0.7745 0.0009
vn 0.7704 -0.6375 0.0006
vn 0.6339 -0.7734 0.0002
vn 0.7725 -0.6350 0.0003
vn 0.6357 -0.7719 0.0006
vn 0.7747 -0.6324 0.0003
vn 0.6370 -0.7709 0.0010
vn 0.7767 -0.6298 0.0007
vn 0.6375 -0.7705 0.0014
vn 0.7768 -0.6297 0.0018
vn 0.6362 -0.7715 0.0022
vn 0.7754 -0.6315 0.0023
vn 0.6348 -0.7727 0.0021
vn 0.7734 -0.6340 0.0021
vn 0.6339 -0.7735 0.0012
vn 0.7726 -0.6349 0.0019
vn 0.6336 -0.7737 0.0012
vn 0.7720 -0.6356 0.0014
vn 0.2899 -0.9570 0.0006
vn 0.4713 -0.8820 0.0010
vn 0.4720 -0.8816 0.0011
vn 0.2905 -0.9569 0.0005
vn 0.4721 -0.8816 0.0006
vn 0.2906 -0.9569 0.0005
vn 0.4718 -0.8817 0.0006
vn 0.4716 -0.8818 0.0009
vn 0.2903 -0.9569 0.0004
vn 0.4714 -0.8819 0.0007
vn 0.4712 -0.8820 0.0013
vn 0.2903 -0.9570 0.0005
vn 0.2903 -0.9569 0.0009
vn 0.4714 -0.8819 0.0014
vn 0.2903 -0.9569 0.0007
vn 0.4715 -0.8819 0.0008
vn 0.2904 -0.9569 0.0008
vn 0.4703 -0.8825 0.0006
vn 0.2897 -0.9571 0.0003
vn 0.4702 -0.8826 0.0004
vn 0.2902 -0.9570 0.0003
vn 0.4711 -0.8821 0.0002
vn 0.2906 -0.9568 0.0003
vn 0.4722 -0.8815 0.0004
vn 0.2910 -0.9567 0.0003
vn 0.4731 -0.8810 0.0007
vn 0.2911 -0.9567 0.0006
vn 0.4732 -0.8809 0.0010
vn 0.2907 -0.9568 0.0008
vn 0.4726 -0.8813 0.0013
vn 0.4717 -0.8818 0.0012
vn 0.2902 -0.9570 0.0007
vn 0.4711 -0.8821 0.0010
vn 0.2901 -0.9570 0.0007
vn 0.4709 -0.8822 0.0010
vn 0.8822 -0.4709 0.0019
vn 0.9574 -0.2888 0.0021
vn 0.9578 -0.2873 0.0019
vn 0.8829 -0.4695 0.0017
vn 0.9578 -0.2873 0.0014
vn 0.8830 -0.4693 0.0013
vn 0.9575 -0.2886 0.0010
vn 0.8827 -0.4699 0.0011
vn 0.9570 -0.2901 0.0013
vn 0.8820 -0.4712 0.0013
vn 0.9567 -0.2909 0.0012
vn 0.8819 -0.4714 0.0013
vn 0.9566 -0.2915 0.0013
vn 0.8815 -0.4722 0.0015
vn 0.9566 -0.2915 0.0016
vn 0.8814 -0.4724 0.0017
vn 0.9567 -0.2912 0.0020
vn 0.8818 -0.4717 0.0017
vn 0.9569 -0.2905 0.0017
vn 0.8819 -0.4715 0.0015
vn 0.9545 -0.2982 0.0010
vn 0.8788 -0.4772 0.0010
vn 0.8794 -0.4761 0.0006
vn 0.9549 -0.2971 0.0005
vn 0.8815 -0.4722 -0.0000
vn 0.9563 -0.2924 -0.0001
vn 0.8836 -0.4682 -0.0000
vn 0.9579 -0.2871 -0.0004
vn 0.8856 -0.4644 0.0008
vn 0.9593 -0.2822 0.0007
vn 0.8858 -0.4640 0.0020
vn 0.9596 -0.2813 0.0022
vn 0.8843 -0.4669 0.0028
vn 0.9586 -0.2847 0.0032
vn 0.8824 -0.4704 0.0026
vn 0.9571 -0.2897 0.0030
vn 0.8815 -0.4722 0.0020
vn 0.9564 -0.2921 0.0023
vn 0.8810 -0.4732 0.0016
vn 0.9561 -0.2929 0.0017
vn 0.0974 -0.9952 0.0002
vn 0.0981 -0.9952 0.0003
vn 0.0981 -0.9952 0.0001
vn 0.0980 -0.9952 0.0002
vn 0.0980 -0.9952 0.0004
vn 0.0980 -0.9952 0.0003
vn 0.0986 -0.9951 0.0002
vn 0.0979 -0.9952 0.0001
vn 0.0980 -0.9952 -0.0000
vn 0.0982 -0.9952 0.0001
vn 0.9951 -0.0992 0.0052
vn 0.9954 -0.0957 0.0032
vn 0.9957 -0.0928 0.0020
vn 0.9957 -0.0930 0.0012
vn 0.9955 -0.0944 0.0009
vn 0.9954 -0.0961 0.0010
vn 0.9952 -0.0974 0.0015
vn 0.9953 -0.0972 0.0020
vn 0.9953 -0.0964 0.0024
vn 0.9954 -0.0957 0.0016
vn 0.9940 -0.1092 0.0010
vn 0.9942 -0.1072 -0.0003
vn 0.9950 -0.0994 -0.0024
vn 0.9960 -0.0889 -0.0027
vn 0.9968 -0.0795 -0.0012
vn 0.9971 -0.0763 0.0021
vn 0.9967 -0.0809 0.0050
vn 0.9960 -0.0893 0.0050
vn 0.9955 -0.0947 0.0033
vn 0.9952 -0.0974 0.0023
vn 0.9437 0.0607 -0.3253
vn 0.9336 0.0555 -0.3540
vn 0.9459 0.0438 -0.3214
vn 0.9609 0.0400 -0.2740
vn 0.9792 0.0130 -0.2027
vn 0.9916 -0.0055 -0.1294
vn 0.9994 -0.0302 -0.0185
vn 0.9972 -0.0556 0.0504
vn 0.9844 -0.0659 0.1629
vn 0.9773 -0.0865 0.1932
vn 0.9557 -0.0767 0.2841
vn 0.9576 -0.0874 0.2745
vn 0.9624 -0.0687 0.2629
vn 0.9713 -0.0681 0.2279
vn 0.9939 -0.0491 0.0989
vn 0.9979 -0.0375 0.0529
vn 0.9960 -0.0242 -0.0860
vn 0.9931 -0.0073 -0.1173
vn 0.9842 -0.0092 -0.1770
vn 0.9813 0.0091 -0.1925
vn 0.9995 0.0258 0.0193
vn 0.9983 0.0268 0.0513
vn 0.9975 0.0400 0.0584
vn 0.9989 0.0346 0.0319
vn 0.9986 0.0481 0.0221
vn 0.9989 0.0290 0.0381
vn 0.9984 0.0324 -0.0460
vn 1.0000 0.0023 -0.0018
vn 0.9983 0.0128 -0.0563
vn 0.9994 -0.0154 -0.0315
vn 1.0000 0.0081 0.0015
vn 0.9999 -0.0103 -0.0118
vn 0.9972 0.0179 0.0730
vn 0.9993 0.0125 0.0366
vn 0.9887 0.0373 0.1453
vn 0.9934 0.0299 0.1108
vn 0.9816 0.0365 0.1874
vn 0.9800 0.0497 0.1925
vn 0.9896 0.0325 0.1399
vn 0.9913 0.0466 0.1235
vn 0.9635 0.0589 -0.2611
vn 0.9822 0.0316 -0.1849
vn 0.9997 -0.0207 -0.0142
vn 0.9874 -0.0689 0.1425
vn 0.9708 -0.0927 0.2212
vn 0.9666 -0.0845 0.2419
vn 0.9861 -0.0532 0.1572
vn 0.9995 -0.0106 -0.0292
vn 0.9849 0.0263 -0.1709
vn 0.9760 0.0442 -0.2133
vn 0.9947 0.0617 0.0823
vn 0.9942 0.0675 0.0832
vn 0.9974 0.0709 0.0120
vn 0.9947 0.0629 -0.0819
vn 0.9956 0.0510 -0.0792
vn 0.9989 0.0452 0.0079
vn 0.9936 0.0508 0.1006
vn 0.9835 0.0594 0.1707
vn 0.9791 0.0611 0.1938
vn 0.9921 0.0613 0.1094
vn 0.9817 0.0165 -0.1895
vn 0.9953 -0.0113 -0.0966
vn 0.9952 -0.0548 0.0812
vn 0.9749 -0.0855 0.2056
vn 0.9693 -0.0935 0.2276
vn 0.9787 -0.0736 0.1918
vn 0.9971 -0.0301 0.0701
vn 0.9928 0.0203 -0.1184
vn 0.9728 0.0574 -0.2244
vn 0.9712 0.0715 -0.2271
vn 0.9912 0.0882 0.0987
vn 0.9922 0.0866 0.0900
vn 0.9967 0.0809 0.0072
vn 0.9927 0.0753 -0.0938
vn 0.9933 0.0714 -0.0914
vn 0.9979 0.0652 0.0014
vn 0.9926 0.0599 0.1052
vn 0.9837 0.0543 0.1713
vn 0.9801 0.0468 0.1929
vn 0.9925 0.0472 0.1130
vn 0.9930 -0.0438 -0.1094
vn 0.9975 -0.0697 -0.0151
vn 0.9848 -0.0994 0.1422
vn 0.9682 -0.1084 0.2255
vn 0.9755 -0.0969 0.1977
vn 0.9922 -0.0621 0.1083
vn 0.9991 -0.0092 -0.0411
vn 0.9772 0.0393 -0.2084
vn 0.9617 0.0660 -0.2660
vn 0.9733 0.0684 -0.2190
vn 0.9909 0.1057 0.0834
vn 0.9940 0.0898 0.0621
vn 0.9974 0.0713 -0.0092
vn 0.9928 0.0691 -0.0978
vn 0.9928 0.0697 -0.0976
vn 0.9977 0.0650 -0.0168
vn 0.9960 0.0470 0.0766
vn 0.9896 0.0227 0.1420
vn 0.9838 0.0069 0.1791
vn 0.9919 0.0061 0.1265
vn 0.9968 -0.0742 -0.0292
vn 0.9944 -0.0935 0.0502
vn 0.9803 -0.1065 0.1662
vn 0.9742 -0.0952 0.2048
vn 0.9882 -0.0668 0.1379
vn 0.9996 -0.0260 0.0121
vn 0.9900 0.0182 -0.1401
vn 0.9627 0.0457 -0.2668
vn 0.9594 0.0499 -0.2775
vn 0.9818 0.0364 -0.1866
vn 0.9961 0.0814 0.0338
vn 0.9976 0.0677 0.0108
vn 0.9982 0.0459 -0.0397
vn 0.9945 0.0394 -0.0969
vn 0.9946 0.0457 -0.0931
vn 0.9984 0.0469 -0.0332
vn 0.9990 0.0329 0.0315
vn 0.9962 0.0049 0.0874
vn 0.9893 -0.0248 0.1438
vn 0.9903 -0.0379 0.1335
vn 0.9970 -0.0696 0.0334
vn 0.9931 -0.0797 0.0866
vn 0.9857 -0.0757 0.1507
vn 0.9879 -0.0472 0.1479
vn 0.9980 -0.0078 0.0630
vn 0.9976 0.0275 -0.0637
vn 0.9809 0.0480 -0.1887
vn 0.9622 0.0439 -0.2689
vn 0.9685 0.0201 -0.2480
vn 0.9908 -0.0087 -0.1352
vn 0.9982 0.0518 -0.0304
vn 0.9982 0.0320 -0.0501
vn 0.9968 0.0030 -0.0801
vn 0.9961 -0.0028 -0.0883
vn 0.9973 0.0100 -0.0724
vn 0.9991 0.0197 -0.0365
vn 0.9999 0.0123 -0.0093
vn 0.9997 -0.0147 0.0196
vn 0.9950 -0.0500 0.0863
vn 0.9896 -0.0720 0.1243
vn 0.9968 -0.0380 0.0697
vn 0.9950 -0.0396 0.0922
vn 0.9945 -0.0229 0.1023
vn 0.9977 0.0148 0.0665
vn 0.9984 0.0548 -0.0101
vn 0.9921 0.0762 -0.1000
vn 0.9821 0.0696 -0.1749
vn 0.9771 0.0355 -0.2098
vn 0.9848 -0.0179 -0.1728
vn 0.9953 -0.0553 -0.0798
vn 0.9963 0.0069 -0.0859
vn 0.9935 -0.0105 -0.1135
vn 0.9922 -0.0366 -0.1194
vn 0.9966 -0.0406 -0.0717
vn 0.9991 -0.0231 -0.0353
vn 0.9997 -0.0053 -0.0219
vn 0.9993 -0.0037 -0.0371
vn 0.9986 -0.0238 -0.0466
vn 0.9982 -0.0583 0.0170
vn 0.9916 -0.0859 0.0965
vn 0.9995 -0.0319 -0.0073
vn 0.9995 -0.0261 -0.0179
vn 0.9995 -0.0094 -0.0317
vn 0.9995 0.0098 -0.0305
vn 0.9996 0.0227 -0.0152
vn 0.9997 0.0232 0.0096
vn 0.9996 0.0125 0.0263
vn 0.9997 0.0165 0.0155
vn 0.9997 0.0197 0.0119
vn 0.9998 0.0172 0.0054
vn 0.9991 -0.0282 0.0306
vn 0.9996 -0.0159 0.0226
vn 0.9999 0.0005 0.0142
vn 1.0000 0.0093 0.0037
vn 0.9999 0.0097 -0.0026
vn 1.0000 0.0076 -0.0030
vn 1.0000 0.0076 0.0001
vn 0.9999 0.0104 0.0039
vn 0.9999 0.0138 0.0057
vn 0.9999 0.0159 0.0025
vn 0.9994 -0.0227 -0.0247
vn 0.9986 -0.0127 -0.0513
vn 0.9968 0.0109 -0.0793
vn 0.9974 0.0314 -0.0655
vn 0.9990 0.0377 -0.0234
vn 0.9991 0.0295 0.0293
vn 0.9997 0.0242 0.0098
vn 0.9994 0.0324 -0.0149
vn 0.9993 0.0352 0.0150
vn 0.9992 0.0384 0.0092
vn 0.9937 -0.0688 0.0888
vn 0.9958 -0.0489 0.0770
vn 0.9981 -0.0205 0.0575
vn 0.9998 -0.0030 0.0221
vn 1.0000 0.0004 -0.0044
vn 1.0000 0.0004 -0.0046
vn 0.9999 0.0064 0.0082
vn 0.9997 0.0175 0.0180
vn 0.9995 0.0278 0.0166
vn 0.9994 0.0327 0.0066
vn 0.9981 0.0259 -0.0552
vn 0.9946 0.0404 -0.0952
vn 0.9905 0.0624 -0.1225
vn 0.9949 0.0651 -0.0767
vn 0.9987 0.0508 -0.0053
vn 0.9978 0.0349 0.0570
vn 0.9995 0.0217 0.0228
vn 0.9996 0.0130 -0.0249
vn 0.9996 0.0281 -0.0061
vn 0.9992 0.0405 0.0029
vn 0.9864 -0.0677 0.1496
vn 0.9888 -0.0532 0.1392
vn 0.9937 -0.0329 0.1075
vn 0.9989 -0.0219 0.0419
vn 0.9997 -0.0219 -0.0073
vn 0.9998 -0.0221 0.0017
vn 0.9993 -0.0114 0.0359
vn 0.9986 0.0070 0.0528
vn 0.9990 0.0232 0.0385
vn 0.9994 0.0301 0.0144
vn 0.9902 -0.0051 -0.1394
vn 0.9960 -0.0185 -0.0871
vn 0.9883 0.0139 -0.1519
vn 0.9978 0.0173 -0.0637
vn 0.9994 0.0025 0.0345
vn 0.9963 -0.0171 0.0845
vn 0.9979 -0.0234 0.0597
vn 0.9995 -0.0204 -0.0247
vn 0.9987 0.0003 -0.0512
vn 0.9998 0.0159 -0.0126
vn 0.9845 0.0018 0.1752
vn 0.9864 0.0021 0.1643
vn 0.9933 -0.0059 0.1157
vn 0.9992 -0.0195 0.0346
vn 0.9993 -0.0299 -0.0203
vn 0.9994 -0.0345 0.0089
vn 0.9972 -0.0286 0.0687
vn 0.9956 -0.0157 0.0921
vn 0.9981 -0.0039 0.0610
vn 0.9997 0.0010 0.0234
vn 0.9916 -0.0609 -0.1138
vn 0.9844 -0.0562 -0.1669
vn 0.9854 -0.0508 -0.1626
vn 0.9977 -0.0566 -0.0386
vn 0.9950 -0.0702 0.0707
vn 0.9927 -0.0749 0.0942
vn 0.9975 -0.0640 0.0302
vn 0.9963 -0.0409 -0.0754
vn 0.9953 -0.0194 -0.0951
vn 0.9996 -0.0107 -0.0247
vn 0.9853 0.0801 0.1510
vn 0.9890 0.0668 0.1319
vn 0.9970 0.0398 0.0670
vn 0.9999 0.0127 -0.0067
vn 0.9990 -0.0053 -0.0449
vn 0.9999 -0.0156 0.0036
vn 0.9968 -0.0226 0.0770
vn 0.9942 -0.0270 0.1043
vn 0.9974 -0.0297 0.0658
vn 0.9991 -0.0312 0.0273
vn 0.9820 -0.0580 -0.1796
vn 0.9890 -0.0631 -0.1334
vn 0.9852 -0.0545 -0.1628
vn 0.9981 -0.0574 -0.0220
vn 0.9953 -0.0568 0.0790
vn 0.9958 -0.0476 0.0786
vn 0.9995 -0.0317 -0.0066
vn 0.9935 -0.0158 -0.1131
vn 0.9935 -0.0087 -0.1139
vn 0.9997 -0.0130 -0.0194
vn 0.9892 0.1017 0.1054
vn 0.9928 0.0899 0.0789
vn 0.9972 0.0737 0.0101
vn 0.9969 0.0587 -0.0526
vn 0.9965 0.0445 -0.0711
vn 0.9993 0.0306 -0.0196
vn 0.9988 0.0094 0.0480
vn 0.9970 -0.0148 0.0766
vn 0.9983 -0.0344 0.0462
vn 0.9988 -0.0428 0.0256
vn 0.0265 -0.9996 -0.0005
vn 0.0270 -0.9996 -0.0005
vn 0.0092 -1.0000 -0.0016
vn 0.0087 -1.0000 -0.0015
vn -0.0828 -0.0017 0.9966
vn -0.0834 -0.0088 0.9965
vn -0.0836 -0.0088 0.9965
vn -0.1400 0.0047 -0.9901
vn -0.1401 0.0047 -0.9901
vn -0.1172 0.0014 -0.9931
vn -0.1166 0.0015 -0.9932
vn -0.0065 -0.0045 1.0000
vn -0.0067 -0.0063 1.0000
vn -0.0092 -0.0065 0.9999
vn -0.0084 -0.0043 1.0000
vn 0.0071 0.0053 -1.0000
vn 0.0094 0.0057 -0.9999
vn 0.0069 0.0059 -1.0000
vn 0.0051 0.0051 -1.0000
vn -0.0099 -0.0036 0.9999
vn -0.0113 -0.0057 0.9999
vn -0.0132 -0.0041 0.9999
vn -0.0114 -0.0021 0.9999
vn 0.0106 0.0034 -0.9999
vn 0.0135 0.0028 -0.9999
vn 0.0118 0.0048 -0.9999
vn 0.0090 0.0048 -0.9999
vn -0.0031 -0.0026 1.0000
vn -0.0031 -0.0034 1.0000
vn -0.0047 -0.0052 1.0000
vn -0.0046 -0.0039 1.0000
vn 0.0032 0.0041 -1.0000
vn 0.0045 0.0051 -1.0000
vn 0.0029 0.0048 -1.0000
vn 0.0013 0.0033 -1.0000
vn -0.0130 -0.0019 0.9999
vn -0.0121 -0.0007 0.9999
vn 0.0122 0.0018 -0.9999
vn 0.0139 0.0013 -0.9999
vn -0.0025 -0.0008 1.0000
vn -0.0025 -0.0010 1.0000
vn 0.0006 0.0021 -1.0000
vn -0.0005 0.0009 -1.0000
vn 0.3428 0.0174 0.9392
vn 0.3434 0.0174 0.9390
vn 0.3095 0.0186 0.9507
vn 0.3086 0.0186 0.9510
vn 0.0233 -0.9997 -0.0076
vn 0.0223 -0.9997 -0.0072
vn 0.0394 -0.9991 -0.0149
vn 0.0399 -0.9991 -0.0151
vn -0.0153 -0.9999 0.0043
vn -0.0166 -0.9999 0.0047
vn -0.0571 -0.9984 0.0028
vn -0.0581 -0.9983 0.0030
vn -0.0772 -0.9969 -0.0116
vn -0.0775 -0.9969 -0.0116
vn -0.0700 -0.9973 -0.0209
vn -0.0697 -0.9973 -0.0209
vn -0.0530 -0.9985 -0.0152
vn -0.0523 -0.9985 -0.0150
vn -0.0313 -0.9995 -0.0040
vn -0.0306 -0.9995 -0.0039
vn -0.0123 -0.9999 0.0005
vn -0.0118 -0.9999 0.0004
vn -0.0031 -1.0000 0.0004
vn -0.0027 -1.0000 0.0004
vn 0.0442 0.0025 -0.9990
vn 0.0449 0.0026 -0.9990
vn 0.0065 0.0004 -1.0000
vn 0.0058 0.0004 -1.0000
vn 0.0103 -0.9999 0.0008
vn 0.0098 -1.0000 0.0008
vn 0.0242 -0.9997 0.0011
vn 0.0247 -0.9997 0.0010
vn 0.0362 -0.9993 0.0013
vn 0.0361 -0.9993 0.0013
vn 0.0212 -0.9998 -0.0006
vn 0.0205 -0.9998 -0.0005
vn -0.0047 -1.0000 -0.0002
vn -0.0054 -1.0000 -0.0001
vn -0.0162 -0.9999 0.0006
vn -0.0161 -0.9999 0.0006
vn -0.0045 -1.0000 0.0006
vn -0.0039 -1.0000 0.0005
vn 0.0196 -0.9998 0.0027
vn 0.0204 -0.9998 0.0027
vn 0.0356 -0.9993 0.0067
vn 0.0358 -0.9993 0.0068
vn 0.0376 -0.9993 0.0052
vn 0.0374 -0.9993 0.0052
vn 0.2399 0.0145 0.9707
vn 0.2387 0.0143 0.9710
vn 0.0817 0.0069 -0.9966
vn 0.0821 0.0069 -0.9966
vn 0.1672 0.0030 0.9859
vn 0.1658 0.0030 0.9861
vn 0.0979 0.0116 -0.9951
vn 0.0862 -0.0026 0.9963
vn 0.0848 -0.0025 0.9964
vn 0.0827 0.0126 -0.9965
vn 0.0823 0.0125 -0.9965
vn 0.0094 0.0007 1.0000
vn 0.0083 0.0008 1.0000
vn 0.0421 0.0070 -0.9991
vn 0.0413 0.0069 -0.9991
vn -0.0463 0.0043 0.9989
vn -0.0469 0.0044 0.9989
vn -0.0129 0.0005 -0.9999
vn -0.0140 0.0004 -0.9999
vn -0.0754 0.0034 0.9971
vn -0.0757 0.0034 0.9971
vn -0.0705 -0.0013 -0.9975
vn -0.0714 -0.0013 -0.9974
vn -0.0115 -0.0124 -0.9999
vn -0.0117 -0.0129 -0.9998
vn -0.0191 0.0022 0.9998
vn -0.0197 0.0023 0.9998
vn -0.0310 -0.0121 -0.9994
vn -0.0315 -0.0116 -0.9994
vn -0.0697 0.0091 0.9975
vn -0.0707 0.0091 0.9975
vn -0.0588 0.0124 -0.9982
vn -0.0593 0.0120 -0.9982
vn -0.1345 0.0133 0.9908
vn -0.1353 0.0135 0.9907
vn -0.0903 0.0134 -0.9958
vn -0.0909 0.0138 -0.9958
vn -0.1705 -0.0000 0.9854
vn -0.1706 0.0002 0.9853
vn -0.1177 0.0061 -0.9930
vn -0.1180 0.0061 -0.9930
vn -0.1504 -0.0162 0.9885
vn -0.1499 -0.0162 0.9886
vn -0.1345 0.0065 -0.9909
vn -0.1347 0.0066 -0.9909
vn -0.1046 -0.0160 0.9944
vn -0.1040 -0.0159 0.9944
vn 0.9972 0.0538 -0.0528
vn 0.9956 0.0803 -0.0476
vn 0.9928 0.0848 -0.0848
vn 0.9970 0.0430 -0.0640
vn 0.7726 0.6346 0.0183
vn 0.7720 0.6354 0.0184
vn 0.6337 0.7735 0.0150
vn 0.6340 0.7732 0.0149
vn 0.4712 0.8820 0.0110
vn 0.4710 0.8821 0.0111
vn 0.2900 0.9570 0.0069
vn 0.2902 0.9569 0.0068
vn 0.9565 0.2908 0.0226
vn 0.9561 0.2922 0.0227
vn 0.8809 0.4728 0.0208
vn 0.8815 0.4718 0.0208
vn 0.0979 0.9952 0.0023
vn 0.0980 0.9952 0.0021
vn 0.9951 0.0960 0.0238
vn 0.9950 0.0973 0.0238
vn 0.9854 -0.0090 0.1702
vn 0.9991 -0.0269 0.0317
vn 0.9976 -0.0334 0.0608
vn 0.9812 -0.0188 0.1923
vn 0.9948 -0.0536 0.0861
vn 0.9765 -0.0479 0.2102
vn 0.9770 -0.0634 0.2035
vn 0.9951 -0.0504 0.0846
vn 0.9986 -0.0198 0.0496
vn 0.9856 -0.0420 0.1637
vn 0.9998 0.0218 0.0007
vn 0.9947 -0.0064 0.1031
vn 0.9969 0.0609 -0.0491
vn 0.9986 0.0331 0.0405
vn 0.9972 0.0737 -0.0120
vn 0.9924 0.0913 -0.0820
vn 0.9995 -0.0155 0.0264
vn 0.9996 -0.0153 0.0253
vn 0.9991 -0.0341 0.0252
vn 0.9991 -0.0373 0.0214
vn 0.9993 -0.0342 0.0169
vn 0.9991 -0.0409 0.0126
vn 1.0000 -0.0066 0.0022
vn 0.9999 -0.0153 0.0006
vn 0.9995 0.0259 -0.0156
vn 0.9998 0.0164 -0.0140
vn 0.9987 0.0383 -0.0338
vn 0.9991 0.0270 -0.0339
vn 0.9982 -0.0147 -0.0578
vn 0.9988 -0.0162 -0.0454
vn 0.9972 -0.0671 -0.0334
vn 0.9958 -0.0698 -0.0588
vn 0.9994 -0.0320 -0.0110
vn 0.9973 -0.0678 0.0272
vn 0.9973 -0.0623 0.0397
vn 0.9931 -0.0759 0.0892
vn 0.9926 -0.0905 0.0813
vn 0.9907 -0.0854 0.1057
vn 0.9894 -0.0917 0.1125
vn 0.9938 -0.0811 0.0761
vn 0.9900 -0.0573 0.1293
vn 0.9978 -0.0541 0.0380
vn 0.9928 -0.0126 0.1195
vn 0.9998 -0.0126 0.0166
vn 0.9927 0.0310 0.1163
vn 0.9991 0.0287 0.0301
vn 0.9967 0.0640 0.0498
vn 0.9985 0.0519 0.0146
vn 0.9851 0.0497 0.1650
vn 0.9766 0.0518 0.2086
vn 0.9817 0.0433 0.1853
vn 0.9894 0.0320 0.1420
vn 0.9802 0.0547 0.1903
vn 0.9819 0.0592 0.1799
vn 0.9970 0.0503 0.0586
vn 0.9950 0.0579 0.0815
vn 0.9989 0.0360 -0.0292
vn 0.9991 0.0392 0.0140
vn 0.9995 0.0194 -0.0231
vn 0.9997 0.0192 0.0127
vn 0.9984 0.0077 0.0561
vn 0.9978 0.0107 0.0649
vn 0.9897 0.0066 0.1429
vn 0.9929 0.0209 0.1172
vn 0.9924 0.0173 0.1222
vn 0.9961 0.0458 0.0752
vn 0.9994 0.0302 0.0183
vn 0.9972 0.0715 -0.0213
vn 0.7731 0.6341 0.0178
vn 0.7738 0.6332 0.0179
vn 0.6350 0.7724 0.0147
vn 0.6342 0.7730 0.0145
vn 0.7739 0.6331 0.0182
vn 0.6351 0.7723 0.0148
vn 0.7735 0.6336 0.0183
vn 0.6347 0.7726 0.0151
vn 0.7729 0.6342 0.0183
vn 0.6343 0.7729 0.0150
vn 0.7726 0.6347 0.0182
vn 0.6341 0.7731 0.0149
vn 0.7724 0.6349 0.0180
vn 0.6338 0.7733 0.0149
vn 0.7723 0.6350 0.0179
vn 0.6338 0.7734 0.0146
vn 0.7725 0.6348 0.0179
vn 0.6340 0.7732 0.0146
vn 0.7728 0.6344 0.0179
vn 0.6342 0.7730 0.0147
vn 0.6320 0.7748 0.0150
vn 0.6323 0.7746 0.0153
vn 0.7702 0.6376 0.0188
vn 0.7697 0.6381 0.0184
vn 0.6337 0.7734 0.0156
vn 0.7722 0.6351 0.0192
vn 0.6356 0.7719 0.0157
vn 0.7745 0.6322 0.0192
vn 0.6372 0.7706 0.0153
vn 0.7765 0.6299 0.0187
vn 0.6374 0.7704 0.0146
vn 0.7768 0.6295 0.0177
vn 0.6362 0.7714 0.0140
vn 0.7752 0.6315 0.0171
vn 0.6345 0.7728 0.0142
vn 0.7733 0.6338 0.0173
vn 0.6338 0.7733 0.0144
vn 0.7722 0.6351 0.0177
vn 0.6335 0.7736 0.0147
vn 0.7718 0.6356 0.0181
vn 0.4711 0.8820 0.0108
vn 0.4719 0.8816 0.0110
vn 0.2905 0.9569 0.0067
vn 0.2899 0.9570 0.0066
vn 0.2905 0.9568 0.0069
vn 0.4717 0.8817 0.0110
vn 0.2904 0.9569 0.0068
vn 0.4714 0.8818 0.0111
vn 0.2902 0.9569 0.0069
vn 0.4713 0.8819 0.0110
vn 0.4711 0.8820 0.0110
vn 0.2901 0.9570 0.0068
vn 0.4711 0.8820 0.0109
vn 0.2902 0.9569 0.0066
vn 0.4712 0.8820 0.0109
vn 0.2896 0.9571 0.0069
vn 0.4700 0.8826 0.0113
vn 0.4702 0.8825 0.0111
vn 0.2900 0.9570 0.0071
vn 0.4710 0.8821 0.0115
vn 0.2906 0.9568 0.0070
vn 0.4721 0.8815 0.0115
vn 0.2910 0.9567 0.0070
vn 0.4731 0.8810 0.0113
vn 0.2910 0.9567 0.0066
vn 0.4732 0.8809 0.0109
vn 0.2907 0.9568 0.0064
vn 0.4725 0.8813 0.0104
vn 0.2903 0.9569 0.0064
vn 0.4716 0.8818 0.0105
vn 0.2901 0.9570 0.0066
vn 0.4710 0.8821 0.0108
vn 0.2900 0.9570 0.0067
vn 0.4708 0.8822 0.0109
vn 0.9570 0.2894 0.0218
vn 0.9575 0.2876 0.0221
vn 0.8827 0.4694 0.0205
vn 0.8820 0.4707 0.0202
vn 0.9576 0.2874 0.0224
vn 0.8828 0.4692 0.0207
vn 0.9573 0.2883 0.0227
vn 0.8824 0.4700 0.0210
vn 0.9569 0.2896 0.0225
vn 0.8820 0.4709 0.0209
vn 0.9566 0.2905 0.0226
vn 0.8816 0.4716 0.0207
vn 0.9564 0.2912 0.0225
vn 0.8812 0.4722 0.0207
vn 0.9563 0.2914 0.0221
vn 0.8813 0.4721 0.0204
vn 0.9565 0.2908 0.0221
vn 0.8815 0.4718 0.0202
vn 0.9567 0.2901 0.0222
vn 0.8817 0.4713 0.0206
vn 0.8785 0.4773 0.0210
vn 0.8791 0.4762 0.0215
vn 0.9546 0.2968 0.0235
vn 0.9542 0.2984 0.0229
vn 0.8811 0.4724 0.0221
vn 0.9562 0.2916 0.0241
vn 0.8835 0.4679 0.0221
vn 0.9580 0.2858 0.0242
vn 0.8853 0.4645 0.0214
vn 0.9594 0.2809 0.0232
vn 0.8857 0.4639 0.0201
vn 0.9596 0.2804 0.0217
vn 0.8841 0.4668 0.0193
vn 0.9586 0.2841 0.0208
vn 0.8822 0.4704 0.0195
vn 0.9571 0.2891 0.0211
vn 0.8811 0.4725 0.0201
vn 0.9563 0.2916 0.0217
vn 0.8807 0.4732 0.0205
vn 0.9560 0.2926 0.0223
vn 0.0980 0.9952 0.0022
vn 0.0974 0.9952 0.0023
vn 0.0981 0.9952 0.0022
vn 0.0980 0.9952 0.0023
vn 0.0985 0.9951 0.0022
vn 0.0980 0.9952 0.0024
vn 0.0981 0.9952 0.0023
vn 0.0982 0.9952 0.0024
vn 0.0980 0.9952 0.0020
vn 0.9944 0.1035 0.0227
vn 0.9948 0.0993 0.0215
vn 0.9952 0.0948 0.0223
vn 0.9954 0.0930 0.0233
vn 0.9953 0.0937 0.0240
vn 0.9952 0.0951 0.0240
vn 0.9950 0.0966 0.0235
vn 0.9950 0.0972 0.0231
vn 0.9951 0.0965 0.0227
vn 0.9952 0.0954 0.0228
vn 0.9943 0.1037 0.0267
vn 0.9939 0.1078 0.0253
vn 0.9952 0.0934 0.0277
vn 0.9962 0.0829 0.0272
vn 0.9968 0.0757 0.0245
vn 0.9968 0.0767 0.0211
vn 0.9963 0.0841 0.0197
vn 0.9955 0.0920 0.0209
vn 0.9951 0.0960 0.0221
vn 0.9950 0.0977 0.0230
vn 0.9352 -0.0606 0.3488
vn 0.9244 -0.0555 0.3773
vn 0.9418 -0.0308 0.3347
vn 0.9580 -0.0367 0.2844
vn 0.9743 0.0166 0.2246
vn 0.9882 0.0116 0.1526
vn 0.9973 0.0465 0.0571
vn 0.9983 0.0581 -0.0097
vn 0.9882 0.0658 -0.1381
vn 0.9819 0.0865 -0.1685
vn 0.9625 0.0767 -0.2600
vn 0.9642 0.0874 -0.2504
vn 0.9687 0.0687 -0.2388
vn 0.9767 0.0681 -0.2036
vn 0.9970 0.0402 -0.0665
vn 0.9992 0.0349 -0.0183
vn 0.9943 0.0120 0.1063
vn 0.9907 0.0036 0.1364
vn 0.9795 0.0031 0.2014
vn 0.9764 -0.0098 0.2155
vn 0.9992 -0.0348 -0.0196
vn 0.9983 -0.0451 -0.0357
vn 0.9996 -0.0245 -0.0118
vn 0.9998 -0.0098 0.0193
vn 0.9989 -0.0476 -0.0046
vn 0.9991 -0.0364 -0.0228
vn 0.9970 -0.0295 0.0713
vn 0.9994 -0.0210 0.0274
vn 0.9962 -0.0115 0.0868
vn 0.9980 0.0052 0.0631
vn 0.9995 -0.0096 0.0295
vn 0.9989 0.0164 0.0440
vn 0.9985 -0.0241 -0.0487
vn 0.9999 0.0043 -0.0094
vn 0.9913 -0.0421 -0.1244
vn 0.9954 -0.0202 -0.0939
vn 0.9846 -0.0497 -0.1678
vn 0.9860 -0.0365 -0.1628
vn 0.9937 -0.0459 -0.1025
vn 0.9921 -0.0380 -0.1195
vn 0.9567 -0.0588 0.2851
vn 0.9805 -0.0331 0.1936
vn 0.9989 0.0085 0.0466
vn 0.9923 0.0584 -0.1088
vn 0.9761 0.0926 -0.1967
vn 0.9723 0.0846 -0.2177
vn 0.9911 0.0448 -0.1255
vn 0.9983 0.0019 0.0590
vn 0.9822 -0.0239 0.1863
vn 0.9708 -0.0405 0.2365
vn 0.9965 -0.0615 -0.0573
vn 0.9960 -0.0675 -0.0582
vn 0.9976 -0.0687 0.0096
vn 0.9926 -0.0584 0.1067
vn 0.9931 -0.0490 0.1067
vn 0.9987 -0.0476 0.0200
vn 0.9956 -0.0531 -0.0773
vn 0.9875 -0.0594 -0.1460
vn 0.9837 -0.0610 -0.1691
vn 0.9945 -0.0590 -0.0861
vn 0.9793 -0.0021 0.2022
vn 0.9933 0.0165 0.1142
vn 0.9977 0.0528 -0.0430
vn 0.9798 0.0854 -0.1810
vn 0.9747 0.0935 -0.2033
vn 0.9831 0.0736 -0.1673
vn 0.9991 0.0288 -0.0297
vn 0.9909 -0.0147 0.1340
vn 0.9686 -0.0505 0.2432
vn 0.9652 -0.0715 0.2514
vn 0.9934 -0.0882 -0.0738
vn 0.9941 -0.0866 -0.0650
vn 0.9966 -0.0807 0.0166
vn 0.9901 -0.0742 0.1191
vn 0.9908 -0.0706 0.1157
vn 0.9975 -0.0675 0.0232
vn 0.9950 -0.0619 -0.0783
vn 0.9877 -0.0543 -0.1466
vn 0.9846 -0.0471 -0.1684
vn 0.9953 -0.0453 -0.0855
vn 0.9970 0.0625 0.0462
vn 0.9929 0.0435 0.1105
vn 0.9894 0.0927 -0.1117
vn 0.9736 0.1084 -0.2010
vn 0.9801 0.0969 -0.1732
vn 0.9958 0.0523 -0.0752
vn 0.9974 0.0012 0.0726
vn 0.9751 -0.0373 0.2187
vn 0.9547 -0.0660 0.2901
vn 0.9689 -0.0634 0.2393
vn 0.9927 -0.1057 -0.0585
vn 0.9946 -0.0948 -0.0412
vn 0.9964 -0.0765 0.0371
vn 0.9898 -0.0685 0.1247
vn 0.9903 -0.0681 0.1208
vn 0.9972 -0.0647 0.0387
vn 0.9973 -0.0523 -0.0515
vn 0.9926 -0.0325 -0.1173
vn 0.9883 -0.0134 -0.1519
vn 0.9954 -0.0072 -0.0952
vn 0.9957 0.0918 -0.0150
vn 0.9969 0.0706 0.0337
vn 0.9842 0.1065 -0.1415
vn 0.9790 0.0952 -0.1804
vn 0.9924 0.0602 -0.1076
vn 0.9995 0.0229 0.0211
vn 0.9874 -0.0069 0.1578
vn 0.9578 -0.0382 0.2848
vn 0.9531 -0.0467 0.2989
vn 0.9782 -0.0326 0.2050
vn 0.9957 -0.0914 -0.0172
vn 0.9972 -0.0740 0.0089
vn 0.9963 -0.0471 0.0726
vn 0.9913 -0.0380 0.1261
vn 0.9923 -0.0428 0.1163
vn 0.9976 -0.0445 0.0531
vn 0.9994 -0.0326 -0.0111
vn 0.9979 -0.0070 -0.0637
vn 0.9935 0.0251 -0.1108
vn 0.9938 0.0368 -0.1046
vn 0.9955 0.0775 -0.0549
vn 0.9977 0.0648 -0.0219
vn 0.9903 0.0691 -0.1203
vn 0.9919 0.0327 -0.1224
vn 0.9994 0.0019 -0.0348
vn 0.9961 -0.0204 0.0854
vn 0.9773 -0.0429 0.2073
vn 0.9571 -0.0369 0.2874
vn 0.9626 -0.0110 0.2708
vn 0.9873 0.0102 0.1583
vn 0.9979 -0.0518 0.0386
vn 0.9968 -0.0320 0.0729
vn 0.9934 -0.0027 0.1143
vn 0.9928 0.0043 0.1195
vn 0.9953 -0.0071 0.0961
vn 0.9983 -0.0166 0.0561
vn 0.9996 -0.0100 0.0282
vn 0.9999 0.0149 0.0020
vn 0.9975 0.0497 -0.0498
vn 0.9924 0.0720 -0.0994
vn 0.9976 0.0339 -0.0611
vn 0.9981 0.0338 -0.0508
vn 0.9975 0.0188 -0.0685
vn 0.9991 -0.0147 -0.0407
vn 0.9983 -0.0516 0.0283
vn 0.9901 -0.0725 0.1200
vn 0.9777 -0.0684 0.1986
vn 0.9750 -0.0322 0.2198
vn 0.9781 0.0157 0.2074
vn 0.9936 0.0482 0.1023
vn 0.9954 -0.0047 0.0960
vn 0.9906 0.0130 0.1363
vn 0.9875 0.0384 0.1528
vn 0.9937 0.0416 0.1038
vn 0.9979 0.0248 0.0599
vn 0.9991 0.0081 0.0418
vn 0.9985 0.0071 0.0550
vn 0.9974 0.0264 0.0666
vn 0.9985 0.0537 0.0145
vn 0.9945 0.0805 -0.0671
vn 0.9989 -0.0027 0.0467
vn 0.9993 0.0046 0.0366
vn 0.9982 -0.0203 0.0567
vn 0.9979 -0.0375 0.0535
vn 0.9982 -0.0480 0.0362
vn 0.9988 -0.0470 0.0118
vn 0.9993 -0.0366 -0.0014
vn 0.9997 -0.0259 0.0046
vn 0.9997 -0.0201 0.0136
vn 0.9997 -0.0169 0.0197
vn 0.9994 0.0349 0.0057
vn 0.9997 0.0228 0.0021
vn 0.9999 0.0056 0.0087
vn 0.9998 -0.0060 0.0186
vn 0.9996 -0.0092 0.0263
vn 0.9996 -0.0072 0.0289
vn 0.9996 -0.0060 0.0260
vn 0.9997 -0.0081 0.0217
vn 0.9997 -0.0124 0.0189
vn 0.9996 -0.0154 0.0218
vn 0.9966 -0.0152 0.0808
vn 0.9984 -0.0051 0.0564
vn 0.9941 -0.0373 0.1022
vn 0.9948 -0.0542 0.0862
vn 0.9973 -0.0592 0.0446
vn 0.9986 -0.0533 -0.0059
vn 0.9987 -0.0427 -0.0283
vn 0.9993 -0.0374 -0.0094
vn 0.9992 -0.0397 0.0090
vn 0.9991 -0.0401 0.0147
vn 0.9967 0.0590 -0.0556
vn 0.9979 0.0390 -0.0521
vn 0.9994 0.0161 -0.0309
vn 1.0000 0.0032 -0.0020
vn 0.9996 -0.0010 0.0278
vn 0.9995 0.0013 0.0326
vn 0.9998 -0.0026 0.0189
vn 0.9999 -0.0135 0.0073
vn 0.9997 -0.0257 0.0061
vn 0.9993 -0.0320 0.0173
vn 0.9925 -0.0058 0.1221
vn 0.9964 0.0056 0.0841
vn 0.9890 -0.0270 0.1457
vn 0.9944 -0.0359 0.0991
vn 0.9992 -0.0280 0.0291
vn 0.9994 -0.0149 -0.0317
vn 0.9991 -0.0085 -0.0418
vn 0.9999 -0.0161 0.0032
vn 0.9991 -0.0327 0.0282
vn 0.9989 -0.0424 0.0183
vn 0.9899 0.0678 -0.1249
vn 0.9921 0.0552 -0.1127
vn 0.9962 0.0314 -0.0810
vn 0.9996 0.0165 -0.0212
vn 0.9993 0.0199 0.0324
vn 0.9993 0.0226 0.0281
vn 0.9999 0.0126 -0.0083
vn 0.9996 -0.0060 -0.0281
vn 0.9996 -0.0231 -0.0175
vn 0.9995 -0.0301 0.0097
vn 0.9863 0.0299 0.1624
vn 0.9924 0.0401 0.1162
vn 0.9844 0.0146 0.1756
vn 0.9962 0.0147 0.0860
vn 0.9996 0.0271 -0.0064
vn 0.9973 0.0420 -0.0595
vn 0.9986 0.0438 -0.0305
vn 0.9986 0.0252 0.0472
vn 0.9974 -0.0002 0.0721
vn 0.9993 -0.0155 0.0326
vn 0.9886 -0.0018 -0.1505
vn 0.9904 -0.0041 -0.1378
vn 0.9954 -0.0008 -0.0961
vn 0.9999 0.0130 -0.0102
vn 0.9985 0.0279 0.0481
vn 0.9993 0.0324 0.0201
vn 0.9988 0.0242 -0.0417
vn 0.9977 0.0106 -0.0676
vn 0.9992 0.0004 -0.0395
vn 1.0000 -0.0021 0.0029
vn 0.9801 0.0587 0.1895
vn 0.9876 0.0658 0.1428
vn 0.9813 0.0510 0.1856
vn 0.9967 0.0543 0.0607
vn 0.9968 0.0679 -0.0411
vn 0.9948 0.0750 -0.0693
vn 0.9979 0.0649 0.0019
vn 0.9940 0.0443 0.1001
vn 0.9929 0.0240 0.1162
vn 0.9989 0.0138 0.0454
vn 0.9888 -0.0801 -0.1263
vn 0.9920 -0.0668 -0.1070
vn 0.9979 -0.0406 -0.0504
vn 0.9993 -0.0132 0.0347
vn 0.9973 0.0053 0.0734
vn 0.9997 0.0125 0.0221
vn 0.9985 0.0158 -0.0516
vn 0.9967 0.0197 -0.0793
vn 0.9988 0.0253 -0.0411
vn 0.9995 0.0302 0.0009
vn 0.9774 0.0571 0.2035
vn 0.9853 0.0614 0.1597
vn 0.9810 0.0532 0.1867
vn 0.9975 0.0528 0.0477
vn 0.9974 0.0510 -0.0519
vn 0.9977 0.0422 -0.0534
vn 0.9989 0.0309 0.0341
vn 0.9906 0.0208 0.1353
vn 0.9907 0.0145 0.1355
vn 0.9990 0.0174 0.0421
vn 0.9916 -0.1017 -0.0805
vn 0.9945 -0.0899 -0.0539
vn 0.9975 -0.0697 0.0091
vn 0.9954 -0.0523 0.0802
vn 0.9944 -0.0424 0.0966
vn 0.9986 -0.0336 0.0412
vn 0.9996 -0.0156 -0.0242
vn 0.9987 0.0082 -0.0506
vn 0.9994 0.0304 -0.0178
vn 0.9991 0.0419 0.0043
vn -0.9972 -0.0537 0.0528
vn -0.9970 -0.0429 0.0639
vn -0.9928 -0.0848 0.0848
vn -0.9956 -0.0804 0.0477
vn -0.6336 -0.7735 -0.0149
vn -0.7720 -0.6354 -0.0183
vn -0.7726 -0.6346 -0.0182
vn -0.6340 -0.7732 -0.0149
vn -0.2901 -0.9570 -0.0069
vn -0.4709 -0.8821 -0.0112
vn -0.4712 -0.8820 -0.0110
vn -0.2902 -0.9569 -0.0068
vn -0.8809 -0.4728 -0.0209
vn -0.9560 -0.2926 -0.0227
vn -0.9564 -0.2911 -0.0227
vn -0.8815 -0.4718 -0.0209
vn -0.0980 -0.9952 -0.0022
vn -0.0980 -0.9952 -0.0024
vn -0.9949 -0.0977 -0.0238
vn -0.9951 -0.0958 -0.0238
vn -0.9976 0.0334 -0.0609
vn -0.9991 0.0269 -0.0318
vn -0.9854 0.0090 -0.1702
vn -0.9810 0.0177 -0.1932
vn -0.9948 0.0537 -0.0862
vn -0.9762 0.0490 -0.2112
vn -0.9770 0.0634 -0.2036
vn -0.9951 0.0504 -0.0847
vn -0.9986 0.0198 -0.0496
vn -0.9856 0.0420 -0.1638
vn -0.9998 -0.0218 -0.0007
vn -0.9946 0.0067 -0.1034
vn -0.9968 -0.0658 0.0451
vn -0.9986 -0.0379 -0.0365
vn -0.9932 -0.0866 0.0781
vn -0.9975 -0.0689 0.0161
vn -0.9995 0.0156 -0.0264
vn -0.9996 0.0154 -0.0254
vn -0.9991 0.0341 -0.0252
vn -0.9991 0.0373 -0.0214
vn -0.9993 0.0342 -0.0168
vn -0.9991 0.0409 -0.0126
vn -1.0000 0.0066 -0.0021
vn -0.9999 0.0152 -0.0007
vn -0.9995 -0.0259 0.0156
vn -0.9998 -0.0164 0.0143
vn -0.9987 -0.0382 0.0339
vn -0.9991 -0.0270 0.0338
vn -0.9972 0.0671 0.0334
vn -0.9988 0.0162 0.0454
vn -0.9982 0.0147 0.0578
vn -0.9958 0.0698 0.0588
vn -0.9973 0.0678 -0.0272
vn -0.9994 0.0320 0.0110
vn -0.9931 0.0759 -0.0892
vn -0.9973 0.0623 -0.0397
vn -0.9907 0.0854 -0.1057
vn -0.9926 0.0905 -0.0813
vn -0.9938 0.0811 -0.0761
vn -0.9894 0.0953 -0.1095
vn -0.9978 0.0541 -0.0380
vn -0.9898 0.0696 -0.1247
vn -0.9998 0.0126 -0.0166
vn -0.9917 0.0214 -0.1268
vn -0.9991 -0.0287 -0.0301
vn -0.9927 -0.0310 -0.1163
vn -0.9985 -0.0519 -0.0146
vn -0.9967 -0.0643 -0.0497
vn -0.9817 -0.0434 -0.1853
vn -0.9766 -0.0518 -0.2086
vn -0.9851 -0.0497 -0.1649
vn -0.9894 -0.0324 -0.1418
vn -0.9819 -0.0592 -0.1800
vn -0.9802 -0.0547 -0.1903
vn -0.9950 -0.0579 -0.0816
vn -0.9970 -0.0504 -0.0583
vn -0.9991 -0.0391 -0.0142
vn -0.9989 -0.0360 0.0292
vn -0.9997 -0.0189 -0.0125
vn -0.9995 -0.0193 0.0231
vn -0.9978 -0.0107 -0.0650
vn -0.9984 -0.0077 -0.0561
vn -0.9929 -0.0209 -0.1172
vn -0.9897 -0.0066 -0.1429
vn -0.9960 -0.0402 -0.0799
vn -0.9924 -0.0174 -0.1221
vn -0.9975 -0.0658 0.0259
vn -0.9994 -0.0302 -0.0183
vn -0.6350 -0.7724 -0.0146
vn -0.7738 -0.6331 -0.0179
vn -0.7731 -0.6341 -0.0177
vn -0.6342 -0.7730 -0.0145
vn -0.6351 -0.7723 -0.0149
vn -0.7739 -0.6331 -0.0182
vn -0.6347 -0.7726 -0.0151
vn -0.7735 -0.6335 -0.0183
vn -0.6343 -0.7729 -0.0150
vn -0.7729 -0.6342 -0.0182
vn -0.6338 -0.7733 -0.0147
vn -0.7724 -0.6349 -0.0179
vn -0.6338 -0.7734 -0.0147
vn -0.6340 -0.7732 -0.0147
vn -0.7726 -0.6347 -0.0178
vn -0.6342 -0.7730 -0.0148
vn -0.7728 -0.6344 -0.0179
vn -0.7702 -0.6375 -0.0188
vn -0.6323 -0.7746 -0.0152
vn -0.6320 -0.7748 -0.0150
vn -0.7697 -0.6381 -0.0183
vn -0.7723 -0.6350 -0.0191
vn -0.6337 -0.7734 -0.0157
vn -0.7745 -0.6323 -0.0192
vn -0.6355 -0.7719 -0.0158
vn -0.7765 -0.6299 -0.0187
vn -0.6371 -0.7706 -0.0152
vn -0.7768 -0.6295 -0.0178
vn -0.6373 -0.7704 -0.0146
vn -0.7752 -0.6315 -0.0170
vn -0.6362 -0.7714 -0.0141
vn -0.7733 -0.6339 -0.0172
vn -0.6344 -0.7728 -0.0142
vn -0.7722 -0.6351 -0.0176
vn -0.6337 -0.7734 -0.0145
vn -0.7719 -0.6355 -0.0178
vn -0.6334 -0.7736 -0.0148
vn -0.2905 -0.9569 -0.0066
vn -0.4719 -0.8816 -0.0110
vn -0.4711 -0.8820 -0.0109
vn -0.2898 -0.9571 -0.0065
vn -0.2905 -0.9569 -0.0067
vn -0.4719 -0.8816 -0.0111
vn -0.2904 -0.9569 -0.0069
vn -0.4717 -0.8817 -0.0112
vn -0.4715 -0.8818 -0.0110
vn -0.2903 -0.9569 -0.0068
vn -0.4713 -0.8819 -0.0111
vn -0.2902 -0.9570 -0.0067
vn -0.4711 -0.8820 -0.0110
vn -0.4711 -0.8820 -0.0108
vn -0.2902 -0.9569 -0.0066
vn -0.4712 -0.8819 -0.0108
vn -0.4714 -0.8819 -0.0110
vn -0.4701 -0.8826 -0.0113
vn -0.2897 -0.9571 -0.0070
vn -0.4702 -0.8825 -0.0113
vn -0.4709 -0.8821 -0.0116
vn -0.2901 -0.9570 -0.0070
vn -0.4721 -0.8815 -0.0116
vn -0.2906 -0.9568 -0.0070
vn -0.4730 -0.8810 -0.0113
vn -0.2909 -0.9567 -0.0069
vn -0.4731 -0.8809 -0.0107
vn -0.2910 -0.9567 -0.0067
vn -0.4724 -0.8813 -0.0104
vn -0.2907 -0.9568 -0.0064
vn -0.4715 -0.8818 -0.0106
vn -0.2903 -0.9569 -0.0065
vn -0.4710 -0.8821 -0.0108
vn -0.2901 -0.9570 -0.0066
vn -0.4708 -0.8822 -0.0110
vn -0.2900 -0.9570 -0.0067
vn -0.8828 -0.4694 -0.0204
vn -0.9576 -0.2871 -0.0222
vn -0.9571 -0.2889 -0.0219
vn -0.8820 -0.4708 -0.0202
vn -0.8829 -0.4691 -0.0209
vn -0.9576 -0.2873 -0.0225
vn -0.8825 -0.4699 -0.0210
vn -0.9572 -0.2887 -0.0228
vn -0.8820 -0.4708 -0.0208
vn -0.9568 -0.2900 -0.0227
vn -0.8816 -0.4716 -0.0208
vn -0.9565 -0.2909 -0.0227
vn -0.8813 -0.4721 -0.0207
vn -0.9563 -0.2915 -0.0225
vn -0.8813 -0.4722 -0.0205
vn -0.9563 -0.2917 -0.0223
vn -0.8815 -0.4717 -0.0203
vn -0.9564 -0.2911 -0.0219
vn -0.8818 -0.4712 -0.0205
vn -0.9566 -0.2905 -0.0224
vn -0.9546 -0.2971 -0.0234
vn -0.8791 -0.4762 -0.0214
vn -0.8785 -0.4773 -0.0210
vn -0.9542 -0.2983 -0.0229
vn -0.9560 -0.2924 -0.0241
vn -0.8811 -0.4724 -0.0221
vn -0.9576 -0.2869 -0.0242
vn -0.8835 -0.4679 -0.0221
vn -0.9591 -0.2822 -0.0233
vn -0.8853 -0.4644 -0.0214
vn -0.9594 -0.2813 -0.0218
vn -0.8857 -0.4638 -0.0201
vn -0.9583 -0.2848 -0.0207
vn -0.8842 -0.4667 -0.0193
vn -0.9569 -0.2895 -0.0211
vn -0.8822 -0.4704 -0.0195
vn -0.9561 -0.2921 -0.0219
vn -0.8811 -0.4724 -0.0201
vn -0.9558 -0.2931 -0.0223
vn -0.8807 -0.4732 -0.0205
vn -0.0981 -0.9952 -0.0023
vn -0.0974 -0.9952 -0.0023
vn -0.0980 -0.9952 -0.0023
vn -0.0979 -0.9952 -0.0023
vn -0.0985 -0.9951 -0.0024
vn -0.0979 -0.9952 -0.0024
vn -0.0980 -0.9952 -0.0025
vn -0.0982 -0.9952 -0.0022
vn -0.0981 -0.9952 -0.0021
vn -0.9949 -0.0987 -0.0215
vn -0.9945 -0.1027 -0.0227
vn -0.9952 -0.0948 -0.0223
vn -0.9954 -0.0933 -0.0233
vn -0.9953 -0.0939 -0.0240
vn -0.9952 -0.0953 -0.0240
vn -0.9950 -0.0968 -0.0235
vn -0.9950 -0.0973 -0.0231
vn -0.9951 -0.0967 -0.0227
vn -0.9952 -0.0956 -0.0229
vn -0.9942 -0.1039 -0.0267
vn -0.9939 -0.1075 -0.0254
vn -0.9952 -0.0941 -0.0277
vn -0.9961 -0.0841 -0.0272
vn -0.9967 -0.0770 -0.0245
vn -0.9967 -0.0778 -0.0211
vn -0.9962 -0.0849 -0.0197
vn -0.9955 -0.0924 -0.0209
vn -0.9951 -0.0964 -0.0221
vn -0.9949 -0.0981 -0.0231
vn -0.9352 0.0607 -0.3488
vn -0.9580 0.0367 -0.2846
vn -0.9418 0.0308 -0.3348
vn -0.9244 0.0555 -0.3774
vn -0.9882 -0.0115 -0.1526
vn -0.9743 -0.0165 -0.2246
vn -0.9985 -0.0524 0.0147
vn -0.9972 -0.0578 -0.0475
vn -0.9831 -0.0811 0.1640
vn -0.9887 -0.0774 0.1287
vn -0.9642 -0.0874 0.2503
vn -0.9625 -0.0767 0.2600
vn -0.9767 -0.0681 0.2034
vn -0.9687 -0.0687 0.2386
vn -0.9992 -0.0350 0.0182
vn -0.9970 -0.0403 0.0665
vn -0.9907 -0.0036 -0.1362
vn -0.9943 -0.0120 -0.1062
vn -0.9767 0.0088 -0.2146
vn -0.9795 -0.0031 -0.2014
vn -0.9996 0.0245 0.0118
vn -0.9983 0.0451 0.0357
vn -0.9992 0.0348 0.0195
vn -0.9998 0.0099 -0.0192
vn -0.9991 0.0364 0.0228
vn -0.9989 0.0475 0.0046
vn -0.9994 0.0210 -0.0274
vn -0.9970 0.0295 -0.0713
vn -0.9980 -0.0052 -0.0631
vn -0.9962 0.0115 -0.0867
vn -0.9989 -0.0164 -0.0439
vn -0.9995 0.0096 -0.0295
vn -0.9999 -0.0043 0.0095
vn -0.9985 0.0241 0.0487
vn -0.9954 0.0202 0.0939
vn -0.9913 0.0421 0.1244
vn -0.9860 0.0365 0.1628
vn -0.9846 0.0497 0.1679
vn -0.9921 0.0380 0.1196
vn -0.9937 0.0459 0.1025
vn -0.9603 0.0462 -0.2750
vn -0.9796 0.0265 -0.1992
vn -0.9991 -0.0165 -0.0399
vn -0.9925 -0.0665 0.1024
vn -0.9761 -0.0926 0.1968
vn -0.9724 -0.0845 0.2176
vn -0.9911 -0.0448 0.1254
vn -0.9986 -0.0090 -0.0529
vn -0.9812 0.0166 -0.1920
vn -0.9710 0.0416 -0.2355
vn -0.9960 0.0675 0.0582
vn -0.9965 0.0615 0.0573
vn -0.9976 0.0683 -0.0098
vn -0.9925 0.0573 -0.1076
vn -0.9932 0.0480 -0.1058
vn -0.9987 0.0474 -0.0201
vn -0.9956 0.0531 0.0773
vn -0.9875 0.0594 0.1460
vn -0.9837 0.0611 0.1693
vn -0.9945 0.0590 0.0862
vn -0.9927 -0.0099 -0.1199
vn -0.9814 0.0154 -0.1915
vn -0.9978 -0.0449 0.0497
vn -0.9815 -0.0778 0.1748
vn -0.9747 -0.0935 0.2032
vn -0.9832 -0.0736 0.1672
vn -0.9991 -0.0289 0.0295
vn -0.9915 0.0218 -0.1279
vn -0.9669 0.0574 -0.2487
vn -0.9652 0.0715 -0.2514
vn -0.9941 0.0866 0.0651
vn -0.9934 0.0882 0.0738
vn -0.9966 0.0807 -0.0165
vn -0.9899 0.0752 -0.1200
vn -0.9908 0.0715 -0.1149
vn -0.9975 0.0675 -0.0231
vn -0.9950 0.0620 0.0783
vn -0.9877 0.0543 0.1465
vn -0.9846 0.0471 0.1684
vn -0.9953 0.0453 0.0856
vn -0.9970 -0.0625 -0.0462
vn -0.9929 -0.0436 -0.1107
vn -0.9894 -0.0927 0.1118
vn -0.9736 -0.1084 0.2011
vn -0.9801 -0.0969 0.1731
vn -0.9958 -0.0523 0.0751
vn -0.9978 -0.0091 -0.0660
vn -0.9739 0.0295 -0.2249
vn -0.9547 0.0660 -0.2900
vn -0.9689 0.0634 -0.2393
vn -0.9946 0.0948 0.0413
vn -0.9927 0.1057 0.0585
vn -0.9964 0.0765 -0.0371
vn -0.9898 0.0684 -0.1248
vn -0.9904 0.0681 -0.1207
vn -0.9972 0.0647 -0.0387
vn -0.9973 0.0523 0.0515
vn -0.9926 0.0325 0.1172
vn -0.9883 0.0135 0.1520
vn -0.9954 0.0072 0.0953
vn -0.9957 -0.0918 0.0150
vn -0.9969 -0.0707 -0.0338
vn -0.9842 -0.1065 0.1415
vn -0.9790 -0.0952 0.1803
vn -0.9924 -0.0602 0.1075
vn -0.9995 -0.0230 -0.0211
vn -0.9884 0.0147 -0.1513
vn -0.9557 0.0457 -0.2909
vn -0.9531 0.0467 -0.2989
vn -0.9782 0.0326 -0.2051
vn -0.9972 0.0740 -0.0089
vn -0.9957 0.0914 0.0172
vn -0.9963 0.0471 -0.0726
vn -0.9913 0.0380 -0.1261
vn -0.9923 0.0428 -0.1162
vn -0.9976 0.0445 -0.0531
vn -0.9994 0.0325 0.0111
vn -0.9979 0.0070 0.0637
vn -0.9935 -0.0252 0.1108
vn -0.9938 -0.0368 0.1047
vn -0.9955 -0.0774 0.0549
vn -0.9977 -0.0648 0.0218
vn -0.9891 -0.0757 0.1259
vn -0.9924 -0.0395 0.1167
vn -0.9994 -0.0019 0.0348
vn -0.9963 0.0193 -0.0843
vn -0.9772 0.0417 -0.2081
vn -0.9571 0.0369 -0.2874
vn -0.9625 0.0110 -0.2709
vn -0.9874 -0.0101 -0.1582
vn -0.9968 0.0320 -0.0729
vn -0.9979 0.0518 -0.0386
vn -0.9934 0.0027 -0.1143
vn -0.9928 -0.0043 -0.1195
vn -0.9954 0.0071 -0.0960
vn -0.9983 0.0166 -0.0560
vn -0.9996 0.0100 -0.0282
vn -0.9999 -0.0149 -0.0020
vn -0.9975 -0.0497 0.0497
vn -0.9924 -0.0720 0.0994
vn -0.9976 -0.0338 0.0611
vn -0.9981 -0.0338 0.0507
vn -0.9972 -0.0118 0.0743
vn -0.9992 0.0215 0.0349
vn -0.9983 0.0516 -0.0288
vn -0.9908 0.0701 -0.1160
vn -0.9790 0.0574 -0.1955
vn -0.9736 0.0234 -0.2270
vn -0.9781 -0.0157 -0.2075
vn -0.9936 -0.0482 -0.1023
vn -0.9906 -0.0130 -0.1364
vn -0.9954 0.0047 -0.0960
vn -0.9875 -0.0384 -0.1529
vn -0.9937 -0.0416 -0.1038
vn -0.9979 -0.0248 -0.0598
vn -0.9991 -0.0081 -0.0418
vn -0.9984 -0.0070 -0.0553
vn -0.9974 -0.0264 -0.0665
vn -0.9981 -0.0593 -0.0192
vn -0.9937 -0.0859 0.0716
vn -0.9989 0.0027 -0.0468
vn -0.9993 -0.0045 -0.0367
vn -0.9982 0.0203 -0.0567
vn -0.9979 0.0376 -0.0534
vn -0.9982 0.0481 -0.0362
vn -0.9988 0.0471 -0.0118
vn -0.9993 0.0366 0.0014
vn -0.9997 0.0259 -0.0047
vn -0.9997 0.0206 -0.0135
vn -0.9997 0.0170 -0.0196
vn -0.9998 -0.0178 -0.0063
vn -0.9997 -0.0248 0.0026
vn -0.9999 -0.0056 -0.0087
vn -0.9998 0.0061 -0.0186
vn -0.9996 0.0093 -0.0263
vn -0.9996 0.0073 -0.0288
vn -0.9996 0.0061 -0.0260
vn -0.9997 0.0082 -0.0217
vn -0.9997 0.0124 -0.0190
vn -0.9996 0.0155 -0.0217
vn -0.9966 0.0152 -0.0809
vn -0.9984 0.0051 -0.0564
vn -0.9941 0.0371 -0.1023
vn -0.9948 0.0542 -0.0861
vn -0.9973 0.0592 -0.0446
vn -0.9986 0.0533 0.0059
vn -0.9987 0.0427 0.0283
vn -0.9993 0.0375 0.0094
vn -0.9992 0.0397 -0.0090
vn -0.9991 0.0402 -0.0147
vn -0.9979 -0.0441 0.0479
vn -0.9956 -0.0688 0.0638
vn -0.9994 -0.0161 0.0309
vn -1.0000 -0.0032 0.0020
vn -0.9996 0.0010 -0.0279
vn -0.9995 -0.0013 -0.0326
vn -0.9998 0.0026 -0.0189
vn -0.9999 0.0135 -0.0073
vn -0.9997 0.0257 -0.0061
vn -0.9993 0.0320 -0.0173
vn -0.9925 0.0058 -0.1222
vn -0.9964 -0.0056 -0.0841
vn -0.9889 0.0270 -0.1461
vn -0.9944 0.0359 -0.0991
vn -0.9992 0.0280 -0.0291
vn -0.9994 0.0149 0.0318
vn -0.9991 0.0085 0.0418
vn -0.9999 0.0161 -0.0033
vn -0.9991 0.0327 -0.0283
vn -0.9989 0.0424 -0.0183
vn -0.9920 -0.0532 0.1144
vn -0.9899 -0.0677 0.1249
vn -0.9964 -0.0295 0.0794
vn -0.9996 -0.0165 0.0212
vn -0.9993 -0.0199 -0.0323
vn -0.9993 -0.0226 -0.0281
vn -0.9999 -0.0126 0.0083
vn -0.9996 0.0060 0.0281
vn -0.9996 0.0231 0.0175
vn -0.9995 0.0301 -0.0097
vn -0.9863 -0.0299 -0.1623
vn -0.9924 -0.0401 -0.1162
vn -0.9844 -0.0146 -0.1755
vn -0.9962 -0.0143 -0.0858
vn -0.9996 -0.0271 0.0064
vn -0.9973 -0.0419 0.0596
vn -0.9986 -0.0438 0.0306
vn -0.9986 -0.0247 -0.0471
vn -0.9974 0.0002 -0.0722
vn -0.9993 0.0155 -0.0326
vn -0.9902 0.0021 0.1394
vn -0.9886 0.0018 0.1505
vn -0.9955 -0.0012 0.0944
vn -0.9999 -0.0130 0.0102
vn -0.9984 -0.0282 -0.0482
vn -0.9993 -0.0325 -0.0197
vn -0.9988 -0.0242 0.0417
vn -0.9977 -0.0106 0.0676
vn -0.9992 -0.0003 0.0395
vn -1.0000 0.0018 -0.0027
vn -0.9801 -0.0587 -0.1894
vn -0.9876 -0.0658 -0.1427
vn -0.9813 -0.0510 -0.1856
vn -0.9967 -0.0527 -0.0621
vn -0.9969 -0.0662 0.0424
vn -0.9951 -0.0725 0.0672
vn -0.9981 -0.0624 0.0003
vn -0.9940 -0.0443 -0.1001
vn -0.9929 -0.0240 -0.1162
vn -0.9989 -0.0138 -0.0454
vn -0.9920 0.0668 0.1070
vn -0.9888 0.0801 0.1263
vn -0.9979 0.0406 0.0504
vn -0.9993 0.0132 -0.0346
vn -0.9973 -0.0054 -0.0734
vn -0.9997 -0.0124 -0.0221
vn -0.9985 -0.0158 0.0516
vn -0.9967 -0.0197 0.0793
vn -0.9988 -0.0253 0.0411
vn -0.9995 -0.0302 -0.0007
vn -0.9774 -0.0571 -0.2035
vn -0.9853 -0.0614 -0.1596
vn -0.9810 -0.0532 -0.1867
vn -0.9973 -0.0545 -0.0491
vn -0.9972 -0.0526 0.0532
vn -0.9977 -0.0448 0.0513
vn -0.9989 -0.0333 -0.0320
vn -0.9906 -0.0208 -0.1354
vn -0.9907 -0.0146 -0.1355
vn -0.9990 -0.0174 -0.0421
vn -0.9945 0.0899 0.0539
vn -0.9916 0.1016 0.0804
vn -0.9975 0.0698 -0.0091
vn -0.9954 0.0523 -0.0803
vn -0.9944 0.0424 -0.0967
vn -0.9986 0.0336 -0.0412
vn -0.9996 0.0156 0.0242
vn -0.9987 -0.0082 0.0506
vn -0.9994 -0.0304 0.0178
vn -0.9991 -0.0419 -0.0044
vn -0.0091 -1.0000 -0.0020
vn -0.0087 -1.0000 -0.0019
vn -0.0266 -0.9996 -0.0010
vn -0.0271 -0.9996 -0.0010
vn 0.0584 -0.0086 0.9983
vn 0.0586 -0.0086 0.9982
vn 0.0579 -0.0018 0.9983
vn 0.0578 -0.0017 0.9983
vn 0.1422 0.0018 -0.9898
vn 0.1416 0.0017 -0.9899
vn 0.1648 0.0051 -0.9863
vn 0.1649 0.0051 -0.9863
vn -0.0175 -0.0050 0.9998
vn -0.0152 -0.0055 0.9999
vn -0.0177 -0.0057 0.9998
vn -0.0195 -0.0050 0.9998
vn 0.0194 0.0046 -0.9998
vn 0.0190 0.0066 -0.9998
vn 0.0163 0.0069 -0.9998
vn 0.0173 0.0045 -0.9998
vn -0.0143 -0.0033 0.9999
vn -0.0116 -0.0026 0.9999
vn -0.0132 -0.0045 0.9999
vn -0.0157 -0.0045 0.9999
vn 0.0155 0.0037 -0.9999
vn 0.0141 0.0060 -0.9999
vn 0.0120 0.0043 -0.9999
vn 0.0141 0.0022 -0.9999
vn -0.0210 -0.0041 0.9998
vn -0.0199 -0.0047 0.9998
vn -0.0216 -0.0032 0.9998
vn -0.0221 -0.0026 0.9998
vn 0.0227 0.0029 -0.9997
vn 0.0235 0.0048 -0.9997
vn 0.0213 0.0056 -0.9998
vn 0.0212 0.0040 -0.9998
vn -0.0128 -0.0017 0.9999
vn -0.0112 -0.0012 0.9999
vn 0.0120 0.0021 -0.9999
vn 0.0133 0.0010 -0.9999
vn -0.0226 -0.0007 0.9997
vn -0.0226 -0.0005 0.9997
vn 0.0247 0.0012 -0.9997
vn 0.0253 0.0029 -0.9997
vn -0.3332 0.0192 0.9427
vn -0.3323 0.0190 0.9430
vn -0.3662 0.0183 0.9303
vn -0.3668 0.0183 0.9301
vn -0.0393 -0.9991 -0.0150
vn -0.0399 -0.9991 -0.0153
vn -0.0233 -0.9997 -0.0076
vn -0.0223 -0.9997 -0.0073
vn 0.0153 -0.9999 0.0048
vn 0.0166 -0.9999 0.0050
vn 0.0571 -0.9984 0.0038
vn 0.0581 -0.9983 0.0038
vn 0.0775 -0.9969 -0.0103
vn 0.0777 -0.9969 -0.0103
vn 0.0703 -0.9973 -0.0190
vn 0.0705 -0.9973 -0.0190
vn 0.0528 -0.9985 -0.0143
vn 0.0529 -0.9985 -0.0143
vn 0.0315 -0.9995 -0.0031
vn 0.0308 -0.9995 -0.0031
vn 0.0122 -0.9999 0.0010
vn 0.0118 -0.9999 0.0010
vn 0.0032 -1.0000 0.0003
vn 0.0029 -1.0000 0.0002
vn 0.0187 0.0014 -0.9998
vn 0.0193 0.0014 -0.9998
vn -0.0192 0.0026 -0.9998
vn -0.0198 0.0026 -0.9998
vn -0.0242 -0.9997 0.0006
vn -0.0247 -0.9997 0.0005
vn -0.0103 -0.9999 -0.0002
vn -0.0098 -1.0000 -0.0002
vn -0.0362 -0.9993 0.0011
vn -0.0361 -0.9993 0.0011
vn -0.0212 -0.9998 -0.0008
vn -0.0205 -0.9998 -0.0008
vn 0.0048 -1.0000 -0.0004
vn 0.0054 -1.0000 -0.0004
vn 0.0161 -0.9999 0.0004
vn 0.0162 -0.9999 0.0004
vn 0.0046 -1.0000 0.0003
vn 0.0039 -1.0000 0.0004
vn -0.0197 -0.9998 0.0024
vn -0.0204 -0.9998 0.0025
vn -0.0356 -0.9993 0.0062
vn -0.0359 -0.9993 0.0063
vn -0.0376 -0.9993 0.0046
vn -0.0375 -0.9993 0.0046
vn -0.2641 0.0145 0.9644
vn -0.2630 0.0144 0.9647
vn -0.0567 0.0066 -0.9984
vn -0.0571 0.0066 -0.9983
vn -0.1919 0.0031 0.9814
vn -0.1906 0.0031 0.9817
vn -0.0730 0.0112 -0.9973
vn -0.1112 -0.0026 0.9938
vn -0.1099 -0.0026 0.9939
vn -0.0577 0.0122 -0.9983
vn -0.0572 0.0122 -0.9983
vn -0.0345 0.0004 0.9994
vn -0.0333 0.0005 0.9994
vn -0.0170 0.0068 -0.9998
vn -0.0162 0.0067 -0.9998
vn 0.0213 0.0040 0.9998
vn 0.0219 0.0040 0.9998
vn 0.0385 0.0003 -0.9993
vn 0.0389 0.0003 -0.9992
vn 0.0503 0.0031 0.9987
vn 0.0506 0.0031 0.9987
vn 0.0955 -0.0012 -0.9954
vn 0.0964 -0.0012 -0.9953
vn 0.0365 -0.0000 -0.9993
vn 0.0367 -0.0000 -0.9993
vn -0.0059 0.0027 1.0000
vn -0.0054 0.0027 1.0000
vn 0.0562 0.0003 -0.9984
vn 0.0566 0.0002 -0.9984
vn 0.0447 0.0092 0.9990
vn 0.0456 0.0093 0.9989
vn 0.0839 0.0006 -0.9965
vn 0.0843 0.0007 -0.9964
vn 0.1096 0.0130 0.9939
vn 0.1105 0.0130 0.9938
vn 0.1158 0.0030 -0.9933
vn 0.1164 0.0031 -0.9932
vn 0.1457 -0.0006 0.9893
vn 0.1459 -0.0007 0.9893
vn 0.1426 0.0062 -0.9898
vn 0.1430 0.0063 -0.9897
vn 0.1255 -0.0166 0.9920
vn 0.1249 -0.0165 0.9920
vn 0.1595 0.0067 -0.9872
vn 0.1597 0.0067 -0.9871
vn 0.0797 -0.0157 0.9967
vn 0.0791 -0.0156 0.9967
vn -0.0125 -0.0010 0.9999
vn 0.0125 0.0011 -0.9999
vn -0.0000 1.0000 -0.0001
vn -0.0125 -0.0011 0.9999
vn -0.0125 -0.0009 0.9999
vn -0.0126 -0.0010 0.9999
vn 0.0125 0.0010 -0.9999
vt 35.975830 25.754662
vt 35.975830 35.245338
vt -75.121826 35.245338
vt -75.121826 25.754662
vt 35.975834 25.754662
vt 35.975838 35.245338
vt 14.949785 -40.080219
vt 39.182686 -18.262634
vt -13.943143 40.895897
vt -38.176041 19.078318
vt -71.788544 25.754662
vt -27.576717 25.754662
vt -27.576717 35.245338
vt -71.788544 35.245338
vt 72.618156 36.146225
vt 28.406324 75.951431
vt -71.618156 -35.146233
vt -27.406317 -74.951431
vt -27.576708 35.245338
vt -71.788551 35.245338
vt -27.576712 25.754662
vt 28.244490 -75.100342
vt 15.073881 -40.650616
vt -38.768322 19.200788
vt -71.745171 36.061485
vt 72.783165 -35.000866
vt 39.736969 -18.445719
vt -27.308760 76.068886
vt -14.002983 41.497742
vt -40.250618 25.245338
vt -40.250618 -50.199165
vt 18.907923 -50.199165
vt 18.907923 25.245338
vt -38.353081 25.245338
vt -38.353081 -50.199165
vt -14.120180 -50.199165
vt -14.120180 25.245338
vt -40.066299 25.245338
vt -40.066299 -50.199165
vt 19.092236 -50.199165
vt 19.092236 25.245338
vt -38.346432 25.245338
vt -38.346436 -50.199165
vt -14.113536 -50.199165
vt -14.113536 25.245338
vt -27.217058 25.754662
vt -27.244490 25.500000
vt 36.061485 25.500000
vt 36.335487 25.754662
vt -27.217058 35.245338
vt -27.406317 35.500000
vt 36.335487 35.245338
vt 36.146225 35.500000
vt 36.335484 25.754662
vt 36.000866 25.500000
vt -27.308760 25.500000
vt -27.217068 25.754662
vt 36.146233 35.500000
vt -27.217068 35.245338
vt -27.406324 35.500000
vt -38.365295 18.907923
vt -38.346432 19.267572
vt 15.120180 -40.269478
vt 14.760530 -40.250618
vt 39.371941 -18.092236
vt 39.353081 -18.451893
vt -14.113536 41.085152
vt -13.753887 41.066299
vt 19.078318 -50.453827
vt 19.267576 -50.199165
vt -13.949785 -50.453827
vt -13.760530 -50.199165
vt 19.262634 -50.453827
vt 19.451893 -50.199165
vt -13.943143 -50.453827
vt -13.753887 -50.199165
vt -75.100342 25.500000
vt -27.217058 -75.121826
vt 72.807411 35.975830
vt -75.068886 25.500000
vt 28.217068 76.121826
vt -71.807411 -34.975838
vt 28.576712 -75.140686
vt 72.788544 -35.335484
vt -27.576717 76.140686
vt -71.788544 36.335487
vt 72.788544 36.335487
vt 28.576717 76.140686
vt -71.788551 -35.335487
vt -27.576708 -75.140686
vt 19.200788 25.500000
vt -40.650616 25.500000
vt 19.445719 25.500000
vt -40.497742 25.500000
vt -38.365303 18.907923
vt -38.346436 19.267576
vt 19.267572 25.245338
vt -13.760530 25.245338
vt 19.451893 25.245338
vt -13.753887 25.245338
vt 0.000000 1.000000
vt 0.000804 1.000000
vt 0.000484 1.000000
vt 0.001574 1.000000
vt 0.001142 1.000000
vt 0.000258 1.000000
vt 0.000079 1.000000
vt 0.001973 1.000000
s 1
usemtl wire_000000000
f 20/1/1 24/2/2 3/3/2 1/4/3
f 27/4/4 25/5/5 29/6/6 31/3/6
f 43/7/7 45/8/7 47/9/7 41/10/7
f 19/11/8 28/12/8 8/13/8 4/14/8
f 23/15/9 32/16/9 7/17/9 21/18/9
f 22/19/10 30/20/10 5/11/10 17/21/10
f 18/22/7 10/23/11 9/24/11 2/25/7
f 26/26/11 11/27/11 10/23/11 18/22/7
f 6/28/7 12/29/11 11/27/11 26/26/11
f 2/25/7 9/24/11 12/29/11 6/28/7
f 36/30/12 44/31/13 13/32/13 33/33/14
f 38/34/15 46/35/15 14/36/15 35/37/15
f 40/38/16 48/39/17 15/40/17 37/41/18
f 34/42/8 42/43/8 16/44/8 39/45/8
f 1/46/19 17/21/20 18/47/21
f 2/48/22 19/49/23 20/1/24
f 3/50/25 21/51/25 22/19/25
f 4/52/26 23/53/26 24/2/26
f 5/54/27 25/5/28 26/55/29
f 6/56/30 27/57/31 28/12/32
f 7/58/33 29/6/33 30/52/33
f 8/13/34 31/59/34 32/60/34
f 9/24/35 33/61/35 34/62/35
f 10/23/36 35/63/36 36/64/36
f 11/27/37 37/65/37 38/66/37
f 12/29/38 39/67/38 40/68/38
f 13/32/39 41/69/39 42/70/39
f 14/36/40 43/71/40 44/72/40
f 15/40/41 45/73/41 46/74/41
f 16/44/42 47/75/42 48/76/42
f 20/1/1 1/4/3 18/77/43 2/48/44
f 19/49/23 4/52/45 24/2/45 20/1/24
f 23/15/46 21/18/46 3/78/46 24/79/46
f 22/19/47 17/21/20 1/46/19 3/50/47
f 8/13/48 28/12/32 27/57/31 31/59/48
f 25/5/5 27/4/4 6/80/49 26/55/50
f 7/17/51 32/16/51 31/81/51 29/82/51
f 5/54/27 30/52/52 29/6/52 25/5/28
f 17/83/53 5/84/53 26/26/53 18/22/53
f 28/85/54 19/86/55 2/25/55 6/28/54
f 32/16/56 23/15/56 4/87/56 8/88/56
f 30/89/57 22/90/57 21/18/57 7/17/57
f 9/91/58 10/92/59 36/30/12 33/33/14
f 10/23/53 11/27/60 38/66/60 35/63/53
f 11/93/61 12/94/62 40/38/16 37/41/18
f 12/29/55 9/24/55 34/62/55 39/67/55
f 13/95/63 44/64/64 43/7/64 41/10/63
f 14/63/65 46/66/65 45/8/65 43/7/65
f 15/65/66 48/68/66 47/9/66 45/8/66
f 16/67/67 42/96/67 41/10/67 47/9/67
f 33/33/68 13/32/68 42/70/68 34/97/68
f 35/37/69 14/36/69 44/72/69 36/98/69
f 37/41/70 15/40/70 46/74/70 38/99/70
f 39/45/71 16/44/71 48/76/71 40/100/71
f 566/101/72 567/101/73 426/101/74 427/101/75
f 247/102/76 246/102/77 146/103/78 147/103/79
f 207/104/80 206/104/81 166/105/82 167/105/83
f 227/106/84 226/106/85 186/107/86 187/107/87
f 107/108/88 106/108/89 206/104/81 207/104/80
f 147/103/79 146/103/78 226/106/85 227/106/84
f 167/105/83 166/105/82 246/102/77 247/102/76
f 187/107/87 186/107/86 266/101/90 267/101/91
f 287/101/92 286/101/93 126/101/94 127/101/95
f 307/101/96 306/101/97 286/101/93 287/101/92
f 327/101/98 326/101/99 306/101/97 307/101/96
f 347/101/100 346/101/101 326/101/99 327/101/98
f 367/101/102 366/101/103 346/101/101 347/101/100
f 387/101/104 386/101/105 366/101/103 367/101/102
f 407/101/106 406/101/107 386/101/105 387/101/104
f 427/101/75 426/101/74 406/101/107 407/101/106
f 447/101/108 446/101/109 267/101/91 266/101/90
f 467/101/110 466/101/111 446/101/109 447/101/108
f 487/101/112 486/101/113 466/101/111 467/101/110
f 507/101/114 506/101/115 486/101/113 487/101/112
f 527/101/116 526/101/117 506/101/115 507/101/114
f 547/101/118 546/101/119 526/101/117 527/101/116
f 567/101/73 566/101/72 546/101/119 547/101/118
f 75/101/120 557/101/121 436/101/122 74/101/123
f 557/101/121 558/101/124 435/101/125 436/101/122
f 558/101/124 559/101/126 434/101/127 435/101/125
f 559/101/126 560/101/128 433/101/129 434/101/127
f 560/101/128 561/101/130 432/101/131 433/101/129
f 561/101/130 562/101/132 431/101/133 432/101/131
f 562/101/132 563/101/134 430/101/135 431/101/133
f 563/101/134 564/101/136 429/101/137 430/101/135
f 564/101/136 565/101/138 428/101/139 429/101/137
f 565/101/138 566/101/72 427/101/75 428/101/139
f 89/101/140 417/101/141 576/101/142 88/101/143
f 576/101/142 417/101/141 418/101/144 575/101/145
f 418/101/144 419/101/146 574/101/147 575/101/145
f 419/101/146 420/101/148 573/101/149 574/101/147
f 420/101/148 421/101/150 572/101/151 573/101/149
f 421/101/150 422/101/152 571/101/153 572/101/151
f 422/101/152 423/101/154 570/101/155 571/101/153
f 423/101/154 424/101/156 569/101/157 570/101/155
f 424/101/156 425/101/158 568/101/159 569/101/157
f 425/101/158 426/101/74 567/101/73 568/101/159
f 63/102/160 256/102/161 156/103/162 53/103/163
f 256/102/161 255/102/164 155/103/165 156/103/162
f 255/102/164 254/102/166 154/103/167 155/103/165
f 254/102/166 253/102/168 153/103/169 154/103/167
f 253/102/168 252/102/170 152/103/171 153/103/169
f 252/102/170 251/102/172 151/103/173 152/103/171
f 251/102/172 250/102/174 150/103/175 151/103/173
f 250/102/174 249/102/176 149/103/177 150/103/175
f 249/102/176 248/102/178 148/103/179 149/103/177
f 248/102/178 247/102/76 147/103/79 148/103/179
f 64/103/180 137/103/181 237/102/182 54/102/183
f 137/103/181 138/103/184 238/102/185 237/102/182
f 138/103/184 139/103/186 239/102/187 238/102/185
f 139/103/186 140/103/188 240/102/189 239/102/187
f 140/103/188 141/103/190 241/102/191 240/102/189
f 141/103/190 142/103/192 242/102/193 241/102/191
f 142/103/192 143/103/194 243/102/195 242/102/193
f 143/103/194 144/103/196 244/102/197 243/102/195
f 144/103/196 145/103/198 245/102/199 244/102/197
f 145/103/198 146/103/78 246/102/77 245/102/199
f 59/104/200 216/104/201 176/105/202 55/105/203
f 216/104/201 215/104/204 175/105/205 176/105/202
f 215/104/204 214/104/206 174/105/207 175/105/205
f 214/104/206 213/104/80 173/105/208 174/105/207
f 213/104/80 212/104/80 172/105/209 173/105/208
f 212/104/80 211/104/210 171/105/211 172/105/209
f 211/104/210 210/104/212 170/105/213 171/105/211
f 210/104/212 209/104/214 169/105/215 170/105/213
f 209/104/214 208/104/216 168/105/217 169/105/215
f 208/104/216 207/104/80 167/105/83 168/105/217
f 62/105/218 157/105/219 197/104/220 58/104/81
f 157/105/219 158/105/221 198/104/222 197/104/220
f 158/105/221 159/105/223 199/104/224 198/104/222
f 159/105/223 160/105/225 200/104/226 199/104/224
f 160/105/225 161/105/227 201/104/228 200/104/226
f 161/105/227 162/105/229 202/104/230 201/104/228
f 162/105/229 163/105/231 203/104/232 202/104/230
f 163/105/231 164/105/233 204/104/212 203/104/232
f 164/105/233 165/105/234 205/104/235 204/104/212
f 165/105/234 166/105/82 206/104/81 205/104/235
f 61/106/236 236/106/237 196/107/238 57/107/239
f 236/106/237 235/106/240 195/107/241 196/107/238
f 235/106/240 234/106/242 194/107/243 195/107/241
f 234/106/242 233/106/244 193/107/245 194/107/243
f 233/106/244 232/106/246 192/107/247 193/107/245
f 232/106/246 231/106/248 191/107/249 192/107/247
f 231/106/248 230/106/250 190/107/251 191/107/249
f 230/106/250 229/106/252 189/107/253 190/107/251
f 229/106/252 228/106/254 188/107/255 189/107/253
f 228/106/254 227/106/84 187/107/87 188/107/255
f 60/107/256 177/107/257 217/106/258 56/106/259
f 177/107/257 178/107/260 218/106/261 217/106/258
f 178/107/260 179/107/262 219/106/263 218/106/261
f 179/107/262 180/107/264 220/106/265 219/106/263
f 180/107/264 181/107/266 221/106/267 220/106/265
f 181/107/266 182/107/268 222/106/269 221/106/267
f 182/107/268 183/107/270 223/106/271 222/106/269
f 183/107/270 184/107/272 224/106/273 223/106/271
f 184/107/272 185/107/274 225/106/275 224/106/273
f 185/107/274 186/107/86 226/106/85 225/106/275
f 49/108/276 116/108/277 216/104/201 59/104/200
f 116/108/277 115/108/278 215/104/204 216/104/201
f 115/108/278 114/108/278 214/104/206 215/104/204
f 114/108/278 113/108/88 213/104/80 214/104/206
f 113/108/88 112/108/88 212/104/80 213/104/80
f 112/108/88 111/108/88 211/104/210 212/104/80
f 111/108/88 110/108/279 210/104/212 211/104/210
f 110/108/279 109/108/280 209/104/214 210/104/212
f 109/108/280 108/108/279 208/104/216 209/104/214
f 108/108/279 107/108/88 207/104/80 208/104/216
f 58/104/81 197/104/220 97/108/281 66/108/282
f 197/104/220 198/104/222 98/108/279 97/108/281
f 198/104/222 199/104/224 99/108/278 98/108/279
f 199/104/224 200/104/226 100/108/277 99/108/278
f 200/104/226 201/104/228 101/108/283 100/108/277
f 201/104/228 202/104/230 102/108/284 101/108/283
f 202/104/230 203/104/232 103/108/285 102/108/284
f 203/104/232 204/104/212 104/108/280 103/108/285
f 204/104/212 205/104/235 105/108/286 104/108/280
f 205/104/235 206/104/81 106/108/89 105/108/286
f 53/103/163 156/103/162 236/106/237 61/106/236
f 156/103/162 155/103/165 235/106/240 236/106/237
f 155/103/165 154/103/167 234/106/242 235/106/240
f 154/103/167 153/103/169 233/106/244 234/106/242
f 153/103/169 152/103/171 232/106/246 233/106/244
f 152/103/171 151/103/173 231/106/248 232/106/246
f 151/103/173 150/103/175 230/106/250 231/106/248
f 150/103/175 149/103/177 229/106/252 230/106/250
f 149/103/177 148/103/179 228/106/254 229/106/252
f 148/103/179 147/103/79 227/106/84 228/106/254
f 56/106/259 217/106/258 137/103/181 64/103/180
f 217/106/258 218/106/261 138/103/184 137/103/181
f 218/106/261 219/106/263 139/103/186 138/103/184
f 219/106/263 220/106/265 140/103/188 139/103/186
f 220/106/265 221/106/267 141/103/190 140/103/188
f 221/106/267 222/106/269 142/103/192 141/103/190
f 222/106/269 223/106/271 143/103/194 142/103/192
f 223/106/271 224/106/273 144/103/196 143/103/194
f 224/106/273 225/106/275 145/103/198 144/103/196
f 225/106/275 226/106/85 146/103/78 145/103/198
f 55/105/203 176/105/202 256/102/161 63/102/160
f 176/105/202 175/105/205 255/102/164 256/102/161
f 175/105/205 174/105/207 254/102/166 255/102/164
f 174/105/207 173/105/208 253/102/168 254/102/166
f 173/105/208 172/105/209 252/102/170 253/102/168
f 172/105/209 171/105/211 251/102/172 252/102/170
f 171/105/211 170/105/213 250/102/174 251/102/172
f 170/105/213 169/105/215 249/102/176 250/102/174
f 169/105/215 168/105/217 248/102/178 249/102/176
f 168/105/217 167/105/83 247/102/76 248/102/178
f 54/102/183 237/102/182 157/105/219 62/105/218
f 237/102/182 238/102/185 158/105/221 157/105/219
f 238/102/185 239/102/187 159/105/223 158/105/221
f 239/102/187 240/102/189 160/105/225 159/105/223
f 240/102/189 241/102/191 161/105/227 160/105/225
f 241/102/191 242/102/193 162/105/229 161/105/227
f 242/102/193 243/102/195 163/105/231 162/105/229
f 243/102/195 244/102/197 164/105/233 163/105/231
f 244/102/197 245/102/199 165/105/234 164/105/233
f 245/102/199 246/102/77 166/105/82 165/105/234
f 57/107/239 196/107/238 276/101/287 65/101/288
f 196/107/238 195/107/241 275/101/289 276/101/287
f 195/107/241 194/107/243 274/101/290 275/101/289
f 194/107/243 193/107/245 273/101/291 274/101/290
f 193/107/245 192/107/247 272/101/292 273/101/291
f 192/107/247 191/107/249 271/101/293 272/101/292
f 191/107/249 190/107/251 270/101/294 271/101/293
f 190/107/251 189/107/253 269/101/295 270/101/294
f 189/107/253 188/107/255 268/101/296 269/101/295
f 188/107/255 187/107/87 267/101/91 268/101/296
f 50/101/297 257/101/298 177/107/257 60/107/256
f 257/101/298 258/101/299 178/107/260 177/107/257
f 258/101/299 259/101/300 179/107/262 178/107/260
f 259/101/300 260/101/301 180/107/264 179/107/262
f 260/101/301 261/101/302 181/107/266 180/107/264
f 261/101/302 262/101/303 182/107/268 181/107/266
f 262/101/303 263/101/304 183/107/270 182/107/268
f 263/101/304 264/101/305 184/107/272 183/107/270
f 264/101/305 265/101/306 185/107/274 184/107/272
f 265/101/306 266/101/90 186/107/86 185/107/274
f 67/101/307 296/101/308 136/101/309 51/101/310
f 296/101/308 295/101/311 135/101/312 136/101/309
f 295/101/311 294/101/313 134/101/314 135/101/312
f 294/101/313 293/101/315 133/101/316 134/101/314
f 293/101/315 292/101/317 132/101/318 133/101/316
f 292/101/317 291/101/319 131/101/320 132/101/318
f 291/101/319 290/101/321 130/101/322 131/101/320
f 290/101/321 289/101/323 129/101/324 130/101/322
f 289/101/323 288/101/325 128/101/326 129/101/324
f 288/101/325 287/101/92 127/101/95 128/101/326
f 52/101/327 117/101/328 277/101/329 96/101/330
f 117/101/328 118/101/331 278/101/332 277/101/329
f 118/101/331 119/101/333 279/101/334 278/101/332
f 119/101/333 120/101/335 280/101/336 279/101/334
f 120/101/335 121/101/337 281/101/338 280/101/336
f 121/101/337 122/101/339 282/101/340 281/101/338
f 122/101/339 123/101/341 283/101/342 282/101/340
f 283/101/342 123/101/341 124/101/343 284/101/344
f 284/101/344 124/101/343 125/101/345 285/101/346
f 125/101/345 126/101/94 286/101/93 285/101/346
f 68/101/347 316/101/348 296/101/308 67/101/307
f 316/101/348 315/101/349 295/101/311 296/101/308
f 315/101/349 314/101/350 294/101/313 295/101/311
f 314/101/350 313/101/351 293/101/315 294/101/313
f 313/101/351 312/101/352 292/101/317 293/101/315
f 312/101/352 311/101/353 291/101/319 292/101/317
f 311/101/353 310/101/354 290/101/321 291/101/319
f 310/101/354 309/101/355 289/101/323 290/101/321
f 309/101/355 308/101/356 288/101/325 289/101/323
f 308/101/356 307/101/96 287/101/92 288/101/325
f 96/101/330 277/101/329 297/101/357 95/101/358
f 297/101/357 277/101/329 278/101/332 298/101/359
f 278/101/332 279/101/334 299/101/360 298/101/359
f 279/101/334 280/101/336 300/101/361 299/101/360
f 280/101/336 281/101/338 301/101/362 300/101/361
f 281/101/338 282/101/340 302/101/363 301/101/362
f 302/101/363 282/101/340 283/101/342 303/101/364
f 303/101/364 283/101/342 284/101/344 304/101/365
f 304/101/365 284/101/344 285/101/346 305/101/366
f 285/101/346 286/101/93 306/101/97 305/101/366
f 69/101/367 336/101/368 316/101/348 68/101/347
f 336/101/368 335/101/369 315/101/349 316/101/348
f 335/101/369 334/101/370 314/101/350 315/101/349
f 334/101/370 333/101/371 313/101/351 314/101/350
f 333/101/371 332/101/372 312/101/352 313/101/351
f 332/101/372 331/101/373 311/101/353 312/101/352
f 331/101/373 330/101/374 310/101/354 311/101/353
f 330/101/374 329/101/375 309/101/355 310/101/354
f 329/101/375 328/101/376 308/101/356 309/101/355
f 328/101/376 327/101/98 307/101/96 308/101/356
f 94/101/377 95/101/358 297/101/357 317/101/378
f 317/101/378 297/101/357 298/101/359 318/101/379
f 298/101/359 299/101/360 319/101/380 318/101/379
f 299/101/360 300/101/361 320/101/381 319/101/380
f 300/101/361 301/101/362 321/101/382 320/101/381
f 301/101/362 302/101/363 322/101/383 321/101/382
f 322/101/383 302/101/363 303/101/364 323/101/384
f 323/101/384 303/101/364 304/101/365 324/101/385
f 324/101/385 304/101/365 305/101/366 325/101/386
f 305/101/366 306/101/97 326/101/99 325/101/386
f 70/101/387 356/101/388 336/101/368 69/101/367
f 356/101/388 355/101/389 335/101/369 336/101/368
f 355/101/389 354/101/390 334/101/370 335/101/369
f 354/101/390 353/101/391 333/101/371 334/101/370
f 353/101/391 352/101/392 332/101/372 333/101/371
f 352/101/392 351/101/393 331/101/373 332/101/372
f 351/101/393 350/101/394 330/101/374 331/101/373
f 350/101/394 349/101/395 329/101/375 330/101/374
f 349/101/395 348/101/396 328/101/376 329/101/375
f 348/101/396 347/101/100 327/101/98 328/101/376
f 93/101/397 94/101/377 317/101/378 337/101/398
f 337/101/398 317/101/378 318/101/379 338/101/399
f 318/101/379 319/101/380 339/101/400 338/101/399
f 319/101/380 320/101/381 340/101/401 339/101/400
f 320/101/381 321/101/382 341/101/402 340/101/401
f 321/101/382 322/101/383 342/101/403 341/101/402
f 342/101/403 322/101/383 323/101/384 343/101/404
f 343/101/404 323/101/384 324/101/385 344/101/405
f 324/101/385 325/101/386 345/101/406 344/101/405
f 325/101/386 326/101/99 346/101/101 345/101/406
f 71/101/407 376/101/408 356/101/388 70/101/387
f 376/101/408 375/101/409 355/101/389 356/101/388
f 375/101/409 374/101/410 354/101/390 355/101/389
f 374/101/410 373/101/411 353/101/391 354/101/390
f 373/101/411 372/101/412 352/101/392 353/101/391
f 372/101/412 371/101/413 351/101/393 352/101/392
f 371/101/413 370/101/414 350/101/394 351/101/393
f 370/101/414 369/101/415 349/101/395 350/101/394
f 369/101/415 368/101/416 348/101/396 349/101/395
f 368/101/416 367/101/102 347/101/100 348/101/396
f 92/101/417 93/101/397 337/101/398 357/101/418
f 337/101/398 338/101/399 358/101/419 357/101/418
f 338/101/399 339/101/400 359/101/420 358/101/419
f 339/101/400 340/101/401 360/101/421 359/101/420
f 340/101/401 341/101/402 361/101/422 360/101/421
f 341/101/402 342/101/403 362/101/423 361/101/422
f 342/101/403 343/101/404 363/101/424 362/101/423
f 343/101/404 344/101/405 364/101/425 363/101/424
f 344/101/405 345/101/406 365/101/426 364/101/425
f 345/101/406 346/101/101 366/101/103 365/101/426
f 72/101/427 396/101/428 376/101/408 71/101/407
f 396/101/428 395/101/429 375/101/409 376/101/408
f 395/101/429 394/101/430 374/101/410 375/101/409
f 394/101/430 393/101/431 373/101/411 374/101/410
f 393/101/431 392/101/432 372/101/412 373/101/411
f 392/101/432 391/101/433 371/101/413 372/101/412
f 391/101/433 390/101/434 370/101/414 371/101/413
f 390/101/434 389/101/435 369/101/415 370/101/414
f 389/101/435 388/101/436 368/101/416 369/101/415
f 388/101/436 387/101/104 367/101/102 368/101/416
f 92/101/417 357/101/418 377/101/437 91/101/438
f 357/101/418 358/101/419 378/101/439 377/101/437
f 358/101/419 359/101/420 379/101/440 378/101/439
f 359/101/420 360/101/421 380/101/441 379/101/440
f 360/101/421 361/101/422 381/101/442 380/101/441
f 361/101/422 362/101/423 382/101/443 381/101/442
f 362/101/423 363/101/424 383/101/444 382/101/443
f 363/101/424 364/101/425 384/101/445 383/101/444
f 364/101/425 365/101/426 385/101/446 384/101/445
f 365/101/426 366/101/103 386/101/105 385/101/446
f 73/101/447 416/101/448 396/101/428 72/101/427
f 416/101/448 415/101/449 395/101/429 396/101/428
f 415/101/449 414/101/450 394/101/430 395/101/429
f 414/101/450 413/101/451 393/101/431 394/101/430
f 413/101/451 412/101/452 392/101/432 393/101/431
f 412/101/452 411/101/453 391/101/433 392/101/432
f 411/101/453 410/101/454 390/101/434 391/101/433
f 410/101/454 409/101/455 389/101/435 390/101/434
f 409/101/455 408/101/456 388/101/436 389/101/435
f 408/101/456 407/101/106 387/101/104 388/101/436
f 91/101/438 377/101/437 397/101/457 90/101/458
f 377/101/437 378/101/439 398/101/459 397/101/457
f 378/101/439 379/101/440 399/101/460 398/101/459
f 379/101/440 380/101/441 400/101/461 399/101/460
f 380/101/441 381/101/442 401/101/462 400/101/461
f 381/101/442 382/101/443 402/101/463 401/101/462
f 382/101/443 383/101/444 403/101/464 402/101/463
f 383/101/444 384/101/445 404/101/465 403/101/464
f 384/101/445 385/101/446 405/101/466 404/101/465
f 385/101/446 386/101/105 406/101/107 405/101/466
f 74/101/123 436/101/122 416/101/448 73/101/447
f 436/101/122 435/101/125 415/101/449 416/101/448
f 435/101/125 434/101/127 414/101/450 415/101/449
f 434/101/127 433/101/129 413/101/451 414/101/450
f 433/101/129 432/101/131 412/101/452 413/101/451
f 432/101/131 431/101/133 411/101/453 412/101/452
f 431/101/133 430/101/135 410/101/454 411/101/453
f 430/101/135 429/101/137 409/101/455 410/101/454
f 429/101/137 428/101/139 408/101/456 409/101/455
f 428/101/139 427/101/75 407/101/106 408/101/456
f 90/101/458 397/101/457 417/101/141 89/101/140
f 417/101/141 397/101/457 398/101/459 418/101/144
f 398/101/459 399/101/460 419/101/146 418/101/144
f 399/101/460 400/101/461 420/101/148 419/101/146
f 400/101/461 401/101/462 421/101/150 420/101/148
f 401/101/462 402/101/463 422/101/152 421/101/150
f 402/101/463 403/101/464 423/101/154 422/101/152
f 403/101/464 404/101/465 424/101/156 423/101/154
f 404/101/465 405/101/466 425/101/158 424/101/156
f 405/101/466 406/101/107 426/101/74 425/101/158
f 82/101/467 456/101/468 257/101/298 50/101/297
f 456/101/468 455/101/469 258/101/299 257/101/298
f 455/101/469 454/101/470 259/101/300 258/101/299
f 454/101/470 453/101/471 260/101/301 259/101/300
f 453/101/471 452/101/472 261/101/302 260/101/301
f 452/101/472 451/101/473 262/101/303 261/101/302
f 451/101/473 450/101/474 263/101/304 262/101/303
f 450/101/474 449/101/475 264/101/305 263/101/304
f 449/101/475 448/101/476 265/101/306 264/101/305
f 448/101/476 447/101/108 266/101/90 265/101/306
f 65/101/288 276/101/287 437/101/477 81/101/478
f 276/101/287 275/101/289 438/101/479 437/101/477
f 275/101/289 274/101/290 439/101/480 438/101/479
f 274/101/290 273/101/291 440/101/481 439/101/480
f 273/101/291 272/101/292 441/101/482 440/101/481
f 272/101/292 271/101/293 442/101/483 441/101/482
f 271/101/293 270/101/294 443/101/484 442/101/483
f 270/101/294 269/101/295 444/101/485 443/101/484
f 269/101/295 268/101/296 445/101/486 444/101/485
f 268/101/296 267/101/91 446/101/109 445/101/486
f 83/101/487 476/101/488 456/101/468 82/101/467
f 476/101/488 475/101/489 455/101/469 456/101/468
f 475/101/489 474/101/490 454/101/470 455/101/469
f 474/101/490 473/101/491 453/101/471 454/101/470
f 473/101/491 472/101/492 452/101/472 453/101/471
f 472/101/492 471/101/493 451/101/473 452/101/472
f 471/101/493 470/101/494 450/101/474 451/101/473
f 470/101/494 469/101/495 449/101/475 450/101/474
f 469/101/495 468/101/496 448/101/476 449/101/475
f 468/101/496 467/101/110 447/101/108 448/101/476
f 81/101/478 437/101/477 457/101/497 80/101/498
f 437/101/477 438/101/479 458/101/499 457/101/497
f 438/101/479 439/101/480 459/101/500 458/101/499
f 439/101/480 440/101/481 460/101/501 459/101/500
f 440/101/481 441/101/482 461/101/502 460/101/501
f 441/101/482 442/101/483 462/101/503 461/101/502
f 442/101/483 443/101/484 463/101/504 462/101/503
f 443/101/484 444/101/485 464/101/505 463/101/504
f 444/101/485 445/101/486 465/101/506 464/101/505
f 445/101/486 446/101/109 466/101/111 465/101/506
f 84/101/507 496/101/508 476/101/488 83/101/487
f 496/101/508 495/101/509 475/101/489 476/101/488
f 495/101/509 494/101/510 474/101/490 475/101/489
f 494/101/510 493/101/511 473/101/491 474/101/490
f 493/101/511 492/101/512 472/101/492 473/101/491
f 492/101/512 491/101/513 471/101/493 472/101/492
f 491/101/513 490/101/514 470/101/494 471/101/493
f 490/101/514 489/101/515 469/101/495 470/101/494
f 489/101/515 488/101/516 468/101/496 469/101/495
f 488/101/516 487/101/112 467/101/110 468/101/496
f 80/101/498 457/101/497 477/101/517 79/101/518
f 457/101/497 458/101/499 478/101/519 477/101/517
f 458/101/499 459/101/500 479/101/520 478/101/519
f 459/101/500 460/101/501 480/101/521 479/101/520
f 460/101/501 461/101/502 481/101/522 480/101/521
f 461/101/502 462/101/503 482/101/523 481/101/522
f 462/101/503 463/101/504 483/101/524 482/101/523
f 463/101/504 464/101/505 484/101/525 483/101/524
f 464/101/505 465/101/506 485/101/526 484/101/525
f 465/101/506 466/101/111 486/101/113 485/101/526
f 84/101/507 85/101/527 516/101/528 496/101/508
f 496/101/508 516/101/528 515/101/529 495/101/509
f 495/101/509 515/101/529 514/101/530 494/101/510
f 494/101/510 514/101/530 513/101/531 493/101/511
f 493/101/511 513/101/531 512/101/532 492/101/512
f 492/101/512 512/101/532 511/101/533 491/101/513
f 491/101/513 511/101/533 510/101/534 490/101/514
f 510/101/534 509/101/535 489/101/515 490/101/514
f 509/101/535 508/101/536 488/101/516 489/101/515
f 508/101/536 507/101/114 487/101/112 488/101/516
f 79/101/518 477/101/517 497/101/537 78/101/538
f 477/101/517 478/101/519 498/101/539 497/101/537
f 478/101/519 479/101/520 499/101/540 498/101/539
f 479/101/520 480/101/521 500/101/541 499/101/540
f 480/101/521 481/101/522 501/101/542 500/101/541
f 481/101/522 482/101/523 502/101/543 501/101/542
f 482/101/523 483/101/524 503/101/544 502/101/543
f 483/101/524 484/101/525 504/101/545 503/101/544
f 484/101/525 485/101/526 505/101/546 504/101/545
f 485/101/526 486/101/113 506/101/115 505/101/546
f 86/101/547 536/101/548 516/101/528 85/101/527
f 516/101/528 536/101/548 535/101/549 515/101/529
f 535/101/549 534/101/550 514/101/530 515/101/529
f 534/101/550 533/101/551 513/101/531 514/101/530
f 533/101/551 532/101/552 512/101/532 513/101/531
f 532/101/552 531/101/553 511/101/533 512/101/532
f 531/101/553 530/101/554 510/101/534 511/101/533
f 530/101/554 529/101/555 509/101/535 510/101/534
f 529/101/555 528/101/556 508/101/536 509/101/535
f 528/101/556 527/101/116 507/101/114 508/101/536
f 77/101/557 78/101/538 497/101/537 517/101/558
f 497/101/537 498/101/539 518/101/559 517/101/558
f 498/101/539 499/101/540 519/101/560 518/101/559
f 499/101/540 500/101/541 520/101/561 519/101/560
f 500/101/541 501/101/542 521/101/562 520/101/561
f 501/101/542 502/101/543 522/101/563 521/101/562
f 502/101/543 503/101/544 523/101/564 522/101/563
f 503/101/544 504/101/545 524/101/565 523/101/564
f 504/101/545 505/101/546 525/101/566 524/101/565
f 505/101/546 506/101/115 526/101/117 525/101/566
f 86/101/547 87/101/567 556/101/568 536/101/548
f 536/101/548 556/101/568 555/101/569 535/101/549
f 555/101/569 554/101/570 534/101/550 535/101/549
f 554/101/570 553/101/571 533/101/551 534/101/550
f 553/101/571 552/101/572 532/101/552 533/101/551
f 552/101/572 551/101/573 531/101/553 532/101/552
f 551/101/573 550/101/574 530/101/554 531/101/553
f 550/101/574 549/101/575 529/101/555 530/101/554
f 549/101/575 548/101/576 528/101/556 529/101/555
f 548/101/576 547/101/118 527/101/116 528/101/556
f 76/101/577 77/101/557 517/101/558 537/101/578
f 537/101/578 517/101/558 518/101/559 538/101/579
f 518/101/559 519/101/560 539/101/580 538/101/579
f 519/101/560 520/101/561 540/101/581 539/101/580
f 520/101/561 521/101/562 541/101/582 540/101/581
f 521/101/562 522/101/563 542/101/583 541/101/582
f 522/101/563 523/101/564 543/101/584 542/101/583
f 523/101/564 524/101/565 544/101/585 543/101/584
f 524/101/565 525/101/566 545/101/586 544/101/585
f 525/101/566 526/101/117 546/101/119 545/101/586
f 88/101/143 576/101/142 556/101/568 87/101/567
f 556/101/568 576/101/142 575/101/145 555/101/569
f 575/101/145 574/101/147 554/101/570 555/101/569
f 574/101/147 573/101/149 553/101/571 554/101/570
f 573/101/149 572/101/151 552/101/572 553/101/571
f 572/101/151 571/101/153 551/101/573 552/101/572
f 571/101/153 570/101/155 550/101/574 551/101/573
f 570/101/155 569/101/157 549/101/575 550/101/574
f 569/101/157 568/101/159 548/101/576 549/101/575
f 568/101/159 567/101/73 547/101/118 548/101/576
f 75/101/120 76/101/577 537/101/578 557/101/121
f 557/101/121 537/101/578 538/101/579 558/101/124
f 538/101/579 539/101/580 559/101/126 558/101/124
f 539/101/580 540/101/581 560/101/128 559/101/126
f 540/101/581 541/101/582 561/101/130 560/101/128
f 541/101/582 542/101/583 562/101/132 561/101/130
f 542/101/583 543/101/584 563/101/134 562/101/132
f 543/101/584 544/101/585 564/101/136 563/101/134
f 544/101/585 545/101/586 565/101/138 564/101/136
f 545/101/586 546/101/119 566/101/72 565/101/138
f 1094/101/587 955/101/588 954/101/589 1095/101/590
f 775/102/591 675/103/592 674/103/593 774/102/594
f 735/104/595 695/105/596 694/105/597 734/104/598
f 755/106/599 715/107/600 714/107/601 754/106/602
f 635/108/603 735/104/595 734/104/598 634/108/603
f 675/103/592 755/106/599 754/106/602 674/103/593
f 695/105/596 775/102/591 774/102/594 694/105/597
f 715/107/600 795/101/604 794/101/605 714/107/601
f 815/101/606 655/101/607 654/101/608 814/101/609
f 835/101/610 815/101/606 814/101/609 834/101/611
f 855/101/612 835/101/610 834/101/611 854/101/613
f 875/101/614 855/101/612 854/101/613 874/101/615
f 895/101/616 875/101/614 874/101/615 894/101/617
f 915/101/618 895/101/616 894/101/617 914/101/619
f 935/101/620 915/101/618 914/101/619 934/101/621
f 955/101/588 935/101/620 934/101/621 954/101/589
f 975/101/622 794/101/605 795/101/604 974/101/623
f 995/101/624 975/101/622 974/101/623 994/101/625
f 1015/101/626 995/101/624 994/101/625 1014/101/627
f 1035/101/628 1015/101/626 1014/101/627 1034/101/629
f 1055/101/630 1035/101/628 1034/101/629 1054/101/631
f 1075/101/632 1055/101/630 1054/101/631 1074/101/633
f 1095/101/590 1075/101/632 1074/101/633 1094/101/587
f 603/101/634 602/101/635 964/101/636 1085/101/637
f 1085/101/637 964/101/636 963/101/638 1086/101/639
f 1086/101/639 963/101/638 962/101/640 1087/101/641
f 1087/101/641 962/101/640 961/101/642 1088/101/643
f 1088/101/643 961/101/642 960/101/644 1089/101/645
f 1089/101/645 960/101/644 959/101/646 1090/101/647
f 1090/101/647 959/101/646 958/101/648 1091/101/649
f 1091/101/649 958/101/648 957/101/650 1092/101/651
f 1092/101/651 957/101/650 956/101/652 1093/101/653
f 1093/101/653 956/101/652 955/101/588 1094/101/587
f 617/101/654 616/101/655 1104/101/656 945/101/657
f 946/101/658 945/101/657 1104/101/656 1103/101/659
f 946/101/658 1103/101/659 1102/101/660 947/101/661
f 947/101/661 1102/101/660 1101/101/662 948/101/663
f 948/101/663 1101/101/662 1100/101/664 949/101/665
f 949/101/665 1100/101/664 1099/101/666 950/101/667
f 950/101/667 1099/101/666 1098/101/668 951/101/669
f 951/101/669 1098/101/668 1097/101/670 952/101/671
f 952/101/671 1097/101/670 1096/101/672 953/101/673
f 953/101/673 1096/101/672 1095/101/590 954/101/589
f 591/102/674 581/103/675 684/103/676 784/102/677
f 784/102/677 684/103/676 683/103/678 783/102/679
f 783/102/679 683/103/678 682/103/680 782/102/681
f 782/102/681 682/103/680 681/103/682 781/102/683
f 781/102/683 681/103/682 680/103/684 780/102/685
f 780/102/685 680/103/684 679/103/686 779/102/687
f 779/102/687 679/103/686 678/103/688 778/102/689
f 778/102/689 678/103/688 677/103/690 777/102/691
f 777/102/691 677/103/690 676/103/692 776/102/693
f 776/102/693 676/103/692 675/103/592 775/102/591
f 592/103/694 582/102/695 765/102/696 665/103/697
f 665/103/697 765/102/696 766/102/698 666/103/699
f 666/103/699 766/102/698 767/102/700 667/103/701
f 667/103/701 767/102/700 768/102/702 668/103/703
f 668/103/703 768/102/702 769/102/704 669/103/705
f 669/103/705 769/102/704 770/102/706 670/103/707
f 670/103/707 770/102/706 771/102/708 671/103/709
f 671/103/709 771/102/708 772/102/710 672/103/711
f 672/103/711 772/102/710 773/102/712 673/103/713
f 673/103/713 773/102/712 774/102/594 674/103/593
f 587/104/714 583/105/715 704/105/716 744/104/717
f 744/104/717 704/105/716 703/105/718 743/104/719
f 743/104/719 703/105/718 702/105/720 742/104/717
f 742/104/717 702/105/720 701/105/721 741/104/722
f 741/104/722 701/105/721 700/105/723 740/104/722
f 740/104/722 700/105/723 699/105/724 739/104/725
f 739/104/725 699/105/724 698/105/715 738/104/726
f 738/104/726 698/105/715 697/105/727 737/104/728
f 737/104/728 697/105/727 696/105/729 736/104/730
f 736/104/730 696/105/729 695/105/596 735/104/595
f 590/105/731 586/104/728 725/104/732 685/105/733
f 685/105/733 725/104/732 726/104/734 686/105/735
f 686/105/735 726/104/734 727/104/736 687/105/737
f 687/105/737 727/104/736 728/104/738 688/105/739
f 688/105/739 728/104/738 729/104/740 689/105/741
f 689/105/741 729/104/740 730/104/742 690/105/743
f 690/105/743 730/104/742 731/104/730 691/105/744
f 691/105/744 731/104/730 732/104/745 692/105/746
f 692/105/746 732/104/745 733/104/747 693/105/748
f 693/105/748 733/104/747 734/104/598 694/105/597
f 589/106/749 585/107/750 724/107/751 764/106/752
f 764/106/752 724/107/751 723/107/753 763/106/754
f 763/106/754 723/107/753 722/107/755 762/106/756
f 762/106/756 722/107/755 721/107/757 761/106/758
f 761/106/758 721/107/757 720/107/759 760/106/760
f 760/106/760 720/107/759 719/107/761 759/106/762
f 759/106/762 719/107/761 718/107/763 758/106/764
f 758/106/764 718/107/763 717/107/765 757/106/766
f 757/106/766 717/107/765 716/107/767 756/106/768
f 756/106/768 716/107/767 715/107/600 755/106/599
f 588/107/769 584/106/770 745/106/771 705/107/772
f 705/107/772 745/106/771 746/106/773 706/107/774
f 706/107/774 746/106/773 747/106/775 707/107/776
f 707/107/776 747/106/775 748/106/777 708/107/778
f 708/107/778 748/106/777 749/106/779 709/107/780
f 709/107/780 749/106/779 750/106/781 710/107/782
f 710/107/782 750/106/781 751/106/783 711/107/784
f 711/107/784 751/106/783 752/106/785 712/107/786
f 712/107/786 752/106/785 753/106/787 713/107/788
f 713/107/788 753/106/787 754/106/602 714/107/601
f 577/108/789 587/104/714 744/104/717 644/108/790
f 644/108/790 744/104/717 743/104/719 643/108/791
f 643/108/791 743/104/719 742/104/717 642/108/792
f 642/108/792 742/104/717 741/104/722 641/108/791
f 641/108/791 741/104/722 740/104/722 640/108/792
f 640/108/792 740/104/722 739/104/725 639/108/793
f 639/108/793 739/104/725 738/104/726 638/108/794
f 638/108/794 738/104/726 737/104/728 637/108/792
f 637/108/792 737/104/728 736/104/730 636/108/791
f 636/108/791 736/104/730 735/104/595 635/108/603
f 586/104/728 594/108/795 625/108/796 725/104/732
f 725/104/732 625/108/796 626/108/797 726/104/734
f 726/104/734 626/108/797 627/108/791 727/104/736
f 727/104/736 627/108/791 628/108/798 728/104/738
f 728/104/738 628/108/798 629/108/798 729/104/740
f 729/104/740 629/108/798 630/108/790 730/104/742
f 730/104/742 630/108/790 631/108/792 731/104/730
f 731/104/730 631/108/792 632/108/792 732/104/745
f 732/104/745 632/108/792 633/108/792 733/104/747
f 733/104/747 633/108/792 634/108/603 734/104/598
f 581/103/675 589/106/749 764/106/752 684/103/676
f 684/103/676 764/106/752 763/106/754 683/103/678
f 683/103/678 763/106/754 762/106/756 682/103/680
f 682/103/680 762/106/756 761/106/758 681/103/682
f 681/103/682 761/106/758 760/106/760 680/103/684
f 680/103/684 760/106/760 759/106/762 679/103/686
f 679/103/686 759/106/762 758/106/764 678/103/688
f 678/103/688 758/106/764 757/106/766 677/103/690
f 677/103/690 757/106/766 756/106/768 676/103/692
f 676/103/692 756/106/768 755/106/599 675/103/592
f 584/106/770 592/103/694 665/103/697 745/106/771
f 745/106/771 665/103/697 666/103/699 746/106/773
f 746/106/773 666/103/699 667/103/701 747/106/775
f 747/106/775 667/103/701 668/103/703 748/106/777
f 748/106/777 668/103/703 669/103/705 749/106/779
f 749/106/779 669/103/705 670/103/707 750/106/781
f 750/106/781 670/103/707 671/103/709 751/106/783
f 751/106/783 671/103/709 672/103/711 752/106/785
f 752/106/785 672/103/711 673/103/713 753/106/787
f 753/106/787 673/103/713 674/103/593 754/106/602
f 583/105/715 591/102/674 784/102/677 704/105/716
f 704/105/716 784/102/677 783/102/679 703/105/718
f 703/105/718 783/102/679 782/102/681 702/105/720
f 702/105/720 782/102/681 781/102/683 701/105/721
f 701/105/721 781/102/683 780/102/685 700/105/723
f 700/105/723 780/102/685 779/102/687 699/105/724
f 699/105/724 779/102/687 778/102/689 698/105/715
f 698/105/715 778/102/689 777/102/691 697/105/727
f 697/105/727 777/102/691 776/102/693 696/105/729
f 696/105/729 776/102/693 775/102/591 695/105/596
f 582/102/695 590/105/731 685/105/733 765/102/696
f 765/102/696 685/105/733 686/105/735 766/102/698
f 766/102/698 686/105/735 687/105/737 767/102/700
f 767/102/700 687/105/737 688/105/739 768/102/702
f 768/102/702 688/105/739 689/105/741 769/102/704
f 769/102/704 689/105/741 690/105/743 770/102/706
f 770/102/706 690/105/743 691/105/744 771/102/708
f 771/102/708 691/105/744 692/105/746 772/102/710
f 772/102/710 692/105/746 693/105/748 773/102/712
f 773/102/712 693/105/748 694/105/597 774/102/594
f 585/107/750 593/101/799 804/101/800 724/107/751
f 724/107/751 804/101/800 803/101/801 723/107/753
f 723/107/753 803/101/801 802/101/802 722/107/755
f 722/107/755 802/101/802 801/101/803 721/107/757
f 721/107/757 801/101/803 800/101/804 720/107/759
f 720/107/759 800/101/804 799/101/805 719/107/761
f 719/107/761 799/101/805 798/101/806 718/107/763
f 718/107/763 798/101/806 797/101/807 717/107/765
f 717/107/765 797/101/807 796/101/808 716/107/767
f 716/107/767 796/101/808 795/101/604 715/107/600
f 578/101/809 588/107/769 705/107/772 785/101/810
f 785/101/810 705/107/772 706/107/774 786/101/811
f 786/101/811 706/107/774 707/107/776 787/101/812
f 787/101/812 707/107/776 708/107/778 788/101/813
f 788/101/813 708/107/778 709/107/780 789/101/814
f 789/101/814 709/107/780 710/107/782 790/101/815
f 790/101/815 710/107/782 711/107/784 791/101/816
f 791/101/816 711/107/784 712/107/786 792/101/817
f 792/101/817 712/107/786 713/107/788 793/101/818
f 793/101/818 713/107/788 714/107/601 794/101/605
f 595/101/819 579/101/820 664/101/821 824/101/822
f 824/101/822 664/101/821 663/101/823 823/101/824
f 823/101/824 663/101/823 662/101/825 822/101/826
f 822/101/826 662/101/825 661/101/827 821/101/828
f 821/101/828 661/101/827 660/101/829 820/101/830
f 820/101/830 660/101/829 659/101/831 819/101/832
f 819/101/832 659/101/831 658/101/833 818/101/834
f 818/101/834 658/101/833 657/101/835 817/101/836
f 817/101/836 657/101/835 656/101/837 816/101/838
f 816/101/838 656/101/837 655/101/607 815/101/606
f 580/101/839 624/101/840 805/101/841 645/101/842
f 645/101/842 805/101/841 806/101/843 646/101/844
f 646/101/844 806/101/843 807/101/845 647/101/846
f 647/101/846 807/101/845 808/101/847 648/101/848
f 648/101/848 808/101/847 809/101/849 649/101/850
f 649/101/850 809/101/849 810/101/851 650/101/852
f 650/101/852 810/101/851 811/101/853 651/101/854
f 652/101/855 651/101/854 811/101/853 812/101/856
f 653/101/857 652/101/855 812/101/856 813/101/858
f 653/101/857 813/101/858 814/101/609 654/101/608
f 596/101/859 595/101/819 824/101/822 844/101/860
f 844/101/860 824/101/822 823/101/824 843/101/861
f 843/101/861 823/101/824 822/101/826 842/101/862
f 842/101/862 822/101/826 821/101/828 841/101/863
f 841/101/863 821/101/828 820/101/830 840/101/864
f 840/101/864 820/101/830 819/101/832 839/101/865
f 839/101/865 819/101/832 818/101/834 838/101/866
f 838/101/866 818/101/834 817/101/836 837/101/867
f 837/101/867 817/101/836 816/101/838 836/101/868
f 836/101/868 816/101/838 815/101/606 835/101/610
f 805/101/841 624/101/840 623/101/869 825/101/870
f 806/101/843 805/101/841 825/101/870 826/101/871
f 806/101/843 826/101/871 827/101/872 807/101/845
f 807/101/845 827/101/872 828/101/873 808/101/847
f 808/101/847 828/101/873 829/101/874 809/101/849
f 809/101/849 829/101/874 830/101/875 810/101/851
f 811/101/853 810/101/851 830/101/875 831/101/876
f 812/101/856 811/101/853 831/101/876 832/101/877
f 813/101/858 812/101/856 832/101/877 833/101/878
f 813/101/858 833/101/878 834/101/611 814/101/609
f 597/101/879 596/101/859 844/101/860 864/101/880
f 864/101/880 844/101/860 843/101/861 863/101/881
f 863/101/881 843/101/861 842/101/862 862/101/882
f 862/101/882 842/101/862 841/101/863 861/101/883
f 861/101/883 841/101/863 840/101/864 860/101/884
f 860/101/884 840/101/864 839/101/865 859/101/885
f 859/101/885 839/101/865 838/101/866 858/101/886
f 858/101/886 838/101/866 837/101/867 857/101/887
f 857/101/887 837/101/867 836/101/868 856/101/888
f 856/101/888 836/101/868 835/101/610 855/101/612
f 825/101/870 623/101/869 622/101/889 845/101/890
f 826/101/871 825/101/870 845/101/890 846/101/891
f 826/101/871 846/101/891 847/101/892 827/101/872
f 827/101/872 847/101/892 848/101/893 828/101/873
f 828/101/873 848/101/893 849/101/894 829/101/874
f 829/101/874 849/101/894 850/101/895 830/101/875
f 831/101/876 830/101/875 850/101/895 851/101/896
f 832/101/877 831/101/876 851/101/896 852/101/897
f 833/101/878 832/101/877 852/101/897 853/101/898
f 833/101/878 853/101/898 854/101/613 834/101/611
f 598/101/899 597/101/879 864/101/880 884/101/900
f 884/101/900 864/101/880 863/101/881 883/101/901
f 883/101/901 863/101/881 862/101/882 882/101/902
f 882/101/902 862/101/882 861/101/883 881/101/903
f 881/101/903 861/101/883 860/101/884 880/101/904
f 880/101/904 860/101/884 859/101/885 879/101/905
f 879/101/905 859/101/885 858/101/886 878/101/906
f 878/101/906 858/101/886 857/101/887 877/101/907
f 877/101/907 857/101/887 856/101/888 876/101/908
f 876/101/908 856/101/888 855/101/612 875/101/614
f 845/101/890 622/101/889 621/101/909 865/101/910
f 846/101/891 845/101/890 865/101/910 866/101/911
f 846/101/891 866/101/911 867/101/912 847/101/892
f 847/101/892 867/101/912 868/101/913 848/101/893
f 848/101/893 868/101/913 869/101/914 849/101/894
f 849/101/894 869/101/914 870/101/915 850/101/895
f 851/101/896 850/101/895 870/101/915 871/101/916
f 852/101/897 851/101/896 871/101/916 872/101/917
f 852/101/897 872/101/917 873/101/918 853/101/898
f 853/101/898 873/101/918 874/101/615 854/101/613
f 599/101/919 598/101/899 884/101/900 904/101/920
f 904/101/920 884/101/900 883/101/901 903/101/921
f 903/101/921 883/101/901 882/101/902 902/101/922
f 902/101/922 882/101/902 881/101/903 901/101/923
f 901/101/923 881/101/903 880/101/904 900/101/924
f 900/101/924 880/101/904 879/101/905 899/101/925
f 899/101/925 879/101/905 878/101/906 898/101/926
f 898/101/926 878/101/906 877/101/907 897/101/927
f 897/101/927 877/101/907 876/101/908 896/101/928
f 896/101/928 876/101/908 875/101/614 895/101/616
f 865/101/910 621/101/909 620/101/929 885/101/930
f 865/101/910 885/101/930 886/101/931 866/101/911
f 866/101/911 886/101/931 887/101/932 867/101/912
f 867/101/912 887/101/932 888/101/933 868/101/913
f 868/101/913 888/101/933 889/101/934 869/101/914
f 869/101/914 889/101/934 890/101/935 870/101/915
f 870/101/915 890/101/935 891/101/936 871/101/916
f 871/101/916 891/101/936 892/101/937 872/101/917
f 872/101/917 892/101/937 893/101/938 873/101/918
f 873/101/918 893/101/938 894/101/617 874/101/615
f 600/101/939 599/101/919 904/101/920 924/101/940
f 924/101/940 904/101/920 903/101/921 923/101/941
f 923/101/941 903/101/921 902/101/922 922/101/942
f 922/101/942 902/101/922 901/101/923 921/101/943
f 921/101/943 901/101/923 900/101/924 920/101/944
f 920/101/944 900/101/924 899/101/925 919/101/945
f 919/101/945 899/101/925 898/101/926 918/101/946
f 918/101/946 898/101/926 897/101/927 917/101/947
f 917/101/947 897/101/927 896/101/928 916/101/948
f 916/101/948 896/101/928 895/101/616 915/101/618
f 620/101/929 619/101/949 905/101/950 885/101/930
f 885/101/930 905/101/950 906/101/951 886/101/931
f 886/101/931 906/101/951 907/101/952 887/101/932
f 887/101/932 907/101/952 908/101/953 888/101/933
f 888/101/933 908/101/953 909/101/954 889/101/934
f 889/101/934 909/101/954 910/101/955 890/101/935
f 890/101/935 910/101/955 911/101/956 891/101/936
f 891/101/936 911/101/956 912/101/957 892/101/937
f 892/101/937 912/101/957 913/101/958 893/101/938
f 893/101/938 913/101/958 914/101/619 894/101/617
f 601/101/959 600/101/939 924/101/940 944/101/960
f 944/101/960 924/101/940 923/101/941 943/101/961
f 943/101/961 923/101/941 922/101/942 942/101/962
f 942/101/962 922/101/942 921/101/943 941/101/963
f 941/101/963 921/101/943 920/101/944 940/101/964
f 940/101/964 920/101/944 919/101/945 939/101/965
f 939/101/965 919/101/945 918/101/946 938/101/966
f 938/101/966 918/101/946 917/101/947 937/101/967
f 937/101/967 917/101/947 916/101/948 936/101/968
f 936/101/968 916/101/948 915/101/618 935/101/620
f 619/101/949 618/101/969 925/101/970 905/101/950
f 905/101/950 925/101/970 926/101/971 906/101/951
f 906/101/951 926/101/971 927/101/972 907/101/952
f 907/101/952 927/101/972 928/101/973 908/101/953
f 908/101/953 928/101/973 929/101/974 909/101/954
f 909/101/954 929/101/974 930/101/975 910/101/955
f 910/101/955 930/101/975 931/101/976 911/101/956
f 911/101/956 931/101/976 932/101/977 912/101/957
f 912/101/957 932/101/977 933/101/978 913/101/958
f 913/101/958 933/101/978 934/101/621 914/101/619
f 602/101/635 601/101/959 944/101/960 964/101/636
f 964/101/636 944/101/960 943/101/961 963/101/638
f 963/101/638 943/101/961 942/101/962 962/101/640
f 962/101/640 942/101/962 941/101/963 961/101/642
f 961/101/642 941/101/963 940/101/964 960/101/644
f 960/101/644 940/101/964 939/101/965 959/101/646
f 959/101/646 939/101/965 938/101/966 958/101/648
f 958/101/648 938/101/966 937/101/967 957/101/650
f 956/101/652 957/101/650 937/101/967 936/101/968
f 956/101/652 936/101/968 935/101/620 955/101/588
f 618/101/969 617/101/654 945/101/657 925/101/970
f 925/101/970 945/101/657 946/101/658 926/101/971
f 926/101/971 946/101/658 947/101/661 927/101/972
f 927/101/972 947/101/661 948/101/663 928/101/973
f 928/101/973 948/101/663 949/101/665 929/101/974
f 929/101/974 949/101/665 950/101/667 930/101/975
f 930/101/975 950/101/667 951/101/669 931/101/976
f 931/101/976 951/101/669 952/101/671 932/101/977
f 932/101/977 952/101/671 953/101/673 933/101/978
f 933/101/978 953/101/673 954/101/589 934/101/621
f 610/101/979 578/101/809 785/101/810 984/101/980
f 984/101/980 785/101/810 786/101/811 983/101/981
f 983/101/981 786/101/811 787/101/812 982/101/982
f 982/101/982 787/101/812 788/101/813 981/101/983
f 981/101/983 788/101/813 789/101/814 980/101/984
f 980/101/984 789/101/814 790/101/815 979/101/985
f 979/101/985 790/101/815 791/101/816 978/101/986
f 978/101/986 791/101/816 792/101/817 977/101/987
f 977/101/987 792/101/817 793/101/818 976/101/988
f 976/101/988 793/101/818 794/101/605 975/101/622
f 593/101/799 609/101/989 965/101/990 804/101/800
f 804/101/800 965/101/990 966/101/991 803/101/801
f 803/101/801 966/101/991 967/101/992 802/101/802
f 802/101/802 967/101/992 968/101/993 801/101/803
f 801/101/803 968/101/993 969/101/994 800/101/804
f 800/101/804 969/101/994 970/101/995 799/101/805
f 799/101/805 970/101/995 971/101/996 798/101/806
f 798/101/806 971/101/996 972/101/997 797/101/807
f 797/101/807 972/101/997 973/101/998 796/101/808
f 796/101/808 973/101/998 974/101/623 795/101/604
f 611/101/999 610/101/979 984/101/980 1004/101/1000
f 1004/101/1000 984/101/980 983/101/981 1003/101/1001
f 1003/101/1001 983/101/981 982/101/982 1002/101/1002
f 1002/101/1002 982/101/982 981/101/983 1001/101/1003
f 1001/101/1003 981/101/983 980/101/984 1000/101/1004
f 1000/101/1004 980/101/984 979/101/985 999/101/1005
f 999/101/1005 979/101/985 978/101/986 998/101/1006
f 998/101/1006 978/101/986 977/101/987 997/101/1007
f 997/101/1007 977/101/987 976/101/988 996/101/1008
f 996/101/1008 976/101/988 975/101/622 995/101/624
f 609/101/989 608/101/1009 985/101/1010 965/101/990
f 965/101/990 985/101/1010 986/101/1011 966/101/991
f 966/101/991 986/101/1011 987/101/1012 967/101/992
f 967/101/992 987/101/1012 988/101/1013 968/101/993
f 968/101/993 988/101/1013 989/101/1014 969/101/994
f 969/101/994 989/101/1014 990/101/1015 970/101/995
f 970/101/995 990/101/1015 991/101/1016 971/101/996
f 971/101/996 991/101/1016 992/101/1017 972/101/997
f 972/101/997 992/101/1017 993/101/1018 973/101/998
f 973/101/998 993/101/1018 994/101/625 974/101/623
f 612/101/1019 611/101/999 1004/101/1000 1024/101/1020
f 1024/101/1020 1004/101/1000 1003/101/1001 1023/101/1021
f 1023/101/1021 1003/101/1001 1002/101/1002 1022/101/1022
f 1022/101/1022 1002/101/1002 1001/101/1003 1021/101/1023
f 1021/101/1023 1001/101/1003 1000/101/1004 1020/101/1024
f 1020/101/1024 1000/101/1004 999/101/1005 1019/101/1025
f 1019/101/1025 999/101/1005 998/101/1006 1018/101/1026
f 1018/101/1026 998/101/1006 997/101/1007 1017/101/1027
f 1017/101/1027 997/101/1007 996/101/1008 1016/101/1028
f 1016/101/1028 996/101/1008 995/101/624 1015/101/626
f 608/101/1009 607/101/1029 1005/101/1030 985/101/1010
f 985/101/1010 1005/101/1030 1006/101/1031 986/101/1011
f 986/101/1011 1006/101/1031 1007/101/1032 987/101/1012
f 987/101/1012 1007/101/1032 1008/101/1033 988/101/1013
f 988/101/1013 1008/101/1033 1009/101/1034 989/101/1014
f 989/101/1014 1009/101/1034 1010/101/1035 990/101/1015
f 990/101/1015 1010/101/1035 1011/101/1036 991/101/1016
f 991/101/1016 1011/101/1036 1012/101/1037 992/101/1017
f 992/101/1017 1012/101/1037 1013/101/1038 993/101/1018
f 993/101/1018 1013/101/1038 1014/101/627 994/101/625
f 1044/101/1039 613/101/1040 612/101/1019 1024/101/1020
f 1043/101/1041 1044/101/1039 1024/101/1020 1023/101/1021
f 1042/101/1042 1043/101/1041 1023/101/1021 1022/101/1022
f 1041/101/1043 1042/101/1042 1022/101/1022 1021/101/1023
f 1040/101/1044 1041/101/1043 1021/101/1023 1020/101/1024
f 1039/101/1045 1040/101/1044 1020/101/1024 1019/101/1025
f 1038/101/1046 1039/101/1045 1019/101/1025 1018/101/1026
f 1038/101/1046 1018/101/1026 1017/101/1027 1037/101/1047
f 1037/101/1047 1017/101/1027 1016/101/1028 1036/101/1048
f 1036/101/1048 1016/101/1028 1015/101/626 1035/101/628
f 607/101/1029 606/101/1049 1025/101/1050 1005/101/1030
f 1005/101/1030 1025/101/1050 1026/101/1051 1006/101/1031
f 1006/101/1031 1026/101/1051 1027/101/1052 1007/101/1032
f 1007/101/1032 1027/101/1052 1028/101/1053 1008/101/1033
f 1008/101/1033 1028/101/1053 1029/101/1054 1009/101/1034
f 1009/101/1034 1029/101/1054 1030/101/1055 1010/101/1035
f 1010/101/1035 1030/101/1055 1031/101/1056 1011/101/1036
f 1011/101/1036 1031/101/1056 1032/101/1057 1012/101/1037
f 1012/101/1037 1032/101/1057 1033/101/1058 1013/101/1038
f 1013/101/1038 1033/101/1058 1034/101/629 1014/101/627
f 614/101/1059 613/101/1040 1044/101/1039 1064/101/1060
f 1063/101/1061 1064/101/1060 1044/101/1039 1043/101/1041
f 1063/101/1061 1043/101/1041 1042/101/1042 1062/101/1062
f 1062/101/1062 1042/101/1042 1041/101/1043 1061/101/1063
f 1061/101/1063 1041/101/1043 1040/101/1044 1060/101/1064
f 1060/101/1064 1040/101/1044 1039/101/1045 1059/101/1065
f 1059/101/1065 1039/101/1045 1038/101/1046 1058/101/1066
f 1058/101/1066 1038/101/1046 1037/101/1047 1057/101/1067
f 1057/101/1067 1037/101/1047 1036/101/1048 1056/101/1068
f 1056/101/1068 1036/101/1048 1035/101/628 1055/101/630
f 1025/101/1050 606/101/1049 605/101/1069 1045/101/1070
f 1026/101/1051 1025/101/1050 1045/101/1070 1046/101/1071
f 1026/101/1051 1046/101/1071 1047/101/1072 1027/101/1052
f 1027/101/1052 1047/101/1072 1048/101/1073 1028/101/1053
f 1028/101/1053 1048/101/1073 1049/101/1074 1029/101/1054
f 1029/101/1054 1049/101/1074 1050/101/1075 1030/101/1055
f 1030/101/1055 1050/101/1075 1051/101/1076 1031/101/1056
f 1031/101/1056 1051/101/1076 1052/101/1077 1032/101/1057
f 1032/101/1057 1052/101/1077 1053/101/1078 1033/101/1058
f 1033/101/1058 1053/101/1078 1054/101/631 1034/101/629
f 1084/101/1079 615/101/1080 614/101/1059 1064/101/1060
f 1083/101/1081 1084/101/1079 1064/101/1060 1063/101/1061
f 1083/101/1081 1063/101/1061 1062/101/1062 1082/101/1082
f 1082/101/1082 1062/101/1062 1061/101/1063 1081/101/1083
f 1081/101/1083 1061/101/1063 1060/101/1064 1080/101/1084
f 1080/101/1084 1060/101/1064 1059/101/1065 1079/101/1085
f 1079/101/1085 1059/101/1065 1058/101/1066 1078/101/1086
f 1078/101/1086 1058/101/1066 1057/101/1067 1077/101/1087
f 1077/101/1087 1057/101/1067 1056/101/1068 1076/101/1088
f 1076/101/1088 1056/101/1068 1055/101/630 1075/101/632
f 1045/101/1070 605/101/1069 604/101/1089 1065/101/1090
f 1046/101/1071 1045/101/1070 1065/101/1090 1066/101/1091
f 1046/101/1071 1066/101/1091 1067/101/1092 1047/101/1072
f 1047/101/1072 1067/101/1092 1068/101/1093 1048/101/1073
f 1048/101/1073 1068/101/1093 1069/101/1094 1049/101/1074
f 1049/101/1074 1069/101/1094 1070/101/1095 1050/101/1075
f 1050/101/1075 1070/101/1095 1071/101/1096 1051/101/1076
f 1051/101/1076 1071/101/1096 1072/101/1097 1052/101/1077
f 1052/101/1077 1072/101/1097 1073/101/1098 1053/101/1078
f 1053/101/1078 1073/101/1098 1074/101/633 1054/101/631
f 616/101/655 615/101/1080 1084/101/1079 1104/101/656
f 1103/101/659 1104/101/656 1084/101/1079 1083/101/1081
f 1103/101/659 1083/101/1081 1082/101/1082 1102/101/660
f 1102/101/660 1082/101/1082 1081/101/1083 1101/101/662
f 1101/101/662 1081/101/1083 1080/101/1084 1100/101/664
f 1100/101/664 1080/101/1084 1079/101/1085 1099/101/666
f 1099/101/666 1079/101/1085 1078/101/1086 1098/101/668
f 1098/101/668 1078/101/1086 1077/101/1087 1097/101/670
f 1097/101/670 1077/101/1087 1076/101/1088 1096/101/672
f 1096/101/672 1076/101/1088 1075/101/632 1095/101/590
f 1065/101/1090 604/101/1089 603/101/634 1085/101/637
f 1066/101/1091 1065/101/1090 1085/101/637 1086/101/639
f 1066/101/1091 1086/101/639 1087/101/641 1067/101/1092
f 1067/101/1092 1087/101/641 1088/101/643 1068/101/1093
f 1068/101/1093 1088/101/643 1089/101/645 1069/101/1094
f 1069/101/1094 1089/101/645 1090/101/647 1070/101/1095
f 1070/101/1095 1090/101/647 1091/101/649 1071/101/1096
f 1071/101/1096 1091/101/649 1092/101/651 1072/101/1097
f 1072/101/1097 1092/101/651 1093/101/653 1073/101/1098
f 1073/101/1098 1093/101/653 1094/101/587 1074/101/633
f 126/101/1099 654/101/1100 655/101/1101 127/101/1102
f 74/101/1103 602/101/1103 603/101/1104 75/101/1105
f 88/101/1106 616/101/1107 617/101/1108 89/101/1109
f 53/103/1110 581/103/1111 591/102/1112 63/102/1113
f 54/102/1114 582/102/1115 592/103/1116 64/103/1117
f 55/105/1118 583/105/1119 587/104/1120 59/104/1121
f 58/104/1122 586/104/1123 590/105/1124 62/105/1125
f 57/107/1126 585/107/1127 589/106/1128 61/106/1129
f 56/106/1130 584/106/1131 588/107/1132 60/107/1133
f 59/104/1121 587/104/1120 577/108/1134 49/108/1135
f 66/108/1136 594/108/1137 586/104/1123 58/104/1122
f 61/106/1129 589/106/1128 581/103/1111 53/103/1110
f 64/103/1117 592/103/1116 584/106/1131 56/106/1130
f 63/102/1113 591/102/1112 583/105/1119 55/105/1118
f 62/105/1125 590/105/1124 582/102/1115 54/102/1114
f 65/101/1138 593/101/1139 585/107/1127 57/107/1126
f 60/107/1133 588/107/1132 578/101/1140 50/101/1141
f 51/101/1142 579/101/1143 595/101/1144 67/101/1145
f 136/101/1146 664/101/1147 579/101/1148 51/101/1149
f 135/101/1150 663/101/1151 664/101/1147 136/101/1146
f 134/101/1152 662/101/1153 663/101/1151 135/101/1150
f 133/101/1154 661/101/1155 662/101/1153 134/101/1152
f 132/101/1156 660/101/1157 661/101/1155 133/101/1154
f 131/101/1158 659/101/1159 660/101/1157 132/101/1156
f 130/101/1160 658/101/1161 659/101/1159 131/101/1158
f 129/101/1162 657/101/1163 658/101/1161 130/101/1160
f 128/101/1164 656/101/1165 657/101/1163 129/101/1162
f 127/101/1102 655/101/1101 656/101/1165 128/101/1164
f 96/101/1166 624/101/1167 580/101/1168 52/101/1169
f 52/101/1170 580/101/1171 645/101/1172 117/101/1173
f 117/101/1173 645/101/1172 646/101/1174 118/101/1175
f 118/101/1175 646/101/1174 647/101/1176 119/101/1177
f 119/101/1177 647/101/1176 648/101/1178 120/101/1179
f 120/101/1179 648/101/1178 649/101/1180 121/101/1181
f 121/101/1181 649/101/1180 650/101/1182 122/101/1183
f 122/101/1183 650/101/1182 651/101/1184 123/101/1185
f 123/101/1185 651/101/1184 652/101/1186 124/101/1187
f 124/101/1187 652/101/1186 653/101/1188 125/101/1189
f 125/101/1189 653/101/1188 654/101/1100 126/101/1099
f 67/101/1145 595/101/1144 596/101/1190 68/101/1191
f 95/101/1192 623/101/1193 624/101/1167 96/101/1166
f 68/101/1191 596/101/1190 597/101/1194 69/101/1195
f 94/101/1196 622/101/1196 623/101/1193 95/101/1192
f 69/101/1195 597/101/1194 598/101/1197 70/101/1198
f 93/101/1199 621/101/1200 622/101/1196 94/101/1196
f 70/101/1198 598/101/1197 599/101/1201 71/101/1202
f 92/101/1203 620/101/1204 621/101/1200 93/101/1199
f 71/101/1202 599/101/1201 600/101/1205 72/101/1206
f 91/101/1207 619/101/1208 620/101/1204 92/101/1203
f 72/101/1206 600/101/1205 601/101/1209 73/101/1210
f 90/101/1211 618/101/1212 619/101/1208 91/101/1207
f 73/101/1210 601/101/1209 602/101/1103 74/101/1103
f 89/101/1109 617/101/1108 618/101/1212 90/101/1211
f 50/101/1141 578/101/1140 610/101/1213 82/101/1214
f 81/101/1215 609/101/1216 593/101/1139 65/101/1138
f 82/101/1214 610/101/1213 611/101/1217 83/101/1218
f 80/101/1219 608/101/1220 609/101/1216 81/101/1215
f 83/101/1218 611/101/1217 612/101/1221 84/101/1222
f 79/101/1223 607/101/1224 608/101/1220 80/101/1219
f 84/101/1222 612/101/1221 613/101/1225 85/101/1226
f 78/101/1227 606/101/1228 607/101/1224 79/101/1223
f 85/101/1226 613/101/1225 614/101/1229 86/101/1230
f 77/101/1231 605/101/1232 606/101/1228 78/101/1227
f 86/101/1230 614/101/1229 615/101/1233 87/101/1234
f 76/101/1235 604/101/1236 605/101/1232 77/101/1231
f 87/101/1234 615/101/1233 616/101/1107 88/101/1106
f 75/101/1105 603/101/1104 604/101/1236 76/101/1235
f 1106/101/1237 1105/101/1238 1108/101/1239 1107/101/1240
f 1109/103/1241 1112/103/1242 1111/102/1243 1110/102/1244
f 1113/105/1245 1116/105/1246 1115/104/1247 1114/104/1248
f 1117/107/1249 1120/107/1250 1119/106/1251 1118/106/1252
f 1114/104/1248 1115/104/1247 2139/108/1253 2138/108/1254
f 1118/106/1252 1119/106/1251 1112/103/1242 1109/103/1241
f 1110/102/1244 1111/102/1243 1116/105/1246 1113/105/1245
f 1121/101/1255 1122/101/1256 1120/107/1250 1117/107/1249
f 1123/101/1257 1126/101/1258 1125/101/1259 1124/101/1260
f 1124/101/1260 1125/101/1259 1128/101/1261 1127/101/1262
f 1129/101/1263 1127/101/1262 1128/101/1261 1130/101/1264
f 1129/101/1263 1130/101/1264 1132/101/1265 1131/101/1266
f 1131/101/1266 1132/101/1265 1134/101/1267 1133/101/1268
f 1133/101/1268 1134/101/1267 1136/101/1269 1135/101/1270
f 1137/101/1271 1135/101/1270 1136/101/1269 1138/101/1272
f 1105/101/1238 1137/101/1271 1138/101/1272 1108/101/1239
f 1122/101/1256 1121/101/1255 1140/101/1273 1139/101/1274
f 1139/101/1274 1140/101/1273 1142/101/1275 1141/101/1276
f 1141/101/1276 1142/101/1275 1144/101/1277 1143/101/1278
f 1143/101/1278 1144/101/1277 1146/101/1279 1145/101/1280
f 1145/101/1280 1146/101/1279 1148/101/1281 1147/101/1282
f 1147/101/1282 1148/101/1281 1150/101/1283 1149/101/1284
f 1149/101/1284 1150/101/1283 1106/101/1237 1107/101/1240
f 1151/101/1285 1154/101/1286 1153/101/1287 1152/101/1288
f 1154/101/1286 1156/101/1289 1155/101/1290 1153/101/1287
f 1156/101/1289 1158/101/1291 1157/101/1292 1155/101/1290
f 1158/101/1291 1160/101/1293 1159/101/1294 1157/101/1292
f 1160/101/1293 1162/101/1295 1161/101/1296 1159/101/1294
f 1162/101/1295 1164/101/1297 1163/101/1298 1161/101/1296
f 1164/101/1297 1166/101/1299 1165/101/1300 1163/101/1298
f 1166/101/1299 1168/101/1301 1167/101/1302 1165/101/1300
f 1168/101/1301 1170/101/1303 1169/101/1304 1167/101/1302
f 1170/101/1303 1105/101/1238 1106/101/1237 1169/101/1304
f 1171/101/1305 1174/101/1306 1173/101/1307 1172/101/1308
f 1174/101/1306 1176/101/1309 1175/101/1310 1173/101/1307
f 1176/101/1309 1178/101/1311 1177/101/1312 1175/101/1310
f 1178/101/1311 1180/101/1313 1179/101/1314 1177/101/1312
f 1180/101/1313 1182/101/1315 1181/101/1316 1179/101/1314
f 1182/101/1315 1184/101/1317 1183/101/1318 1181/101/1316
f 1184/101/1317 1186/101/1319 1185/101/1320 1183/101/1318
f 1186/101/1319 1188/101/1321 1187/101/1322 1185/101/1320
f 1188/101/1321 1190/101/1323 1189/101/1324 1187/101/1322
f 1189/101/1324 1190/101/1323 1107/101/1240 1108/101/1239
f 1191/103/1325 1194/103/1326 1193/102/1327 1192/102/1328
f 1194/103/1326 1196/103/1329 1195/102/1330 1193/102/1327
f 1196/103/1329 1198/103/1331 1197/102/1332 1195/102/1330
f 1198/103/1331 1200/103/1333 1199/102/1334 1197/102/1332
f 1200/103/1333 1202/103/1335 1201/102/1336 1199/102/1334
f 1202/103/1335 1204/103/1337 1203/102/1338 1201/102/1336
f 1204/103/1337 1206/103/1339 1205/102/1340 1203/102/1338
f 1206/103/1339 1208/103/1341 1207/102/1342 1205/102/1340
f 1208/103/1341 1210/103/1343 1209/102/1344 1207/102/1342
f 1210/103/1343 1109/103/1241 1110/102/1244 1209/102/1344
f 1211/102/1345 1214/102/1346 1213/103/1347 1212/103/1348
f 1214/102/1346 1216/102/1349 1215/103/1350 1213/103/1347
f 1216/102/1349 1218/102/1351 1217/103/1352 1215/103/1350
f 1218/102/1351 1220/102/1353 1219/103/1354 1217/103/1352
f 1220/102/1353 1222/102/1355 1221/103/1356 1219/103/1354
f 1222/102/1355 1224/102/1357 1223/103/1358 1221/103/1356
f 1224/102/1357 1226/102/1359 1225/103/1360 1223/103/1358
f 1226/102/1359 1228/102/1361 1227/103/1362 1225/103/1360
f 1228/102/1361 1230/102/1363 1229/103/1364 1227/103/1362
f 1230/102/1363 1111/102/1243 1112/103/1242 1229/103/1364
f 1231/105/1365 1234/105/1366 1233/104/1367 1232/104/1368
f 1234/105/1366 1236/105/1366 1235/104/1369 1233/104/1367
f 1236/105/1366 1238/105/1370 1237/104/1371 1235/104/1369
f 1238/105/1370 1240/105/1372 1239/104/1373 1237/104/1371
f 1240/105/1372 1242/105/1374 1241/104/1373 1239/104/1373
f 1242/105/1374 1244/105/1375 1243/104/1376 1241/104/1373
f 1244/105/1375 1246/105/1377 1245/104/1378 1243/104/1376
f 1246/105/1377 1248/105/1379 1247/104/1248 1245/104/1378
f 1248/105/1379 1250/105/1372 1249/104/1378 1247/104/1248
f 1250/105/1372 1113/105/1245 1114/104/1248 1249/104/1378
f 1251/104/1376 1254/104/1380 1253/105/1381 1252/105/1382
f 1254/104/1380 1256/104/1383 1255/105/1384 1253/105/1381
f 1256/104/1383 1258/104/1385 1257/105/1386 1255/105/1384
f 1258/104/1385 1260/104/1387 1259/105/1388 1257/105/1386
f 1260/104/1387 1262/104/1389 1261/105/1390 1259/105/1388
f 1262/104/1389 1264/104/1391 1263/105/1392 1261/105/1390
f 1264/104/1391 1266/104/1393 1265/105/1394 1263/105/1392
f 1266/104/1393 1268/104/1395 1267/105/1396 1265/105/1394
f 1268/104/1395 1270/104/1397 1269/105/1398 1267/105/1396
f 1270/104/1397 1115/104/1247 1116/105/1246 1269/105/1398
f 1271/107/1399 1274/107/1400 1273/106/1401 1272/106/1402
f 1274/107/1400 1276/107/1403 1275/106/1404 1273/106/1401
f 1276/107/1403 1278/107/1405 1277/106/1406 1275/106/1404
f 1278/107/1405 1280/107/1407 1279/106/1408 1277/106/1406
f 1280/107/1407 1282/107/1409 1281/106/1410 1279/106/1408
f 1282/107/1409 1284/107/1411 1283/106/1412 1281/106/1410
f 1284/107/1411 1286/107/1413 1285/106/1414 1283/106/1412
f 1286/107/1413 1288/107/1415 1287/106/1416 1285/106/1414
f 1288/107/1415 1290/107/1417 1289/106/1418 1287/106/1416
f 1290/107/1417 1117/107/1249 1118/106/1252 1289/106/1418
f 1291/106/1419 1294/106/1420 1293/107/1421 1292/107/1422
f 1294/106/1420 1296/106/1423 1295/107/1424 1293/107/1421
f 1296/106/1423 1298/106/1425 1297/107/1426 1295/107/1424
f 1298/106/1425 1300/106/1427 1299/107/1428 1297/107/1426
f 1300/106/1427 1302/106/1429 1301/107/1430 1299/107/1428
f 1302/106/1429 1304/106/1431 1303/107/1432 1301/107/1430
f 1304/106/1431 1306/106/1433 1305/107/1434 1303/107/1432
f 1306/106/1433 1308/106/1435 1307/107/1436 1305/107/1434
f 1308/106/1435 1310/106/1437 1309/107/1438 1307/107/1436
f 1310/106/1437 1119/106/1251 1120/107/1250 1309/107/1438
f 1232/104/1368 1233/104/1367 2140/108/1439 2160/108/1440
f 1233/104/1367 1235/104/1369 2141/108/1441 2140/108/1439
f 1235/104/1369 1237/104/1371 2142/108/1442 2141/108/1441
f 1237/104/1371 1239/104/1373 2143/108/1439 2142/108/1442
f 1239/104/1373 1241/104/1373 2144/108/1439 2143/108/1439
f 1241/104/1373 1243/104/1376 2145/108/1442 2144/108/1439
f 1243/104/1376 1245/104/1378 2146/108/1442 2145/108/1442
f 1245/104/1378 1247/104/1248 2147/108/1439 2146/108/1442
f 1247/104/1248 1249/104/1378 2148/108/1442 2147/108/1439
f 1249/104/1378 1114/104/1248 2138/108/1254 2148/108/1442
f 1311/108/1443 2149/108/1253 1254/104/1380 1251/104/1376
f 2149/108/1253 2150/108/1444 1256/104/1383 1254/104/1380
f 2150/108/1444 2151/108/1445 1258/104/1385 1256/104/1383
f 2151/108/1445 2152/108/1445 1260/104/1387 1258/104/1385
f 2152/108/1445 2153/108/1446 1262/104/1389 1260/104/1387
f 2153/108/1446 2154/108/1445 1264/104/1391 1262/104/1389
f 2154/108/1445 2155/108/1447 1266/104/1393 1264/104/1391
f 2155/108/1447 2156/108/1442 1268/104/1395 1266/104/1393
f 2156/108/1442 2157/108/1442 1270/104/1397 1268/104/1395
f 2157/108/1442 2139/108/1253 1115/104/1247 1270/104/1397
f 1272/106/1402 1273/106/1401 1194/103/1326 1191/103/1325
f 1273/106/1401 1275/106/1404 1196/103/1329 1194/103/1326
f 1275/106/1404 1277/106/1406 1198/103/1331 1196/103/1329
f 1277/106/1406 1279/106/1408 1200/103/1333 1198/103/1331
f 1279/106/1408 1281/106/1410 1202/103/1335 1200/103/1333
f 1281/106/1410 1283/106/1412 1204/103/1337 1202/103/1335
f 1283/106/1412 1285/106/1414 1206/103/1339 1204/103/1337
f 1285/106/1414 1287/106/1416 1208/103/1341 1206/103/1339
f 1287/106/1416 1289/106/1418 1210/103/1343 1208/103/1341
f 1289/106/1418 1118/106/1252 1109/103/1241 1210/103/1343
f 1212/103/1348 1213/103/1347 1294/106/1420 1291/106/1419
f 1213/103/1347 1215/103/1350 1296/106/1423 1294/106/1420
f 1215/103/1350 1217/103/1352 1298/106/1425 1296/106/1423
f 1217/103/1352 1219/103/1354 1300/106/1427 1298/106/1425
f 1219/103/1354 1221/103/1356 1302/106/1429 1300/106/1427
f 1221/103/1356 1223/103/1358 1304/106/1431 1302/106/1429
f 1223/103/1358 1225/103/1360 1306/106/1433 1304/106/1431
f 1225/103/1360 1227/103/1362 1308/106/1435 1306/106/1433
f 1227/103/1362 1229/103/1364 1310/106/1437 1308/106/1435
f 1229/103/1364 1112/103/1242 1119/106/1251 1310/106/1437
f 1192/102/1328 1193/102/1327 1234/105/1366 1231/105/1365
f 1193/102/1327 1195/102/1330 1236/105/1366 1234/105/1366
f 1195/102/1330 1197/102/1332 1238/105/1370 1236/105/1366
f 1197/102/1332 1199/102/1334 1240/105/1372 1238/105/1370
f 1199/102/1334 1201/102/1336 1242/105/1374 1240/105/1372
f 1201/102/1336 1203/102/1338 1244/105/1375 1242/105/1374
f 1203/102/1338 1205/102/1340 1246/105/1377 1244/105/1375
f 1205/102/1340 1207/102/1342 1248/105/1379 1246/105/1377
f 1207/102/1342 1209/102/1344 1250/105/1372 1248/105/1379
f 1209/102/1344 1110/102/1244 1113/105/1245 1250/105/1372
f 1252/105/1382 1253/105/1381 1214/102/1346 1211/102/1345
f 1253/105/1381 1255/105/1384 1216/102/1349 1214/102/1346
f 1255/105/1384 1257/105/1386 1218/102/1351 1216/102/1349
f 1257/105/1386 1259/105/1388 1220/102/1353 1218/102/1351
f 1259/105/1388 1261/105/1390 1222/102/1355 1220/102/1353
f 1261/105/1390 1263/105/1392 1224/102/1357 1222/102/1355
f 1263/105/1392 1265/105/1394 1226/102/1359 1224/102/1357
f 1265/105/1394 1267/105/1396 1228/102/1361 1226/102/1359
f 1267/105/1396 1269/105/1398 1230/102/1363 1228/102/1361
f 1269/105/1398 1116/105/1246 1111/102/1243 1230/102/1363
f 1312/101/1448 1313/101/1449 1274/107/1400 1271/107/1399
f 1313/101/1449 1314/101/1450 1276/107/1403 1274/107/1400
f 1314/101/1450 1315/101/1451 1278/107/1405 1276/107/1403
f 1315/101/1451 1316/101/1452 1280/107/1407 1278/107/1405
f 1316/101/1452 1317/101/1453 1282/107/1409 1280/107/1407
f 1317/101/1453 1318/101/1454 1284/107/1411 1282/107/1409
f 1318/101/1454 1319/101/1455 1286/107/1413 1284/107/1411
f 1319/101/1455 1320/101/1456 1288/107/1415 1286/107/1413
f 1320/101/1456 1321/101/1457 1290/107/1417 1288/107/1415
f 1321/101/1457 1121/101/1255 1117/107/1249 1290/107/1417
f 1292/107/1422 1293/107/1421 1323/101/1458 1322/101/1459
f 1293/107/1421 1295/107/1424 1324/101/1460 1323/101/1458
f 1295/107/1424 1297/107/1426 1325/101/1461 1324/101/1460
f 1297/107/1426 1299/107/1428 1326/101/1462 1325/101/1461
f 1299/107/1428 1301/107/1430 1327/101/1463 1326/101/1462
f 1301/107/1430 1303/107/1432 1328/101/1464 1327/101/1463
f 1303/107/1432 1305/107/1434 1329/101/1465 1328/101/1464
f 1305/107/1434 1307/107/1436 1330/101/1466 1329/101/1465
f 1307/107/1436 1309/107/1438 1331/101/1467 1330/101/1466
f 1309/107/1438 1120/107/1250 1122/101/1256 1331/101/1467
f 1333/101/1468 1332/101/1469 1335/101/1470 1334/101/1471
f 1335/101/1470 1337/101/1472 1336/101/1473 1334/101/1471
f 1337/101/1472 1339/101/1474 1338/101/1475 1336/101/1473
f 1338/101/1475 1339/101/1474 1341/101/1476 1340/101/1477
f 1340/101/1477 1341/101/1476 1343/101/1478 1342/101/1479
f 1342/101/1479 1343/101/1478 1345/101/1480 1344/101/1481
f 1344/101/1481 1345/101/1480 1347/101/1482 1346/101/1483
f 1347/101/1482 1349/101/1484 1348/101/1485 1346/101/1483
f 1349/101/1484 1351/101/1486 1350/101/1487 1348/101/1485
f 1351/101/1486 1123/101/1257 1124/101/1260 1350/101/1487
f 1352/101/1488 1355/101/1489 1354/101/1490 1353/101/1491
f 1355/101/1489 1357/101/1492 1356/101/1493 1354/101/1490
f 1357/101/1492 1359/101/1494 1358/101/1495 1356/101/1493
f 1359/101/1494 1361/101/1496 1360/101/1497 1358/101/1495
f 1361/101/1496 1363/101/1498 1362/101/1499 1360/101/1497
f 1363/101/1498 1365/101/1500 1364/101/1501 1362/101/1499
f 1365/101/1500 1367/101/1502 1366/101/1503 1364/101/1501
f 1367/101/1502 1369/101/1504 1368/101/1505 1366/101/1503
f 1369/101/1504 1371/101/1506 1370/101/1507 1368/101/1505
f 1371/101/1506 1125/101/1259 1126/101/1258 1370/101/1507
f 1372/101/1508 1333/101/1468 1334/101/1471 1373/101/1509
f 1334/101/1471 1336/101/1473 1374/101/1510 1373/101/1509
f 1336/101/1473 1338/101/1475 1375/101/1511 1374/101/1510
f 1375/101/1511 1338/101/1475 1340/101/1477 1376/101/1512
f 1376/101/1512 1340/101/1477 1342/101/1479 1377/101/1513
f 1377/101/1513 1342/101/1479 1344/101/1481 1378/101/1514
f 1378/101/1514 1344/101/1481 1346/101/1483 1379/101/1515
f 1346/101/1483 1348/101/1485 1380/101/1516 1379/101/1515
f 1348/101/1485 1350/101/1487 1381/101/1517 1380/101/1516
f 1350/101/1487 1124/101/1260 1127/101/1262 1381/101/1517
f 1382/101/1518 1383/101/1519 1355/101/1489 1352/101/1488
f 1383/101/1519 1384/101/1520 1357/101/1492 1355/101/1489
f 1384/101/1520 1385/101/1521 1359/101/1494 1357/101/1492
f 1385/101/1521 1386/101/1522 1361/101/1496 1359/101/1494
f 1386/101/1522 1387/101/1523 1363/101/1498 1361/101/1496
f 1387/101/1523 1388/101/1524 1365/101/1500 1363/101/1498
f 1388/101/1524 1389/101/1525 1367/101/1502 1365/101/1500
f 1389/101/1525 1390/101/1526 1369/101/1504 1367/101/1502
f 1390/101/1526 1391/101/1527 1371/101/1506 1369/101/1504
f 1391/101/1527 1128/101/1261 1125/101/1259 1371/101/1506
f 1392/101/1528 1372/101/1508 1373/101/1509 1393/101/1529
f 1373/101/1509 1374/101/1510 1394/101/1530 1393/101/1529
f 1394/101/1530 1374/101/1510 1375/101/1511 1395/101/1531
f 1395/101/1531 1375/101/1511 1376/101/1512 1396/101/1532
f 1396/101/1532 1376/101/1512 1377/101/1513 1397/101/1533
f 1397/101/1533 1377/101/1513 1378/101/1514 1398/101/1534
f 1378/101/1514 1379/101/1515 1399/101/1535 1398/101/1534
f 1379/101/1515 1380/101/1516 1400/101/1536 1399/101/1535
f 1400/101/1536 1380/101/1516 1381/101/1517 1401/101/1537
f 1401/101/1537 1381/101/1517 1127/101/1262 1129/101/1263
f 1402/101/1538 1403/101/1539 1383/101/1519 1382/101/1518
f 1403/101/1539 1404/101/1540 1384/101/1520 1383/101/1519
f 1404/101/1540 1405/101/1541 1385/101/1521 1384/101/1520
f 1405/101/1541 1406/101/1542 1386/101/1522 1385/101/1521
f 1406/101/1542 1407/101/1543 1387/101/1523 1386/101/1522
f 1407/101/1543 1408/101/1544 1388/101/1524 1387/101/1523
f 1408/101/1544 1409/101/1545 1389/101/1525 1388/101/1524
f 1409/101/1545 1410/101/1546 1390/101/1526 1389/101/1525
f 1410/101/1546 1411/101/1547 1391/101/1527 1390/101/1526
f 1411/101/1547 1130/101/1264 1128/101/1261 1391/101/1527
f 1392/101/1528 1393/101/1529 1413/101/1548 1412/101/1549
f 1393/101/1529 1394/101/1530 1414/101/1550 1413/101/1548
f 1414/101/1550 1394/101/1530 1395/101/1531 1415/101/1551
f 1415/101/1551 1395/101/1531 1396/101/1532 1416/101/1552
f 1416/101/1552 1396/101/1532 1397/101/1533 1417/101/1553
f 1417/101/1553 1397/101/1533 1398/101/1534 1418/101/1554
f 1398/101/1534 1399/101/1535 1419/101/1555 1418/101/1554
f 1419/101/1555 1399/101/1535 1400/101/1536 1420/101/1556
f 1420/101/1556 1400/101/1536 1401/101/1537 1421/101/1557
f 1421/101/1557 1401/101/1537 1129/101/1263 1131/101/1266
f 1422/101/1558 1423/101/1559 1403/101/1539 1402/101/1538
f 1423/101/1559 1424/101/1560 1404/101/1540 1403/101/1539
f 1424/101/1560 1425/101/1561 1405/101/1541 1404/101/1540
f 1405/101/1541 1425/101/1561 1426/101/1562 1406/101/1542
f 1426/101/1562 1427/101/1563 1407/101/1543 1406/101/1542
f 1427/101/1563 1428/101/1564 1408/101/1544 1407/101/1543
f 1428/101/1564 1429/101/1565 1409/101/1545 1408/101/1544
f 1429/101/1565 1430/101/1566 1410/101/1546 1409/101/1545
f 1430/101/1566 1431/101/1567 1411/101/1547 1410/101/1546
f 1431/101/1567 1132/101/1265 1130/101/1264 1411/101/1547
f 1412/101/1549 1413/101/1548 1433/101/1568 1432/101/1569
f 1433/101/1568 1413/101/1548 1414/101/1550 1434/101/1570
f 1434/101/1570 1414/101/1550 1415/101/1551 1435/101/1571
f 1435/101/1571 1415/101/1551 1416/101/1552 1436/101/1572
f 1436/101/1572 1416/101/1552 1417/101/1553 1437/101/1573
f 1417/101/1553 1418/101/1554 1438/101/1574 1437/101/1573
f 1418/101/1554 1419/101/1555 1439/101/1575 1438/101/1574
f 1439/101/1575 1419/101/1555 1420/101/1556 1440/101/1576
f 1440/101/1576 1420/101/1556 1421/101/1557 1441/101/1577
f 1421/101/1557 1131/101/1266 1133/101/1268 1441/101/1577
f 1442/101/1578 1443/101/1579 1423/101/1559 1422/101/1558
f 1443/101/1579 1444/101/1580 1424/101/1560 1423/101/1559
f 1444/101/1580 1445/101/1581 1425/101/1561 1424/101/1560
f 1445/101/1581 1446/101/1582 1426/101/1562 1425/101/1561
f 1446/101/1582 1447/101/1583 1427/101/1563 1426/101/1562
f 1447/101/1583 1448/101/1584 1428/101/1564 1427/101/1563
f 1448/101/1584 1449/101/1585 1429/101/1565 1428/101/1564
f 1449/101/1585 1450/101/1586 1430/101/1566 1429/101/1565
f 1450/101/1586 1451/101/1587 1431/101/1567 1430/101/1566
f 1451/101/1587 1134/101/1267 1132/101/1265 1431/101/1567
f 1432/101/1569 1433/101/1568 1453/101/1588 1452/101/1589
f 1453/101/1588 1433/101/1568 1434/101/1570 1454/101/1590
f 1454/101/1590 1434/101/1570 1435/101/1571 1455/101/1591
f 1455/101/1591 1435/101/1571 1436/101/1572 1456/101/1592
f 1436/101/1572 1437/101/1573 1457/101/1593 1456/101/1592
f 1437/101/1573 1438/101/1574 1458/101/1594 1457/101/1593
f 1458/101/1594 1438/101/1574 1439/101/1575 1459/101/1595
f 1459/101/1595 1439/101/1575 1440/101/1576 1460/101/1596
f 1440/101/1576 1441/101/1577 1461/101/1597 1460/101/1596
f 1441/101/1577 1133/101/1268 1135/101/1270 1461/101/1597
f 1462/101/1598 1463/101/1599 1443/101/1579 1442/101/1578
f 1463/101/1599 1464/101/1600 1444/101/1580 1443/101/1579
f 1464/101/1600 1465/101/1601 1445/101/1581 1444/101/1580
f 1465/101/1601 1466/101/1602 1446/101/1582 1445/101/1581
f 1466/101/1602 1467/101/1603 1447/101/1583 1446/101/1582
f 1467/101/1603 1468/101/1604 1448/101/1584 1447/101/1583
f 1468/101/1604 1469/101/1605 1449/101/1585 1448/101/1584
f 1469/101/1605 1470/101/1606 1450/101/1586 1449/101/1585
f 1450/101/1586 1470/101/1606 1471/101/1607 1451/101/1587
f 1451/101/1587 1471/101/1607 1136/101/1269 1134/101/1267
f 1452/101/1589 1453/101/1588 1473/101/1608 1472/101/1609
f 1473/101/1608 1453/101/1588 1454/101/1590 1474/101/1610
f 1454/101/1590 1455/101/1591 1475/101/1611 1474/101/1610
f 1455/101/1591 1456/101/1592 1476/101/1612 1475/101/1611
f 1456/101/1592 1457/101/1593 1477/101/1613 1476/101/1612
f 1457/101/1593 1458/101/1594 1478/101/1614 1477/101/1613
f 1478/101/1614 1458/101/1594 1459/101/1595 1479/101/1615
f 1459/101/1595 1460/101/1596 1480/101/1616 1479/101/1615
f 1460/101/1596 1461/101/1597 1481/101/1617 1480/101/1616
f 1461/101/1597 1135/101/1270 1137/101/1271 1481/101/1617
f 1482/101/1618 1483/101/1619 1463/101/1599 1462/101/1598
f 1483/101/1619 1484/101/1620 1464/101/1600 1463/101/1599
f 1484/101/1620 1485/101/1621 1465/101/1601 1464/101/1600
f 1485/101/1621 1486/101/1622 1466/101/1602 1465/101/1601
f 1486/101/1622 1487/101/1623 1467/101/1603 1466/101/1602
f 1487/101/1623 1488/101/1624 1468/101/1604 1467/101/1603
f 1488/101/1624 1489/101/1625 1469/101/1605 1468/101/1604
f 1489/101/1625 1490/101/1626 1470/101/1606 1469/101/1605
f 1470/101/1606 1490/101/1626 1491/101/1627 1471/101/1607
f 1471/101/1607 1491/101/1627 1138/101/1272 1136/101/1269
f 1472/101/1609 1473/101/1608 1154/101/1286 1151/101/1285
f 1473/101/1608 1474/101/1610 1156/101/1289 1154/101/1286
f 1474/101/1610 1475/101/1611 1158/101/1291 1156/101/1289
f 1475/101/1611 1476/101/1612 1160/101/1293 1158/101/1291
f 1476/101/1612 1477/101/1613 1162/101/1295 1160/101/1293
f 1162/101/1295 1477/101/1613 1478/101/1614 1164/101/1297
f 1164/101/1297 1478/101/1614 1479/101/1615 1166/101/1299
f 1479/101/1615 1480/101/1616 1168/101/1301 1166/101/1299
f 1480/101/1616 1481/101/1617 1170/101/1303 1168/101/1301
f 1481/101/1617 1137/101/1271 1105/101/1238 1170/101/1303
f 1172/101/1308 1173/101/1307 1483/101/1619 1482/101/1618
f 1173/101/1307 1175/101/1310 1484/101/1620 1483/101/1619
f 1175/101/1310 1177/101/1312 1485/101/1621 1484/101/1620
f 1177/101/1312 1179/101/1314 1486/101/1622 1485/101/1621
f 1179/101/1314 1181/101/1316 1487/101/1623 1486/101/1622
f 1181/101/1316 1183/101/1318 1488/101/1624 1487/101/1623
f 1183/101/1318 1185/101/1320 1489/101/1625 1488/101/1624
f 1185/101/1320 1187/101/1322 1490/101/1626 1489/101/1625
f 1187/101/1322 1189/101/1324 1491/101/1627 1490/101/1626
f 1491/101/1627 1189/101/1324 1108/101/1239 1138/101/1272
f 1322/101/1459 1323/101/1458 1493/101/1628 1492/101/1629
f 1323/101/1458 1324/101/1460 1494/101/1630 1493/101/1628
f 1324/101/1460 1325/101/1461 1495/101/1631 1494/101/1630
f 1325/101/1461 1326/101/1462 1496/101/1632 1495/101/1631
f 1326/101/1462 1327/101/1463 1497/101/1633 1496/101/1632
f 1327/101/1463 1328/101/1464 1498/101/1634 1497/101/1633
f 1328/101/1464 1329/101/1465 1499/101/1635 1498/101/1634
f 1329/101/1465 1330/101/1466 1500/101/1636 1499/101/1635
f 1330/101/1466 1331/101/1467 1501/101/1637 1500/101/1636
f 1331/101/1467 1122/101/1256 1139/101/1274 1501/101/1637
f 1502/101/1638 1503/101/1639 1313/101/1449 1312/101/1448
f 1503/101/1639 1504/101/1640 1314/101/1450 1313/101/1449
f 1504/101/1640 1505/101/1641 1315/101/1451 1314/101/1450
f 1505/101/1641 1506/101/1642 1316/101/1452 1315/101/1451
f 1506/101/1642 1507/101/1643 1317/101/1453 1316/101/1452
f 1507/101/1643 1508/101/1644 1318/101/1454 1317/101/1453
f 1508/101/1644 1509/101/1645 1319/101/1455 1318/101/1454
f 1509/101/1645 1510/101/1646 1320/101/1456 1319/101/1455
f 1510/101/1646 1511/101/1647 1321/101/1457 1320/101/1456
f 1511/101/1647 1140/101/1273 1121/101/1255 1321/101/1457
f 1492/101/1629 1493/101/1628 1513/101/1648 1512/101/1649
f 1493/101/1628 1494/101/1630 1514/101/1650 1513/101/1648
f 1494/101/1630 1495/101/1631 1515/101/1651 1514/101/1650
f 1495/101/1631 1496/101/1632 1516/101/1652 1515/101/1651
f 1496/101/1632 1497/101/1633 1517/101/1653 1516/101/1652
f 1497/101/1633 1498/101/1634 1518/101/1654 1517/101/1653
f 1498/101/1634 1499/101/1635 1519/101/1655 1518/101/1654
f 1499/101/1635 1500/101/1636 1520/101/1656 1519/101/1655
f 1500/101/1636 1501/101/1637 1521/101/1657 1520/101/1656
f 1501/101/1637 1139/101/1274 1141/101/1276 1521/101/1657
f 1522/101/1658 1523/101/1659 1503/101/1639 1502/101/1638
f 1523/101/1659 1524/101/1660 1504/101/1640 1503/101/1639
f 1524/101/1660 1525/101/1661 1505/101/1641 1504/101/1640
f 1525/101/1661 1526/101/1662 1506/101/1642 1505/101/1641
f 1526/101/1662 1527/101/1663 1507/101/1643 1506/101/1642
f 1527/101/1663 1528/101/1664 1508/101/1644 1507/101/1643
f 1528/101/1664 1529/101/1665 1509/101/1645 1508/101/1644
f 1529/101/1665 1530/101/1666 1510/101/1646 1509/101/1645
f 1530/101/1666 1531/101/1667 1511/101/1647 1510/101/1646
f 1531/101/1667 1142/101/1275 1140/101/1273 1511/101/1647
f 1512/101/1649 1513/101/1648 1533/101/1668 1532/101/1669
f 1513/101/1648 1514/101/1650 1534/101/1670 1533/101/1668
f 1514/101/1650 1515/101/1651 1535/101/1671 1534/101/1670
f 1515/101/1651 1516/101/1652 1536/101/1672 1535/101/1671
f 1516/101/1652 1517/101/1653 1537/101/1673 1536/101/1672
f 1517/101/1653 1518/101/1654 1538/101/1674 1537/101/1673
f 1518/101/1654 1519/101/1655 1539/101/1675 1538/101/1674
f 1519/101/1655 1520/101/1656 1540/101/1676 1539/101/1675
f 1520/101/1656 1521/101/1657 1541/101/1677 1540/101/1676
f 1521/101/1657 1141/101/1276 1143/101/1278 1541/101/1677
f 1522/101/1658 1542/101/1678 1543/101/1679 1523/101/1659
f 1523/101/1659 1543/101/1679 1544/101/1680 1524/101/1660
f 1544/101/1680 1545/101/1681 1525/101/1661 1524/101/1660
f 1545/101/1681 1546/101/1682 1526/101/1662 1525/101/1661
f 1546/101/1682 1547/101/1683 1527/101/1663 1526/101/1662
f 1547/101/1683 1548/101/1684 1528/101/1664 1527/101/1663
f 1548/101/1684 1549/101/1685 1529/101/1665 1528/101/1664
f 1549/101/1685 1550/101/1686 1530/101/1666 1529/101/1665
f 1550/101/1686 1551/101/1687 1531/101/1667 1530/101/1666
f 1551/101/1687 1144/101/1277 1142/101/1275 1531/101/1667
f 1532/101/1669 1533/101/1668 1553/101/1688 1552/101/1689
f 1533/101/1668 1534/101/1670 1554/101/1690 1553/101/1688
f 1534/101/1670 1535/101/1671 1555/101/1691 1554/101/1690
f 1535/101/1671 1536/101/1672 1556/101/1692 1555/101/1691
f 1536/101/1672 1537/101/1673 1557/101/1693 1556/101/1692
f 1537/101/1673 1538/101/1674 1558/101/1694 1557/101/1693
f 1538/101/1674 1539/101/1675 1559/101/1695 1558/101/1694
f 1539/101/1675 1540/101/1676 1560/101/1696 1559/101/1695
f 1540/101/1676 1541/101/1677 1561/101/1697 1560/101/1696
f 1541/101/1677 1143/101/1278 1145/101/1280 1561/101/1697
f 1542/101/1678 1562/101/1698 1563/101/1699 1543/101/1679
f 1563/101/1699 1564/101/1700 1544/101/1680 1543/101/1679
f 1564/101/1700 1565/101/1701 1545/101/1681 1544/101/1680
f 1565/101/1701 1566/101/1702 1546/101/1682 1545/101/1681
f 1566/101/1702 1567/101/1703 1547/101/1683 1546/101/1682
f 1567/101/1703 1568/101/1704 1548/101/1684 1547/101/1683
f 1568/101/1704 1569/101/1705 1549/101/1685 1548/101/1684
f 1569/101/1705 1570/101/1706 1550/101/1686 1549/101/1685
f 1570/101/1706 1571/101/1707 1551/101/1687 1550/101/1686
f 1571/101/1707 1146/101/1279 1144/101/1277 1551/101/1687
f 1552/101/1689 1553/101/1688 1573/101/1708 1572/101/1709
f 1553/101/1688 1554/101/1690 1574/101/1710 1573/101/1708
f 1554/101/1690 1555/101/1691 1575/101/1711 1574/101/1710
f 1555/101/1691 1556/101/1692 1576/101/1712 1575/101/1711
f 1576/101/1712 1556/101/1692 1557/101/1693 1577/101/1713
f 1577/101/1713 1557/101/1693 1558/101/1694 1578/101/1714
f 1558/101/1694 1559/101/1695 1579/101/1715 1578/101/1714
f 1559/101/1695 1560/101/1696 1580/101/1716 1579/101/1715
f 1560/101/1696 1561/101/1697 1581/101/1717 1580/101/1716
f 1561/101/1697 1145/101/1280 1147/101/1282 1581/101/1717
f 1582/101/1718 1583/101/1719 1563/101/1699 1562/101/1698
f 1583/101/1719 1584/101/1720 1564/101/1700 1563/101/1699
f 1584/101/1720 1585/101/1721 1565/101/1701 1564/101/1700
f 1585/101/1721 1586/101/1722 1566/101/1702 1565/101/1701
f 1586/101/1722 1587/101/1723 1567/101/1703 1566/101/1702
f 1587/101/1723 1588/101/1724 1568/101/1704 1567/101/1703
f 1588/101/1724 1589/101/1725 1569/101/1705 1568/101/1704
f 1589/101/1725 1590/101/1726 1570/101/1706 1569/101/1705
f 1590/101/1726 1591/101/1727 1571/101/1707 1570/101/1706
f 1591/101/1727 1148/101/1281 1146/101/1279 1571/101/1707
f 1572/101/1709 1573/101/1708 1593/101/1728 1592/101/1729
f 1573/101/1708 1574/101/1710 1594/101/1730 1593/101/1728
f 1574/101/1710 1575/101/1711 1595/101/1731 1594/101/1730
f 1575/101/1711 1576/101/1712 1596/101/1732 1595/101/1731
f 1596/101/1732 1576/101/1712 1577/101/1713 1597/101/1733
f 1597/101/1733 1577/101/1713 1578/101/1714 1598/101/1734
f 1578/101/1714 1579/101/1715 1599/101/1735 1598/101/1734
f 1579/101/1715 1580/101/1716 1600/101/1736 1599/101/1735
f 1580/101/1716 1581/101/1717 1601/101/1737 1600/101/1736
f 1581/101/1717 1147/101/1282 1149/101/1284 1601/101/1737
f 1602/101/1738 1603/101/1739 1583/101/1719 1582/101/1718
f 1603/101/1739 1604/101/1740 1584/101/1720 1583/101/1719
f 1604/101/1740 1605/101/1741 1585/101/1721 1584/101/1720
f 1605/101/1741 1606/101/1742 1586/101/1722 1585/101/1721
f 1606/101/1742 1607/101/1743 1587/101/1723 1586/101/1722
f 1607/101/1743 1608/101/1744 1588/101/1724 1587/101/1723
f 1608/101/1744 1609/101/1745 1589/101/1725 1588/101/1724
f 1609/101/1745 1610/101/1746 1590/101/1726 1589/101/1725
f 1610/101/1746 1611/101/1747 1591/101/1727 1590/101/1726
f 1611/101/1747 1150/101/1283 1148/101/1281 1591/101/1727
f 1592/101/1729 1593/101/1728 1174/101/1306 1171/101/1305
f 1593/101/1728 1594/101/1730 1176/101/1309 1174/101/1306
f 1594/101/1730 1595/101/1731 1178/101/1311 1176/101/1309
f 1595/101/1731 1596/101/1732 1180/101/1313 1178/101/1311
f 1596/101/1732 1597/101/1733 1182/101/1315 1180/101/1313
f 1597/101/1733 1598/101/1734 1184/101/1317 1182/101/1315
f 1598/101/1734 1599/101/1735 1186/101/1319 1184/101/1317
f 1599/101/1735 1600/101/1736 1188/101/1321 1186/101/1319
f 1600/101/1736 1601/101/1737 1190/101/1323 1188/101/1321
f 1601/101/1737 1149/101/1284 1107/101/1240 1190/101/1323
f 1152/101/1288 1153/101/1287 1603/101/1739 1602/101/1738
f 1153/101/1287 1155/101/1290 1604/101/1740 1603/101/1739
f 1155/101/1290 1157/101/1292 1605/101/1741 1604/101/1740
f 1157/101/1292 1159/101/1294 1606/101/1742 1605/101/1741
f 1159/101/1294 1161/101/1296 1607/101/1743 1606/101/1742
f 1161/101/1296 1163/101/1298 1608/101/1744 1607/101/1743
f 1163/101/1298 1165/101/1300 1609/101/1745 1608/101/1744
f 1165/101/1300 1167/101/1302 1610/101/1746 1609/101/1745
f 1167/101/1302 1169/101/1304 1611/101/1747 1610/101/1746
f 1169/101/1304 1106/101/1237 1150/101/1283 1611/101/1747
f 1613/101/1748 1612/101/1749 1615/101/1750 1614/101/1751
f 1616/102/1752 1619/103/1753 1618/103/1754 1617/102/1755
f 1620/104/1756 1623/105/1757 1622/105/1758 1621/104/1759
f 1624/106/1760 1627/107/1761 1626/107/1762 1625/106/1763
f 1628/108/1764 1620/104/1756 1621/104/1759 1629/108/1765
f 1619/103/1753 1624/106/1760 1625/106/1763 1618/103/1754
f 1623/105/1757 1616/102/1752 1617/102/1755 1622/105/1758
f 1627/107/1761 1631/101/1766 1630/101/1767 1626/107/1762
f 1632/101/1768 1635/101/1769 1634/101/1770 1633/101/1771
f 1636/101/1772 1632/101/1768 1633/101/1771 1637/101/1773
f 1639/101/1774 1638/101/1775 1636/101/1772 1637/101/1773
f 1640/101/1776 1638/101/1775 1639/101/1774 1641/101/1777
f 1642/101/1778 1640/101/1776 1641/101/1777 1643/101/1779
f 1644/101/1780 1642/101/1778 1643/101/1779 1645/101/1781
f 1646/101/1782 1644/101/1780 1645/101/1781 1647/101/1783
f 1614/101/1751 1615/101/1750 1646/101/1782 1647/101/1783
f 1648/101/1784 1630/101/1767 1631/101/1766 1649/101/1785
f 1650/101/1786 1648/101/1784 1649/101/1785 1651/101/1787
f 1652/101/1788 1650/101/1786 1651/101/1787 1653/101/1789
f 1654/101/1790 1652/101/1788 1653/101/1789 1655/101/1791
f 1656/101/1792 1654/101/1790 1655/101/1791 1657/101/1793
f 1658/101/1794 1656/101/1792 1657/101/1793 1659/101/1795
f 1613/101/1748 1658/101/1794 1659/101/1795 1612/101/1749
f 1660/101/1796 1663/101/1797 1662/101/1798 1661/101/1799
f 1664/101/1800 1665/101/1801 1663/101/1797 1660/101/1796
f 1666/101/1802 1667/101/1803 1665/101/1801 1664/101/1800
f 1668/101/1804 1669/101/1805 1667/101/1803 1666/101/1802
f 1670/101/1806 1671/101/1807 1669/101/1805 1668/101/1804
f 1672/101/1808 1673/101/1809 1671/101/1807 1670/101/1806
f 1674/101/1810 1675/101/1811 1673/101/1809 1672/101/1808
f 1676/101/1812 1677/101/1813 1675/101/1811 1674/101/1810
f 1678/101/1814 1679/101/1815 1677/101/1813 1676/101/1812
f 1613/101/1748 1614/101/1751 1679/101/1815 1678/101/1814
f 1680/101/1816 1683/101/1817 1682/101/1818 1681/101/1819
f 1684/101/1820 1685/101/1821 1683/101/1817 1680/101/1816
f 1686/101/1822 1687/101/1823 1685/101/1821 1684/101/1820
f 1688/101/1824 1689/101/1825 1687/101/1823 1686/101/1822
f 1690/101/1826 1691/101/1827 1689/101/1825 1688/101/1824
f 1692/101/1828 1693/101/1829 1691/101/1827 1690/101/1826
f 1694/101/1830 1695/101/1831 1693/101/1829 1692/101/1828
f 1696/101/1832 1697/101/1833 1695/101/1831 1694/101/1830
f 1698/101/1834 1699/101/1835 1697/101/1833 1696/101/1832
f 1698/101/1834 1615/101/1750 1612/101/1749 1699/101/1835
f 1700/102/1836 1703/103/1837 1702/103/1838 1701/102/1839
f 1704/102/1840 1705/103/1841 1703/103/1837 1700/102/1836
f 1706/102/1842 1707/103/1843 1705/103/1841 1704/102/1840
f 1708/102/1844 1709/103/1845 1707/103/1843 1706/102/1842
f 1710/102/1755 1711/103/1754 1709/103/1845 1708/102/1844
f 1712/102/1846 1713/103/1847 1711/103/1754 1710/102/1755
f 1714/102/1848 1715/103/1847 1713/103/1847 1712/102/1846
f 1716/102/1849 1717/103/1850 1715/103/1847 1714/102/1848
f 1718/102/1851 1719/103/1852 1717/103/1850 1716/102/1849
f 1617/102/1755 1618/103/1754 1719/103/1852 1718/102/1851
f 1720/103/1853 1723/102/1854 1722/102/1855 1721/103/1856
f 1724/103/1857 1725/102/1858 1723/102/1854 1720/103/1853
f 1726/103/1859 1727/102/1860 1725/102/1858 1724/103/1857
f 1728/103/1861 1729/102/1862 1727/102/1860 1726/103/1859
f 1730/103/1863 1731/102/1864 1729/102/1862 1728/103/1861
f 1732/103/1865 1733/102/1866 1731/102/1864 1730/103/1863
f 1734/103/1867 1735/102/1868 1733/102/1866 1732/103/1865
f 1736/103/1869 1737/102/1870 1735/102/1868 1734/103/1867
f 1738/103/1871 1739/102/1872 1737/102/1870 1736/103/1869
f 1619/103/1753 1616/102/1752 1739/102/1872 1738/103/1871
f 1740/104/1873 1743/105/1874 1742/105/1875 1741/104/1876
f 1744/104/1877 1745/105/1878 1743/105/1874 1740/104/1873
f 1746/104/1879 1747/105/1880 1745/105/1878 1744/104/1877
f 1748/104/1759 1749/105/1881 1747/105/1880 1746/104/1879
f 1750/104/1882 1751/105/1883 1749/105/1881 1748/104/1759
f 1752/104/1884 1753/105/1885 1751/105/1883 1750/104/1882
f 1754/104/1759 1755/105/1886 1753/105/1885 1752/104/1884
f 1756/104/1887 1757/105/1888 1755/105/1886 1754/104/1759
f 1758/104/1882 1759/105/1889 1757/105/1888 1756/104/1887
f 1621/104/1759 1622/105/1758 1759/105/1889 1758/104/1882
f 1760/105/1890 1763/104/1891 1762/104/1756 1761/105/1892
f 1764/105/1893 1765/104/1894 1763/104/1891 1760/105/1890
f 1766/105/1895 1767/104/1896 1765/104/1894 1764/105/1893
f 1768/105/1897 1769/104/1898 1767/104/1896 1766/105/1895
f 1770/105/1899 1771/104/1900 1769/104/1898 1768/105/1897
f 1772/105/1901 1773/104/1902 1771/104/1900 1770/105/1899
f 1774/105/1903 1775/104/1904 1773/104/1902 1772/105/1901
f 1776/105/1905 1777/104/1906 1775/104/1904 1774/105/1903
f 1778/105/1907 1779/104/1908 1777/104/1906 1776/105/1905
f 1623/105/1757 1620/104/1756 1779/104/1908 1778/105/1907
f 1780/106/1909 1783/107/1910 1782/107/1911 1781/106/1912
f 1784/106/1913 1785/107/1914 1783/107/1910 1780/106/1909
f 1786/106/1915 1787/107/1916 1785/107/1914 1784/106/1913
f 1788/106/1917 1789/107/1918 1787/107/1916 1786/106/1915
f 1790/106/1919 1791/107/1920 1789/107/1918 1788/106/1917
f 1792/106/1921 1793/107/1922 1791/107/1920 1790/106/1919
f 1794/106/1923 1795/107/1924 1793/107/1922 1792/106/1921
f 1796/106/1925 1797/107/1926 1795/107/1924 1794/106/1923
f 1798/106/1927 1799/107/1928 1797/107/1926 1796/106/1925
f 1625/106/1763 1626/107/1762 1799/107/1928 1798/106/1927
f 1800/107/1929 1803/106/1930 1802/106/1931 1801/107/1932
f 1804/107/1933 1805/106/1934 1803/106/1930 1800/107/1929
f 1806/107/1935 1807/106/1936 1805/106/1934 1804/107/1933
f 1808/107/1937 1809/106/1938 1807/106/1936 1806/107/1935
f 1810/107/1939 1811/106/1940 1809/106/1938 1808/107/1937
f 1812/107/1941 1813/106/1942 1811/106/1940 1810/107/1939
f 1814/107/1943 1815/106/1944 1813/106/1942 1812/107/1941
f 1816/107/1945 1817/106/1946 1815/106/1944 1814/107/1943
f 1818/107/1947 1819/106/1948 1817/106/1946 1816/107/1945
f 1627/107/1761 1624/106/1760 1819/106/1948 1818/107/1947
f 1820/108/1949 1740/104/1873 1741/104/1876 2158/108/1950
f 1821/108/1949 1744/104/1877 1740/104/1873 1820/108/1949
f 1822/108/1951 1746/104/1879 1744/104/1877 1821/108/1949
f 1823/108/1764 1748/104/1759 1746/104/1879 1822/108/1951
f 1824/108/1951 1750/104/1882 1748/104/1759 1823/108/1764
f 1825/108/1765 1752/104/1884 1750/104/1882 1824/108/1951
f 1826/108/1764 1754/104/1759 1752/104/1884 1825/108/1765
f 1827/108/1951 1756/104/1887 1754/104/1759 1826/108/1764
f 1828/108/1951 1758/104/1882 1756/104/1887 1827/108/1951
f 1629/108/1765 1621/104/1759 1758/104/1882 1828/108/1951
f 1763/104/1891 1829/108/1952 2159/108/1953 1762/104/1756
f 1765/104/1894 1830/108/1954 1829/108/1952 1763/104/1891
f 1767/104/1896 1831/108/1955 1830/108/1954 1765/104/1894
f 1769/104/1898 1832/108/1949 1831/108/1955 1767/104/1896
f 1771/104/1900 1833/108/1956 1832/108/1949 1769/104/1898
f 1773/104/1902 1834/108/1957 1833/108/1956 1771/104/1900
f 1775/104/1904 1835/108/1764 1834/108/1957 1773/104/1902
f 1777/104/1906 1836/108/1764 1835/108/1764 1775/104/1904
f 1779/104/1908 1837/108/1951 1836/108/1764 1777/104/1906
f 1620/104/1756 1628/108/1764 1837/108/1951 1779/104/1908
f 1703/103/1837 1780/106/1909 1781/106/1912 1702/103/1838
f 1705/103/1841 1784/106/1913 1780/106/1909 1703/103/1837
f 1707/103/1843 1786/106/1915 1784/106/1913 1705/103/1841
f 1709/103/1845 1788/106/1917 1786/106/1915 1707/103/1843
f 1711/103/1754 1790/106/1919 1788/106/1917 1709/103/1845
f 1713/103/1847 1792/106/1921 1790/106/1919 1711/103/1754
f 1715/103/1847 1794/106/1923 1792/106/1921 1713/103/1847
f 1717/103/1850 1796/106/1925 1794/106/1923 1715/103/1847
f 1719/103/1852 1798/106/1927 1796/106/1925 1717/103/1850
f 1618/103/1754 1625/106/1763 1798/106/1927 1719/103/1852
f 1803/106/1930 1720/103/1853 1721/103/1856 1802/106/1931
f 1805/106/1934 1724/103/1857 1720/103/1853 1803/106/1930
f 1807/106/1936 1726/103/1859 1724/103/1857 1805/106/1934
f 1809/106/1938 1728/103/1861 1726/103/1859 1807/106/1936
f 1811/106/1940 1730/103/1863 1728/103/1861 1809/106/1938
f 1813/106/1942 1732/103/1865 1730/103/1863 1811/106/1940
f 1815/106/1944 1734/103/1867 1732/103/1865 1813/106/1942
f 1817/106/1946 1736/103/1869 1734/103/1867 1815/106/1944
f 1819/106/1948 1738/103/1871 1736/103/1869 1817/106/1946
f 1624/106/1760 1619/103/1753 1738/103/1871 1819/106/1948
f 1743/105/1874 1700/102/1836 1701/102/1839 1742/105/1875
f 1745/105/1878 1704/102/1840 1700/102/1836 1743/105/1874
f 1747/105/1880 1706/102/1842 1704/102/1840 1745/105/1878
f 1749/105/1881 1708/102/1844 1706/102/1842 1747/105/1880
f 1751/105/1883 1710/102/1755 1708/102/1844 1749/105/1881
f 1753/105/1885 1712/102/1846 1710/102/1755 1751/105/1883
f 1755/105/1886 1714/102/1848 1712/102/1846 1753/105/1885
f 1757/105/1888 1716/102/1849 1714/102/1848 1755/105/1886
f 1759/105/1889 1718/102/1851 1716/102/1849 1757/105/1888
f 1622/105/1758 1617/102/1755 1718/102/1851 1759/105/1889
f 1723/102/1854 1760/105/1890 1761/105/1892 1722/102/1855
f 1725/102/1858 1764/105/1893 1760/105/1890 1723/102/1854
f 1727/102/1860 1766/105/1895 1764/105/1893 1725/102/1858
f 1729/102/1862 1768/105/1897 1766/105/1895 1727/102/1860
f 1731/102/1864 1770/105/1899 1768/105/1897 1729/102/1862
f 1733/102/1866 1772/105/1901 1770/105/1899 1731/102/1864
f 1735/102/1868 1774/105/1903 1772/105/1901 1733/102/1866
f 1737/102/1870 1776/105/1905 1774/105/1903 1735/102/1868
f 1739/102/1872 1778/105/1907 1776/105/1905 1737/102/1870
f 1616/102/1752 1623/105/1757 1778/105/1907 1739/102/1872
f 1783/107/1910 1839/101/1958 1838/101/1959 1782/107/1911
f 1785/107/1914 1840/101/1960 1839/101/1958 1783/107/1910
f 1787/107/1916 1841/101/1961 1840/101/1960 1785/107/1914
f 1789/107/1918 1842/101/1962 1841/101/1961 1787/107/1916
f 1791/107/1920 1843/101/1963 1842/101/1962 1789/107/1918
f 1793/107/1922 1844/101/1964 1843/101/1963 1791/107/1920
f 1795/107/1924 1845/101/1965 1844/101/1964 1793/107/1922
f 1797/107/1926 1846/101/1966 1845/101/1965 1795/107/1924
f 1799/107/1928 1847/101/1967 1846/101/1966 1797/107/1926
f 1626/107/1762 1630/101/1767 1847/101/1967 1799/107/1928
f 1848/101/1968 1800/107/1929 1801/107/1932 1849/101/1969
f 1850/101/1970 1804/107/1933 1800/107/1929 1848/101/1968
f 1851/101/1971 1806/107/1935 1804/107/1933 1850/101/1970
f 1852/101/1972 1808/107/1937 1806/107/1935 1851/101/1971
f 1853/101/1973 1810/107/1939 1808/107/1937 1852/101/1972
f 1854/101/1974 1812/107/1941 1810/107/1939 1853/101/1973
f 1855/101/1975 1814/107/1943 1812/107/1941 1854/101/1974
f 1856/101/1976 1816/107/1945 1814/107/1943 1855/101/1975
f 1857/101/1977 1818/107/1947 1816/107/1945 1856/101/1976
f 1631/101/1766 1627/107/1761 1818/107/1947 1857/101/1977
f 1859/101/1978 1858/101/1979 1861/101/1980 1860/101/1981
f 1862/101/1982 1863/101/1983 1861/101/1980 1858/101/1979
f 1864/101/1984 1865/101/1985 1863/101/1983 1862/101/1982
f 1866/101/1986 1867/101/1987 1865/101/1985 1864/101/1984
f 1866/101/1986 1868/101/1988 1869/101/1989 1867/101/1987
f 1868/101/1988 1870/101/1990 1871/101/1991 1869/101/1989
f 1870/101/1990 1872/101/1992 1873/101/1993 1871/101/1991
f 1874/101/1994 1875/101/1995 1873/101/1993 1872/101/1992
f 1876/101/1996 1877/101/1997 1875/101/1995 1874/101/1994
f 1633/101/1771 1634/101/1770 1877/101/1997 1876/101/1996
f 1878/101/1998 1881/101/1999 1880/101/2000 1879/101/2001
f 1882/101/2002 1883/101/2003 1881/101/1999 1878/101/1998
f 1884/101/2004 1885/101/2005 1883/101/2003 1882/101/2002
f 1886/101/2006 1887/101/2007 1885/101/2005 1884/101/2004
f 1888/101/2008 1889/101/2009 1887/101/2007 1886/101/2006
f 1890/101/2010 1891/101/2011 1889/101/2009 1888/101/2008
f 1892/101/2012 1893/101/2013 1891/101/2011 1890/101/2010
f 1894/101/2014 1895/101/2015 1893/101/2013 1892/101/2012
f 1896/101/2016 1897/101/2017 1895/101/2015 1894/101/2014
f 1635/101/1769 1632/101/1768 1897/101/2017 1896/101/2016
f 1899/101/2018 1898/101/2019 1858/101/1979 1859/101/1978
f 1900/101/2020 1862/101/1982 1858/101/1979 1898/101/2019
f 1901/101/2021 1864/101/1984 1862/101/1982 1900/101/2020
f 1901/101/2021 1902/101/2022 1866/101/1986 1864/101/1984
f 1902/101/2022 1903/101/2023 1868/101/1988 1866/101/1986
f 1903/101/2023 1904/101/2024 1870/101/1990 1868/101/1988
f 1904/101/2024 1905/101/2025 1872/101/1992 1870/101/1990
f 1906/101/2026 1874/101/1994 1872/101/1992 1905/101/2025
f 1907/101/2027 1876/101/1996 1874/101/1994 1906/101/2026
f 1907/101/2027 1637/101/1773 1633/101/1771 1876/101/1996
f 1881/101/1999 1909/101/2028 1908/101/2029 1880/101/2000
f 1883/101/2003 1910/101/2030 1909/101/2028 1881/101/1999
f 1885/101/2005 1911/101/2031 1910/101/2030 1883/101/2003
f 1887/101/2007 1912/101/2032 1911/101/2031 1885/101/2005
f 1889/101/2009 1913/101/2033 1912/101/2032 1887/101/2007
f 1891/101/2011 1914/101/2034 1913/101/2033 1889/101/2009
f 1893/101/2013 1915/101/2035 1914/101/2034 1891/101/2011
f 1895/101/2015 1916/101/2036 1915/101/2035 1893/101/2013
f 1897/101/2017 1917/101/2037 1916/101/2036 1895/101/2015
f 1632/101/1768 1636/101/1772 1917/101/2037 1897/101/2017
f 1918/101/2038 1898/101/2019 1899/101/2018 1919/101/2039
f 1920/101/2040 1900/101/2020 1898/101/2019 1918/101/2038
f 1921/101/2041 1901/101/2021 1900/101/2020 1920/101/2040
f 1921/101/2041 1922/101/2042 1902/101/2022 1901/101/2021
f 1922/101/2042 1923/101/2043 1903/101/2023 1902/101/2022
f 1923/101/2043 1924/101/2044 1904/101/2024 1903/101/2023
f 1925/101/2045 1905/101/2025 1904/101/2024 1924/101/2044
f 1925/101/2045 1926/101/2046 1906/101/2026 1905/101/2025
f 1926/101/2046 1927/101/2047 1907/101/2027 1906/101/2026
f 1927/101/2047 1639/101/1774 1637/101/1773 1907/101/2027
f 1909/101/2028 1929/101/2048 1928/101/2049 1908/101/2029
f 1910/101/2030 1930/101/2050 1929/101/2048 1909/101/2028
f 1911/101/2031 1931/101/2051 1930/101/2050 1910/101/2030
f 1911/101/2031 1912/101/2032 1932/101/2052 1931/101/2051
f 1913/101/2033 1933/101/2053 1932/101/2052 1912/101/2032
f 1914/101/2034 1934/101/2054 1933/101/2053 1913/101/2033
f 1915/101/2035 1935/101/2055 1934/101/2054 1914/101/2034
f 1916/101/2036 1936/101/2056 1935/101/2055 1915/101/2035
f 1917/101/2037 1937/101/2057 1936/101/2056 1916/101/2036
f 1636/101/1772 1638/101/1775 1937/101/2057 1917/101/2037
f 1938/101/2058 1918/101/2038 1919/101/2039 1939/101/2059
f 1940/101/2060 1920/101/2040 1918/101/2038 1938/101/2058
f 1940/101/2060 1941/101/2061 1921/101/2041 1920/101/2040
f 1941/101/2061 1942/101/2062 1922/101/2042 1921/101/2041
f 1942/101/2062 1943/101/2063 1923/101/2043 1922/101/2042
f 1943/101/2063 1944/101/2064 1924/101/2044 1923/101/2043
f 1945/101/2065 1925/101/2045 1924/101/2044 1944/101/2064
f 1945/101/2065 1946/101/2066 1926/101/2046 1925/101/2045
f 1946/101/2066 1947/101/2067 1927/101/2047 1926/101/2046
f 1947/101/2067 1641/101/1777 1639/101/1774 1927/101/2047
f 1929/101/2048 1949/101/2068 1948/101/2069 1928/101/2049
f 1930/101/2050 1950/101/2070 1949/101/2068 1929/101/2048
f 1931/101/2051 1951/101/2071 1950/101/2070 1930/101/2050
f 1931/101/2051 1932/101/2052 1952/101/2072 1951/101/2071
f 1933/101/2053 1953/101/2073 1952/101/2072 1932/101/2052
f 1934/101/2054 1954/101/2074 1953/101/2073 1933/101/2053
f 1935/101/2055 1955/101/2075 1954/101/2074 1934/101/2054
f 1936/101/2056 1956/101/2076 1955/101/2075 1935/101/2055
f 1937/101/2057 1957/101/2077 1956/101/2076 1936/101/2056
f 1638/101/1775 1640/101/1776 1957/101/2077 1937/101/2057
f 1958/101/2078 1938/101/2058 1939/101/2059 1959/101/2079
f 1958/101/2078 1960/101/2080 1940/101/2060 1938/101/2058
f 1960/101/2080 1961/101/2081 1941/101/2061 1940/101/2060
f 1961/101/2081 1962/101/2082 1942/101/2062 1941/101/2061
f 1962/101/2082 1963/101/2083 1943/101/2063 1942/101/2062
f 1964/101/2084 1944/101/2064 1943/101/2063 1963/101/2083
f 1964/101/2084 1965/101/2085 1945/101/2065 1944/101/2064
f 1965/101/2085 1966/101/2086 1946/101/2066 1945/101/2065
f 1966/101/2086 1967/101/2087 1947/101/2067 1946/101/2066
f 1643/101/1779 1641/101/1777 1947/101/2067 1967/101/2087
f 1949/101/2068 1969/101/2088 1968/101/2089 1948/101/2069
f 1950/101/2070 1970/101/2090 1969/101/2088 1949/101/2068
f 1951/101/2071 1971/101/2091 1970/101/2090 1950/101/2070
f 1952/101/2072 1972/101/2092 1971/101/2091 1951/101/2071
f 1953/101/2073 1973/101/2093 1972/101/2092 1952/101/2072
f 1954/101/2074 1974/101/2094 1973/101/2093 1953/101/2073
f 1955/101/2075 1975/101/2095 1974/101/2094 1954/101/2074
f 1956/101/2076 1976/101/2096 1975/101/2095 1955/101/2075
f 1957/101/2077 1977/101/2097 1976/101/2096 1956/101/2076
f 1640/101/1776 1642/101/1778 1977/101/2097 1957/101/2077
f 1978/101/2098 1958/101/2078 1959/101/2079 1979/101/2099
f 1978/101/2098 1980/101/2100 1960/101/2080 1958/101/2078
f 1980/101/2100 1981/101/2101 1961/101/2081 1960/101/2080
f 1981/101/2101 1982/101/2102 1962/101/2082 1961/101/2081
f 1983/101/2103 1963/101/2083 1962/101/2082 1982/101/2102
f 1984/101/2104 1964/101/2084 1963/101/2083 1983/101/2103
f 1984/101/2104 1985/101/2105 1965/101/2085 1964/101/2084
f 1985/101/2105 1986/101/2106 1966/101/2086 1965/101/2085
f 1987/101/2107 1967/101/2087 1966/101/2086 1986/101/2106
f 1645/101/1781 1643/101/1779 1967/101/2087 1987/101/2107
f 1969/101/2088 1989/101/2108 1988/101/2109 1968/101/2089
f 1970/101/2090 1990/101/2110 1989/101/2108 1969/101/2088
f 1971/101/2091 1991/101/2111 1990/101/2110 1970/101/2090
f 1972/101/2092 1992/101/2112 1991/101/2111 1971/101/2091
f 1973/101/2093 1993/101/2113 1992/101/2112 1972/101/2092
f 1974/101/2094 1994/101/2114 1993/101/2113 1973/101/2093
f 1975/101/2095 1995/101/2115 1994/101/2114 1974/101/2094
f 1976/101/2096 1996/101/2116 1995/101/2115 1975/101/2095
f 1976/101/2096 1977/101/2097 1997/101/2117 1996/101/2116
f 1977/101/2097 1642/101/1778 1644/101/1780 1997/101/2117
f 1998/101/2118 1978/101/2098 1979/101/2099 1999/101/2119
f 1998/101/2118 2000/101/2120 1980/101/2100 1978/101/2098
f 2000/101/2120 2001/101/2121 1981/101/2101 1980/101/2100
f 2002/101/2122 1982/101/2102 1981/101/2101 2001/101/2121
f 2003/101/2123 1983/101/2103 1982/101/2102 2002/101/2122
f 2003/101/2123 2004/101/2124 1984/101/2104 1983/101/2103
f 2004/101/2124 2005/101/2125 1985/101/2105 1984/101/2104
f 2006/101/2126 1986/101/2106 1985/101/2105 2005/101/2125
f 2007/101/2127 1987/101/2107 1986/101/2106 2006/101/2126
f 1647/101/1783 1645/101/1781 1987/101/2107 2007/101/2127
f 1989/101/2108 2009/101/2128 2008/101/2129 1988/101/2109
f 1990/101/2110 2010/101/2130 2009/101/2128 1989/101/2108
f 1991/101/2111 2011/101/2131 2010/101/2130 1990/101/2110
f 1992/101/2112 2012/101/2132 2011/101/2131 1991/101/2111
f 1993/101/2113 2013/101/2133 2012/101/2132 1992/101/2112
f 1994/101/2114 2014/101/2134 2013/101/2133 1993/101/2113
f 1995/101/2115 2015/101/2135 2014/101/2134 1994/101/2114
f 1996/101/2116 2016/101/2136 2015/101/2135 1995/101/2115
f 1996/101/2116 1997/101/2117 2017/101/2137 2016/101/2136
f 1997/101/2117 1644/101/1780 1646/101/1782 2017/101/2137
f 1663/101/1797 1998/101/2118 1999/101/2119 1662/101/1798
f 1665/101/1801 2000/101/2120 1998/101/2118 1663/101/1797
f 1667/101/1803 2001/101/2121 2000/101/2120 1665/101/1801
f 1669/101/1805 2002/101/2122 2001/101/2121 1667/101/1803
f 1671/101/1807 2003/101/2123 2002/101/2122 1669/101/1805
f 1673/101/1809 2004/101/2124 2003/101/2123 1671/101/1807
f 1675/101/1811 2005/101/2125 2004/101/2124 1673/101/1809
f 1677/101/1813 2006/101/2126 2005/101/2125 1675/101/1811
f 1679/101/1815 2007/101/2127 2006/101/2126 1677/101/1813
f 1614/101/1751 1647/101/1783 2007/101/2127 1679/101/1815
f 2009/101/2128 1680/101/1816 1681/101/1819 2008/101/2129
f 2010/101/2130 1684/101/1820 1680/101/1816 2009/101/2128
f 2011/101/2131 1686/101/1822 1684/101/1820 2010/101/2130
f 2012/101/2132 1688/101/1824 1686/101/1822 2011/101/2131
f 2013/101/2133 1690/101/1826 1688/101/1824 2012/101/2132
f 2014/101/2134 1692/101/1828 1690/101/1826 2013/101/2133
f 2015/101/2135 1694/101/1830 1692/101/1828 2014/101/2134
f 2016/101/2136 1696/101/1832 1694/101/1830 2015/101/2135
f 2016/101/2136 2017/101/2137 1698/101/1834 1696/101/1832
f 2017/101/2137 1646/101/1782 1615/101/1750 1698/101/1834
f 2018/101/2138 1848/101/1968 1849/101/1969 2019/101/2139
f 2020/101/2140 1850/101/1970 1848/101/1968 2018/101/2138
f 2021/101/2141 1851/101/1971 1850/101/1970 2020/101/2140
f 2022/101/2142 1852/101/1972 1851/101/1971 2021/101/2141
f 2023/101/2143 1853/101/1973 1852/101/1972 2022/101/2142
f 2024/101/2144 1854/101/1974 1853/101/1973 2023/101/2143
f 2025/101/2145 1855/101/1975 1854/101/1974 2024/101/2144
f 2026/101/2146 1856/101/1976 1855/101/1975 2025/101/2145
f 2027/101/2147 1857/101/1977 1856/101/1976 2026/101/2146
f 1649/101/1785 1631/101/1766 1857/101/1977 2027/101/2147
f 1839/101/1958 2029/101/2148 2028/101/2149 1838/101/1959
f 1840/101/1960 2030/101/2150 2029/101/2148 1839/101/1958
f 1841/101/1961 2031/101/2151 2030/101/2150 1840/101/1960
f 1842/101/1962 2032/101/2152 2031/101/2151 1841/101/1961
f 1843/101/1963 2033/101/2153 2032/101/2152 1842/101/1962
f 1844/101/1964 2034/101/2154 2033/101/2153 1843/101/1963
f 1845/101/1965 2035/101/2155 2034/101/2154 1844/101/1964
f 1846/101/1966 2036/101/2156 2035/101/2155 1845/101/1965
f 1847/101/1967 2037/101/2157 2036/101/2156 1846/101/1966
f 1630/101/1767 1648/101/1784 2037/101/2157 1847/101/1967
f 2038/101/2158 2018/101/2138 2019/101/2139 2039/101/2159
f 2040/101/2160 2020/101/2140 2018/101/2138 2038/101/2158
f 2041/101/2161 2021/101/2141 2020/101/2140 2040/101/2160
f 2042/101/2162 2022/101/2142 2021/101/2141 2041/101/2161
f 2043/101/2163 2023/101/2143 2022/101/2142 2042/101/2162
f 2044/101/2164 2024/101/2144 2023/101/2143 2043/101/2163
f 2045/101/2165 2025/101/2145 2024/101/2144 2044/101/2164
f 2046/101/2166 2026/101/2146 2025/101/2145 2045/101/2165
f 2047/101/2167 2027/101/2147 2026/101/2146 2046/101/2166
f 1651/101/1787 1649/101/1785 2027/101/2147 2047/101/2167
f 2028/101/2149 2029/101/2148 2049/101/2168 2048/101/2169
f 2030/101/2150 2050/101/2170 2049/101/2168 2029/101/2148
f 2031/101/2151 2051/101/2171 2050/101/2170 2030/101/2150
f 2032/101/2152 2052/101/2172 2051/101/2171 2031/101/2151
f 2033/101/2153 2053/101/2173 2052/101/2172 2032/101/2152
f 2034/101/2154 2054/101/2174 2053/101/2173 2033/101/2153
f 2035/101/2155 2055/101/2175 2054/101/2174 2034/101/2154
f 2036/101/2156 2056/101/2176 2055/101/2175 2035/101/2155
f 2037/101/2157 2057/101/2177 2056/101/2176 2036/101/2156
f 1648/101/1784 1650/101/1786 2057/101/2177 2037/101/2157
f 2058/101/2178 2038/101/2158 2039/101/2159 2059/101/2179
f 2060/101/2180 2040/101/2160 2038/101/2158 2058/101/2178
f 2061/101/2181 2041/101/2161 2040/101/2160 2060/101/2180
f 2062/101/2182 2042/101/2162 2041/101/2161 2061/101/2181
f 2063/101/2183 2043/101/2163 2042/101/2162 2062/101/2182
f 2064/101/2184 2044/101/2164 2043/101/2163 2063/101/2183
f 2065/101/2185 2045/101/2165 2044/101/2164 2064/101/2184
f 2066/101/2186 2046/101/2166 2045/101/2165 2065/101/2185
f 2067/101/2187 2047/101/2167 2046/101/2166 2066/101/2186
f 1653/101/1789 1651/101/1787 2047/101/2167 2067/101/2187
f 2048/101/2169 2049/101/2168 2069/101/2188 2068/101/2189
f 2049/101/2168 2050/101/2170 2070/101/2190 2069/101/2188
f 2051/101/2171 2071/101/2191 2070/101/2190 2050/101/2170
f 2052/101/2172 2072/101/2192 2071/101/2191 2051/101/2171
f 2053/101/2173 2073/101/2193 2072/101/2192 2052/101/2172
f 2054/101/2174 2074/101/2194 2073/101/2193 2053/101/2173
f 2055/101/2175 2075/101/2195 2074/101/2194 2054/101/2174
f 2056/101/2176 2076/101/2196 2075/101/2195 2055/101/2175
f 2057/101/2177 2077/101/2197 2076/101/2196 2056/101/2176
f 1650/101/1786 1652/101/1788 2077/101/2197 2057/101/2177
f 2078/101/2198 2058/101/2178 2059/101/2179 2079/101/2199
f 2080/101/2200 2060/101/2180 2058/101/2178 2078/101/2198
f 2081/101/2201 2061/101/2181 2060/101/2180 2080/101/2200
f 2082/101/2202 2062/101/2182 2061/101/2181 2081/101/2201
f 2083/101/2203 2063/101/2183 2062/101/2182 2082/101/2202
f 2084/101/2204 2064/101/2184 2063/101/2183 2083/101/2203
f 2085/101/2205 2065/101/2185 2064/101/2184 2084/101/2204
f 2086/101/2206 2066/101/2186 2065/101/2185 2085/101/2205
f 2087/101/2207 2067/101/2187 2066/101/2186 2086/101/2206
f 1655/101/1791 1653/101/1789 2067/101/2187 2087/101/2207
f 2068/101/2189 2069/101/2188 2089/101/2208 2088/101/2209
f 2069/101/2188 2070/101/2190 2090/101/2210 2089/101/2208
f 2071/101/2191 2091/101/2211 2090/101/2210 2070/101/2190
f 2072/101/2192 2092/101/2212 2091/101/2211 2071/101/2191
f 2073/101/2193 2093/101/2213 2092/101/2212 2072/101/2192
f 2074/101/2194 2094/101/2214 2093/101/2213 2073/101/2193
f 2075/101/2195 2095/101/2215 2094/101/2214 2074/101/2194
f 2076/101/2196 2096/101/2216 2095/101/2215 2075/101/2195
f 2077/101/2197 2097/101/2217 2096/101/2216 2076/101/2196
f 1652/101/1788 1654/101/1790 2097/101/2217 2077/101/2197
f 2098/101/2218 2078/101/2198 2079/101/2199 2099/101/2219
f 2100/101/2220 2080/101/2200 2078/101/2198 2098/101/2218
f 2101/101/2221 2081/101/2201 2080/101/2200 2100/101/2220
f 2102/101/2222 2082/101/2202 2081/101/2201 2101/101/2221
f 2102/101/2222 2103/101/2223 2083/101/2203 2082/101/2202
f 2103/101/2223 2104/101/2224 2084/101/2204 2083/101/2203
f 2105/101/2225 2085/101/2205 2084/101/2204 2104/101/2224
f 2106/101/2226 2086/101/2206 2085/101/2205 2105/101/2225
f 2107/101/2227 2087/101/2207 2086/101/2206 2106/101/2226
f 1657/101/1793 1655/101/1791 2087/101/2207 2107/101/2227
f 2089/101/2208 2109/101/2228 2108/101/2229 2088/101/2209
f 2090/101/2210 2110/101/2230 2109/101/2228 2089/101/2208
f 2091/101/2211 2111/101/2231 2110/101/2230 2090/101/2210
f 2092/101/2212 2112/101/2232 2111/101/2231 2091/101/2211
f 2093/101/2213 2113/101/2233 2112/101/2232 2092/101/2212
f 2094/101/2214 2114/101/2234 2113/101/2233 2093/101/2213
f 2095/101/2215 2115/101/2235 2114/101/2234 2094/101/2214
f 2096/101/2216 2116/101/2236 2115/101/2235 2095/101/2215
f 2097/101/2217 2117/101/2237 2116/101/2236 2096/101/2216
f 1654/101/1790 1656/101/1792 2117/101/2237 2097/101/2217
f 2118/101/2238 2098/101/2218 2099/101/2219 2119/101/2239
f 2120/101/2240 2100/101/2220 2098/101/2218 2118/101/2238
f 2121/101/2241 2101/101/2221 2100/101/2220 2120/101/2240
f 2121/101/2241 2122/101/2242 2102/101/2222 2101/101/2221
f 2122/101/2242 2123/101/2243 2103/101/2223 2102/101/2222
f 2124/101/2244 2104/101/2224 2103/101/2223 2123/101/2243
f 2125/101/2245 2105/101/2225 2104/101/2224 2124/101/2244
f 2126/101/2246 2106/101/2226 2105/101/2225 2125/101/2245
f 2127/101/2247 2107/101/2227 2106/101/2226 2126/101/2246
f 1659/101/1795 1657/101/1793 2107/101/2227 2127/101/2247
f 2109/101/2228 2129/101/2248 2128/101/2249 2108/101/2229
f 2110/101/2230 2130/101/2250 2129/101/2248 2109/101/2228
f 2111/101/2231 2131/101/2251 2130/101/2250 2110/101/2230
f 2112/101/2232 2132/101/2252 2131/101/2251 2111/101/2231
f 2113/101/2233 2133/101/2253 2132/101/2252 2112/101/2232
f 2114/101/2234 2134/101/2254 2133/101/2253 2113/101/2233
f 2115/101/2235 2135/101/2255 2134/101/2254 2114/101/2234
f 2116/101/2236 2136/101/2256 2135/101/2255 2115/101/2235
f 2117/101/2237 2137/101/2257 2136/101/2256 2116/101/2236
f 1656/101/1792 1658/101/1794 2137/101/2257 2117/101/2237
f 1683/101/1817 2118/101/2238 2119/101/2239 1682/101/1818
f 1685/101/1821 2120/101/2240 2118/101/2238 1683/101/1817
f 1687/101/1823 2121/101/2241 2120/101/2240 1685/101/1821
f 1689/101/1825 2122/101/2242 2121/101/2241 1687/101/1823
f 1691/101/1827 2123/101/2243 2122/101/2242 1689/101/1825
f 1693/101/1829 2124/101/2244 2123/101/2243 1691/101/1827
f 1695/101/1831 2125/101/2245 2124/101/2244 1693/101/1829
f 1697/101/1833 2126/101/2246 2125/101/2245 1695/101/1831
f 1699/101/1835 2127/101/2247 2126/101/2246 1697/101/1833
f 1612/101/1749 1659/101/1795 2127/101/2247 1699/101/1835
f 2129/101/2248 1660/101/1796 1661/101/1799 2128/101/2249
f 2130/101/2250 1664/101/1800 1660/101/1796 2129/101/2248
f 2131/101/2251 1666/101/1802 1664/101/1800 2130/101/2250
f 2132/101/2252 1668/101/1804 1666/101/1802 2131/101/2251
f 2133/101/2253 1670/101/1806 1668/101/1804 2132/101/2252
f 2134/101/2254 1672/101/1808 1670/101/1806 2133/101/2253
f 2135/101/2255 1674/101/1810 1672/101/1808 2134/101/2254
f 2136/101/2256 1676/101/1812 1674/101/1810 2135/101/2255
f 2137/101/2257 1678/101/1814 1676/101/1812 2136/101/2256
f 1658/101/1794 1613/101/1748 1678/101/1814 2137/101/2257
f 1123/101/2258 1634/101/2259 1635/101/2260 1126/101/2261
f 1152/101/2262 1661/101/2263 1662/101/2264 1151/101/2265
f 1172/101/2266 1681/101/2267 1682/101/2268 1171/101/2269
f 1192/102/2270 1701/102/2271 1702/103/2272 1191/103/2273
f 1212/103/2274 1721/103/2275 1722/102/2276 1211/102/2277
f 1232/104/2278 1741/104/2279 1742/105/2280 1231/105/2281
f 1252/105/2282 1761/105/2283 1762/104/2284 1251/104/2285
f 1272/106/2286 1781/106/2287 1782/107/2288 1271/107/2289
f 1292/107/2290 1801/107/2291 1802/106/2292 1291/106/2293
f 2160/108/2294 2158/108/2295 1741/104/2279 1232/104/2278
f 1251/104/2285 1762/104/2284 2159/108/2296 1311/108/2297
f 1191/103/2273 1702/103/2272 1781/106/2287 1272/106/2286
f 1291/106/2293 1802/106/2292 1721/103/2275 1212/103/2274
f 1231/105/2281 1742/105/2280 1701/102/2271 1192/102/2270
f 1211/102/2277 1722/102/2276 1761/105/2283 1252/105/2282
f 1271/107/2289 1782/107/2288 1838/101/2298 1312/101/2299
f 1322/101/2300 1849/101/2301 1801/107/2291 1292/107/2290
f 1333/101/2302 1859/101/2303 1860/101/2304 1332/101/2305
f 1332/101/2306 1860/101/2307 1861/101/2308 1335/101/2309
f 1335/101/2309 1861/101/2308 1863/101/2310 1337/101/2311
f 1337/101/2311 1863/101/2310 1865/101/2312 1339/101/2313
f 1339/101/2313 1865/101/2312 1867/101/2314 1341/101/2315
f 1341/101/2315 1867/101/2314 1869/101/2316 1343/101/2317
f 1345/101/2318 1343/101/2317 1869/101/2316 1871/101/2319
f 1345/101/2318 1871/101/2319 1873/101/2320 1347/101/2321
f 1347/101/2321 1873/101/2320 1875/101/2322 1349/101/2323
f 1349/101/2323 1875/101/2322 1877/101/2324 1351/101/2325
f 1351/101/2325 1877/101/2324 1634/101/2259 1123/101/2258
f 1353/101/2326 1879/101/2327 1880/101/2328 1352/101/2329
f 1354/101/2330 1878/101/2331 1879/101/2332 1353/101/2333
f 1356/101/2334 1882/101/2335 1878/101/2331 1354/101/2330
f 1358/101/2336 1884/101/2337 1882/101/2335 1356/101/2334
f 1360/101/2338 1886/101/2339 1884/101/2337 1358/101/2336
f 1362/101/2340 1888/101/2341 1886/101/2339 1360/101/2338
f 1364/101/2342 1890/101/2343 1888/101/2341 1362/101/2340
f 1366/101/2344 1892/101/2345 1890/101/2343 1364/101/2342
f 1368/101/2346 1894/101/2347 1892/101/2345 1366/101/2344
f 1370/101/2348 1896/101/2349 1894/101/2347 1368/101/2346
f 1126/101/2261 1635/101/2260 1896/101/2349 1370/101/2348
f 1372/101/2350 1899/101/2351 1859/101/2303 1333/101/2302
f 1352/101/2329 1880/101/2328 1908/101/2352 1382/101/2353
f 1392/101/2354 1919/101/2355 1899/101/2351 1372/101/2350
f 1382/101/2353 1908/101/2352 1928/101/2356 1402/101/2356
f 1412/101/2357 1939/101/2358 1919/101/2355 1392/101/2354
f 1402/101/2356 1928/101/2356 1948/101/2359 1422/101/2360
f 1432/101/2361 1959/101/2362 1939/101/2358 1412/101/2357
f 1422/101/2360 1948/101/2359 1968/101/2363 1442/101/2364
f 1452/101/2365 1979/101/2366 1959/101/2362 1432/101/2361
f 1442/101/2364 1968/101/2363 1988/101/2367 1462/101/2368
f 1472/101/2369 1999/101/2370 1979/101/2366 1452/101/2365
f 1462/101/2368 1988/101/2367 2008/101/2371 1482/101/2372
f 1151/101/2265 1662/101/2264 1999/101/2370 1472/101/2369
f 1482/101/2372 2008/101/2371 1681/101/2267 1172/101/2266
f 1492/101/2373 2019/101/2374 1849/101/2301 1322/101/2300
f 1312/101/2299 1838/101/2298 2028/101/2375 1502/101/2376
f 1512/101/2377 2039/101/2378 2019/101/2374 1492/101/2373
f 1502/101/2376 2028/101/2375 2048/101/2379 1522/101/2380
f 1532/101/2381 2059/101/2382 2039/101/2378 1512/101/2377
f 1522/101/2380 2048/101/2379 2068/101/2383 1542/101/2384
f 1552/101/2385 2079/101/2386 2059/101/2382 1532/101/2381
f 1542/101/2384 2068/101/2383 2088/101/2387 1562/101/2388
f 1572/101/2389 2099/101/2390 2079/101/2386 1552/101/2385
f 1562/101/2388 2088/101/2387 2108/101/2391 1582/101/2392
f 1592/101/2393 2119/101/2394 2099/101/2390 1572/101/2389
f 1582/101/2392 2108/101/2391 2128/101/2395 1602/101/2396
f 1171/101/2269 1682/101/2268 2119/101/2394 1592/101/2393
f 1602/101/2396 2128/101/2395 1661/101/2263 1152/101/2262
f 2203/108/2397 2175/108/2397 2174/108/2397 2202/108/2397
f 2231/108/7 2203/108/7 2202/108/11 2230/108/11
f 2259/108/11 2231/108/7 2230/108/11 2258/108/7
f 2287/108/7 2259/108/11 2258/108/7 2286/108/7
f 2315/108/11 2287/108/7 2286/108/7 2314/108/7
f 2343/108/7 2315/108/11 2314/108/7 2342/108/11
f 2371/108/7 2343/108/7 2342/108/11 2370/108/11
f 2399/108/7 2371/108/7 2370/108/11 2398/108/11
f 2427/108/7 2399/108/7 2398/108/11 2426/108/11
f 2455/108/7 2427/108/7 2426/108/11 2454/108/11
f 2483/108/7 2455/108/7 2454/108/11 2482/108/11
f 2511/108/7 2483/108/7 2482/108/11 2510/108/7
f 2539/108/11 2511/108/7 2510/108/7 2538/108/11
f 2567/108/11 2539/108/11 2538/108/11 2566/108/7
f 2595/108/7 2567/108/11 2566/108/7 2594/108/7
f 2623/108/11 2595/108/7 2594/108/7 2622/108/7
f 2651/108/7 2623/108/11 2622/108/7 2650/108/11
f 2679/108/11 2651/108/7 2650/108/11 2678/108/11
f 2707/108/11 2679/108/11 2678/108/11 2706/108/11
f 2735/108/7 2707/108/11 2706/108/11 2734/108/7
f 2763/108/7 2735/108/7 2734/108/7 2762/108/7
f 2791/108/7 2763/108/7 2762/108/7 2790/108/7
f 2819/108/2398 2791/108/2398 2790/108/2398 2818/108/2398
f 2847/108/2399 2819/108/2399 2818/108/2399 2846/108/9
f 2875/108/2399 2847/108/2399 2846/108/9 2874/108/9
f 2903/108/9 2875/108/2399 2874/108/9 2902/108/2399
f 2931/108/2399 2903/108/9 2902/108/2399 2930/108/9
f 2959/108/2399 2931/108/2399 2930/108/9 2958/108/9
f 2987/108/9 2959/108/2399 2958/108/9 2986/108/2399
f 3015/108/9 2987/108/9 2986/108/2399 3014/108/9
f 3043/108/9 3015/108/9 3014/108/9 3042/108/9
f 3071/108/9 3043/108/9 3042/108/9 3070/108/9
f 3099/108/9 3071/108/9 3070/108/9 3098/108/9
f 3127/108/2399 3099/108/9 3098/108/9 3126/108/9
f 3155/108/2399 3127/108/2399 3126/108/9 3154/108/9
f 3183/108/2399 3155/108/2399 3154/108/9 3182/108/9
f 3211/108/9 3183/108/2399 3182/108/9 3210/108/2399
f 3239/108/2399 3211/108/9 3210/108/2399 3238/108/9
f 3267/108/2399 3239/108/2399 3238/108/9 3266/108/2399
f 3295/108/9 3267/108/2399 3266/108/2399 3294/108/2399
f 3323/108/9 3295/108/9 3294/108/2399 3322/108/9
f 3351/108/2399 3323/108/9 3322/108/9 3350/108/9
f 3379/108/2399 3351/108/2399 3350/108/9 3378/108/9
f 2175/108/2399 3379/108/2399 3378/108/9 2174/108/9
f 2158/108/2295 2160/108/2294 2188/108/2397 2216/108/2397
f 2216/108/2397 2188/108/2397 2187/108/2400 2215/108/2400
f 2215/108/2400 2187/108/2400 2186/108/2397 2214/108/2397
f 2214/108/2397 2186/108/2397 2185/108/2397 2213/108/2397
f 2213/108/2397 2185/108/2397 2184/108/2401 2212/108/2401
f 2212/108/2401 2184/108/2401 2183/108/2397 2211/108/2397
f 2211/108/2397 2183/108/2397 2182/108/2397 2210/108/2401
f 2210/108/2401 2182/108/2397 2181/108/2397 2209/108/2397
f 2209/108/2397 2181/108/2397 2180/108/2397 2208/108/2397
f 2208/108/2397 2180/108/2397 2179/108/2397 2207/108/2397
f 2207/108/2397 2179/108/2397 2178/108/2397 2206/108/2397
f 2206/108/2397 2178/108/2397 2177/108/2397 2205/108/2397
f 2205/108/2397 2177/108/2397 2176/108/2401 2204/108/2397
f 2204/108/2397 2176/108/2401 2175/108/2397 2203/108/2397
f 49/108/1135 577/108/1134 2189/108/2397 2161/108/2397
f 2161/108/2397 2189/108/2397 2190/108/2397 2162/108/2397
f 2162/108/2397 2190/108/2397 2191/108/2397 2163/108/2397
f 2163/108/2397 2191/108/2397 2192/108/2397 2164/108/2397
f 2164/108/2397 2192/108/2397 2193/108/2397 2165/108/2397
f 2165/108/2397 2193/108/2397 2194/108/2402 2166/108/2402
f 2166/108/2402 2194/108/2402 2195/108/2397 2167/108/2397
f 2167/108/2397 2195/108/2397 2196/108/2397 2168/108/2397
f 2168/108/2397 2196/108/2397 2197/108/2397 2169/108/2397
f 2169/108/2397 2197/108/2397 2198/108/2397 2170/108/2397
f 2170/108/2397 2198/108/2397 2199/108/2397 2171/108/2397
f 2171/108/2397 2199/108/2397 2200/108/2397 2172/108/2397
f 2172/108/2397 2200/108/2397 2201/108/2401 2173/108/2401
f 2173/108/2401 2201/108/2401 2202/108/2397 2174/108/2397
f 2244/108/7 1820/108/1949 2158/108/1950 2216/108/7
f 2243/108/7 2244/108/7 2216/108/7 2215/108/11
f 2242/108/7 2243/108/7 2215/108/11 2214/108/7
f 2241/108/11 2242/108/7 2214/108/7 2213/108/7
f 2241/108/11 2213/108/7 2212/108/11 2240/108/7
f 2240/108/7 2212/108/11 2211/108/11 2239/108/11
f 2239/108/11 2211/108/11 2210/108/7 2238/108/11
f 2238/108/11 2210/108/7 2209/108/11 2237/108/7
f 2237/108/7 2209/108/11 2208/108/11 2236/108/11
f 2236/108/11 2208/108/11 2207/108/11 2235/108/11
f 2235/108/11 2207/108/11 2206/108/7 2234/108/11
f 2234/108/11 2206/108/7 2205/108/11 2233/108/7
f 2233/108/7 2205/108/11 2204/108/7 2232/108/7
f 2232/108/7 2204/108/7 2203/108/7 2231/108/7
f 577/108/789 644/108/790 2217/108/11 2189/108/11
f 2189/108/11 2217/108/11 2218/108/11 2190/108/7
f 2190/108/7 2218/108/11 2219/108/7 2191/108/11
f 2191/108/11 2219/108/7 2220/108/11 2192/108/11
f 2192/108/11 2220/108/11 2221/108/7 2193/108/11
f 2193/108/11 2221/108/7 2222/108/7 2194/108/11
f 2194/108/11 2222/108/7 2223/108/7 2195/108/11
f 2195/108/11 2223/108/7 2224/108/7 2196/108/11
f 2196/108/11 2224/108/7 2225/108/11 2197/108/11
f 2197/108/11 2225/108/11 2226/108/11 2198/108/7
f 2198/108/7 2226/108/11 2227/108/7 2199/108/11
f 2199/108/11 2227/108/7 2228/108/7 2200/108/11
f 2200/108/11 2228/108/7 2229/108/11 2201/108/7
f 2201/108/7 2229/108/11 2230/108/11 2202/108/11
f 2272/108/11 1821/108/1949 1820/108/1949 2244/108/7
f 2271/108/11 2272/108/11 2244/108/7 2243/108/7
f 2270/108/7 2271/108/11 2243/108/7 2242/108/7
f 2269/108/7 2270/108/7 2242/108/7 2241/108/11
f 2269/108/7 2241/108/11 2240/108/7 2268/108/11
f 2268/108/11 2240/108/7 2239/108/11 2267/108/11
f 2267/108/11 2239/108/11 2238/108/11 2266/108/11
f 2266/108/11 2238/108/11 2237/108/7 2265/108/11
f 2265/108/11 2237/108/7 2236/108/11 2264/108/7
f 2264/108/7 2236/108/11 2235/108/11 2263/108/7
f 2263/108/7 2235/108/11 2234/108/11 2262/108/11
f 2262/108/11 2234/108/11 2233/108/7 2261/108/11
f 2261/108/11 2233/108/7 2232/108/7 2260/108/7
f 2260/108/7 2232/108/7 2231/108/7 2259/108/11
f 644/108/790 643/108/791 2245/108/11 2217/108/11
f 2217/108/11 2245/108/11 2246/108/11 2218/108/11
f 2218/108/11 2246/108/11 2247/108/11 2219/108/7
f 2219/108/7 2247/108/11 2248/108/7 2220/108/11
f 2220/108/11 2248/108/7 2249/108/11 2221/108/7
f 2221/108/7 2249/108/11 2250/108/7 2222/108/7
f 2222/108/7 2250/108/7 2251/108/11 2223/108/7
f 2223/108/7 2251/108/11 2252/108/7 2224/108/7
f 2224/108/7 2252/108/7 2253/108/11 2225/108/11
f 2225/108/11 2253/108/11 2254/108/11 2226/108/11
f 2226/108/11 2254/108/11 2255/108/7 2227/108/7
f 2227/108/7 2255/108/7 2256/108/11 2228/108/7
f 2228/108/7 2256/108/11 2257/108/11 2229/108/11
f 2229/108/11 2257/108/11 2258/108/7 2230/108/11
f 2300/108/7 1822/108/1951 1821/108/1949 2272/108/11
f 2299/108/7 2300/108/7 2272/108/11 2271/108/11
f 2298/108/11 2299/108/7 2271/108/11 2270/108/7
f 2297/108/7 2298/108/11 2270/108/7 2269/108/7
f 2297/108/7 2269/108/7 2268/108/11 2296/108/7
f 2296/108/7 2268/108/11 2267/108/11 2295/108/7
f 2295/108/7 2267/108/11 2266/108/11 2294/108/7
f 2294/108/7 2266/108/11 2265/108/11 2293/108/7
f 2293/108/7 2265/108/11 2264/108/7 2292/108/11
f 2292/108/11 2264/108/7 2263/108/7 2291/108/7
f 2291/108/7 2263/108/7 2262/108/11 2290/108/11
f 2290/108/11 2262/108/11 2261/108/11 2289/108/7
f 2289/108/7 2261/108/11 2260/108/7 2288/108/7
f 2288/108/7 2260/108/7 2259/108/11 2287/108/7
f 643/108/791 642/108/792 2273/108/7 2245/108/11
f 2245/108/11 2273/108/7 2274/108/7 2246/108/11
f 2246/108/11 2274/108/7 2275/108/11 2247/108/11
f 2247/108/11 2275/108/11 2276/108/11 2248/108/7
f 2248/108/7 2276/108/11 2277/108/11 2249/108/11
f 2249/108/11 2277/108/11 2278/108/7 2250/108/7
f 2250/108/7 2278/108/7 2279/108/7 2251/108/11
f 2251/108/11 2279/108/7 2280/108/7 2252/108/7
f 2252/108/7 2280/108/7 2281/108/11 2253/108/11
f 2253/108/11 2281/108/11 2282/108/11 2254/108/11
f 2254/108/11 2282/108/11 2283/108/7 2255/108/7
f 2255/108/7 2283/108/7 2284/108/11 2256/108/11
f 2256/108/11 2284/108/11 2285/108/7 2257/108/11
f 2257/108/11 2285/108/7 2286/108/7 2258/108/7
f 2328/108/11 1823/108/1764 1822/108/1951 2300/108/7
f 2327/108/11 2328/108/11 2300/108/7 2299/108/7
f 2326/108/7 2327/108/11 2299/108/7 2298/108/11
f 2325/108/7 2326/108/7 2298/108/11 2297/108/7
f 2325/108/7 2297/108/7 2296/108/7 2324/108/7
f 2324/108/7 2296/108/7 2295/108/7 2323/108/7
f 2323/108/7 2295/108/7 2294/108/7 2322/108/11
f 2322/108/11 2294/108/7 2293/108/7 2321/108/7
f 2321/108/7 2293/108/7 2292/108/11 2320/108/7
f 2320/108/7 2292/108/11 2291/108/7 2319/108/7
f 2319/108/7 2291/108/7 2290/108/11 2318/108/7
f 2318/108/7 2290/108/11 2289/108/7 2317/108/7
f 2317/108/7 2289/108/7 2288/108/7 2316/108/7
f 2316/108/7 2288/108/7 2287/108/7 2315/108/11
f 642/108/792 641/108/791 2301/108/7 2273/108/7
f 2273/108/7 2301/108/7 2302/108/7 2274/108/7
f 2274/108/7 2302/108/7 2303/108/7 2275/108/11
f 2275/108/11 2303/108/7 2304/108/7 2276/108/11
f 2276/108/11 2304/108/7 2305/108/11 2277/108/11
f 2277/108/11 2305/108/11 2306/108/11 2278/108/7
f 2278/108/7 2306/108/11 2307/108/7 2279/108/7
f 2279/108/7 2307/108/7 2308/108/11 2280/108/7
f 2280/108/7 2308/108/11 2309/108/11 2281/108/11
f 2281/108/11 2309/108/11 2310/108/7 2282/108/11
f 2282/108/11 2310/108/7 2311/108/7 2283/108/7
f 2283/108/7 2311/108/7 2312/108/11 2284/108/11
f 2284/108/11 2312/108/11 2313/108/11 2285/108/7
f 2285/108/7 2313/108/11 2314/108/7 2286/108/7
f 2356/108/7 1824/108/1951 1823/108/1764 2328/108/11
f 2355/108/11 2356/108/7 2328/108/11 2327/108/11
f 2354/108/7 2355/108/11 2327/108/11 2326/108/7
f 2353/108/11 2354/108/7 2326/108/7 2325/108/7
f 2353/108/11 2325/108/7 2324/108/7 2352/108/7
f 2352/108/7 2324/108/7 2323/108/7 2351/108/11
f 2351/108/11 2323/108/7 2322/108/11 2350/108/11
f 2350/108/11 2322/108/11 2321/108/7 2349/108/7
f 2349/108/7 2321/108/7 2320/108/7 2348/108/11
f 2348/108/11 2320/108/7 2319/108/7 2347/108/11
f 2347/108/11 2319/108/7 2318/108/7 2346/108/11
f 2346/108/11 2318/108/7 2317/108/7 2345/108/7
f 2345/108/7 2317/108/7 2316/108/7 2344/108/11
f 2344/108/11 2316/108/7 2315/108/11 2343/108/7
f 641/108/791 640/108/792 2329/108/7 2301/108/7
f 2301/108/7 2329/108/7 2330/108/7 2302/108/7
f 2302/108/7 2330/108/7 2331/108/11 2303/108/7
f 2303/108/7 2331/108/11 2332/108/7 2304/108/7
f 2304/108/7 2332/108/7 2333/108/7 2305/108/11
f 2305/108/11 2333/108/7 2334/108/7 2306/108/11
f 2306/108/11 2334/108/7 2335/108/7 2307/108/7
f 2307/108/7 2335/108/7 2336/108/11 2308/108/11
f 2308/108/11 2336/108/11 2337/108/11 2309/108/11
f 2309/108/11 2337/108/11 2338/108/11 2310/108/7
f 2310/108/7 2338/108/11 2339/108/11 2311/108/7
f 2311/108/7 2339/108/11 2340/108/11 2312/108/11
f 2312/108/11 2340/108/11 2341/108/11 2313/108/11
f 2313/108/11 2341/108/11 2342/108/11 2314/108/7
f 2384/108/11 1825/108/1765 1824/108/1951 2356/108/7
f 2383/108/11 2384/108/11 2356/108/7 2355/108/11
f 2382/108/7 2383/108/11 2355/108/11 2354/108/7
f 2381/108/11 2382/108/7 2354/108/7 2353/108/11
f 2381/108/11 2353/108/11 2352/108/7 2380/108/11
f 2380/108/11 2352/108/7 2351/108/11 2379/108/7
f 2379/108/7 2351/108/11 2350/108/11 2378/108/7
f 2378/108/7 2350/108/11 2349/108/7 2377/108/7
f 2377/108/7 2349/108/7 2348/108/11 2376/108/11
f 2376/108/11 2348/108/11 2347/108/11 2375/108/7
f 2375/108/7 2347/108/11 2346/108/11 2374/108/11
f 2374/108/11 2346/108/11 2345/108/7 2373/108/7
f 2373/108/7 2345/108/7 2344/108/11 2372/108/7
f 2372/108/7 2344/108/11 2343/108/7 2371/108/7
f 640/108/792 639/108/793 2357/108/11 2329/108/7
f 2329/108/7 2357/108/11 2358/108/7 2330/108/7
f 2330/108/7 2358/108/7 2359/108/7 2331/108/11
f 2331/108/11 2359/108/7 2360/108/7 2332/108/7
f 2332/108/7 2360/108/7 2361/108/11 2333/108/7
f 2333/108/7 2361/108/11 2362/108/7 2334/108/7
f 2334/108/7 2362/108/7 2363/108/11 2335/108/7
f 2335/108/7 2363/108/11 2364/108/7 2336/108/11
f 2336/108/11 2364/108/7 2365/108/11 2337/108/11
f 2337/108/11 2365/108/11 2366/108/11 2338/108/11
f 2338/108/11 2366/108/11 2367/108/11 2339/108/11
f 2339/108/11 2367/108/11 2368/108/7 2340/108/11
f 2340/108/11 2368/108/7 2369/108/7 2341/108/11
f 2341/108/11 2369/108/7 2370/108/11 2342/108/11
f 2412/108/7 1826/108/1764 1825/108/1765 2384/108/11
f 2411/108/11 2412/108/7 2384/108/11 2383/108/11
f 2410/108/11 2411/108/11 2383/108/11 2382/108/7
f 2409/108/7 2410/108/11 2382/108/7 2381/108/11
f 2409/108/7 2381/108/11 2380/108/11 2408/108/11
f 2408/108/11 2380/108/11 2379/108/7 2407/108/7
f 2407/108/7 2379/108/7 2378/108/7 2406/108/7
f 2406/108/7 2378/108/7 2377/108/7 2405/108/11
f 2405/108/11 2377/108/7 2376/108/11 2404/108/11
f 2404/108/11 2376/108/11 2375/108/7 2403/108/11
f 2403/108/11 2375/108/7 2374/108/11 2402/108/7
f 2402/108/7 2374/108/11 2373/108/7 2401/108/7
f 2401/108/7 2373/108/7 2372/108/7 2400/108/7
f 2400/108/7 2372/108/7 2371/108/7 2399/108/7
f 639/108/793 638/108/794 2385/108/11 2357/108/11
f 2357/108/11 2385/108/11 2386/108/7 2358/108/7
f 2358/108/7 2386/108/7 2387/108/7 2359/108/7
f 2359/108/7 2387/108/7 2388/108/7 2360/108/7
f 2360/108/7 2388/108/7 2389/108/7 2361/108/11
f 2361/108/11 2389/108/7 2390/108/7 2362/108/7
f 2362/108/7 2390/108/7 2391/108/11 2363/108/11
f 2363/108/11 2391/108/11 2392/108/11 2364/108/7
f 2364/108/7 2392/108/11 2393/108/7 2365/108/11
f 2365/108/11 2393/108/7 2394/108/11 2366/108/11
f 2366/108/11 2394/108/11 2395/108/11 2367/108/11
f 2367/108/11 2395/108/11 2396/108/11 2368/108/7
f 2368/108/7 2396/108/11 2397/108/7 2369/108/7
f 2369/108/7 2397/108/7 2398/108/11 2370/108/11
f 2440/108/7 1827/108/1951 1826/108/1764 2412/108/7
f 2439/108/7 2440/108/7 2412/108/7 2411/108/11
f 2438/108/11 2439/108/7 2411/108/11 2410/108/11
f 2437/108/7 2438/108/11 2410/108/11 2409/108/7
f 2437/108/7 2409/108/7 2408/108/11 2436/108/7
f 2436/108/7 2408/108/11 2407/108/7 2435/108/7
f 2435/108/7 2407/108/7 2406/108/7 2434/108/7
f 2434/108/7 2406/108/7 2405/108/11 2433/108/7
f 2433/108/7 2405/108/11 2404/108/11 2432/108/11
f 2432/108/11 2404/108/11 2403/108/11 2431/108/7
f 2431/108/7 2403/108/11 2402/108/7 2430/108/7
f 2430/108/7 2402/108/7 2401/108/7 2429/108/7
f 2429/108/7 2401/108/7 2400/108/7 2428/108/11
f 2428/108/11 2400/108/7 2399/108/7 2427/108/7
f 638/108/794 637/108/792 2413/108/7 2385/108/11
f 2385/108/11 2413/108/7 2414/108/11 2386/108/7
f 2386/108/7 2414/108/11 2415/108/11 2387/108/7
f 2387/108/7 2415/108/11 2416/108/7 2388/108/7
f 2388/108/7 2416/108/7 2417/108/11 2389/108/7
f 2389/108/7 2417/108/11 2418/108/7 2390/108/7
f 2390/108/7 2418/108/7 2419/108/7 2391/108/11
f 2391/108/11 2419/108/7 2420/108/7 2392/108/11
f 2392/108/11 2420/108/7 2421/108/7 2393/108/7
f 2393/108/7 2421/108/7 2422/108/11 2394/108/11
f 2394/108/11 2422/108/11 2423/108/7 2395/108/11
f 2395/108/11 2423/108/7 2424/108/11 2396/108/11
f 2396/108/11 2424/108/11 2425/108/11 2397/108/7
f 2397/108/7 2425/108/11 2426/108/11 2398/108/11
f 2468/108/7 1828/108/1951 1827/108/1951 2440/108/7
f 2467/108/11 2468/108/7 2440/108/7 2439/108/7
f 2466/108/7 2467/108/11 2439/108/7 2438/108/11
f 2465/108/7 2466/108/7 2438/108/11 2437/108/7
f 2465/108/7 2437/108/7 2436/108/7 2464/108/11
f 2464/108/11 2436/108/7 2435/108/7 2463/108/11
f 2463/108/11 2435/108/7 2434/108/7 2462/108/7
f 2462/108/7 2434/108/7 2433/108/7 2461/108/11
f 2461/108/11 2433/108/7 2432/108/11 2460/108/11
f 2460/108/11 2432/108/11 2431/108/7 2459/108/11
f 2459/108/11 2431/108/7 2430/108/7 2458/108/11
f 2458/108/11 2430/108/7 2429/108/7 2457/108/7
f 2457/108/7 2429/108/7 2428/108/11 2456/108/11
f 2456/108/11 2428/108/11 2427/108/7 2455/108/7
f 637/108/792 636/108/791 2441/108/11 2413/108/7
f 2413/108/7 2441/108/11 2442/108/11 2414/108/11
f 2414/108/11 2442/108/11 2443/108/7 2415/108/11
f 2415/108/11 2443/108/7 2444/108/7 2416/108/7
f 2416/108/7 2444/108/7 2445/108/7 2417/108/11
f 2417/108/11 2445/108/7 2446/108/7 2418/108/7
f 2418/108/7 2446/108/7 2447/108/11 2419/108/7
f 2419/108/7 2447/108/11 2448/108/11 2420/108/7
f 2420/108/7 2448/108/11 2449/108/11 2421/108/7
f 2421/108/7 2449/108/11 2450/108/11 2422/108/11
f 2422/108/11 2450/108/11 2451/108/7 2423/108/7
f 2423/108/7 2451/108/7 2452/108/7 2424/108/11
f 2424/108/11 2452/108/7 2453/108/7 2425/108/11
f 2425/108/11 2453/108/7 2454/108/11 2426/108/11
f 2496/108/7 1629/108/1765 1828/108/1951 2468/108/7
f 2495/108/11 2496/108/7 2468/108/7 2467/108/11
f 2494/108/7 2495/108/11 2467/108/11 2466/108/7
f 2493/108/7 2494/108/7 2466/108/7 2465/108/7
f 2493/108/7 2465/108/7 2464/108/11 2492/108/11
f 2492/108/11 2464/108/11 2463/108/11 2491/108/11
f 2491/108/11 2463/108/11 2462/108/7 2490/108/11
f 2490/108/11 2462/108/7 2461/108/11 2489/108/7
f 2489/108/7 2461/108/11 2460/108/11 2488/108/11
f 2488/108/11 2460/108/11 2459/108/11 2487/108/11
f 2487/108/11 2459/108/11 2458/108/11 2486/108/11
f 2486/108/11 2458/108/11 2457/108/7 2485/108/7
f 2485/108/7 2457/108/7 2456/108/11 2484/108/7
f 2484/108/7 2456/108/11 2455/108/7 2483/108/7
f 636/108/791 635/108/603 2469/108/11 2441/108/11
f 2441/108/11 2469/108/11 2470/108/7 2442/108/11
f 2442/108/11 2470/108/7 2471/108/11 2443/108/7
f 2443/108/7 2471/108/11 2472/108/11 2444/108/7
f 2444/108/7 2472/108/11 2473/108/7 2445/108/7
f 2445/108/7 2473/108/7 2474/108/7 2446/108/7
f 2446/108/7 2474/108/7 2475/108/7 2447/108/11
f 2447/108/11 2475/108/7 2476/108/11 2448/108/11
f 2448/108/11 2476/108/11 2477/108/7 2449/108/11
f 2449/108/11 2477/108/7 2478/108/11 2450/108/11
f 2450/108/11 2478/108/11 2479/108/7 2451/108/7
f 2451/108/7 2479/108/7 2480/108/7 2452/108/7
f 2452/108/7 2480/108/7 2481/108/7 2453/108/7
f 2453/108/7 2481/108/7 2482/108/11 2454/108/11
f 2524/108/11 1628/108/1764 1629/108/1765 2496/108/7
f 2523/108/11 2524/108/11 2496/108/7 2495/108/11
f 2522/108/7 2523/108/11 2495/108/11 2494/108/7
f 2521/108/11 2522/108/7 2494/108/7 2493/108/7
f 2521/108/11 2493/108/7 2492/108/11 2520/108/7
f 2520/108/7 2492/108/11 2491/108/11 2519/108/11
f 2519/108/11 2491/108/11 2490/108/11 2518/108/7
f 2518/108/7 2490/108/11 2489/108/7 2517/108/11
f 2517/108/11 2489/108/7 2488/108/11 2516/108/7
f 2516/108/7 2488/108/11 2487/108/11 2515/108/11
f 2515/108/11 2487/108/11 2486/108/11 2514/108/7
f 2514/108/7 2486/108/11 2485/108/7 2513/108/11
f 2513/108/11 2485/108/7 2484/108/7 2512/108/11
f 2512/108/11 2484/108/7 2483/108/7 2511/108/7
f 635/108/603 634/108/603 2497/108/7 2469/108/11
f 2469/108/11 2497/108/7 2498/108/11 2470/108/7
f 2470/108/7 2498/108/11 2499/108/11 2471/108/11
f 2471/108/11 2499/108/11 2500/108/7 2472/108/11
f 2472/108/11 2500/108/7 2501/108/11 2473/108/7
f 2473/108/7 2501/108/11 2502/108/11 2474/108/7
f 2474/108/7 2502/108/11 2503/108/11 2475/108/7
f 2475/108/7 2503/108/11 2504/108/11 2476/108/11
f 2476/108/11 2504/108/11 2505/108/11 2477/108/7
f 2477/108/7 2505/108/11 2506/108/7 2478/108/11
f 2478/108/11 2506/108/7 2507/108/7 2479/108/7
f 2479/108/7 2507/108/7 2508/108/11 2480/108/7
f 2480/108/7 2508/108/11 2509/108/7 2481/108/7
f 2481/108/7 2509/108/7 2510/108/7 2482/108/11
f 2552/108/11 1837/108/1951 1628/108/1764 2524/108/11
f 2551/108/7 2552/108/11 2524/108/11 2523/108/11
f 2550/108/7 2551/108/7 2523/108/11 2522/108/7
f 2549/108/11 2550/108/7 2522/108/7 2521/108/11
f 2549/108/11 2521/108/11 2520/108/7 2548/108/11
f 2548/108/11 2520/108/7 2519/108/11 2547/108/7
f 2547/108/7 2519/108/11 2518/108/7 2546/108/7
f 2546/108/7 2518/108/7 2517/108/11 2545/108/11
f 2545/108/11 2517/108/11 2516/108/7 2544/108/7
f 2544/108/7 2516/108/7 2515/108/11 2543/108/7
f 2543/108/7 2515/108/11 2514/108/7 2542/108/7
f 2542/108/7 2514/108/7 2513/108/11 2541/108/7
f 2541/108/7 2513/108/11 2512/108/11 2540/108/7
f 2540/108/7 2512/108/11 2511/108/7 2539/108/11
f 634/108/603 633/108/792 2525/108/11 2497/108/7
f 2497/108/7 2525/108/11 2526/108/7 2498/108/11
f 2498/108/11 2526/108/7 2527/108/11 2499/108/11
f 2499/108/11 2527/108/11 2528/108/11 2500/108/7
f 2500/108/7 2528/108/11 2529/108/11 2501/108/11
f 2501/108/11 2529/108/11 2530/108/7 2502/108/11
f 2502/108/11 2530/108/7 2531/108/7 2503/108/11
f 2503/108/11 2531/108/7 2532/108/11 2504/108/11
f 2504/108/11 2532/108/11 2533/108/7 2505/108/11
f 2505/108/11 2533/108/7 2534/108/11 2506/108/7
f 2506/108/7 2534/108/11 2535/108/11 2507/108/7
f 2507/108/7 2535/108/11 2536/108/11 2508/108/11
f 2508/108/11 2536/108/11 2537/108/11 2509/108/7
f 2509/108/7 2537/108/11 2538/108/11 2510/108/7
f 2580/108/11 1836/108/1764 1837/108/1951 2552/108/11
f 2579/108/7 2580/108/11 2552/108/11 2551/108/7
f 2578/108/7 2579/108/7 2551/108/7 2550/108/7
f 2577/108/7 2578/108/7 2550/108/7 2549/108/11
f 2577/108/7 2549/108/11 2548/108/11 2576/108/7
f 2576/108/7 2548/108/11 2547/108/7 2575/108/7
f 2575/108/7 2547/108/7 2546/108/7 2574/108/11
f 2574/108/11 2546/108/7 2545/108/11 2573/108/11
f 2573/108/11 2545/108/11 2544/108/7 2572/108/11
f 2572/108/11 2544/108/7 2543/108/7 2571/108/7
f 2571/108/7 2543/108/7 2542/108/7 2570/108/7
f 2570/108/7 2542/108/7 2541/108/7 2569/108/7
f 2569/108/7 2541/108/7 2540/108/7 2568/108/7
f 2568/108/7 2540/108/7 2539/108/11 2567/108/11
f 633/108/792 632/108/792 2553/108/11 2525/108/11
f 2525/108/11 2553/108/11 2554/108/7 2526/108/7
f 2526/108/7 2554/108/7 2555/108/7 2527/108/11
f 2527/108/11 2555/108/7 2556/108/7 2528/108/11
f 2528/108/11 2556/108/7 2557/108/7 2529/108/11
f 2529/108/11 2557/108/7 2558/108/7 2530/108/7
f 2530/108/7 2558/108/7 2559/108/7 2531/108/7
f 2531/108/7 2559/108/7 2560/108/7 2532/108/11
f 2532/108/11 2560/108/7 2561/108/7 2533/108/7
f 2533/108/7 2561/108/7 2562/108/11 2534/108/11
f 2534/108/11 2562/108/11 2563/108/7 2535/108/11
f 2535/108/11 2563/108/7 2564/108/7 2536/108/11
f 2536/108/11 2564/108/7 2565/108/7 2537/108/11
f 2537/108/11 2565/108/7 2566/108/7 2538/108/11
f 2608/108/11 1835/108/1764 1836/108/1764 2580/108/11
f 2607/108/7 2608/108/11 2580/108/11 2579/108/7
f 2606/108/7 2607/108/7 2579/108/7 2578/108/7
f 2606/108/7 2578/108/7 2577/108/7 2605/108/11
f 2605/108/11 2577/108/7 2576/108/7 2604/108/11
f 2604/108/11 2576/108/7 2575/108/7 2603/108/7
f 2603/108/7 2575/108/7 2574/108/11 2602/108/7
f 2602/108/7 2574/108/11 2573/108/11 2601/108/11
f 2601/108/11 2573/108/11 2572/108/11 2600/108/7
f 2600/108/7 2572/108/11 2571/108/7 2599/108/11
f 2599/108/11 2571/108/7 2570/108/7 2598/108/7
f 2598/108/7 2570/108/7 2569/108/7 2597/108/7
f 2597/108/7 2569/108/7 2568/108/7 2596/108/11
f 2596/108/11 2568/108/7 2567/108/11 2595/108/7
f 632/108/792 631/108/792 2581/108/11 2553/108/11
f 2553/108/11 2581/108/11 2582/108/7 2554/108/7
f 2554/108/7 2582/108/7 2583/108/7 2555/108/7
f 2555/108/7 2583/108/7 2584/108/7 2556/108/7
f 2556/108/7 2584/108/7 2585/108/7 2557/108/7
f 2557/108/7 2585/108/7 2586/108/11 2558/108/7
f 2558/108/7 2586/108/11 2587/108/7 2559/108/7
f 2559/108/7 2587/108/7 2588/108/7 2560/108/7
f 2560/108/7 2588/108/7 2589/108/11 2561/108/7
f 2561/108/7 2589/108/11 2590/108/7 2562/108/11
f 2562/108/11 2590/108/7 2591/108/11 2563/108/7
f 2563/108/7 2591/108/11 2592/108/7 2564/108/7
f 2564/108/7 2592/108/7 2593/108/7 2565/108/7
f 2565/108/7 2593/108/7 2594/108/7 2566/108/7
f 2636/108/11 1834/108/1957 1835/108/1764 2608/108/11
f 2635/108/11 2636/108/11 2608/108/11 2607/108/7
f 2634/108/11 2635/108/11 2607/108/7 2606/108/7
f 2634/108/11 2606/108/7 2605/108/11 2633/108/7
f 2633/108/7 2605/108/11 2604/108/11 2632/108/11
f 2632/108/11 2604/108/11 2603/108/7 2631/108/7
f 2631/108/7 2603/108/7 2602/108/7 2630/108/7
f 2630/108/7 2602/108/7 2601/108/11 2629/108/11
f 2629/108/11 2601/108/11 2600/108/7 2628/108/11
f 2628/108/11 2600/108/7 2599/108/11 2627/108/7
f 2627/108/7 2599/108/11 2598/108/7 2626/108/11
f 2626/108/11 2598/108/7 2597/108/7 2625/108/7
f 2625/108/7 2597/108/7 2596/108/11 2624/108/7
f 2624/108/7 2596/108/11 2595/108/7 2623/108/11
f 631/108/792 630/108/790 2609/108/7 2581/108/11
f 2581/108/11 2609/108/7 2610/108/11 2582/108/7
f 2582/108/7 2610/108/11 2611/108/7 2583/108/7
f 2583/108/7 2611/108/7 2612/108/7 2584/108/7
f 2584/108/7 2612/108/7 2613/108/7 2585/108/7
f 2585/108/7 2613/108/7 2614/108/11 2586/108/11
f 2586/108/11 2614/108/11 2615/108/7 2587/108/7
f 2587/108/7 2615/108/7 2616/108/11 2588/108/7
f 2588/108/7 2616/108/11 2617/108/7 2589/108/11
f 2589/108/11 2617/108/7 2618/108/11 2590/108/7
f 2590/108/7 2618/108/11 2619/108/7 2591/108/11
f 2591/108/11 2619/108/7 2620/108/11 2592/108/7
f 2592/108/7 2620/108/11 2621/108/7 2593/108/7
f 2593/108/7 2621/108/7 2622/108/7 2594/108/7
f 2664/108/7 1833/108/1956 1834/108/1957 2636/108/11
f 2663/108/7 2664/108/7 2636/108/11 2635/108/11
f 2662/108/7 2663/108/7 2635/108/11 2634/108/11
f 2662/108/7 2634/108/11 2633/108/7 2661/108/11
f 2661/108/11 2633/108/7 2632/108/11 2660/108/7
f 2660/108/7 2632/108/11 2631/108/7 2659/108/7
f 2659/108/7 2631/108/7 2630/108/7 2658/108/7
f 2658/108/7 2630/108/7 2629/108/11 2657/108/11
f 2657/108/11 2629/108/11 2628/108/11 2656/108/7
f 2656/108/7 2628/108/11 2627/108/7 2655/108/7
f 2655/108/7 2627/108/7 2626/108/11 2654/108/11
f 2654/108/11 2626/108/11 2625/108/7 2653/108/7
f 2653/108/7 2625/108/7 2624/108/7 2652/108/7
f 2652/108/7 2624/108/7 2623/108/11 2651/108/7
f 630/108/790 629/108/798 2637/108/7 2609/108/7
f 2609/108/7 2637/108/7 2638/108/11 2610/108/11
f 2610/108/11 2638/108/11 2639/108/7 2611/108/7
f 2611/108/7 2639/108/7 2640/108/11 2612/108/7
f 2612/108/7 2640/108/11 2641/108/7 2613/108/7
f 2613/108/7 2641/108/7 2642/108/7 2614/108/11
f 2614/108/11 2642/108/7 2643/108/7 2615/108/7
f 2615/108/7 2643/108/7 2644/108/7 2616/108/11
f 2616/108/11 2644/108/7 2645/108/7 2617/108/7
f 2617/108/7 2645/108/7 2646/108/7 2618/108/11
f 2618/108/11 2646/108/7 2647/108/7 2619/108/7
f 2619/108/7 2647/108/7 2648/108/7 2620/108/11
f 2620/108/11 2648/108/7 2649/108/11 2621/108/7
f 2621/108/7 2649/108/11 2650/108/11 2622/108/7
f 2692/108/7 1832/108/1949 1833/108/1956 2664/108/7
f 2691/108/11 2692/108/7 2664/108/7 2663/108/7
f 2690/108/7 2691/108/11 2663/108/7 2662/108/7
f 2689/108/11 2690/108/7 2662/108/7 2661/108/11
f 2689/108/11 2661/108/11 2660/108/7 2688/108/7
f 2688/108/7 2660/108/7 2659/108/7 2687/108/7
f 2687/108/7 2659/108/7 2658/108/7 2686/108/7
f 2686/108/7 2658/108/7 2657/108/11 2685/108/7
f 2685/108/7 2657/108/11 2656/108/7 2684/108/11
f 2684/108/11 2656/108/7 2655/108/7 2683/108/11
f 2683/108/11 2655/108/7 2654/108/11 2682/108/7
f 2682/108/7 2654/108/11 2653/108/7 2681/108/11
f 2681/108/11 2653/108/7 2652/108/7 2680/108/7
f 2680/108/7 2652/108/7 2651/108/7 2679/108/11
f 629/108/798 628/108/798 2665/108/7 2637/108/7
f 2637/108/7 2665/108/7 2666/108/7 2638/108/11
f 2638/108/11 2666/108/7 2667/108/7 2639/108/7
f 2639/108/7 2667/108/7 2668/108/11 2640/108/11
f 2640/108/11 2668/108/11 2669/108/11 2641/108/7
f 2641/108/7 2669/108/11 2670/108/11 2642/108/7
f 2642/108/7 2670/108/11 2671/108/7 2643/108/7
f 2643/108/7 2671/108/7 2672/108/7 2644/108/7
f 2644/108/7 2672/108/7 2673/108/7 2645/108/7
f 2645/108/7 2673/108/7 2674/108/11 2646/108/7
f 2646/108/7 2674/108/11 2675/108/7 2647/108/7
f 2647/108/7 2675/108/7 2676/108/7 2648/108/7
f 2648/108/7 2676/108/7 2677/108/7 2649/108/11
f 2649/108/11 2677/108/7 2678/108/11 2650/108/11
f 2720/108/7 1831/108/1955 1832/108/1949 2692/108/7
f 2719/108/7 2720/108/7 2692/108/7 2691/108/11
f 2718/108/11 2719/108/7 2691/108/11 2690/108/7
f 2717/108/7 2718/108/11 2690/108/7 2689/108/11
f 2716/108/7 2717/108/7 2689/108/11 2688/108/7
f 2716/108/7 2688/108/7 2687/108/7 2715/108/11
f 2715/108/11 2687/108/7 2686/108/7 2714/108/7
f 2714/108/7 2686/108/7 2685/108/7 2713/108/7
f 2713/108/7 2685/108/7 2684/108/11 2712/108/7
f 2712/108/7 2684/108/11 2683/108/11 2711/108/7
f 2711/108/7 2683/108/11 2682/108/7 2710/108/7
f 2710/108/7 2682/108/7 2681/108/11 2709/108/11
f 2709/108/11 2681/108/11 2680/108/7 2708/108/11
f 2708/108/11 2680/108/7 2679/108/11 2707/108/11
f 628/108/798 627/108/791 2693/108/11 2665/108/7
f 2665/108/7 2693/108/11 2694/108/11 2666/108/7
f 2666/108/7 2694/108/11 2695/108/7 2667/108/7
f 2667/108/7 2695/108/7 2696/108/7 2668/108/11
f 2668/108/11 2696/108/7 2697/108/11 2669/108/11
f 2669/108/11 2697/108/11 2698/108/7 2670/108/11
f 2670/108/11 2698/108/7 2699/108/7 2671/108/7
f 2671/108/7 2699/108/7 2700/108/7 2672/108/7
f 2672/108/7 2700/108/7 2701/108/11 2673/108/7
f 2673/108/7 2701/108/11 2702/108/11 2674/108/11
f 2674/108/11 2702/108/11 2703/108/11 2675/108/7
f 2675/108/7 2703/108/11 2704/108/7 2676/108/7
f 2676/108/7 2704/108/7 2705/108/11 2677/108/7
f 2677/108/7 2705/108/11 2706/108/11 2678/108/11
f 2748/108/7 1830/108/1954 1831/108/1955 2720/108/7
f 2747/108/11 2748/108/7 2720/108/7 2719/108/7
f 2746/108/11 2747/108/11 2719/108/7 2718/108/11
f 2745/108/11 2746/108/11 2718/108/11 2717/108/7
f 2744/108/7 2745/108/11 2717/108/7 2716/108/7
f 2744/108/7 2716/108/7 2715/108/11 2743/108/7
f 2743/108/7 2715/108/11 2714/108/7 2742/108/7
f 2742/108/7 2714/108/7 2713/108/7 2741/108/7
f 2741/108/7 2713/108/7 2712/108/7 2740/108/11
f 2740/108/11 2712/108/7 2711/108/7 2739/108/11
f 2739/108/11 2711/108/7 2710/108/7 2738/108/11
f 2738/108/11 2710/108/7 2709/108/11 2737/108/7
f 2737/108/7 2709/108/11 2708/108/11 2736/108/11
f 2736/108/11 2708/108/11 2707/108/11 2735/108/7
f 627/108/791 626/108/797 2721/108/7 2693/108/11
f 2693/108/11 2721/108/7 2722/108/7 2694/108/11
f 2694/108/11 2722/108/7 2723/108/7 2695/108/7
f 2695/108/7 2723/108/7 2724/108/7 2696/108/7
f 2696/108/7 2724/108/7 2725/108/11 2697/108/11
f 2697/108/11 2725/108/11 2726/108/11 2698/108/7
f 2698/108/7 2726/108/11 2727/108/11 2699/108/7
f 2699/108/7 2727/108/11 2728/108/11 2700/108/7
f 2700/108/7 2728/108/11 2729/108/11 2701/108/11
f 2701/108/11 2729/108/11 2730/108/7 2702/108/11
f 2702/108/11 2730/108/7 2731/108/7 2703/108/11
f 2703/108/11 2731/108/7 2732/108/11 2704/108/7
f 2704/108/7 2732/108/11 2733/108/7 2705/108/11
f 2705/108/11 2733/108/7 2734/108/7 2706/108/11
f 2776/108/11 1829/108/1952 1830/108/1954 2748/108/7
f 2775/108/7 2776/108/11 2748/108/7 2747/108/11
f 2774/108/7 2775/108/7 2747/108/11 2746/108/11
f 2773/108/7 2774/108/7 2746/108/11 2745/108/11
f 2772/108/7 2773/108/7 2745/108/11 2744/108/7
f 2772/108/7 2744/108/7 2743/108/7 2771/108/7
f 2771/108/7 2743/108/7 2742/108/7 2770/108/11
f 2770/108/11 2742/108/7 2741/108/7 2769/108/7
f 2769/108/7 2741/108/7 2740/108/11 2768/108/7
f 2768/108/7 2740/108/11 2739/108/11 2767/108/7
f 2767/108/7 2739/108/11 2738/108/11 2766/108/11
f 2766/108/11 2738/108/11 2737/108/7 2765/108/7
f 2765/108/7 2737/108/7 2736/108/11 2764/108/7
f 2764/108/7 2736/108/11 2735/108/7 2763/108/7
f 626/108/797 625/108/796 2749/108/7 2721/108/7
f 2721/108/7 2749/108/7 2750/108/7 2722/108/7
f 2722/108/7 2750/108/7 2751/108/7 2723/108/7
f 2723/108/7 2751/108/7 2752/108/11 2724/108/7
f 2724/108/7 2752/108/11 2753/108/11 2725/108/11
f 2725/108/11 2753/108/11 2754/108/7 2726/108/11
f 2726/108/11 2754/108/7 2755/108/7 2727/108/11
f 2727/108/11 2755/108/7 2756/108/7 2728/108/11
f 2728/108/11 2756/108/7 2757/108/11 2729/108/11
f 2729/108/11 2757/108/11 2758/108/7 2730/108/7
f 2730/108/7 2758/108/7 2759/108/11 2731/108/7
f 2731/108/7 2759/108/11 2760/108/7 2732/108/11
f 2732/108/11 2760/108/7 2761/108/7 2733/108/7
f 2733/108/7 2761/108/7 2762/108/7 2734/108/7
f 2804/108/11 2159/108/1953 1829/108/1952 2776/108/11
f 2803/108/7 2804/108/11 2776/108/11 2775/108/7
f 2802/108/7 2803/108/7 2775/108/7 2774/108/7
f 2801/108/7 2802/108/7 2774/108/7 2773/108/7
f 2801/108/7 2773/108/7 2772/108/7 2800/108/11
f 2800/108/11 2772/108/7 2771/108/7 2799/108/7
f 2799/108/7 2771/108/7 2770/108/11 2798/108/11
f 2798/108/11 2770/108/11 2769/108/7 2797/108/7
f 2797/108/7 2769/108/7 2768/108/7 2796/108/11
f 2796/108/11 2768/108/7 2767/108/7 2795/108/7
f 2795/108/7 2767/108/7 2766/108/11 2794/108/7
f 2794/108/7 2766/108/11 2765/108/7 2793/108/7
f 2793/108/7 2765/108/7 2764/108/7 2792/108/7
f 2792/108/7 2764/108/7 2763/108/7 2791/108/7
f 625/108/796 594/108/795 2777/108/7 2749/108/7
f 2749/108/7 2777/108/7 2778/108/11 2750/108/7
f 2750/108/7 2778/108/11 2779/108/7 2751/108/7
f 2751/108/7 2779/108/7 2780/108/11 2752/108/11
f 2752/108/11 2780/108/11 2781/108/11 2753/108/11
f 2753/108/11 2781/108/11 2782/108/11 2754/108/7
f 2754/108/7 2782/108/11 2783/108/11 2755/108/7
f 2755/108/7 2783/108/11 2784/108/11 2756/108/7
f 2756/108/7 2784/108/11 2785/108/7 2757/108/11
f 2757/108/11 2785/108/7 2786/108/7 2758/108/7
f 2758/108/7 2786/108/7 2787/108/7 2759/108/11
f 2759/108/11 2787/108/7 2788/108/11 2760/108/7
f 2760/108/7 2788/108/11 2789/108/7 2761/108/7
f 2761/108/7 2789/108/7 2790/108/7 2762/108/7
f 1311/108/2297 2159/108/2296 2804/108/2403 2832/108/2403
f 2832/108/2403 2804/108/2403 2803/108/2403 2831/108/2403
f 2831/108/2403 2803/108/2403 2802/108/2403 2830/108/2403
f 2830/108/2403 2802/108/2403 2801/108/2403 2829/108/2403
f 2829/108/2403 2801/108/2403 2800/108/2403 2828/108/2403
f 2828/108/2403 2800/108/2403 2799/108/2398 2827/108/2398
f 2827/108/2398 2799/108/2398 2798/108/2398 2826/108/2398
f 2826/108/2398 2798/108/2398 2797/108/2398 2825/108/2398
f 2825/108/2398 2797/108/2398 2796/108/2398 2824/108/2398
f 2824/108/2398 2796/108/2398 2795/108/2403 2823/108/2403
f 2823/108/2403 2795/108/2403 2794/108/2403 2822/108/2403
f 2822/108/2403 2794/108/2403 2793/108/2403 2821/108/2403
f 2821/108/2403 2793/108/2403 2792/108/2403 2820/108/2403
f 2820/108/2403 2792/108/2403 2791/108/2398 2819/108/2398
f 594/108/1137 66/108/1136 2805/108/2403 2777/108/2403
f 2777/108/2403 2805/108/2403 2806/108/2398 2778/108/2398
f 2778/108/2398 2806/108/2398 2807/108/2398 2779/108/2398
f 2779/108/2398 2807/108/2398 2808/108/2398 2780/108/2398
f 2780/108/2398 2808/108/2398 2809/108/2398 2781/108/2398
f 2781/108/2398 2809/108/2398 2810/108/2403 2782/108/2403
f 2782/108/2403 2810/108/2403 2811/108/2398 2783/108/2398
f 2783/108/2398 2811/108/2398 2812/108/2398 2784/108/2398
f 2784/108/2398 2812/108/2398 2813/108/2398 2785/108/2398
f 2785/108/2398 2813/108/2398 2814/108/2403 2786/108/2403
f 2786/108/2403 2814/108/2403 2815/108/2398 2787/108/2398
f 2787/108/2398 2815/108/2398 2816/108/2403 2788/108/2403
f 2788/108/2403 2816/108/2403 2817/108/2398 2789/108/2398
f 2789/108/2398 2817/108/2398 2818/108/2398 2790/108/2398
f 2149/108/1253 1311/108/1443 2832/108/2399 2860/108/9
f 2860/108/9 2832/108/2399 2831/108/2399 2859/108/9
f 2859/108/9 2831/108/2399 2830/108/2399 2858/108/2399
f 2858/108/2399 2830/108/2399 2829/108/9 2857/108/2399
f 2857/108/2399 2829/108/9 2828/108/2399 2856/108/9
f 2856/108/9 2828/108/2399 2827/108/2399 2855/108/9
f 2855/108/9 2827/108/2399 2826/108/2399 2854/108/2399
f 2854/108/2399 2826/108/2399 2825/108/2399 2853/108/9
f 2853/108/9 2825/108/2399 2824/108/9 2852/108/9
f 2852/108/9 2824/108/9 2823/108/9 2851/108/9
f 2851/108/9 2823/108/9 2822/108/2399 2850/108/9
f 2850/108/9 2822/108/2399 2821/108/2399 2849/108/9
f 2849/108/9 2821/108/2399 2820/108/2399 2848/108/9
f 2848/108/9 2820/108/2399 2819/108/2399 2847/108/2399
f 2805/108/2399 66/108/282 97/108/281 2833/108/2399
f 2806/108/9 2805/108/2399 2833/108/2399 2834/108/2399
f 2807/108/2399 2806/108/9 2834/108/2399 2835/108/9
f 2808/108/9 2807/108/2399 2835/108/9 2836/108/2399
f 2808/108/9 2836/108/2399 2837/108/9 2809/108/2399
f 2809/108/2399 2837/108/9 2838/108/9 2810/108/9
f 2810/108/9 2838/108/9 2839/108/2399 2811/108/9
f 2811/108/9 2839/108/2399 2840/108/2399 2812/108/9
f 2812/108/9 2840/108/2399 2841/108/9 2813/108/9
f 2813/108/9 2841/108/9 2842/108/2399 2814/108/2399
f 2814/108/2399 2842/108/2399 2843/108/9 2815/108/9
f 2815/108/9 2843/108/9 2844/108/2399 2816/108/9
f 2816/108/9 2844/108/2399 2845/108/9 2817/108/9
f 2817/108/9 2845/108/9 2846/108/9 2818/108/2399
f 2150/108/1444 2149/108/1253 2860/108/9 2888/108/9
f 2888/108/9 2860/108/9 2859/108/9 2887/108/9
f 2887/108/9 2859/108/9 2858/108/2399 2886/108/9
f 2886/108/9 2858/108/2399 2857/108/2399 2885/108/9
f 2885/108/9 2857/108/2399 2856/108/9 2884/108/2399
f 2884/108/2399 2856/108/9 2855/108/9 2883/108/9
f 2883/108/9 2855/108/9 2854/108/2399 2882/108/2399
f 2882/108/2399 2854/108/2399 2853/108/9 2881/108/9
f 2881/108/9 2853/108/9 2852/108/9 2880/108/9
f 2880/108/9 2852/108/9 2851/108/9 2879/108/9
f 2879/108/9 2851/108/9 2850/108/9 2878/108/9
f 2878/108/9 2850/108/9 2849/108/9 2877/108/2399
f 2877/108/2399 2849/108/9 2848/108/9 2876/108/9
f 2876/108/9 2848/108/9 2847/108/2399 2875/108/2399
f 2833/108/2399 97/108/281 98/108/279 2861/108/2399
f 2834/108/2399 2833/108/2399 2861/108/2399 2862/108/9
f 2835/108/9 2834/108/2399 2862/108/9 2863/108/2399
f 2836/108/2399 2835/108/9 2863/108/2399 2864/108/2399
f 2837/108/9 2836/108/2399 2864/108/2399 2865/108/9
f 2837/108/9 2865/108/9 2866/108/2399 2838/108/9
f 2838/108/9 2866/108/2399 2867/108/2399 2839/108/2399
f 2839/108/2399 2867/108/2399 2868/108/2399 2840/108/2399
f 2840/108/2399 2868/108/2399 2869/108/9 2841/108/9
f 2841/108/9 2869/108/9 2870/108/9 2842/108/2399
f 2842/108/2399 2870/108/9 2871/108/9 2843/108/9
f 2843/108/9 2871/108/9 2872/108/9 2844/108/2399
f 2844/108/2399 2872/108/9 2873/108/9 2845/108/9
f 2845/108/9 2873/108/9 2874/108/9 2846/108/9
f 2151/108/1445 2150/108/1444 2888/108/9 2916/108/9
f 2916/108/9 2888/108/9 2887/108/9 2915/108/2399
f 2915/108/2399 2887/108/9 2886/108/9 2914/108/2399
f 2914/108/2399 2886/108/9 2885/108/9 2913/108/9
f 2913/108/9 2885/108/9 2884/108/2399 2912/108/2399
f 2912/108/2399 2884/108/2399 2883/108/9 2911/108/9
f 2911/108/9 2883/108/9 2882/108/2399 2910/108/2399
f 2910/108/2399 2882/108/2399 2881/108/9 2909/108/9
f 2909/108/9 2881/108/9 2880/108/9 2908/108/9
f 2908/108/9 2880/108/9 2879/108/9 2907/108/2399
f 2907/108/2399 2879/108/9 2878/108/9 2906/108/2399
f 2906/108/2399 2878/108/9 2877/108/2399 2905/108/9
f 2905/108/9 2877/108/2399 2876/108/9 2904/108/2399
f 2904/108/2399 2876/108/9 2875/108/2399 2903/108/9
f 2861/108/2399 98/108/279 99/108/278 2889/108/2399
f 2862/108/9 2861/108/2399 2889/108/2399 2890/108/2399
f 2863/108/2399 2862/108/9 2890/108/2399 2891/108/9
f 2864/108/2399 2863/108/2399 2891/108/9 2892/108/2399
f 2865/108/9 2864/108/2399 2892/108/2399 2893/108/2399
f 2865/108/9 2893/108/2399 2894/108/9 2866/108/2399
f 2866/108/2399 2894/108/9 2895/108/9 2867/108/2399
f 2867/108/2399 2895/108/9 2896/108/2399 2868/108/2399
f 2868/108/2399 2896/108/2399 2897/108/9 2869/108/9
f 2869/108/9 2897/108/9 2898/108/2399 2870/108/9
f 2870/108/9 2898/108/2399 2899/108/9 2871/108/9
f 2871/108/9 2899/108/9 2900/108/9 2872/108/9
f 2872/108/9 2900/108/9 2901/108/9 2873/108/9
f 2873/108/9 2901/108/9 2902/108/2399 2874/108/9
f 2152/108/1445 2151/108/1445 2916/108/9 2944/108/9
f 2944/108/9 2916/108/9 2915/108/2399 2943/108/9
f 2943/108/9 2915/108/2399 2914/108/2399 2942/108/9
f 2942/108/9 2914/108/2399 2913/108/9 2941/108/9
f 2941/108/9 2913/108/9 2912/108/2399 2940/108/2399
f 2940/108/2399 2912/108/2399 2911/108/9 2939/108/2399
f 2939/108/2399 2911/108/9 2910/108/2399 2938/108/2399
f 2938/108/2399 2910/108/2399 2909/108/9 2937/108/2399
f 2937/108/2399 2909/108/9 2908/108/9 2936/108/2399
f 2936/108/2399 2908/108/9 2907/108/2399 2935/108/9
f 2935/108/9 2907/108/2399 2906/108/2399 2934/108/9
f 2934/108/9 2906/108/2399 2905/108/9 2933/108/9
f 2933/108/9 2905/108/9 2904/108/2399 2932/108/2399
f 2932/108/2399 2904/108/2399 2903/108/9 2931/108/2399
f 2889/108/2399 99/108/278 100/108/277 2917/108/2399
f 2890/108/2399 2889/108/2399 2917/108/2399 2918/108/9
f 2891/108/9 2890/108/2399 2918/108/9 2919/108/2399
f 2892/108/2399 2891/108/9 2919/108/2399 2920/108/2399
f 2893/108/2399 2892/108/2399 2920/108/2399 2921/108/9
f 2893/108/2399 2921/108/9 2922/108/9 2894/108/9
f 2894/108/9 2922/108/9 2923/108/2399 2895/108/9
f 2895/108/9 2923/108/2399 2924/108/9 2896/108/2399
f 2896/108/2399 2924/108/9 2925/108/2399 2897/108/9
f 2897/108/9 2925/108/2399 2926/108/2399 2898/108/2399
f 2898/108/2399 2926/108/2399 2927/108/9 2899/108/9
f 2899/108/9 2927/108/9 2928/108/2399 2900/108/9
f 2900/108/9 2928/108/2399 2929/108/9 2901/108/9
f 2901/108/9 2929/108/9 2930/108/9 2902/108/2399
f 2153/108/1446 2152/108/1445 2944/108/9 2972/108/2399
f 2972/108/2399 2944/108/9 2943/108/9 2971/108/9
f 2971/108/9 2943/108/9 2942/108/9 2970/108/2399
f 2970/108/2399 2942/108/9 2941/108/9 2969/108/2399
f 2969/108/2399 2941/108/9 2940/108/2399 2968/108/9
f 2968/108/9 2940/108/2399 2939/108/2399 2967/108/9
f 2967/108/9 2939/108/2399 2938/108/2399 2966/108/9
f 2966/108/9 2938/108/2399 2937/108/2399 2965/108/2399
f 2965/108/2399 2937/108/2399 2936/108/2399 2964/108/9
f 2964/108/9 2936/108/2399 2935/108/9 2963/108/2399
f 2963/108/2399 2935/108/9 2934/108/9 2962/108/9
f 2962/108/9 2934/108/9 2933/108/9 2961/108/9
f 2961/108/9 2933/108/9 2932/108/2399 2960/108/9
f 2960/108/9 2932/108/2399 2931/108/2399 2959/108/2399
f 2917/108/2399 100/108/277 101/108/283 2945/108/9
f 2918/108/9 2917/108/2399 2945/108/9 2946/108/2399
f 2919/108/2399 2918/108/9 2946/108/2399 2947/108/2399
f 2920/108/2399 2919/108/2399 2947/108/2399 2948/108/9
f 2920/108/2399 2948/108/9 2949/108/2399 2921/108/9
f 2921/108/9 2949/108/2399 2950/108/2399 2922/108/9
f 2922/108/9 2950/108/2399 2951/108/9 2923/108/2399
f 2923/108/2399 2951/108/9 2952/108/9 2924/108/9
f 2924/108/9 2952/108/9 2953/108/2399 2925/108/2399
f 2925/108/2399 2953/108/2399 2954/108/9 2926/108/2399
f 2926/108/2399 2954/108/9 2955/108/2399 2927/108/9
f 2927/108/9 2955/108/2399 2956/108/9 2928/108/2399
f 2928/108/2399 2956/108/9 2957/108/2399 2929/108/9
f 2929/108/9 2957/108/2399 2958/108/9 2930/108/9
f 2154/108/1445 2153/108/1446 2972/108/2399 3000/108/2399
f 3000/108/2399 2972/108/2399 2971/108/9 2999/108/9
f 2999/108/9 2971/108/9 2970/108/2399 2998/108/2399
f 2998/108/2399 2970/108/2399 2969/108/2399 2997/108/9
f 2997/108/9 2969/108/2399 2968/108/9 2996/108/2399
f 2996/108/2399 2968/108/9 2967/108/9 2995/108/2399
f 2995/108/2399 2967/108/9 2966/108/9 2994/108/2399
f 2994/108/2399 2966/108/9 2965/108/2399 2993/108/2399
f 2993/108/2399 2965/108/2399 2964/108/9 2992/108/9
f 2992/108/9 2964/108/9 2963/108/2399 2991/108/9
f 2991/108/9 2963/108/2399 2962/108/9 2990/108/2399
f 2990/108/2399 2962/108/9 2961/108/9 2989/108/2399
f 2989/108/2399 2961/108/9 2960/108/9 2988/108/2399
f 2988/108/2399 2960/108/9 2959/108/2399 2987/108/9
f 2945/108/9 101/108/283 102/108/284 2973/108/2399
f 2946/108/2399 2945/108/9 2973/108/2399 2974/108/2399
f 2947/108/2399 2946/108/2399 2974/108/2399 2975/108/2399
f 2947/108/2399 2975/108/2399 2976/108/9 2948/108/9
f 2948/108/9 2976/108/9 2977/108/9 2949/108/2399
f 2949/108/2399 2977/108/9 2978/108/9 2950/108/2399
f 2950/108/2399 2978/108/9 2979/108/9 2951/108/9
f 2951/108/9 2979/108/9 2980/108/2399 2952/108/9
f 2952/108/9 2980/108/2399 2981/108/9 2953/108/2399
f 2953/108/2399 2981/108/9 2982/108/2399 2954/108/9
f 2954/108/9 2982/108/2399 2983/108/9 2955/108/2399
f 2955/108/2399 2983/108/9 2984/108/2399 2956/108/9
f 2956/108/9 2984/108/2399 2985/108/9 2957/108/2399
f 2957/108/2399 2985/108/9 2986/108/2399 2958/108/9
f 2155/108/1447 2154/108/1445 3000/108/2399 3028/108/9
f 3028/108/9 3000/108/2399 2999/108/9 3027/108/2399
f 3027/108/2399 2999/108/9 2998/108/2399 3026/108/9
f 3026/108/9 2998/108/2399 2997/108/9 3025/108/9
f 3025/108/9 2997/108/9 2996/108/2399 3024/108/2399
f 3024/108/2399 2996/108/2399 2995/108/2399 3023/108/9
f 3023/108/9 2995/108/2399 2994/108/2399 3022/108/2399
f 3022/108/2399 2994/108/2399 2993/108/2399 3021/108/2399
f 3021/108/2399 2993/108/2399 2992/108/9 3020/108/9
f 3020/108/9 2992/108/9 2991/108/9 3019/108/2399
f 3019/108/2399 2991/108/9 2990/108/2399 3018/108/9
f 3018/108/9 2990/108/2399 2989/108/2399 3017/108/2399
f 3017/108/2399 2989/108/2399 2988/108/2399 3016/108/9
f 3016/108/9 2988/108/2399 2987/108/9 3015/108/9
f 2973/108/2399 102/108/284 103/108/285 3001/108/9
f 2974/108/2399 2973/108/2399 3001/108/9 3002/108/9
f 2975/108/2399 2974/108/2399 3002/108/9 3003/108/9
f 2975/108/2399 3003/108/9 3004/108/2399 2976/108/9
f 2976/108/9 3004/108/2399 3005/108/9 2977/108/9
f 2977/108/9 3005/108/9 3006/108/9 2978/108/9
f 2978/108/9 3006/108/9 3007/108/9 2979/108/9
f 2979/108/9 3007/108/9 3008/108/9 2980/108/2399
f 2980/108/2399 3008/108/9 3009/108/2399 2981/108/9
f 2981/108/9 3009/108/2399 3010/108/9 2982/108/2399
f 2982/108/2399 3010/108/9 3011/108/9 2983/108/9
f 2983/108/9 3011/108/9 3012/108/2399 2984/108/2399
f 2984/108/2399 3012/108/2399 3013/108/2399 2985/108/9
f 2985/108/9 3013/108/2399 3014/108/9 2986/108/2399
f 2156/108/1442 2155/108/1447 3028/108/9 3056/108/2399
f 3056/108/2399 3028/108/9 3027/108/2399 3055/108/9
f 3055/108/9 3027/108/2399 3026/108/9 3054/108/2399
f 3054/108/2399 3026/108/9 3025/108/9 3053/108/9
f 3053/108/9 3025/108/9 3024/108/2399 3052/108/9
f 3052/108/9 3024/108/2399 3023/108/9 3051/108/2399
f 3051/108/2399 3023/108/9 3022/108/2399 3050/108/9
f 3050/108/9 3022/108/2399 3021/108/2399 3049/108/9
f 3049/108/9 3021/108/2399 3020/108/9 3048/108/2399
f 3048/108/2399 3020/108/9 3019/108/2399 3047/108/9
f 3047/108/9 3019/108/2399 3018/108/9 3046/108/2399
f 3046/108/2399 3018/108/9 3017/108/2399 3045/108/9
f 3045/108/9 3017/108/2399 3016/108/9 3044/108/9
f 3044/108/9 3016/108/9 3015/108/9 3043/108/9
f 3001/108/9 103/108/285 104/108/280 3029/108/9
f 3002/108/9 3001/108/9 3029/108/9 3030/108/2399
f 3003/108/9 3002/108/9 3030/108/2399 3031/108/9
f 3003/108/9 3031/108/9 3032/108/9 3004/108/2399
f 3004/108/2399 3032/108/9 3033/108/9 3005/108/9
f 3005/108/9 3033/108/9 3034/108/2399 3006/108/9
f 3006/108/9 3034/108/2399 3035/108/2399 3007/108/9
f 3007/108/9 3035/108/2399 3036/108/9 3008/108/9
f 3008/108/9 3036/108/9 3037/108/9 3009/108/2399
f 3009/108/2399 3037/108/9 3038/108/9 3010/108/9
f 3010/108/9 3038/108/9 3039/108/2399 3011/108/9
f 3011/108/9 3039/108/2399 3040/108/9 3012/108/2399
f 3012/108/2399 3040/108/9 3041/108/9 3013/108/2399
f 3013/108/2399 3041/108/9 3042/108/9 3014/108/9
f 2157/108/1442 2156/108/1442 3056/108/2399 3084/108/9
f 3084/108/9 3056/108/2399 3055/108/9 3083/108/2399
f 3083/108/2399 3055/108/9 3054/108/2399 3082/108/9
f 3082/108/9 3054/108/2399 3053/108/9 3081/108/9
f 3081/108/9 3053/108/9 3052/108/9 3080/108/2399
f 3080/108/2399 3052/108/9 3051/108/2399 3079/108/2399
f 3079/108/2399 3051/108/2399 3050/108/9 3078/108/2399
f 3078/108/2399 3050/108/9 3049/108/9 3077/108/9
f 3077/108/9 3049/108/9 3048/108/2399 3076/108/2399
f 3076/108/2399 3048/108/2399 3047/108/9 3075/108/9
f 3075/108/9 3047/108/9 3046/108/2399 3074/108/9
f 3074/108/9 3046/108/2399 3045/108/9 3073/108/9
f 3073/108/9 3045/108/9 3044/108/9 3072/108/9
f 3072/108/9 3044/108/9 3043/108/9 3071/108/9
f 3029/108/9 104/108/280 105/108/286 3057/108/9
f 3030/108/2399 3029/108/9 3057/108/9 3058/108/2399
f 3031/108/9 3030/108/2399 3058/108/2399 3059/108/2399
f 3032/108/9 3031/108/9 3059/108/2399 3060/108/9
f 3032/108/9 3060/108/9 3061/108/9 3033/108/9
f 3033/108/9 3061/108/9 3062/108/2399 3034/108/2399
f 3034/108/2399 3062/108/2399 3063/108/2399 3035/108/2399
f 3035/108/2399 3063/108/2399 3064/108/2399 3036/108/9
f 3036/108/9 3064/108/2399 3065/108/9 3037/108/9
f 3037/108/9 3065/108/9 3066/108/2399 3038/108/9
f 3038/108/9 3066/108/2399 3067/108/9 3039/108/2399
f 3039/108/2399 3067/108/9 3068/108/2399 3040/108/9
f 3040/108/9 3068/108/2399 3069/108/9 3041/108/9
f 3041/108/9 3069/108/9 3070/108/9 3042/108/9
f 2139/108/1253 2157/108/1442 3084/108/9 3112/108/9
f 3112/108/9 3084/108/9 3083/108/2399 3111/108/2399
f 3111/108/2399 3083/108/2399 3082/108/9 3110/108/9
f 3110/108/9 3082/108/9 3081/108/9 3109/108/9
f 3109/108/9 3081/108/9 3080/108/2399 3108/108/9
f 3108/108/9 3080/108/2399 3079/108/2399 3107/108/9
f 3107/108/9 3079/108/2399 3078/108/2399 3106/108/2399
f 3106/108/2399 3078/108/2399 3077/108/9 3105/108/9
f 3105/108/9 3077/108/9 3076/108/2399 3104/108/9
f 3104/108/9 3076/108/2399 3075/108/9 3103/108/9
f 3103/108/9 3075/108/9 3074/108/9 3102/108/2399
f 3102/108/2399 3074/108/9 3073/108/9 3101/108/2399
f 3101/108/2399 3073/108/9 3072/108/9 3100/108/2399
f 3100/108/2399 3072/108/9 3071/108/9 3099/108/9
f 3057/108/9 105/108/286 106/108/89 3085/108/9
f 3058/108/2399 3057/108/9 3085/108/9 3086/108/2399
f 3059/108/2399 3058/108/2399 3086/108/2399 3087/108/2399
f 3060/108/9 3059/108/2399 3087/108/2399 3088/108/2399
f 3060/108/9 3088/108/2399 3089/108/2399 3061/108/9
f 3061/108/9 3089/108/2399 3090/108/2399 3062/108/2399
f 3062/108/2399 3090/108/2399 3091/108/9 3063/108/2399
f 3063/108/2399 3091/108/9 3092/108/2399 3064/108/2399
f 3064/108/2399 3092/108/2399 3093/108/9 3065/108/9
f 3065/108/9 3093/108/9 3094/108/2399 3066/108/2399
f 3066/108/2399 3094/108/2399 3095/108/2399 3067/108/9
f 3067/108/9 3095/108/2399 3096/108/2399 3068/108/2399
f 3068/108/2399 3096/108/2399 3097/108/9 3069/108/9
f 3069/108/9 3097/108/9 3098/108/9 3070/108/9
f 2138/108/1254 2139/108/1253 3112/108/9 3140/108/2399
f 3140/108/2399 3112/108/9 3111/108/2399 3139/108/9
f 3139/108/9 3111/108/2399 3110/108/9 3138/108/2399
f 3138/108/2399 3110/108/9 3109/108/9 3137/108/2399
f 3137/108/2399 3109/108/9 3108/108/9 3136/108/2399
f 3136/108/2399 3108/108/9 3107/108/9 3135/108/2399
f 3135/108/2399 3107/108/9 3106/108/2399 3134/108/9
f 3134/108/9 3106/108/2399 3105/108/9 3133/108/2399
f 3133/108/2399 3105/108/9 3104/108/9 3132/108/2399
f 3132/108/2399 3104/108/9 3103/108/9 3131/108/9
f 3131/108/9 3103/108/9 3102/108/2399 3130/108/2399
f 3130/108/2399 3102/108/2399 3101/108/2399 3129/108/9
f 3129/108/9 3101/108/2399 3100/108/2399 3128/108/9
f 3128/108/9 3100/108/2399 3099/108/9 3127/108/2399
f 3085/108/9 106/108/89 107/108/88 3113/108/2399
f 3086/108/2399 3085/108/9 3113/108/2399 3114/108/2399
f 3087/108/2399 3086/108/2399 3114/108/2399 3115/108/2399
f 3088/108/2399 3087/108/2399 3115/108/2399 3116/108/9
f 3088/108/2399 3116/108/9 3117/108/2399 3089/108/2399
f 3089/108/2399 3117/108/2399 3118/108/2399 3090/108/2399
f 3090/108/2399 3118/108/2399 3119/108/2399 3091/108/9
f 3091/108/9 3119/108/2399 3120/108/9 3092/108/2399
f 3092/108/2399 3120/108/9 3121/108/2399 3093/108/9
f 3093/108/9 3121/108/2399 3122/108/2399 3094/108/2399
f 3094/108/2399 3122/108/2399 3123/108/9 3095/108/2399
f 3095/108/2399 3123/108/9 3124/108/9 3096/108/2399
f 3096/108/2399 3124/108/9 3125/108/9 3097/108/9
f 3097/108/9 3125/108/9 3126/108/9 3098/108/9
f 2148/108/1442 2138/108/1254 3140/108/2399 3168/108/2399
f 3168/108/2399 3140/108/2399 3139/108/9 3167/108/9
f 3167/108/9 3139/108/9 3138/108/2399 3166/108/9
f 3166/108/9 3138/108/2399 3137/108/2399 3165/108/9
f 3165/108/9 3137/108/2399 3136/108/2399 3164/108/9
f 3164/108/9 3136/108/2399 3135/108/2399 3163/108/2399
f 3163/108/2399 3135/108/2399 3134/108/9 3162/108/2399
f 3162/108/2399 3134/108/9 3133/108/2399 3161/108/9
f 3161/108/9 3133/108/2399 3132/108/2399 3160/108/2399
f 3160/108/2399 3132/108/2399 3131/108/9 3159/108/2399
f 3159/108/2399 3131/108/9 3130/108/2399 3158/108/2399
f 3158/108/2399 3130/108/2399 3129/108/9 3157/108/9
f 3157/108/9 3129/108/9 3128/108/9 3156/108/9
f 3156/108/9 3128/108/9 3127/108/2399 3155/108/2399
f 3113/108/2399 107/108/88 108/108/279 3141/108/2399
f 3114/108/2399 3113/108/2399 3141/108/2399 3142/108/9
f 3115/108/2399 3114/108/2399 3142/108/9 3143/108/9
f 3116/108/9 3115/108/2399 3143/108/9 3144/108/9
f 3116/108/9 3144/108/9 3145/108/9 3117/108/2399
f 3117/108/2399 3145/108/9 3146/108/9 3118/108/2399
f 3118/108/2399 3146/108/9 3147/108/2399 3119/108/2399
f 3119/108/2399 3147/108/2399 3148/108/2399 3120/108/9
f 3120/108/9 3148/108/2399 3149/108/9 3121/108/2399
f 3121/108/2399 3149/108/9 3150/108/2399 3122/108/2399
f 3122/108/2399 3150/108/2399 3151/108/9 3123/108/9
f 3123/108/9 3151/108/9 3152/108/2399 3124/108/9
f 3124/108/9 3152/108/2399 3153/108/9 3125/108/9
f 3125/108/9 3153/108/9 3154/108/9 3126/108/9
f 2147/108/1439 2148/108/1442 3168/108/2399 3196/108/2399
f 3196/108/2399 3168/108/2399 3167/108/9 3195/108/9
f 3195/108/9 3167/108/9 3166/108/9 3194/108/2399
f 3194/108/2399 3166/108/9 3165/108/9 3193/108/2399
f 3193/108/2399 3165/108/9 3164/108/9 3192/108/9
f 3192/108/9 3164/108/9 3163/108/2399 3191/108/2399
f 3191/108/2399 3163/108/2399 3162/108/2399 3190/108/9
f 3190/108/9 3162/108/2399 3161/108/9 3189/108/2399
f 3189/108/2399 3161/108/9 3160/108/2399 3188/108/2399
f 3188/108/2399 3160/108/2399 3159/108/2399 3187/108/2399
f 3187/108/2399 3159/108/2399 3158/108/2399 3186/108/9
f 3186/108/9 3158/108/2399 3157/108/9 3185/108/2399
f 3185/108/2399 3157/108/9 3156/108/9 3184/108/2399
f 3184/108/2399 3156/108/9 3155/108/2399 3183/108/2399
f 3141/108/2399 108/108/279 109/108/280 3169/108/9
f 3142/108/9 3141/108/2399 3169/108/9 3170/108/9
f 3143/108/9 3142/108/9 3170/108/9 3171/108/2399
f 3144/108/9 3143/108/9 3171/108/2399 3172/108/2399
f 3144/108/9 3172/108/2399 3173/108/2399 3145/108/9
f 3145/108/9 3173/108/2399 3174/108/2399 3146/108/9
f 3146/108/9 3174/108/2399 3175/108/9 3147/108/2399
f 3147/108/2399 3175/108/9 3176/108/9 3148/108/2399
f 3148/108/2399 3176/108/9 3177/108/2399 3149/108/9
f 3149/108/9 3177/108/2399 3178/108/2399 3150/108/2399
f 3150/108/2399 3178/108/2399 3179/108/2399 3151/108/9
f 3151/108/9 3179/108/2399 3180/108/9 3152/108/2399
f 3152/108/2399 3180/108/9 3181/108/9 3153/108/9
f 3153/108/9 3181/108/9 3182/108/9 3154/108/9
f 2146/108/1442 2147/108/1439 3196/108/2399 3224/108/2399
f 3224/108/2399 3196/108/2399 3195/108/9 3223/108/2399
f 3223/108/2399 3195/108/9 3194/108/2399 3222/108/2399
f 3222/108/2399 3194/108/2399 3193/108/2399 3221/108/9
f 3221/108/9 3193/108/2399 3192/108/9 3220/108/2399
f 3220/108/2399 3192/108/9 3191/108/2399 3219/108/9
f 3219/108/9 3191/108/2399 3190/108/9 3218/108/9
f 3218/108/9 3190/108/9 3189/108/2399 3217/108/9
f 3217/108/9 3189/108/2399 3188/108/2399 3216/108/2399
f 3216/108/2399 3188/108/2399 3187/108/2399 3215/108/9
f 3215/108/9 3187/108/2399 3186/108/9 3214/108/9
f 3214/108/9 3186/108/9 3185/108/2399 3213/108/2399
f 3213/108/2399 3185/108/2399 3184/108/2399 3212/108/9
f 3212/108/9 3184/108/2399 3183/108/2399 3211/108/9
f 3169/108/9 109/108/280 110/108/279 3197/108/2399
f 3170/108/9 3169/108/9 3197/108/2399 3198/108/2399
f 3171/108/2399 3170/108/9 3198/108/2399 3199/108/9
f 3172/108/2399 3171/108/2399 3199/108/9 3200/108/9
f 3172/108/2399 3200/108/9 3201/108/9 3173/108/2399
f 3173/108/2399 3201/108/9 3202/108/9 3174/108/2399
f 3174/108/2399 3202/108/9 3203/108/9 3175/108/9
f 3175/108/9 3203/108/9 3204/108/2399 3176/108/9
f 3176/108/9 3204/108/2399 3205/108/9 3177/108/2399
f 3177/108/2399 3205/108/9 3206/108/2399 3178/108/2399
f 3178/108/2399 3206/108/2399 3207/108/9 3179/108/2399
f 3179/108/2399 3207/108/9 3208/108/9 3180/108/9
f 3180/108/9 3208/108/9 3209/108/2399 3181/108/9
f 3181/108/9 3209/108/2399 3210/108/2399 3182/108/9
f 2145/108/1442 2146/108/1442 3224/108/2399 3252/108/2399
f 3252/108/2399 3224/108/2399 3223/108/2399 3251/108/2399
f 3251/108/2399 3223/108/2399 3222/108/2399 3250/108/2399
f 3250/108/2399 3222/108/2399 3221/108/9 3249/108/2399
f 3249/108/2399 3221/108/9 3220/108/2399 3248/108/9
f 3248/108/9 3220/108/2399 3219/108/9 3247/108/9
f 3247/108/9 3219/108/9 3218/108/9 3246/108/2399
f 3246/108/2399 3218/108/9 3217/108/9 3245/108/9
f 3245/108/9 3217/108/9 3216/108/2399 3244/108/9
f 3244/108/9 3216/108/2399 3215/108/9 3243/108/2399
f 3243/108/2399 3215/108/9 3214/108/9 3242/108/9
f 3242/108/9 3214/108/9 3213/108/2399 3241/108/9
f 3241/108/9 3213/108/2399 3212/108/9 3240/108/2399
f 3240/108/2399 3212/108/9 3211/108/9 3239/108/2399
f 3197/108/2399 110/108/279 111/108/88 3225/108/9
f 3198/108/2399 3197/108/2399 3225/108/9 3226/108/9
f 3199/108/9 3198/108/2399 3226/108/9 3227/108/9
f 3200/108/9 3199/108/9 3227/108/9 3228/108/9
f 3200/108/9 3228/108/9 3229/108/2399 3201/108/9
f 3201/108/9 3229/108/2399 3230/108/9 3202/108/9
f 3202/108/9 3230/108/9 3231/108/2399 3203/108/9
f 3203/108/9 3231/108/2399 3232/108/2399 3204/108/2399
f 3204/108/2399 3232/108/2399 3233/108/9 3205/108/9
f 3205/108/9 3233/108/9 3234/108/9 3206/108/2399
f 3206/108/2399 3234/108/9 3235/108/2399 3207/108/9
f 3207/108/9 3235/108/2399 3236/108/9 3208/108/9
f 3208/108/9 3236/108/9 3237/108/9 3209/108/2399
f 3209/108/2399 3237/108/9 3238/108/9 3210/108/2399
f 2144/108/1439 2145/108/1442 3252/108/2399 3280/108/9
f 3280/108/9 3252/108/2399 3251/108/2399 3279/108/9
f 3279/108/9 3251/108/2399 3250/108/2399 3278/108/2399
f 3278/108/2399 3250/108/2399 3249/108/2399 3277/108/9
f 3277/108/9 3249/108/2399 3248/108/9 3276/108/9
f 3276/108/9 3248/108/9 3247/108/9 3275/108/2399
f 3275/108/2399 3247/108/9 3246/108/2399 3274/108/2399
f 3274/108/2399 3246/108/2399 3245/108/9 3273/108/2399
f 3273/108/2399 3245/108/9 3244/108/9 3272/108/9
f 3272/108/9 3244/108/9 3243/108/2399 3271/108/2399
f 3271/108/2399 3243/108/2399 3242/108/9 3270/108/2399
f 3270/108/2399 3242/108/9 3241/108/9 3269/108/2399
f 3269/108/2399 3241/108/9 3240/108/2399 3268/108/2399
f 3268/108/2399 3240/108/2399 3239/108/2399 3267/108/2399
f 3225/108/9 111/108/88 112/108/88 3253/108/9
f 3226/108/9 3225/108/9 3253/108/9 3254/108/2399
f 3227/108/9 3226/108/9 3254/108/2399 3255/108/9
f 3228/108/9 3227/108/9 3255/108/9 3256/108/9
f 3228/108/9 3256/108/9 3257/108/2399 3229/108/2399
f 3229/108/2399 3257/108/2399 3258/108/9 3230/108/9
f 3230/108/9 3258/108/9 3259/108/2399 3231/108/2399
f 3231/108/2399 3259/108/2399 3260/108/9 3232/108/2399
f 3232/108/2399 3260/108/9 3261/108/2399 3233/108/9
f 3233/108/9 3261/108/2399 3262/108/9 3234/108/9
f 3234/108/9 3262/108/9 3263/108/9 3235/108/2399
f 3235/108/2399 3263/108/9 3264/108/2399 3236/108/9
f 3236/108/9 3264/108/2399 3265/108/2399 3237/108/9
f 3237/108/9 3265/108/2399 3266/108/2399 3238/108/9
f 2143/108/1439 2144/108/1439 3280/108/9 3308/108/9
f 3308/108/9 3280/108/9 3279/108/9 3307/108/2399
f 3307/108/2399 3279/108/9 3278/108/2399 3306/108/9
f 3306/108/9 3278/108/2399 3277/108/9 3305/108/2399
f 3305/108/2399 3277/108/9 3276/108/9 3304/108/9
f 3304/108/9 3276/108/9 3275/108/2399 3303/108/9
f 3303/108/9 3275/108/2399 3274/108/2399 3302/108/2399
f 3302/108/2399 3274/108/2399 3273/108/2399 3301/108/2399
f 3301/108/2399 3273/108/2399 3272/108/9 3300/108/9
f 3300/108/9 3272/108/9 3271/108/2399 3299/108/9
f 3299/108/9 3271/108/2399 3270/108/2399 3298/108/2399
f 3298/108/2399 3270/108/2399 3269/108/2399 3297/108/9
f 3297/108/9 3269/108/2399 3268/108/2399 3296/108/2399
f 3296/108/2399 3268/108/2399 3267/108/2399 3295/108/9
f 3253/108/9 112/108/88 113/108/88 3281/108/2399
f 3254/108/2399 3253/108/9 3281/108/2399 3282/108/2399
f 3255/108/9 3254/108/2399 3282/108/2399 3283/108/2399
f 3256/108/9 3255/108/9 3283/108/2399 3284/108/2399
f 3256/108/9 3284/108/2399 3285/108/2399 3257/108/2399
f 3257/108/2399 3285/108/2399 3286/108/9 3258/108/9
f 3258/108/9 3286/108/9 3287/108/2399 3259/108/2399
f 3259/108/2399 3287/108/2399 3288/108/2399 3260/108/9
f 3260/108/9 3288/108/2399 3289/108/9 3261/108/2399
f 3261/108/2399 3289/108/9 3290/108/2399 3262/108/9
f 3262/108/9 3290/108/2399 3291/108/9 3263/108/9
f 3263/108/9 3291/108/9 3292/108/2399 3264/108/2399
f 3264/108/2399 3292/108/2399 3293/108/9 3265/108/2399
f 3265/108/2399 3293/108/9 3294/108/2399 3266/108/2399
f 2142/108/1442 2143/108/1439 3308/108/9 3336/108/2399
f 3336/108/2399 3308/108/9 3307/108/2399 3335/108/9
f 3335/108/9 3307/108/2399 3306/108/9 3334/108/2399
f 3334/108/2399 3306/108/9 3305/108/2399 3333/108/2399
f 3333/108/2399 3305/108/2399 3304/108/9 3332/108/2399
f 3332/108/2399 3304/108/9 3303/108/9 3331/108/9
f 3331/108/9 3303/108/9 3302/108/2399 3330/108/2399
f 3330/108/2399 3302/108/2399 3301/108/2399 3329/108/9
f 3329/108/9 3301/108/2399 3300/108/9 3328/108/2399
f 3328/108/2399 3300/108/9 3299/108/9 3327/108/9
f 3327/108/9 3299/108/9 3298/108/2399 3326/108/9
f 3326/108/9 3298/108/2399 3297/108/9 3325/108/9
f 3325/108/9 3297/108/9 3296/108/2399 3324/108/2399
f 3324/108/2399 3296/108/2399 3295/108/9 3323/108/9
f 3281/108/2399 113/108/88 114/108/278 3309/108/9
f 3282/108/2399 3281/108/2399 3309/108/9 3310/108/9
f 3283/108/2399 3282/108/2399 3310/108/9 3311/108/2399
f 3284/108/2399 3283/108/2399 3311/108/2399 3312/108/9
f 3284/108/2399 3312/108/9 3313/108/2399 3285/108/2399
f 3285/108/2399 3313/108/2399 3314/108/9 3286/108/9
f 3286/108/9 3314/108/9 3315/108/2399 3287/108/2399
f 3287/108/2399 3315/108/2399 3316/108/9 3288/108/2399
f 3288/108/2399 3316/108/9 3317/108/9 3289/108/9
f 3289/108/9 3317/108/9 3318/108/2399 3290/108/2399
f 3290/108/2399 3318/108/2399 3319/108/2399 3291/108/9
f 3291/108/9 3319/108/2399 3320/108/9 3292/108/2399
f 3292/108/2399 3320/108/9 3321/108/2399 3293/108/9
f 3293/108/9 3321/108/2399 3322/108/9 3294/108/2399
f 2141/108/1441 2142/108/1442 3336/108/2399 3364/108/9
f 3364/108/9 3336/108/2399 3335/108/9 3363/108/2399
f 3363/108/2399 3335/108/9 3334/108/2399 3362/108/9
f 3362/108/9 3334/108/2399 3333/108/2399 3361/108/2399
f 3361/108/2399 3333/108/2399 3332/108/2399 3360/108/2399
f 3360/108/2399 3332/108/2399 3331/108/9 3359/108/9
f 3359/108/9 3331/108/9 3330/108/2399 3358/108/2399
f 3358/108/2399 3330/108/2399 3329/108/9 3357/108/9
f 3357/108/9 3329/108/9 3328/108/2399 3356/108/2399
f 3356/108/2399 3328/108/2399 3327/108/9 3355/108/9
f 3355/108/9 3327/108/9 3326/108/9 3354/108/2399
f 3354/108/2399 3326/108/9 3325/108/9 3353/108/9
f 3353/108/9 3325/108/9 3324/108/2399 3352/108/2399
f 3352/108/2399 3324/108/2399 3323/108/9 3351/108/2399
f 3309/108/9 114/108/278 115/108/278 3337/108/2399
f 3310/108/9 3309/108/9 3337/108/2399 3338/108/2399
f 3311/108/2399 3310/108/9 3338/108/2399 3339/108/9
f 3312/108/9 3311/108/2399 3339/108/9 3340/108/2399
f 3312/108/9 3340/108/2399 3341/108/9 3313/108/2399
f 3313/108/2399 3341/108/9 3342/108/9 3314/108/9
f 3314/108/9 3342/108/9 3343/108/9 3315/108/2399
f 3315/108/2399 3343/108/9 3344/108/9 3316/108/9
f 3316/108/9 3344/108/9 3345/108/2399 3317/108/9
f 3317/108/9 3345/108/2399 3346/108/2399 3318/108/2399
f 3318/108/2399 3346/108/2399 3347/108/9 3319/108/2399
f 3319/108/2399 3347/108/9 3348/108/9 3320/108/9
f 3320/108/9 3348/108/9 3349/108/9 3321/108/2399
f 3321/108/2399 3349/108/9 3350/108/9 3322/108/9
f 2140/108/1439 2141/108/1441 3364/108/9 3392/108/9
f 3392/108/9 3364/108/9 3363/108/2399 3391/108/2399
f 3391/108/2399 3363/108/2399 3362/108/9 3390/108/2399
f 3390/108/2399 3362/108/9 3361/108/2399 3389/108/9
f 3389/108/9 3361/108/2399 3360/108/2399 3388/108/9
f 3388/108/9 3360/108/2399 3359/108/9 3387/108/9
f 3387/108/9 3359/108/9 3358/108/2399 3386/108/2399
f 3386/108/2399 3358/108/2399 3357/108/9 3385/108/2399
f 3385/108/2399 3357/108/9 3356/108/2399 3384/108/9
f 3384/108/9 3356/108/2399 3355/108/9 3383/108/9
f 3383/108/9 3355/108/9 3354/108/2399 3382/108/9
f 3382/108/9 3354/108/2399 3353/108/9 3381/108/2399
f 3381/108/2399 3353/108/9 3352/108/2399 3380/108/2399
f 3380/108/2399 3352/108/2399 3351/108/2399 3379/108/2399
f 3337/108/2399 115/108/278 116/108/277 3365/108/9
f 3338/108/2399 3337/108/2399 3365/108/9 3366/108/2399
f 3339/108/9 3338/108/2399 3366/108/2399 3367/108/9
f 3340/108/2399 3339/108/9 3367/108/9 3368/108/9
f 3340/108/2399 3368/108/9 3369/108/9 3341/108/9
f 3341/108/9 3369/108/9 3370/108/2399 3342/108/9
f 3342/108/9 3370/108/2399 3371/108/9 3343/108/9
f 3343/108/9 3371/108/9 3372/108/9 3344/108/9
f 3344/108/9 3372/108/9 3373/108/2399 3345/108/2399
f 3345/108/2399 3373/108/2399 3374/108/9 3346/108/2399
f 3346/108/2399 3374/108/9 3375/108/9 3347/108/9
f 3347/108/9 3375/108/9 3376/108/2399 3348/108/9
f 3348/108/9 3376/108/2399 3377/108/9 3349/108/9
f 3349/108/9 3377/108/9 3378/108/9 3350/108/9
f 2160/108/1440 2140/108/1439 3392/108/9 2188/108/9
f 2188/108/9 3392/108/9 3391/108/2399 2187/108/2399
f 2187/108/2399 3391/108/2399 3390/108/2399 2186/108/2399
f 2186/108/2399 3390/108/2399 3389/108/9 2185/108/9
f 2185/108/9 3389/108/9 3388/108/9 2184/108/2399
f 2184/108/2399 3388/108/9 3387/108/9 2183/108/9
f 2183/108/9 3387/108/9 3386/108/2399 2182/108/9
f 2182/108/9 3386/108/2399 3385/108/2399 2181/108/9
f 2181/108/9 3385/108/2399 3384/108/9 2180/108/2399
f 2180/108/2399 3384/108/9 3383/108/9 2179/108/9
f 2179/108/9 3383/108/9 3382/108/9 2178/108/2399
f 2178/108/2399 3382/108/9 3381/108/2399 2177/108/9
f 2177/108/9 3381/108/2399 3380/108/2399 2176/108/9
f 2176/108/9 3380/108/2399 3379/108/2399 2175/108/2399
f 3365/108/9 116/108/277 49/108/276 2161/108/9
f 3366/108/2399 3365/108/9 2161/108/9 2162/108/9
f 3367/108/9 3366/108/2399 2162/108/9 2163/108/9
f 3368/108/9 3367/108/9 2163/108/9 2164/108/9
f 3368/108/9 2164/108/9 2165/108/2399 3369/108/9
f 3369/108/9 2165/108/2399 2166/108/9 3370/108/2399
f 3370/108/2399 2166/108/9 2167/108/9 3371/108/9
f 3371/108/9 2167/108/9 2168/108/2399 3372/108/9
f 3372/108/9 2168/108/2399 2169/108/9 3373/108/2399
f 3373/108/2399 2169/108/9 2170/108/9 3374/108/9
f 3374/108/9 2170/108/9 2171/108/9 3375/108/9
f 3375/108/9 2171/108/9 2172/108/2399 3376/108/2399
f 3376/108/2399 2172/108/2399 2173/108/9 3377/108/9
f 3377/108/9 2173/108/9 2174/108/9 3378/108/9
