# Blender 4.3.2
# www.blender.org
mtllib columna.mtl
o 10409_Doric_Column_v1_iterations-2
v 0.000000 36.759197 -22.711803
v 0.000000 61.817596 -22.711807
v 0.000000 86.852699 -22.711809
v 0.000000 111.841400 -22.711813
v 0.000000 136.760193 -22.711817
v -16.059601 36.759197 -16.059605
v -16.059601 61.817596 -16.059608
v -12.611000 61.817596 -18.861008
v -12.611000 36.759197 -18.861004
v -16.059601 86.852699 -16.059610
v -12.611000 86.852798 -18.861010
v -8.677000 61.817596 -20.948208
v -8.677000 36.759197 -20.948204
v -8.677000 86.852699 -20.948210
v -16.059601 111.841400 -16.059614
v -16.059601 136.760193 -16.059618
v -12.611000 136.760193 -18.861017
v -12.611000 111.841400 -18.861013
v -8.677000 136.760193 -20.948217
v -8.677000 111.841400 -20.948214
v -4.419400 111.841400 -22.254114
v -4.419400 136.760193 -22.254118
v -4.419400 86.852798 -22.254110
v -4.419400 36.759197 -22.254105
v -4.419400 61.817596 -22.254108
v -22.711800 36.759201 -0.000004
v -22.711800 61.817600 -0.000007
v -22.254101 61.817600 -4.419407
v -22.254101 36.759201 -4.419405
v -22.711800 86.852699 -0.000010
v -22.254101 86.852798 -4.419411
v -20.948200 61.817600 -8.677008
v -20.948200 36.759201 -8.677005
v -20.948200 86.852699 -8.677011
v -22.711800 111.841400 -0.000013
v -22.711800 136.760193 -0.000016
v -22.254101 136.760193 -4.419416
v -22.254101 111.841400 -4.419414
v -20.948200 136.760193 -8.677016
v -20.948200 111.841400 -8.677013
v -18.861000 111.841400 -12.611013
v -18.861000 136.760193 -12.611016
v -18.861000 86.852798 -12.611011
v -18.861000 36.759201 -12.611005
v -18.861000 61.817600 -12.611008
v -16.059601 36.759205 16.059696
v -16.059601 61.817604 16.059692
v -18.861000 61.817600 12.610992
v -18.861000 36.759201 12.610995
v -16.059601 86.852699 16.059690
v -18.861000 86.852798 12.610990
v -20.948200 61.817600 8.676992
v -20.948200 36.759201 8.676995
v -20.948200 86.852699 8.676990
v -16.059601 111.841400 16.059687
v -16.059601 136.760193 16.059683
v -18.861000 136.760193 12.610984
v -18.861000 111.841400 12.610987
v -20.948200 136.760193 8.676984
v -20.948200 111.841400 8.676987
v -22.254101 111.841400 4.419387
v -22.254101 136.760193 4.419384
v -22.254101 86.852798 4.419390
v -22.254101 36.759201 4.419396
v -22.254101 61.817600 4.419393
v 0.000000 36.759205 22.711796
v 0.000000 61.817604 22.711792
v -4.419400 61.817604 22.254093
v -4.419400 36.759205 22.254097
v 0.000000 86.852699 22.711790
v -4.419400 86.852798 22.254091
v -8.677000 61.817604 20.948193
v -8.677000 36.759205 20.948196
v -8.677000 86.852699 20.948191
v 0.000000 111.841400 22.711786
v 0.000000 136.760193 22.711782
v -4.419400 136.760193 22.254084
v -4.419400 111.841400 22.254087
v -8.677000 136.760193 20.948183
v -8.677000 111.841400 20.948187
v -12.611000 111.841400 18.860987
v -12.611000 136.760193 18.860983
v -12.611000 86.852798 18.860991
v -12.611000 36.759205 18.860996
v -12.611000 61.817604 18.860992
v 0.000000 336.078705 -24.462139
v 0.000000 336.053711 -24.024540
v 0.000000 336.028687 -23.586941
v 0.000000 335.978699 -22.711840
v 0.000000 336.003693 -23.149340
v -17.297300 336.078705 -17.297340
v -13.582900 336.078705 -20.314640
v -13.340000 336.053711 -19.951241
v -16.987900 336.053711 -16.987940
v -9.345700 336.078705 -22.562639
v -9.178600 336.053711 -22.159040
v -13.097000 336.028687 -19.587839
v -16.678499 336.028687 -16.678539
v -9.011400 336.028687 -21.755440
v -4.760000 336.078705 -23.969240
v -4.674900 336.053711 -23.540440
v -4.589700 336.028687 -23.111641
v -4.419400 335.978699 -22.254141
v -4.504600 336.003693 -22.682940
v -8.677000 335.978699 -20.948240
v -8.844200 336.003693 -21.351841
v -12.611000 335.978699 -18.861040
v -16.059601 335.978699 -16.059641
v -16.369101 336.003693 -16.369141
v -12.854000 336.003693 -19.224440
v -24.462099 336.078705 -0.000040
v -23.969200 336.078705 -4.760040
v -23.540400 336.053711 -4.674940
v -24.024500 336.053711 -0.000040
v -22.562599 336.078705 -9.345740
v -22.159000 336.053711 -9.178640
v -23.111601 336.028687 -4.589740
v -23.586901 336.028687 -0.000040
v -21.755400 336.028687 -9.011440
v -20.314600 336.078705 -13.582940
v -19.951200 336.053711 -13.340040
v -19.587799 336.028687 -13.097040
v -18.861000 335.978699 -12.611040
v -19.224400 336.003693 -12.854040
v -20.948200 335.978699 -8.677040
v -21.351801 336.003693 -8.844240
v -22.254101 335.978699 -4.419440
v -22.711800 335.978699 -0.000040
v -23.149401 336.003693 -0.000040
v -22.682899 336.003693 -4.504640
v -17.297300 336.078705 17.297260
v -20.314600 336.078705 13.582860
v -19.951200 336.053711 13.339960
v -16.987900 336.053711 16.987860
v -22.562599 336.078705 9.345660
v -22.159000 336.053711 9.178560
v -19.587799 336.028687 13.096960
v -16.678499 336.028687 16.678459
v -21.755400 336.028687 9.011360
v -23.969200 336.078705 4.759960
v -23.540400 336.053711 4.674860
v -23.111601 336.028687 4.589660
v -22.254101 335.978699 4.419360
v -22.682899 336.003693 4.504560
v -20.948200 335.978699 8.676960
v -21.351801 336.003693 8.844160
v -18.861000 335.978699 12.610960
v -16.059601 335.978699 16.059660
v -16.369101 336.003693 16.369061
v -19.224400 336.003693 12.853960
v 0.000000 336.078705 24.462059
v -4.760000 336.078705 23.969160
v -4.674900 336.053711 23.540359
v 0.000000 336.053711 24.024460
v -9.345700 336.078705 22.562559
v -9.178600 336.053711 22.158960
v -4.589700 336.028687 23.111660
v 0.000000 336.028687 23.586861
v -9.011400 336.028687 21.755360
v -13.582900 336.078705 20.314560
v -13.340000 336.053711 19.951160
v -13.097000 336.028687 19.587759
v -12.611000 335.978699 18.860960
v -12.854000 336.003693 19.224360
v -8.677000 335.978699 20.948160
v -8.844200 336.003693 21.351761
v -4.419400 335.978699 22.254061
v 0.000000 335.978699 22.711760
v 0.000000 336.003693 23.149361
v -4.504600 336.003693 22.682859
v 0.000000 338.228699 -24.462139
v 0.000000 337.691193 -24.462139
v 0.000000 337.153687 -24.462139
v 0.000000 336.616211 -24.462139
v -17.297300 338.228699 -17.297340
v -13.582900 338.228699 -20.314640
v -13.582900 337.691193 -20.314640
v -17.297300 337.691193 -17.297340
v -9.345700 338.228699 -22.562639
v -9.345700 337.691193 -22.562639
v -13.582900 337.153687 -20.314640
v -17.297300 337.153687 -17.297340
v -9.345700 337.153687 -22.562639
v -4.760000 338.228699 -23.969240
v -4.760000 337.691193 -23.969240
v -4.760000 337.153687 -23.969240
v -4.760000 336.616211 -23.969240
v -9.345700 336.616211 -22.562639
v -17.297300 336.616211 -17.297340
v -13.582900 336.616211 -20.314640
v -24.462099 338.228699 -0.000040
v -23.969200 338.228699 -4.760041
v -23.969200 337.691193 -4.760040
v -24.462099 337.691193 -0.000040
v -22.562599 338.228699 -9.345740
v -22.562599 337.691193 -9.345740
v -23.969200 337.153687 -4.760040
v -24.462099 337.153687 -0.000040
v -22.562599 337.153687 -9.345740
v -20.314600 338.228699 -13.582940
v -20.314600 337.691193 -13.582940
v -20.314600 337.153687 -13.582940
v -20.314600 336.616211 -13.582940
v -22.562599 336.616211 -9.345740
v -24.462099 336.616211 -0.000040
v -23.969200 336.616211 -4.760040
v -17.297300 338.228699 17.297260
v -20.314600 338.228699 13.582860
v -20.314600 337.691193 13.582860
v -17.297300 337.691193 17.297260
v -22.562599 338.228699 9.345660
v -22.562599 337.691193 9.345660
v -20.314600 337.153687 13.582860
v -17.297300 337.153687 17.297260
v -22.562599 337.153687 9.345660
v -23.969200 338.228699 4.759960
v -23.969200 337.691193 4.759960
v -23.969200 337.153687 4.759960
v -23.969200 336.616211 4.759960
v -22.562599 336.616211 9.345660
v -17.297300 336.616211 17.297260
v -20.314600 336.616211 13.582860
v 0.000000 338.228699 24.462059
v -4.760000 338.228699 23.969160
v -4.760000 337.691193 23.969160
v 0.000000 337.691193 24.462059
v -9.345700 338.228699 22.562559
v -9.345700 337.691193 22.562559
v -4.760000 337.153687 23.969160
v 0.000000 337.153687 24.462059
v -9.345700 337.153687 22.562559
v -13.582900 338.228699 20.314560
v -13.582900 337.691193 20.314560
v -13.582900 337.153687 20.314560
v -13.582900 336.616211 20.314560
v -9.345700 336.616211 22.562559
v 0.000000 336.616211 24.462059
v -4.760000 336.616211 23.969160
v 0.000000 338.363708 -25.013439
v 0.000000 338.535614 -25.530340
v 0.000000 339.137909 -26.322941
v 0.000000 338.781403 -25.978340
v -4.867300 338.363708 -24.509439
v -9.556400 338.363708 -23.071140
v -4.967900 338.535614 -25.015940
v -9.753900 338.535614 -23.547939
v -17.687201 338.363708 -17.687241
v -13.889100 338.363708 -20.772539
v -18.052700 338.535614 -18.052740
v -14.176100 338.535614 -21.201740
v -18.613100 339.137909 -18.613140
v -14.616200 339.137787 -21.859940
v -14.424800 338.781403 -21.573740
v -18.369400 338.781403 -18.369440
v -10.056700 339.137787 -24.278940
v -9.925000 338.781403 -23.961140
v -5.122100 339.137787 -25.792540
v -5.055000 338.781403 -25.454840
v -20.772499 338.363708 -13.889140
v -23.071100 338.363708 -9.556440
v -21.201700 338.535614 -14.176140
v -23.547899 338.535614 -9.753940
v -25.013399 338.363708 -0.000040
v -24.509399 338.363708 -4.867341
v -25.530300 338.535614 -0.000040
v -25.015900 338.535614 -4.967940
v -26.322901 339.137909 -0.000040
v -25.792500 339.137787 -5.122140
v -25.454800 338.781403 -5.055040
v -25.978300 338.781403 -0.000040
v -24.278900 339.137787 -10.056740
v -23.961100 338.781403 -9.925040
v -21.859900 339.137787 -14.616241
v -21.573700 338.781403 -14.424840
v -24.509399 338.363708 4.867260
v -23.071100 338.363708 9.556360
v -25.015900 338.535614 4.967859
v -23.547899 338.535614 9.753860
v -17.687201 338.363708 17.687160
v -20.772499 338.363708 13.889060
v -18.052700 338.535614 18.052660
v -21.201700 338.535614 14.176060
v -18.613100 339.137909 18.613060
v -21.859900 339.137787 14.616160
v -21.573700 338.781403 14.424760
v -18.369400 338.781403 18.369360
v -24.278900 339.137787 10.056660
v -23.961100 338.781403 9.924960
v -25.792500 339.137787 5.122059
v -25.454800 338.781403 5.054959
v -13.889100 338.363708 20.772459
v -9.556400 338.363708 23.071159
v -14.176100 338.535614 21.201660
v -9.753900 338.535614 23.547859
v 0.000000 338.363708 25.013359
v -4.867300 338.363708 24.509359
v 0.000000 338.535614 25.530260
v -4.967900 338.535614 25.015860
v 0.000000 339.137909 26.322861
v -5.122100 339.137787 25.792459
v -5.055000 338.781403 25.454760
v 0.000000 338.781403 25.978260
v -10.056700 339.137787 24.278860
v -9.925000 338.781403 23.961060
v -14.616200 339.137787 21.859859
v -14.424800 338.781403 21.573660
v 0.000000 339.641998 -26.529640
v 0.000000 340.220001 -26.595840
v 0.000000 341.302002 -26.295340
v 0.000000 340.797913 -26.518641
v -5.162300 339.641998 -25.995140
v -10.135600 339.641998 -24.469641
v -5.175200 340.220001 -26.059940
v -10.160900 340.219910 -24.530640
v -18.759300 339.641998 -18.759340
v -14.731000 339.641998 -22.031641
v -18.806101 340.220001 -18.806141
v -14.767700 340.220001 -22.086540
v -18.593599 341.302002 -18.593639
v -14.600800 341.302094 -21.837040
v -14.724800 340.797913 -22.022440
v -18.751499 340.797913 -18.751539
v -10.046100 341.302002 -24.253540
v -10.131400 340.797913 -24.459440
v -5.116700 341.302094 -25.765440
v -5.160200 340.797913 -25.984240
v -22.031601 339.641998 -14.731040
v -24.469601 339.641998 -10.135640
v -22.086500 340.220001 -14.767741
v -24.530600 340.219910 -10.160941
v -26.529600 339.641998 -0.000040
v -25.995100 339.641998 -5.162341
v -26.595800 340.220001 -0.000041
v -26.059900 340.220001 -5.175241
v -26.295300 341.302002 -0.000041
v -25.765400 341.302094 -5.116741
v -25.984200 340.797913 -5.160241
v -26.518600 340.797913 -0.000041
v -24.253500 341.302002 -10.046141
v -24.459400 340.797913 -10.131441
v -21.837000 341.302094 -14.600841
v -22.022400 340.797913 -14.724841
v -25.995100 339.641998 5.162260
v -24.469601 339.641998 10.135660
v -26.059900 340.220001 5.175159
v -24.530600 340.219910 10.160859
v -18.759300 339.641998 18.759260
v -22.031601 339.641998 14.730960
v -18.806101 340.220001 18.806061
v -22.086500 340.220001 14.767659
v -18.593599 341.302002 18.593559
v -21.837000 341.302094 14.600759
v -22.022400 340.797913 14.724759
v -18.751499 340.797913 18.751459
v -24.253500 341.302002 10.046059
v -24.459400 340.797913 10.131359
v -25.765400 341.302094 5.116660
v -25.984200 340.797913 5.160160
v -14.731000 339.641998 22.031561
v -10.135600 339.641998 24.469561
v -14.767700 340.220001 22.086460
v -10.160900 340.219910 24.530560
v 0.000000 339.641998 26.529560
v -5.162300 339.641998 25.995060
v 0.000000 340.220001 26.595760
v -5.175200 340.220001 26.059860
v 0.000000 341.302002 26.295259
v -5.116700 341.302094 25.765360
v -5.160200 340.797913 25.984159
v 0.000000 340.797913 26.518560
v -10.046100 341.302002 24.253460
v -10.131400 340.797913 24.459360
v -14.600800 341.302094 21.836960
v -14.724800 340.797913 22.022360
v 0.000000 341.658600 -25.923140
v 0.000000 341.904297 -25.439240
v 0.000000 342.211212 -24.285440
v 0.000000 342.076202 -24.880939
v -5.044300 341.658508 -25.400740
v -9.903900 341.658508 -23.910240
v -4.950100 341.904297 -24.926640
v -9.719100 341.904297 -23.463940
v -18.330400 341.658600 -18.330441
v -14.394200 341.658508 -21.527941
v -17.988300 341.904297 -17.988340
v -14.125500 341.904297 -21.126141
v -17.172400 342.211212 -17.172440
v -13.484800 342.211212 -20.167940
v -13.815500 342.076202 -20.662439
v -17.593500 342.076202 -17.593540
v -9.278300 342.211212 -22.399740
v -9.505800 342.076202 -22.948940
v -4.725600 342.211212 -23.796141
v -4.841500 342.076202 -24.379641
v -21.527901 341.658508 -14.394241
v -23.910200 341.658508 -9.903941
v -21.126101 341.904297 -14.125541
v -23.463900 341.904297 -9.719141
v -25.923100 341.658600 -0.000041
v -25.400700 341.658508 -5.044341
v -25.439199 341.904297 -0.000041
v -24.926600 341.904297 -4.950140
v -24.285400 342.211212 -0.000041
v -23.796101 342.211212 -4.725641
v -24.379601 342.076202 -4.841541
v -24.880899 342.076202 -0.000041
v -22.399700 342.211212 -9.278241
v -22.948999 342.076202 -9.505841
v -20.167900 342.211212 -13.484841
v -20.662399 342.076202 -13.815541
v -25.400700 341.658508 5.044260
v -23.910200 341.658508 9.903859
v -24.926600 341.904297 4.950160
v -23.463900 341.904297 9.719059
v -18.330400 341.658600 18.330360
v -21.527901 341.658508 14.394159
v -17.988300 341.904297 17.988260
v -21.126101 341.904297 14.125459
v -17.172400 342.211212 17.172359
v -20.167900 342.211212 13.484759
v -20.662399 342.076202 13.815459
v -17.593500 342.076202 17.593460
v -22.399700 342.211212 9.278259
v -22.948900 342.076202 9.505759
v -23.796101 342.211212 4.725559
v -24.379601 342.076202 4.841459
v -14.394200 341.658508 21.527861
v -9.903900 341.658508 23.910160
v -14.125500 341.904297 21.126060
v -9.719100 341.904297 23.463860
v 0.000000 341.658600 25.923059
v -5.044300 341.658508 25.400660
v 0.000000 341.904297 25.439159
v -4.950100 341.904297 24.926559
v 0.000000 342.211212 24.285360
v -4.725600 342.211212 23.796061
v -4.841500 342.076202 24.379560
v 0.000000 342.076202 24.880960
v -9.278200 342.211212 22.399660
v -9.505800 342.076202 22.948959
v -13.484800 342.211212 20.167860
v -13.815500 342.076202 20.662359
v 0.000000 352.137787 -24.285442
v 0.000000 349.656097 -24.285442
v 0.000000 347.174500 -24.285442
v 0.000000 344.692902 -24.285442
v -17.172400 352.137787 -17.172441
v -13.484800 352.137787 -20.167942
v -13.484800 349.656097 -20.167942
v -17.172400 349.656097 -17.172441
v -9.278300 352.137787 -22.399742
v -9.278300 349.656097 -22.399742
v -13.484800 347.174500 -20.167942
v -17.172400 347.174500 -17.172441
v -9.278300 347.174500 -22.399742
v -4.725600 352.137787 -23.796143
v -4.725600 349.656097 -23.796143
v -4.725600 347.174500 -23.796143
v -4.725600 344.692810 -23.796143
v -9.278300 344.692810 -22.399742
v -17.172400 344.692902 -17.172441
v -13.484800 344.692810 -20.167942
v -24.285400 352.137787 -0.000042
v -23.796101 352.137787 -4.725642
v -23.796101 349.656097 -4.725641
v -24.285400 349.656097 -0.000042
v -22.399700 352.137787 -9.278242
v -22.399700 349.656097 -9.278242
v -23.796101 347.174500 -4.725641
v -24.285400 347.174500 -0.000041
v -22.399700 347.174500 -9.278241
v -20.167900 352.137787 -13.484842
v -20.167900 349.656097 -13.484842
v -20.167900 347.174500 -13.484841
v -20.167900 344.692810 -13.484841
v -22.399700 344.692810 -9.278241
v -24.285400 344.692902 -0.000041
v -23.796101 344.692810 -4.725641
v -17.172400 352.137787 17.172358
v -20.167900 352.137787 13.484758
v -20.167900 349.656097 13.484758
v -17.172400 349.656097 17.172358
v -22.399700 352.137787 9.278258
v -22.399700 349.656097 9.278258
v -20.167900 347.174500 13.484759
v -17.172400 347.174500 17.172358
v -22.399700 347.174500 9.278259
v -23.796101 352.137787 4.725558
v -23.796101 349.656097 4.725558
v -23.796101 347.174500 4.725558
v -23.796101 344.692810 4.725559
v -22.399700 344.692810 9.278259
v -17.172400 344.692902 17.172358
v -20.167900 344.692810 13.484759
v 0.000000 352.137787 24.285358
v -4.725600 352.137787 23.796059
v -4.725600 349.656097 23.796059
v 0.000000 349.656097 24.285358
v -9.278200 352.137787 22.399658
v -9.278200 349.656097 22.399658
v -4.725600 347.174500 23.796059
v 0.000000 347.174500 24.285358
v -9.278300 347.174500 22.399658
v -13.484800 352.137787 20.167858
v -13.484800 349.656097 20.167858
v -13.484800 347.174500 20.167858
v -13.484800 344.692810 20.167858
v -9.278200 344.692810 22.399658
v 0.000000 344.692902 24.285358
v -4.725600 344.692810 23.796059
v 0.000000 352.526215 -25.671942
v 0.000000 352.429108 -25.325342
v 0.000000 352.332092 -24.978743
v 0.000000 352.234894 -24.632141
v -18.152800 352.526215 -18.152842
v -14.254700 352.526215 -21.319342
v -14.062200 352.429108 -21.031542
v -17.907700 352.429108 -17.907742
v -9.808000 352.526215 -23.678541
v -9.675500 352.429108 -23.358843
v -13.869800 352.332001 -20.743643
v -17.662600 352.332092 -17.662642
v -9.543100 352.332001 -23.039143
v -4.995400 352.526215 -25.154642
v -4.928000 352.429108 -24.815042
v -4.860500 352.332001 -24.475443
v -4.793100 352.234894 -24.135742
v -9.410700 352.234894 -22.719442
v -17.417500 352.234894 -17.417542
v -13.677300 352.234894 -20.455742
v -25.671900 352.526215 -0.000042
v -25.154600 352.526215 -4.995442
v -24.815001 352.429108 -4.928042
v -25.325300 352.429108 -0.000042
v -23.678499 352.526215 -9.808042
v -23.358801 352.429108 -9.675542
v -24.475401 352.332001 -4.860542
v -24.978701 352.332092 -0.000042
v -23.039101 352.332001 -9.543142
v -21.319300 352.526215 -14.254742
v -21.031500 352.429108 -14.062242
v -20.743601 352.332001 -13.869842
v -20.455799 352.234894 -13.677342
v -22.719400 352.234894 -9.410742
v -24.632099 352.234894 -0.000042
v -24.135700 352.234894 -4.793142
v -18.152800 352.526215 18.152758
v -21.319300 352.526215 14.254658
v -21.031500 352.429108 14.062158
v -17.907700 352.429108 17.907658
v -23.678499 352.526215 9.807958
v -23.358801 352.429108 9.675458
v -20.743601 352.332001 13.869758
v -17.662600 352.332092 17.662558
v -23.039101 352.332001 9.543058
v -25.154600 352.526215 4.995358
v -24.815001 352.429108 4.927958
v -24.475401 352.332001 4.860458
v -24.135700 352.234894 4.793058
v -22.719400 352.234894 9.410658
v -17.417500 352.234894 17.417458
v -20.455700 352.234894 13.677258
v 0.000000 352.526215 25.671858
v -4.995400 352.526215 25.154558
v -4.928000 352.429108 24.814959
v 0.000000 352.429108 25.325258
v -9.808000 352.526215 23.678457
v -9.675500 352.429108 23.358759
v -4.860500 352.332001 24.475359
v 0.000000 352.332092 24.978659
v -9.543100 352.332001 23.039059
v -14.254700 352.526215 21.319258
v -14.062200 352.429108 21.031458
v -13.869800 352.332001 20.743559
v -13.677300 352.234894 20.455757
v -9.410700 352.234894 22.719358
v 0.000000 352.234894 24.632057
v -4.793100 352.234894 24.135658
v 0.000000 354.511597 -25.671942
v 0.000000 354.015289 -25.671942
v 0.000000 353.518890 -25.671942
v 0.000000 353.022614 -25.671942
v -18.152800 354.511597 -18.152842
v -14.254700 354.511597 -21.319342
v -14.254700 354.015289 -21.319342
v -18.152800 354.015289 -18.152842
v -9.808000 354.511597 -23.678541
v -9.808000 354.015289 -23.678541
v -14.254700 353.518890 -21.319342
v -18.152800 353.518890 -18.152842
v -9.808000 353.518890 -23.678541
v -4.995400 354.511597 -25.154642
v -4.995400 354.015289 -25.154642
v -4.995400 353.518890 -25.154642
v -4.995400 353.022614 -25.154642
v -9.808000 353.022614 -23.678541
v -18.152800 353.022614 -18.152842
v -14.254700 353.022614 -21.319342
v -25.671900 354.511597 -0.000042
v -25.154600 354.511597 -4.995442
v -25.154600 354.015289 -4.995442
v -25.671900 354.015289 -0.000042
v -23.678499 354.511597 -9.808042
v -23.678499 354.015289 -9.808042
v -25.154600 353.518890 -4.995442
v -25.671900 353.518890 -0.000042
v -23.678499 353.518890 -9.808042
v -21.319300 354.511597 -14.254742
v -21.319300 354.015289 -14.254742
v -21.319300 353.518890 -14.254742
v -21.319300 353.022614 -14.254742
v -23.678499 353.022614 -9.808042
v -25.671900 353.022614 -0.000042
v -25.154600 353.022614 -4.995442
v -18.152800 354.511597 18.152758
v -21.319300 354.511597 14.254658
v -21.319300 354.015289 14.254658
v -18.152800 354.015289 18.152758
v -23.678499 354.511597 9.807958
v -23.678499 354.015289 9.807958
v -21.319300 353.518890 14.254658
v -18.152800 353.518890 18.152758
v -23.678499 353.518890 9.807958
v -25.154600 354.511597 4.995358
v -25.154600 354.015289 4.995358
v -25.154600 353.518890 4.995358
v -25.154600 353.022614 4.995358
v -23.678499 353.022614 9.807958
v -18.152800 353.022614 18.152758
v -21.319300 353.022614 14.254658
v 0.000000 354.511597 25.671858
v -4.995400 354.511597 25.154558
v -4.995400 354.015289 25.154558
v 0.000000 354.015289 25.671858
v -9.808000 354.511597 23.678457
v -9.808000 354.015289 23.678457
v -4.995400 353.518890 25.154558
v 0.000000 353.518890 25.671858
v -9.808000 353.518890 23.678457
v -14.254700 354.511597 21.319258
v -14.254700 354.015289 21.319258
v -14.254700 353.518890 21.319258
v -14.254700 353.022614 21.319258
v -9.808000 353.022614 23.678457
v 0.000000 353.022614 25.671858
v -4.995400 353.022614 25.154558
v 0.000000 354.805786 -26.941042
v 0.000000 355.124512 -28.152243
v 0.000000 355.492401 -29.247643
v 0.000000 355.933990 -30.169342
v -19.050200 354.805786 -19.050241
v -14.959400 354.805786 -22.373241
v -19.906601 355.124512 -19.906643
v -15.631900 355.124512 -23.379143
v -10.292800 354.805786 -24.849142
v -10.755600 355.124512 -25.966242
v -20.681200 355.492401 -20.681242
v -21.332899 355.933990 -21.332941
v -16.751900 355.933990 -25.054142
v -16.240200 355.492401 -24.288742
v -11.526200 355.933990 -27.826641
v -11.174100 355.492401 -26.976542
v -5.691200 355.492401 -28.658342
v -5.870500 355.933990 -29.561342
v -5.478100 355.124512 -27.585041
v -5.242400 354.805786 -26.398241
v -26.941000 354.805786 -0.000042
v -26.398199 354.805786 -5.242443
v -28.152201 355.124512 -0.000042
v -27.584999 355.124512 -5.478142
v -24.849100 354.805786 -10.292842
v -25.966200 355.124512 -10.755642
v -29.247601 355.492401 -0.000042
v -30.169300 355.933990 -0.000042
v -29.561300 355.933990 -5.870543
v -28.658300 355.492401 -5.691242
v -27.826599 355.933990 -11.526242
v -26.976500 355.492401 -11.174042
v -24.288700 355.492401 -16.240242
v -25.054100 355.933990 -16.751942
v -23.379101 355.124512 -15.631942
v -22.373199 354.805786 -14.959442
v -19.050200 354.805786 19.050158
v -22.373199 354.805786 14.959358
v -19.906601 355.124512 19.906559
v -23.379101 355.124512 15.631858
v -24.849100 354.805786 10.292758
v -25.966200 355.124512 10.755558
v -20.681200 355.492401 20.681158
v -21.332899 355.933990 21.332857
v -25.054100 355.933990 16.751858
v -24.288700 355.492401 16.240158
v -27.826599 355.933990 11.526158
v -26.976500 355.492401 11.174058
v -28.658300 355.492401 5.691157
v -29.561300 355.933990 5.870558
v -27.584999 355.124512 5.478057
v -26.398199 354.805786 5.242358
v 0.000000 354.805786 26.940958
v -5.242400 354.805786 26.398157
v 0.000000 355.124512 28.152159
v -5.478100 355.124512 27.584957
v -10.292800 354.805786 24.849058
v -10.755600 355.124512 25.966158
v 0.000000 355.492401 29.247559
v 0.000000 355.933990 30.169258
v -5.870500 355.933990 29.561258
v -5.691200 355.492401 28.658258
v -11.526200 355.933990 27.826557
v -11.174000 355.492401 26.976458
v -16.240200 355.492401 24.288658
v -16.751900 355.933990 25.054058
v -15.631900 355.124512 23.379059
v -14.959400 354.805786 22.373158
v 0.000000 360.895691 -31.801044
v 0.000000 361.444702 -31.600344
v 0.000000 361.967285 -31.351145
v 0.000000 362.968811 -30.771843
v 0.000000 362.472412 -31.069544
v -6.188100 360.895691 -31.160244
v -6.149000 361.444702 -30.963543
v -12.149600 360.895691 -29.331644
v -12.072900 361.444702 -29.146544
v -6.100500 361.967285 -30.719343
v -11.977700 361.967285 -28.916744
v -17.657900 360.895691 -26.409245
v -22.486700 360.895691 -22.486744
v -22.344801 361.444702 -22.344845
v -17.546499 361.444702 -26.242544
v -22.168600 361.967285 -22.168644
v -17.408100 361.967285 -26.035645
v -21.759001 362.968811 -21.758944
v -17.086500 362.968811 -25.554544
v -17.251801 362.472412 -25.801844
v -21.969500 362.472412 -21.969543
v -11.756400 362.968811 -28.382444
v -11.870100 362.472412 -28.657043
v -5.987800 362.968811 -30.151844
v -6.045700 362.472412 -30.443544
v -26.409201 360.895691 -17.657944
v -26.242500 361.444702 -17.546543
v -29.331600 360.895691 -12.149643
v -29.146500 361.444702 -12.072943
v -26.035601 361.967285 -17.408144
v -28.916700 361.967285 -11.977743
v -31.160200 360.895691 -6.188143
v -31.801001 360.895691 -0.000043
v -31.600300 361.444702 -0.000043
v -30.963499 361.444702 -6.149043
v -31.351101 361.967285 -0.000043
v -30.719299 361.967285 -6.100543
v -30.771799 362.968811 -0.000043
v -30.151800 362.968811 -5.987844
v -30.443501 362.472412 -6.045743
v -31.069500 362.472412 -0.000043
v -28.382401 362.968811 -11.756443
v -28.657000 362.472412 -11.870143
v -25.554501 362.968811 -17.086544
v -25.801800 362.472412 -17.251844
v -31.160200 360.895691 6.188057
v -30.963499 361.444702 6.148957
v -29.331600 360.895691 12.149557
v -29.146500 361.444702 12.072857
v -30.719299 361.967285 6.100457
v -28.916700 361.967285 11.977657
v -26.409201 360.895691 17.657957
v -22.486700 360.895691 22.486656
v -22.344801 361.444702 22.344757
v -26.242500 361.444702 17.546455
v -22.168600 361.967285 22.168556
v -26.035601 361.967285 17.408056
v -21.759001 362.968811 21.758957
v -25.554501 362.968811 17.086456
v -25.801800 362.472412 17.251757
v -21.969500 362.472412 21.969456
v -28.382401 362.968811 11.756357
v -28.657000 362.472412 11.870057
v -30.151800 362.968811 5.987757
v -30.443501 362.472412 6.045657
v -17.657900 360.895691 26.409157
v -17.546499 361.444702 26.242456
v -12.149600 360.895691 29.331556
v -12.072900 361.444702 29.146456
v -17.408100 361.967285 26.035557
v -11.977700 361.967285 28.916656
v -6.188100 360.895691 31.160156
v 0.000000 360.895691 31.800957
v 0.000000 361.444702 31.600256
v -6.149000 361.444702 30.963455
v 0.000000 361.967285 31.351057
v -6.100500 361.967285 30.719255
v 0.000000 362.968811 30.771755
v -5.987800 362.968811 30.151756
v -6.045700 362.472412 30.443457
v 0.000000 362.472412 31.069456
v -11.756400 362.968811 28.382357
v -11.870100 362.472412 28.656956
v -17.086500 362.968811 25.554457
v -17.251801 362.472412 25.801756
v 0.000000 358.405212 -31.880142
v 0.000000 357.737091 -31.680641
v 0.000000 357.084015 -31.351742
v 0.000000 356.473694 -30.859343
v -22.542601 358.405212 -22.542643
v -17.701900 358.405304 -26.474941
v -17.591101 357.737091 -26.309242
v -22.401600 357.737091 -22.401642
v -12.179800 358.405212 -29.404642
v -12.103600 357.737091 -29.220642
v -17.408501 357.084015 -26.036142
v -22.169001 357.084015 -22.169043
v -11.977900 357.084015 -28.917341
v -6.203500 358.405304 -31.237741
v -6.164600 357.737091 -31.042341
v -6.100600 357.084015 -30.720041
v -6.004800 356.473694 -30.237541
v -11.789800 356.473785 -28.463142
v -21.820801 356.473694 -21.820843
v -17.135099 356.473694 -25.627241
v -31.880100 358.405212 -0.000043
v -31.237700 358.405304 -6.203543
v -31.042299 357.737091 -6.164642
v -31.680599 357.737091 -0.000043
v -29.404600 358.405212 -12.179843
v -29.220600 357.737091 -12.103642
v -30.719999 357.084015 -6.100642
v -31.351700 357.084015 -0.000043
v -28.917299 357.084015 -11.977942
v -26.474899 358.405304 -17.701942
v -26.309200 357.737091 -17.591143
v -26.036100 357.084015 -17.408543
v -25.627199 356.473694 -17.135141
v -28.463100 356.473785 -11.789843
v -30.859301 356.473694 -0.000042
v -30.237499 356.473694 -6.004842
v -22.542601 358.405212 22.542559
v -26.474899 358.405304 17.701859
v -26.309200 357.737091 17.591059
v -22.401600 357.737091 22.401558
v -29.404600 358.405212 12.179757
v -29.220600 357.737091 12.103557
v -26.036100 357.084015 17.408459
v -22.169001 357.084015 22.168959
v -28.917200 357.084015 11.977857
v -31.237700 358.405304 6.203457
v -31.042299 357.737091 6.164557
v -30.719999 357.084015 6.100557
v -30.237499 356.473694 6.004757
v -28.463100 356.473785 11.789757
v -21.820801 356.473694 21.820759
v -25.627100 356.473694 17.135057
v 0.000000 358.405212 31.880058
v -6.203500 358.405304 31.237658
v -6.164600 357.737091 31.042257
v 0.000000 357.737091 31.680557
v -12.179800 358.405212 29.404558
v -12.103600 357.737091 29.220558
v -6.100600 357.084015 30.719957
v 0.000000 357.084015 31.351658
v -11.977900 357.084015 28.917257
v -17.701900 358.405304 26.474857
v -17.591101 357.737091 26.309158
v -17.408501 357.084015 26.036058
v -17.135099 356.473694 25.627157
v -11.789800 356.473785 28.463058
v 0.000000 356.473694 30.859259
v -6.004800 356.473694 30.237457
v 0.000000 360.311707 -31.937044
v 0.000000 359.698212 -32.000641
v 0.000000 359.060913 -31.984241
v -17.733500 360.311707 -26.522144
v -22.582800 360.311707 -22.582844
v -12.201500 360.311707 -29.457144
v -17.768801 359.698212 -26.575043
v -22.627800 359.698212 -22.627842
v -12.225800 359.698212 -29.515842
v -6.214500 360.311707 -31.293444
v -6.226900 359.698212 -31.355843
v -6.223700 359.060913 -31.339743
v -12.219600 359.060913 -29.500643
v -22.616199 359.060913 -22.616241
v -17.759701 359.060791 -26.561441
v -31.293400 360.311707 -6.214543
v -31.937000 360.311707 -0.000043
v -29.457100 360.311707 -12.201543
v -31.355801 359.698212 -6.226943
v -32.000599 359.698212 -0.000043
v -29.515800 359.698212 -12.225842
v -26.522100 360.311707 -17.733543
v -26.575001 359.698212 -17.768843
v -26.561399 359.060913 -17.759743
v -29.500601 359.060913 -12.219643
v -31.984200 359.060913 -0.000043
v -31.339701 359.060791 -6.223743
v -26.522100 360.311707 17.733456
v -22.582800 360.311707 22.582756
v -29.457100 360.311707 12.201457
v -26.575001 359.698212 17.768759
v -22.627800 359.698212 22.627758
v -29.515800 359.698212 12.225757
v -31.293400 360.311707 6.214457
v -31.355801 359.698212 6.226857
v -31.339701 359.060913 6.223657
v -29.500601 359.060913 12.219557
v -22.616199 359.060913 22.616259
v -26.561399 359.060791 17.759659
v -6.214500 360.311707 31.293356
v 0.000000 360.311707 31.936956
v -12.201500 360.311707 29.457056
v -6.226900 359.698212 31.355759
v 0.000000 359.698212 32.000557
v -12.225800 359.698212 29.515759
v -17.733500 360.311707 26.522057
v -17.768801 359.698212 26.574959
v -17.759701 359.060913 26.561357
v -12.219600 359.060913 29.500559
v 0.000000 359.060913 31.984158
v -6.223700 359.060791 31.339659
v 0.000000 310.918488 -22.711836
v 0.000000 285.881592 -22.711834
v 0.000000 235.971497 -22.711828
v 0.000000 260.891388 -22.711830
v -12.611000 310.918488 -18.861036
v -16.059601 310.918488 -16.059637
v -8.677000 310.918488 -20.948236
v -12.611000 285.881592 -18.861034
v -16.059601 285.881592 -16.059635
v -8.677000 285.881592 -20.948235
v -4.419400 310.918488 -22.254137
v -4.419400 285.881592 -22.254135
v -4.419400 235.971497 -22.254129
v -4.419400 260.891388 -22.254131
v -8.677000 235.971497 -20.948229
v -8.677000 260.891388 -20.948231
v -12.611000 235.971497 -18.861029
v -16.059601 235.971497 -16.059629
v -16.059601 260.891388 -16.059631
v -12.611000 260.891388 -18.861031
v -22.254101 310.918488 -4.419437
v -22.711800 310.918488 -0.000037
v -20.948200 310.918488 -8.677037
v -22.254101 285.881592 -4.419434
v -22.711800 285.881592 -0.000034
v -20.948200 285.881592 -8.677034
v -18.861000 310.918488 -12.611037
v -18.861000 285.881592 -12.611034
v -18.861000 235.971497 -12.611028
v -18.861000 260.891388 -12.611032
v -20.948200 235.971497 -8.677028
v -20.948200 260.891388 -8.677032
v -22.254101 235.971497 -4.419428
v -22.711800 235.971497 -0.000028
v -22.711800 260.891388 -0.000031
v -22.254101 260.891388 -4.419431
v -18.861000 310.918488 12.610963
v -16.059601 310.918488 16.059664
v -20.948200 310.918488 8.676963
v -18.861000 285.881592 12.610966
v -16.059601 285.881592 16.059666
v -20.948200 285.881592 8.676966
v -22.254101 310.918488 4.419363
v -22.254101 285.881592 4.419366
v -22.254101 235.971497 4.419372
v -22.254101 260.891388 4.419369
v -20.948200 235.971497 8.676972
v -20.948200 260.891388 8.676969
v -18.861000 235.971497 12.610972
v -16.059601 235.971497 16.059671
v -16.059601 260.891388 16.059669
v -18.861000 260.891388 12.610969
v -4.419400 310.918488 22.254065
v 0.000000 310.918488 22.711763
v -8.677000 310.918488 20.948164
v -4.419400 285.881592 22.254066
v 0.000000 285.881592 22.711765
v -8.677000 285.881592 20.948166
v -12.611000 310.918488 18.860964
v -12.611000 285.881592 18.860966
v -12.611000 235.971497 18.860971
v -12.611000 260.891388 18.860970
v -8.677000 235.971497 20.948172
v -8.677000 260.891388 20.948170
v -4.419400 235.971497 22.254072
v 0.000000 235.971497 22.711771
v 0.000000 260.891388 22.711769
v -4.419400 260.891388 22.254070
v 0.000000 362.968811 -30.682444
v 0.000000 362.968811 -30.321644
v 0.000000 362.968689 -28.208244
v 0.000000 362.968811 -29.418243
v -5.970400 362.968811 -30.064144
v -11.722200 362.968811 -28.299944
v -5.769100 362.968811 -29.710243
v -11.369900 362.968689 -27.948343
v -21.695700 362.968811 -21.695744
v -17.036800 362.968811 -25.480244
v -21.300400 362.968811 -21.300444
v -16.633900 362.968811 -25.108444
v -18.185200 362.968811 -18.185244
v -13.355500 362.968811 -22.282145
v -15.524600 362.968811 -24.141644
v -20.240900 362.968811 -20.240944
v -8.299400 362.968811 -25.432043
v -10.381300 362.968811 -27.058544
v -3.523700 362.968811 -27.420843
v -5.200200 362.968811 -28.823645
v -25.480301 362.968811 -17.036844
v -28.299900 362.968811 -11.722243
v -25.108400 362.968811 -16.633944
v -27.948299 362.968689 -11.369943
v -30.682400 362.968811 -0.000043
v -30.064100 362.968811 -5.970443
v -30.321600 362.968811 -0.000043
v -29.710199 362.968811 -5.769144
v -28.208200 362.968689 -0.000043
v -27.420799 362.968811 -3.523743
v -28.823601 362.968811 -5.200243
v -29.418200 362.968811 -0.000043
v -25.431999 362.968811 -8.299443
v -27.058500 362.968811 -10.381343
v -22.282101 362.968811 -13.355443
v -24.141600 362.968811 -15.524643
v -30.064100 362.968811 5.970356
v -28.299900 362.968811 11.722157
v -29.710199 362.968811 5.769057
v -27.948299 362.968689 11.369857
v -21.695700 362.968811 21.695656
v -25.480200 362.968811 17.036757
v -21.300400 362.968811 21.300356
v -25.108400 362.968811 16.633856
v -18.185200 362.968811 18.185156
v -22.282101 362.968811 13.355457
v -24.141600 362.968811 15.524557
v -20.240900 362.968811 20.240856
v -25.431999 362.968811 8.299357
v -27.058500 362.968811 10.381357
v -27.420799 362.968811 3.523657
v -28.823601 362.968811 5.200157
v -17.036800 362.968811 25.480257
v -11.722200 362.968811 28.299856
v -16.633900 362.968811 25.108356
v -11.369900 362.968689 27.948256
v 0.000000 362.968811 30.682356
v -5.970400 362.968811 30.064056
v 0.000000 362.968811 30.321556
v -5.769100 362.968811 29.710155
v 0.000000 362.968689 28.208157
v -3.523700 362.968811 27.420755
v -5.200200 362.968811 28.823557
v 0.000000 362.968811 29.418156
v -8.299400 362.968811 25.431955
v -10.381300 362.968811 27.058456
v -13.355500 362.968811 22.282057
v -15.524600 362.968811 24.141556
v 0.000000 161.585999 -22.711819
v 0.000000 186.365402 -22.711823
v 0.000000 211.145004 -22.711824
v -16.059601 161.585999 -16.059620
v -12.611000 161.585999 -18.861019
v -16.059601 186.365402 -16.059624
v -12.611000 186.365402 -18.861023
v -8.677000 161.585999 -20.948219
v -8.677000 186.365402 -20.948223
v -16.059601 211.145004 -16.059626
v -12.611000 211.145004 -18.861025
v -8.677000 211.145004 -20.948225
v -4.419400 211.145004 -22.254126
v -4.419400 186.365402 -22.254124
v -4.419400 161.585999 -22.254120
v -22.711800 161.585999 -0.000019
v -22.254101 161.585999 -4.419419
v -22.711800 186.365402 -0.000022
v -22.254101 186.365402 -4.419423
v -20.948200 161.585999 -8.677019
v -20.948200 186.365402 -8.677022
v -22.711800 211.145004 -0.000025
v -22.254101 211.145004 -4.419425
v -20.948200 211.145004 -8.677025
v -18.861000 211.145004 -12.611025
v -18.861000 186.365402 -12.611022
v -18.861000 161.585999 -12.611019
v -16.059601 161.585999 16.059681
v -18.861000 161.585999 12.610981
v -16.059601 186.365402 16.059677
v -18.861000 186.365402 12.610978
v -20.948200 161.585999 8.676981
v -20.948200 186.365402 8.676978
v -16.059601 211.145004 16.059675
v -18.861000 211.145004 12.610975
v -20.948200 211.145004 8.676975
v -22.254101 211.145004 4.419375
v -22.254101 186.365402 4.419378
v -22.254101 161.585999 4.419381
v 0.000000 161.585999 22.711781
v -4.419400 161.585999 22.254082
v 0.000000 186.365402 22.711777
v -4.419400 186.365402 22.254078
v -8.677000 161.585999 20.948181
v -8.677000 186.365402 20.948177
v 0.000000 211.145004 22.711775
v -4.419400 211.145004 22.254076
v -8.677000 211.145004 20.948175
v -12.611000 211.145004 18.860975
v -12.611000 186.365402 18.860977
v -12.611000 161.585999 18.860981
v 0.000000 36.659203 24.799397
v 0.000000 36.684204 24.277496
v 0.000000 36.709206 23.755596
v 0.000000 36.734203 23.233696
v -17.535801 36.659203 17.535896
v -13.770200 36.659203 20.594797
v -13.480400 36.684204 20.161297
v -17.166800 36.684204 17.166796
v -9.474600 36.659203 22.873796
v -9.275200 36.684204 22.392397
v -13.190600 36.709206 19.727896
v -16.797701 36.709206 16.797796
v -9.075800 36.709206 21.910995
v -4.825600 36.659203 24.299696
v -4.724100 36.684204 23.788296
v -4.622500 36.709206 23.276896
v -4.521000 36.734203 22.765495
v -8.876400 36.734203 21.429596
v -16.428699 36.734203 16.428696
v -12.900800 36.734203 19.294497
v -24.799400 36.659199 -0.000004
v -24.299700 36.659199 4.825696
v -23.788300 36.684200 4.724096
v -24.277500 36.684200 -0.000004
v -22.873800 36.659199 9.474595
v -22.392401 36.684200 9.275195
v -23.276899 36.709202 4.622496
v -23.755600 36.709202 -0.000004
v -21.910999 36.709202 9.075795
v -20.594700 36.659199 13.770295
v -20.161301 36.684200 13.480495
v -19.727900 36.709202 13.190695
v -19.294500 36.734200 12.900795
v -21.429600 36.734200 8.876395
v -23.233700 36.734200 -0.000004
v -22.765499 36.734200 4.520996
v -17.535801 36.659195 -17.535805
v -20.594700 36.659199 -13.770205
v -20.161301 36.684200 -13.480405
v -17.166800 36.684196 -17.166803
v -22.873800 36.659199 -9.474605
v -22.392401 36.684200 -9.275205
v -19.727900 36.709202 -13.190605
v -16.797701 36.709198 -16.797705
v -21.910999 36.709202 -9.075805
v -24.299700 36.659199 -4.825604
v -23.788300 36.684200 -4.724104
v -23.276899 36.709202 -4.622504
v -22.765499 36.734200 -4.521004
v -21.429600 36.734200 -8.876405
v -16.428699 36.734196 -16.428703
v -19.294500 36.734200 -12.900805
v 0.000000 36.659195 -24.799404
v -4.825700 36.659195 -24.299704
v -4.724100 36.684196 -23.788303
v 0.000000 36.684196 -24.277504
v -9.474600 36.659195 -22.873804
v -9.275200 36.684196 -22.392405
v -4.622500 36.709198 -23.276903
v 0.000000 36.709198 -23.755604
v -9.075800 36.709198 -21.911003
v -13.770200 36.659195 -20.594704
v -13.480400 36.684196 -20.161304
v -13.190600 36.709198 -19.727903
v -12.900800 36.734196 -19.294504
v -8.876400 36.734196 -21.429604
v 0.000000 36.734196 -23.233704
v -4.521000 36.734196 -22.765503
v 0.000000 35.629803 24.982996
v 0.000000 34.615303 25.212496
v 0.000000 33.630905 25.533796
v 0.000000 32.691505 25.992697
v -17.665701 35.629803 17.665697
v -13.872200 35.629803 20.747196
v -17.827999 34.615303 17.827995
v -13.999600 34.615303 20.937796
v -9.544800 35.629803 23.043097
v -9.632400 34.615303 23.254797
v -18.055099 33.630905 18.055096
v -18.379601 32.691505 18.379597
v -14.432800 32.691505 21.585695
v -14.178000 33.630905 21.204596
v -9.930500 32.691505 23.974297
v -9.755200 33.630905 23.551096
v -4.968500 33.630905 25.019297
v -5.057800 32.691505 25.468897
v -4.906000 34.615303 24.704496
v -4.861400 35.629803 24.479597
v -24.983000 35.629799 -0.000004
v -24.479601 35.629799 4.861396
v -25.212500 34.615299 -0.000004
v -24.704500 34.615299 4.905996
v -23.043100 35.629799 9.544796
v -23.254801 34.615299 9.632496
v -25.533800 33.630901 -0.000004
v -25.992599 32.691502 -0.000004
v -25.468901 32.691502 5.057796
v -25.019300 33.630901 4.968496
v -23.974300 32.691502 9.930496
v -23.551100 33.630901 9.755197
v -21.204599 33.630901 14.177997
v -21.585699 32.691502 14.432796
v -20.937799 34.615299 13.999597
v -20.747200 35.629799 13.872196
v -17.665701 35.629795 -17.665705
v -20.747200 35.629799 -13.872204
v -17.827999 34.615295 -17.827904
v -20.937799 34.615299 -13.999604
v -23.043100 35.629799 -9.544804
v -23.254801 34.615299 -9.632403
v -18.055099 33.630898 -18.055103
v -18.379601 32.691498 -18.379604
v -21.585699 32.691502 -14.432804
v -21.204599 33.630901 -14.178004
v -23.974300 32.691502 -9.930504
v -23.551100 33.630901 -9.755204
v -25.019300 33.630901 -4.968504
v -25.468901 32.691502 -5.057804
v -24.704500 34.615299 -4.906004
v -24.479601 35.629799 -4.861404
v 0.000000 35.629795 -24.983004
v -4.861400 35.629795 -24.479605
v 0.000000 34.615295 -25.212503
v -4.906000 34.615295 -24.704504
v -9.544800 35.629795 -23.043104
v -9.632500 34.615295 -23.254805
v 0.000000 33.630898 -25.533804
v 0.000000 32.691498 -25.992603
v -5.057800 32.691498 -25.468904
v -4.968500 33.630898 -25.019304
v -9.930500 32.691498 -23.974304
v -9.755200 33.630898 -23.551104
v -14.178000 33.630898 -21.204603
v -14.432800 32.691498 -21.585703
v -13.999600 34.615295 -20.937803
v -13.872200 35.629795 -20.747204
v 0.000000 29.384203 29.204395
v 0.000000 30.173504 28.286797
v 0.000000 30.977804 27.414997
v 0.000000 31.812103 26.634996
v -20.650600 29.384201 20.650597
v -16.216200 29.384203 24.252895
v -15.706600 30.173502 23.490797
v -20.001801 30.173502 20.001797
v -11.157500 29.384203 26.936697
v -10.807000 30.173504 26.090296
v -15.222600 30.977802 22.766895
v -19.385300 30.977802 19.385397
v -10.473900 30.977804 25.286297
v -5.682800 29.384203 28.615896
v -5.504200 30.173504 27.716797
v -5.334600 30.977804 26.862597
v -5.182800 31.812103 26.098297
v -10.175900 31.812103 24.566795
v -18.833799 31.812101 18.833796
v -14.789500 31.812101 22.119097
v -29.204399 29.384199 -0.000004
v -28.615900 29.384199 5.682796
v -27.716801 30.173500 5.504196
v -28.286800 30.173500 -0.000004
v -26.936701 29.384201 11.157496
v -26.090300 30.173502 10.806996
v -26.862600 30.977800 5.334596
v -27.415001 30.977800 -0.000004
v -25.286301 30.977802 10.473896
v -24.252899 29.384201 16.216196
v -23.490801 30.173502 15.706596
v -22.766899 30.977802 15.222596
v -22.119101 31.812101 14.789496
v -24.566799 31.812101 10.175897
v -26.635000 31.812099 -0.000004
v -26.098301 31.812099 5.182796
v -20.650600 29.384197 -20.650604
v -24.252899 29.384197 -16.216204
v -23.490801 30.173498 -15.706604
v -20.001801 30.173498 -20.001804
v -26.936701 29.384197 -11.157504
v -26.090300 30.173498 -10.807004
v -22.766899 30.977798 -15.222604
v -19.385300 30.977798 -19.385303
v -25.286301 30.977798 -10.473904
v -28.615900 29.384199 -5.682803
v -27.716801 30.173500 -5.504204
v -26.862600 30.977800 -5.334604
v -26.098301 31.812099 -5.182804
v -24.566799 31.812098 -10.175904
v -18.833799 31.812098 -18.833803
v -22.119101 31.812098 -14.789504
v 0.000000 29.384195 -29.204403
v -5.682800 29.384195 -28.615904
v -5.504200 30.173496 -27.716805
v 0.000000 30.173496 -28.286804
v -11.157500 29.384195 -26.936705
v -10.807000 30.173496 -26.090303
v -5.334600 30.977797 -26.862604
v 0.000000 30.977797 -27.415005
v -10.473900 30.977797 -25.286304
v -16.216200 29.384195 -24.252903
v -15.706600 30.173498 -23.490805
v -15.222600 30.977798 -22.766903
v -14.789500 31.812098 -22.119104
v -10.175900 31.812096 -24.566803
v 0.000000 31.812096 -26.635004
v -5.182800 31.812096 -26.098305
v 0.000000 27.021704 29.204395
v 0.000000 27.612404 29.204395
v 0.000000 28.203003 29.204395
v 0.000000 28.793604 29.204395
v -20.650600 27.021702 20.650597
v -16.216200 27.021704 24.252895
v -16.216200 27.612404 24.252895
v -20.650600 27.612402 20.650597
v -11.157500 27.021704 26.936697
v -11.157500 27.612404 26.936697
v -16.216200 28.203003 24.252895
v -20.650600 28.203001 20.650597
v -11.157500 28.203003 26.936697
v -5.682800 27.021704 28.615896
v -5.682800 27.612404 28.615896
v -5.682800 28.203003 28.615896
v -5.682800 28.793604 28.615896
v -11.157500 28.793604 26.936697
v -20.650600 28.793602 20.650597
v -16.216200 28.793604 24.252895
v -29.204399 27.021700 -0.000003
v -28.615900 27.021700 5.682796
v -28.615900 27.612400 5.682796
v -29.204399 27.612400 -0.000003
v -26.936701 27.021702 11.157497
v -26.936701 27.612402 11.157497
v -28.615900 28.202999 5.682796
v -29.204399 28.202999 -0.000003
v -26.936701 28.203001 11.157496
v -24.252899 27.021702 16.216196
v -24.252899 27.612402 16.216196
v -24.252899 28.203001 16.216196
v -24.252899 28.793602 16.216196
v -26.936701 28.793602 11.157496
v -29.204399 28.793600 -0.000003
v -28.615900 28.793600 5.682796
v -20.650600 27.021698 -20.650604
v -24.252899 27.021698 -16.216204
v -24.252899 27.612398 -16.216204
v -20.650600 27.612398 -20.650604
v -26.936701 27.021698 -11.157503
v -26.936701 27.612398 -11.157503
v -24.252899 28.202997 -16.216204
v -20.650600 28.202997 -20.650604
v -26.936701 28.202997 -11.157504
v -28.615900 27.021700 -5.682803
v -28.615900 27.612400 -5.682803
v -28.615900 28.202999 -5.682803
v -28.615900 28.793600 -5.682803
v -26.936701 28.793598 -11.157504
v -20.650600 28.793598 -20.650604
v -24.252899 28.793598 -16.216204
v 0.000000 27.021696 -29.204403
v -5.682800 27.021696 -28.615904
v -5.682800 27.612396 -28.615904
v 0.000000 27.612396 -29.204403
v -11.157500 27.021696 -26.936705
v -11.157500 27.612396 -26.936705
v -5.682800 28.202995 -28.615904
v 0.000000 28.202995 -29.204403
v -11.157500 28.202995 -26.936705
v -16.216200 27.021696 -24.252903
v -16.216200 27.612396 -24.252903
v -16.216200 28.202995 -24.252903
v -16.216200 28.793596 -24.252903
v -11.157500 28.793596 -26.936705
v 0.000000 28.793596 -29.204403
v -5.682800 28.793596 -28.615904
v 0.000000 19.554804 35.836197
v 0.000000 20.571003 35.909096
v 0.000000 21.638205 35.784595
v 0.000000 23.721603 34.716995
v 0.000000 22.705404 35.406197
v -25.340000 19.554804 25.339998
v -19.898600 19.554804 29.760298
v -19.938999 20.571003 29.820799
v -25.391500 20.571003 25.391499
v -13.691200 19.554804 33.053497
v -13.719100 20.571003 33.120697
v -19.869900 21.638205 29.717398
v -25.303499 21.638205 25.303598
v -13.671500 21.638205 33.005997
v -6.973300 19.554804 35.114098
v -6.987400 20.571003 35.185497
v -6.963200 21.638205 35.063595
v -6.755500 23.721603 34.017395
v -6.889600 22.705404 34.692696
v -13.263600 23.721603 32.021194
v -13.526900 22.705404 32.656895
v -19.277100 23.721603 28.830797
v -24.548599 23.721603 24.548597
v -25.035900 22.705404 25.035898
v -19.659800 22.705404 29.403097
v -35.836201 19.554800 -0.000002
v -35.114101 19.554800 6.973298
v -35.185501 20.570999 6.987398
v -35.909100 20.570999 -0.000002
v -33.053501 19.554802 13.691198
v -33.120701 20.571001 13.719097
v -35.063599 21.638201 6.963198
v -35.784599 21.638201 -0.000003
v -33.006001 21.638203 13.671497
v -29.760300 19.554802 19.898598
v -29.820801 20.571001 19.938997
v -29.717400 21.638203 19.869898
v -28.830799 23.721601 19.277098
v -29.403099 22.705402 19.659798
v -32.021198 23.721601 13.263597
v -32.656898 22.705402 13.526897
v -34.017399 23.721600 6.755497
v -34.716999 23.721600 -0.000003
v -35.406200 22.705400 -0.000003
v -34.692699 22.705400 6.889597
v -25.340000 19.554796 -25.340002
v -29.760300 19.554798 -19.898602
v -29.820801 20.570997 -19.939001
v -25.391500 20.570995 -25.391502
v -33.053501 19.554798 -13.691202
v -33.120701 20.570997 -13.719103
v -29.717400 21.638199 -19.869902
v -25.303600 21.638197 -25.303501
v -33.006001 21.638199 -13.671503
v -35.114101 19.554800 -6.973302
v -35.185501 20.570999 -6.987402
v -35.063599 21.638201 -6.963202
v -34.017399 23.721600 -6.755503
v -34.692699 22.705400 -6.889603
v -32.021198 23.721598 -13.263603
v -32.656898 22.705399 -13.526903
v -28.830799 23.721598 -19.277102
v -24.548599 23.721596 -24.548601
v -25.035900 22.705397 -25.035902
v -29.403099 22.705399 -19.659801
v 0.000000 19.554796 -35.836205
v -6.973300 19.554796 -35.114105
v -6.987400 20.570995 -35.185505
v 0.000000 20.570995 -35.909103
v -13.691200 19.554796 -33.053505
v -13.719100 20.570995 -33.120705
v -6.963200 21.638197 -35.063602
v 0.000000 21.638197 -35.784603
v -13.671500 21.638197 -33.006004
v -19.898600 19.554796 -29.760302
v -19.938999 20.570995 -29.820803
v -19.869900 21.638197 -29.717402
v -19.277100 23.721596 -28.830801
v -19.659800 22.705397 -29.403101
v -13.263600 23.721596 -32.021202
v -13.526900 22.705397 -32.656902
v -6.755500 23.721596 -34.017403
v 0.000000 23.721596 -34.717003
v 0.000000 22.705397 -35.406204
v -6.889600 22.705397 -34.692703
v 0.000000 16.254704 34.490395
v 0.000000 17.016005 34.914696
v 0.000000 17.802803 35.303898
v 0.000000 18.640604 35.622795
v 0.000000 26.260405 30.812197
v 0.000000 25.473604 32.328094
v 0.000000 24.635904 33.660397
v -24.388399 16.254704 24.388397
v -19.151300 16.254704 28.642597
v -19.386900 17.016005 28.994999
v -24.688400 17.016005 24.688398
v -13.177000 16.254704 31.812199
v -13.339200 17.016005 32.203598
v -19.603001 17.802803 29.318197
v -24.963600 17.802803 24.963598
v -13.487800 17.802803 32.562496
v -6.711400 16.254704 33.795395
v -6.793900 17.016005 34.211197
v -6.869700 17.802803 34.592495
v -6.931700 18.640604 34.904995
v -13.609700 18.640604 32.856697
v -25.189100 18.640604 25.189098
v -19.780100 18.640604 29.582998
v -5.995700 26.260405 30.191296
v -11.771800 26.260405 28.419596
v -6.290600 25.473604 31.676697
v -12.351000 25.473604 29.817896
v -21.787500 26.260403 21.787497
v -17.108900 26.260405 25.588097
v -22.859400 25.473602 22.859396
v -17.950701 25.473604 26.846996
v -18.690399 24.635904 27.953297
v -23.801500 24.635902 23.801497
v -12.859900 24.635904 31.046597
v -6.549900 24.635904 32.982098
v -34.490398 16.254700 -0.000002
v -33.795399 16.254700 6.711398
v -34.211201 17.016001 6.793998
v -34.914700 17.016001 -0.000002
v -31.812201 16.254702 13.177098
v -32.203602 17.016003 13.339198
v -34.592499 17.802799 6.869698
v -35.303902 17.802799 -0.000002
v -32.562500 17.802801 13.487898
v -28.642599 16.254702 19.151299
v -28.995001 17.016003 19.386898
v -29.318199 17.802801 19.602999
v -29.583000 18.640602 19.780098
v -32.856701 18.640602 13.609698
v -35.622799 18.640600 -0.000002
v -34.904999 18.640600 6.931698
v -25.588100 26.260403 17.108896
v -28.419600 26.260403 11.771797
v -26.847000 25.473602 17.950697
v -29.817900 25.473602 12.350997
v -30.812201 26.260401 -0.000003
v -30.191299 26.260401 5.995697
v -32.328098 25.473600 -0.000003
v -31.676701 25.473600 6.290597
v -32.982101 24.635900 6.549897
v -33.660400 24.635900 -0.000003
v -31.046600 24.635902 12.859898
v -27.953300 24.635902 18.690395
v -24.388399 16.254696 -24.388401
v -28.642599 16.254698 -19.151302
v -28.995001 17.015999 -19.386902
v -24.688400 17.015997 -24.688402
v -31.812201 16.254698 -13.177002
v -32.203602 17.015999 -13.339202
v -29.318199 17.802797 -19.603003
v -24.963600 17.802795 -24.963602
v -32.562500 17.802797 -13.487802
v -33.795399 16.254700 -6.711402
v -34.211201 17.016001 -6.793902
v -34.592499 17.802799 -6.869702
v -34.904999 18.640600 -6.931703
v -32.856701 18.640598 -13.609702
v -25.189100 18.640596 -25.189102
v -29.583000 18.640598 -19.780102
v -30.191299 26.260401 -5.995703
v -28.419600 26.260399 -11.771803
v -31.676701 25.473600 -6.290603
v -29.817900 25.473598 -12.351003
v -21.787500 26.260399 -21.787504
v -25.588100 26.260399 -17.108904
v -22.859400 25.473598 -22.859404
v -26.847000 25.473598 -17.950705
v -27.953300 24.635899 -18.690403
v -23.801500 24.635899 -23.801504
v -31.046600 24.635899 -12.859903
v -32.982101 24.635900 -6.549903
v 0.000000 16.254696 -34.490402
v -6.711400 16.254696 -33.795403
v -6.794000 17.015997 -34.211205
v 0.000000 17.015997 -34.914703
v -13.177000 16.254696 -31.812202
v -13.339200 17.015997 -32.203606
v -6.869700 17.802795 -34.592503
v 0.000000 17.802795 -35.303905
v -13.487800 17.802795 -32.562504
v -19.151300 16.254696 -28.642601
v -19.386900 17.015997 -28.995003
v -19.603001 17.802795 -29.318201
v -19.780100 18.640596 -29.583002
v -13.609700 18.640596 -32.856705
v 0.000000 18.640596 -35.622803
v -6.931700 18.640596 -34.905003
v -17.108900 26.260397 -25.588104
v -11.771800 26.260397 -28.419603
v -17.950701 25.473597 -26.847004
v -12.351000 25.473597 -29.817904
v 0.000000 26.260397 -30.812204
v -5.995700 26.260397 -30.191303
v 0.000000 25.473597 -32.328102
v -6.290600 25.473597 -31.676704
v -6.549900 24.635897 -32.982105
v 0.000000 24.635897 -33.660404
v -12.859900 24.635897 -31.046604
v -18.690399 24.635897 -27.953304
v 0.000000 16.254704 34.361595
v 0.000000 16.254704 33.932594
v 0.000000 16.254704 31.539398
v 0.000000 16.254704 32.903194
v -6.686300 16.254704 33.669197
v -13.127800 16.254704 31.693398
v -6.456200 16.254704 33.247997
v -12.724000 16.254704 31.275898
v -24.297300 16.254704 24.297298
v -19.079800 16.254704 28.535698
v -23.836599 16.254702 23.836597
v -18.614700 16.254704 28.097898
v -20.327299 16.254702 20.327297
v -14.929300 16.254704 24.906097
v -17.362400 16.254704 26.998299
v -22.636499 16.254702 22.636497
v -9.278000 16.254704 28.427797
v -11.610700 16.254704 30.260798
v -3.939500 16.254704 30.654299
v -5.816100 16.254704 32.236797
v -28.535700 16.254702 19.079798
v -31.693399 16.254702 13.127898
v -28.097900 16.254702 18.614698
v -31.275900 16.254702 12.723998
v -34.361599 16.254700 -0.000002
v -33.669201 16.254700 6.686298
v -33.932598 16.254700 -0.000002
v -33.248001 16.254700 6.456198
v -31.539400 16.254700 -0.000002
v -30.654301 16.254700 3.939498
v -32.236801 16.254700 5.816098
v -32.903198 16.254700 -0.000002
v -28.427799 16.254702 9.277998
v -30.260799 16.254702 11.610698
v -24.906099 16.254702 14.929298
v -26.998301 16.254702 17.362398
v -33.669201 16.254700 -6.686302
v -31.693399 16.254698 -13.127802
v -33.248001 16.254700 -6.456202
v -31.275900 16.254698 -12.724002
v -24.297300 16.254696 -24.297302
v -28.535700 16.254698 -19.079802
v -23.836599 16.254698 -23.836601
v -28.097900 16.254698 -18.614702
v -20.327299 16.254698 -20.327301
v -24.906099 16.254698 -14.929302
v -26.998301 16.254698 -17.362402
v -22.636499 16.254698 -22.636501
v -28.427799 16.254698 -9.278002
v -30.260799 16.254698 -11.610702
v -30.654301 16.254700 -3.939502
v -32.236801 16.254700 -5.816102
v -19.079800 16.254696 -28.535702
v -13.127900 16.254696 -31.693401
v -18.614700 16.254696 -28.097902
v -12.724000 16.254696 -31.275902
v 0.000000 16.254696 -34.361603
v -6.686300 16.254696 -33.669205
v 0.000000 16.254696 -33.932602
v -6.456200 16.254696 -33.248005
v 0.000000 16.254696 -31.539402
v -3.939500 16.254696 -30.654303
v -5.816100 16.254696 -32.236805
v 0.000000 16.254696 -32.903202
v -9.278000 16.254696 -28.427801
v -11.610700 16.254696 -30.260801
v -14.929300 16.254696 -24.906101
v -17.362400 16.254696 -26.998302
v 0.000000 362.968811 -0.000043
v 0.000000 362.968811 -25.518145
v -4.667000 362.968811 -22.870443
v 0.000000 362.968689 -19.447344
v -14.801200 362.968811 -14.801243
v -9.773400 362.968811 -19.232544
v -10.420900 362.968811 -10.420943
v -5.185800 362.968811 -15.236143
v 0.000000 362.968811 -10.536343
v -5.376500 362.968811 -5.376544
v -25.518101 362.968811 -0.000043
v -22.870399 362.968811 4.666956
v -22.870399 362.968811 -4.667043
v -19.447300 362.968689 -0.000043
v -14.801200 362.968811 14.801157
v -19.232500 362.968811 9.773357
v -10.420900 362.968811 10.420857
v -15.236100 362.968811 5.185757
v -10.536300 362.968811 -0.000043
v -5.376500 362.968811 5.376457
v -15.236100 362.968811 -5.185843
v -19.232500 362.968811 -9.773443
v 0.000000 362.968811 25.518057
v -4.667000 362.968811 22.870356
v 0.000000 362.968689 19.447256
v 0.000000 362.968811 10.536257
v -5.185800 362.968811 15.236057
v -9.773400 362.968811 19.232456
v 0.000000 16.254704 28.519398
v -5.215900 16.254704 25.556599
v 0.000000 16.254702 21.727697
v -16.539400 16.254702 16.539398
v -10.921800 16.254702 21.490398
v -11.642400 16.254702 11.642398
v -5.794000 16.254702 17.021599
v 0.000000 16.254700 -0.000002
v 0.000000 16.254702 11.769999
v -6.006000 16.254700 6.005998
v -28.519400 16.254700 -0.000002
v -25.556601 16.254700 -5.215902
v -25.556601 16.254700 5.215898
v -21.727699 16.254700 -0.000002
v -16.539400 16.254698 -16.539402
v -21.490400 16.254698 -10.921802
v -11.642400 16.254698 -11.642402
v -17.021601 16.254700 -5.794002
v -11.770000 16.254700 -0.000002
v -6.006000 16.254700 -6.006002
v -17.021601 16.254700 5.793998
v -21.490400 16.254702 10.921798
v 0.000000 16.254696 -28.519402
v -5.215900 16.254696 -25.556602
v 0.000000 16.254698 -21.727701
v 0.000000 16.254698 -11.770002
v -5.794000 16.254698 -17.021603
v -10.921800 16.254698 -21.490402
v -40.000000 16.259296 -40.000004
v -40.000000 16.259298 -20.000002
v -20.000000 16.259298 -20.000002
v -20.000000 16.259296 -40.000004
v -40.000000 16.259300 -0.000002
v -20.000000 16.259300 -0.000002
v 0.000000 16.259298 -20.000002
v 0.000000 16.259296 -40.000004
v 0.000000 16.259300 -0.000002
v -40.000000 16.259302 19.999998
v -40.000000 16.259304 39.999996
v -20.000000 16.259304 39.999996
v -20.000000 16.259302 19.999998
v 0.000000 16.259304 39.999996
v 0.000000 16.259302 19.999998
v -40.000000 0.000005 40.000000
v -40.000000 0.000002 20.000000
v -20.000000 0.000002 20.000000
v -20.000000 0.000005 40.000000
v -40.000000 0.000000 0.000000
v -20.000000 0.000000 0.000000
v 0.000000 0.000002 20.000000
v 0.000000 0.000005 40.000000
v 0.000000 0.000000 0.000000
v -40.000000 -0.000002 -20.000000
v -40.000000 -0.000005 -40.000000
v -20.000000 -0.000005 -40.000000
v -20.000000 -0.000002 -20.000000
v 0.000000 -0.000005 -40.000000
v 0.000000 -0.000002 -20.000000
v -40.000000 12.194505 40.000000
v -20.000000 12.194505 40.000000
v -40.000000 8.129704 40.000000
v -20.000000 8.129704 40.000000
v 0.000000 12.194505 40.000000
v 0.000000 8.129704 40.000000
v -40.000000 4.064805 40.000000
v -20.000000 4.064805 40.000000
v 0.000000 4.064805 40.000000
v -20.000000 12.194495 -40.000000
v -40.000000 12.194495 -40.000000
v 0.000000 12.194495 -40.000000
v -20.000000 8.129695 -40.000000
v -40.000000 8.129695 -40.000000
v 0.000000 8.129695 -40.000000
v 0.000000 4.064795 -40.000000
v -40.000000 4.064795 -40.000000
v -20.000000 4.064795 -40.000000
v -40.000000 12.194502 19.999998
v -40.000000 12.194500 -0.000001
v -40.000000 8.129702 19.999998
v -40.000000 8.129700 -0.000001
v -40.000000 12.194498 -20.000002
v -40.000000 8.129698 -20.000002
v -40.000000 4.064797 -20.000000
v -40.000000 4.064800 -0.000000
v -40.000000 4.064802 20.000000
v -35.006100 362.870697 35.006157
v -35.006100 362.870697 17.503056
v -17.503099 362.870697 17.503056
v -17.503099 362.870697 35.006157
v -35.006100 362.870697 -0.000043
v -17.503099 362.870697 -0.000043
v 0.000000 362.870697 17.503056
v 0.000000 362.870697 35.006157
v 0.000000 362.870697 -0.000043
v -35.006100 362.870697 -17.503143
v -35.006100 362.870697 -35.006142
v -17.503099 362.870697 -35.006142
v -17.503099 362.870697 -17.503143
v 0.000000 362.870697 -35.006142
v 0.000000 362.870697 -17.503143
v -36.984001 378.075897 -36.984047
v -36.984001 378.075897 -18.492046
v -18.492001 378.075897 -18.492046
v -18.492001 378.075897 -36.984047
v -36.984001 378.075897 -0.000045
v -18.492001 378.075897 -0.000045
v 0.000000 378.075897 -18.492046
v 0.000000 378.075897 -36.984047
v 0.000000 378.075989 -0.000045
v -36.984001 378.075897 18.491955
v -36.984001 378.075897 36.983955
v -18.492001 378.075897 36.983955
v -18.492001 378.075897 18.491955
v 0.000000 378.075897 36.983955
v 0.000000 378.075897 18.491955
v -35.006100 373.875885 35.006153
v -35.006100 371.124603 35.006153
v -17.503099 371.124603 35.006153
v -17.503099 373.875885 35.006153
v -35.006100 368.373291 35.006153
v -17.503099 368.373291 35.006153
v 0.000000 371.124603 35.006153
v 0.000000 373.875885 35.006153
v 0.000000 368.373291 35.006153
v -35.006100 365.622009 35.006157
v -17.503099 365.622009 35.006157
v 0.000000 365.622009 35.006157
v 0.000000 371.124603 -35.006145
v 0.000000 373.875885 -35.006145
v 0.000000 368.373291 -35.006145
v 0.000000 365.622009 -35.006142
v -35.006100 365.622009 -35.006142
v -17.503099 365.622009 -35.006142
v -35.006100 368.373291 -35.006145
v -17.503099 368.373291 -35.006145
v -35.006100 371.124603 -35.006145
v -35.006100 373.875885 -35.006145
v -17.503099 373.875885 -35.006145
v -17.503099 371.124603 -35.006145
v -35.006100 371.124603 -17.503143
v -35.006100 373.875885 -17.503143
v -35.006100 368.373291 -17.503143
v -35.006100 371.124603 -0.000044
v -35.006100 373.875885 -0.000045
v -35.006100 368.373291 -0.000044
v -35.006100 365.622009 -17.503143
v -35.006100 365.622009 -0.000044
v -35.006100 365.622009 17.503056
v -35.006100 368.373291 17.503056
v -35.006100 373.875885 17.503056
v -35.006100 371.124603 17.503056
v 0.000000 374.125885 35.500553
v 0.000000 374.375885 35.995052
v 0.000000 374.875885 36.983955
v 0.000000 374.625885 36.489452
v -36.984001 374.875885 36.983955
v -36.489498 374.625885 36.489452
v -18.244801 374.625885 36.489452
v -18.492001 374.875885 36.983955
v -35.995098 374.375885 35.995052
v -17.997499 374.375885 35.995052
v -35.500599 374.125885 35.500553
v -17.750299 374.125885 35.500553
v -35.500599 374.125885 -35.500645
v -17.750299 374.125885 -35.500645
v -35.995098 374.375885 -35.995144
v -17.997499 374.375885 -35.995144
v 0.000000 374.125885 -35.500645
v 0.000000 374.375885 -35.995144
v -36.489498 374.625885 -36.489544
v -36.984001 374.875885 -36.984047
v -18.492001 374.875885 -36.984047
v -18.244801 374.625885 -36.489544
v 0.000000 374.875885 -36.984047
v 0.000000 374.625885 -36.489544
v -35.500599 374.125885 17.750256
v -35.995098 374.375885 17.997557
v -35.500599 374.125885 -0.000045
v -35.995098 374.375885 -0.000045
v -36.984001 374.875885 18.491957
v -36.489498 374.625885 18.244757
v -36.984001 374.875885 -0.000045
v -36.489498 374.625885 -0.000045
v -36.489498 374.625885 -18.244844
v -36.984001 374.875885 -18.492044
v -35.995098 374.375885 -17.997543
v -35.500599 374.125885 -17.750343
v -36.984001 377.275909 36.983955
v -18.492001 377.275909 36.983955
v -36.984001 376.475891 36.983955
v -18.492001 376.475891 36.983955
v 0.000000 377.275909 36.983955
v 0.000000 376.475891 36.983955
v -36.984001 375.675903 36.983955
v -18.492001 375.675903 36.983955
v 0.000000 375.675903 36.983955
v 0.000000 377.275909 -36.984047
v 0.000000 376.475891 -36.984047
v 0.000000 375.675903 -36.984047
v -36.984001 375.675903 -36.984047
v -18.492001 375.675903 -36.984047
v -36.984001 376.475891 -36.984047
v -18.492001 376.476013 -36.984047
v -36.984001 377.275909 -36.984047
v -18.492001 377.275909 -36.984047
v -36.984001 377.275909 -18.492046
v -36.984001 376.475891 -18.492046
v -36.984001 377.275909 -0.000045
v -36.984001 376.475891 -0.000045
v -36.984001 375.675903 -18.492044
v -36.984001 375.675903 -0.000045
v -36.984001 375.675903 18.491957
v -36.984001 376.476013 18.491955
v -36.984001 377.275909 18.491955
vn -0.7071 -0.0000 -0.7071
vn -0.5522 -0.0000 -0.8337
vn -0.3827 -0.0000 -0.9239
vn -0.1030 -0.0000 -0.9947
vn -0.1991 -0.0000 -0.9800
vn -1.0000 -0.0000 -0.0000
vn -0.9800 -0.0000 -0.1991
vn -0.9239 -0.0000 -0.3827
vn -0.8337 -0.0000 -0.5522
vn -0.7071 -0.0000 0.7071
vn -0.8337 -0.0000 0.5522
vn -0.9239 -0.0000 0.3827
vn -0.9800 -0.0000 0.1991
vn -0.1030 -0.0000 0.9947
vn -0.1991 -0.0000 0.9800
vn -0.3827 -0.0000 0.9239
vn -0.5522 -0.0000 0.8337
vn -0.0403 -0.9984 -0.0403
vn -0.0316 -0.9984 -0.0476
vn -0.0315 -0.9984 -0.0476
vn -0.0404 -0.9984 -0.0403
vn -0.0219 -0.9984 -0.0528
vn -0.0114 -0.9984 -0.0559
vn -0.0059 -0.9984 -0.0570
vn -0.0059 -0.9984 -0.0571
vn -0.0114 -0.9984 -0.0560
vn -0.0571 -0.9984 -0.0000
vn -0.0560 -0.9984 -0.0113
vn -0.0560 -0.9984 -0.0114
vn -0.0527 -0.9984 -0.0219
vn -0.0528 -0.9984 -0.0219
vn -0.0570 -0.9984 -0.0000
vn -0.0475 -0.9984 -0.0315
vn -0.0476 -0.9984 -0.0315
vn -0.0559 -0.9984 -0.0114
vn -0.0403 -0.9984 0.0403
vn -0.0475 -0.9984 0.0315
vn -0.0476 -0.9984 0.0315
vn -0.0527 -0.9984 0.0219
vn -0.0528 -0.9984 0.0219
vn -0.0404 -0.9984 0.0403
vn -0.0560 -0.9984 0.0113
vn -0.0560 -0.9984 0.0114
vn -0.0559 -0.9984 0.0114
vn -0.0059 -0.9984 0.0570
vn -0.0114 -0.9984 0.0559
vn -0.0114 -0.9984 0.0560
vn -0.0059 -0.9984 0.0571
vn -0.0219 -0.9984 0.0528
vn -0.0315 -0.9984 0.0476
vn -0.0218 -0.9984 0.0528
vn -0.0246 -0.9710 -0.2378
vn -0.0475 -0.9712 -0.2333
vn -0.0557 -0.9601 -0.2739
vn -0.0289 -0.9598 -0.2793
vn -0.0912 -0.9712 -0.2201
vn -0.1070 -0.9601 -0.2583
vn -0.0806 -0.9143 -0.3968
vn -0.0419 -0.9136 -0.4045
vn -0.1550 -0.9143 -0.3742
vn -0.1314 -0.9713 -0.1985
vn -0.1682 -0.9713 -0.1682
vn -0.1976 -0.9602 -0.1976
vn -0.1543 -0.9601 -0.2330
vn -0.2863 -0.9143 -0.2863
vn -0.2236 -0.9143 -0.3376
vn -0.5945 -0.5415 -0.5945
vn -0.4643 -0.5414 -0.7009
vn -0.3385 -0.7901 -0.5110
vn -0.4334 -0.7901 -0.4334
vn -0.3218 -0.5413 -0.7768
vn -0.2346 -0.7900 -0.5664
vn -0.1674 -0.5414 -0.8239
vn -0.0867 -0.5394 -0.8376
vn -0.0633 -0.7885 -0.6117
vn -0.1220 -0.7901 -0.6007
vn -0.1985 -0.9712 -0.1314
vn -0.2330 -0.9601 -0.1543
vn -0.2201 -0.9712 -0.0912
vn -0.2583 -0.9601 -0.1070
vn -0.3376 -0.9143 -0.2236
vn -0.3742 -0.9143 -0.1550
vn -0.2333 -0.9712 -0.0475
vn -0.2379 -0.9713 -0.0000
vn -0.2794 -0.9602 -0.0000
vn -0.2739 -0.9601 -0.0557
vn -0.4049 -0.9144 -0.0000
vn -0.3968 -0.9143 -0.0806
vn -0.8407 -0.5415 -0.0000
vn -0.8239 -0.5414 -0.1673
vn -0.6007 -0.7901 -0.1220
vn -0.6129 -0.7901 -0.0000
vn -0.7768 -0.5413 -0.3218
vn -0.5664 -0.7900 -0.2346
vn -0.7009 -0.5415 -0.4643
vn -0.5110 -0.7901 -0.3385
vn -0.2333 -0.9712 0.0475
vn -0.2739 -0.9601 0.0557
vn -0.2201 -0.9712 0.0912
vn -0.2583 -0.9601 0.1070
vn -0.3968 -0.9143 0.0806
vn -0.3742 -0.9143 0.1550
vn -0.1985 -0.9712 0.1314
vn -0.1682 -0.9713 0.1682
vn -0.1976 -0.9602 0.1976
vn -0.2330 -0.9601 0.1543
vn -0.2863 -0.9144 0.2863
vn -0.3376 -0.9143 0.2236
vn -0.5945 -0.5415 0.5945
vn -0.7009 -0.5415 0.4643
vn -0.5110 -0.7901 0.3385
vn -0.4334 -0.7901 0.4334
vn -0.7768 -0.5413 0.3218
vn -0.5664 -0.7900 0.2346
vn -0.8239 -0.5414 0.1673
vn -0.6007 -0.7901 0.1220
vn -0.1314 -0.9713 0.1985
vn -0.1543 -0.9601 0.2330
vn -0.0911 -0.9712 0.2201
vn -0.1070 -0.9601 0.2583
vn -0.2236 -0.9143 0.3376
vn -0.1550 -0.9143 0.3742
vn -0.0475 -0.9712 0.2333
vn -0.0246 -0.9710 0.2378
vn -0.0289 -0.9598 0.2793
vn -0.0557 -0.9601 0.2739
vn -0.0419 -0.9136 0.4045
vn -0.0806 -0.9143 0.3968
vn -0.0867 -0.5394 0.8376
vn -0.1674 -0.5414 0.8239
vn -0.1220 -0.7901 0.6007
vn -0.0633 -0.7885 0.6117
vn -0.3218 -0.5413 0.7768
vn -0.2346 -0.7900 0.5664
vn -0.4643 -0.5415 0.7009
vn -0.3384 -0.7901 0.5110
vn -0.1929 -0.2467 -0.9497
vn -0.0998 -0.2455 -0.9642
vn -0.3709 -0.2465 -0.8954
vn -0.1990 0.0094 -0.9800
vn -0.1030 0.0093 -0.9946
vn -0.3827 0.0094 -0.9238
vn -0.6852 -0.2468 -0.6852
vn -0.5352 -0.2466 -0.8079
vn -0.7071 0.0094 -0.7071
vn -0.5522 0.0094 -0.8337
vn -0.5817 0.5685 -0.5817
vn -0.4543 0.5685 -0.6859
vn -0.5319 0.2689 -0.8030
vn -0.6810 0.2690 -0.6810
vn -0.3148 0.5684 -0.7601
vn -0.3686 0.2688 -0.8899
vn -0.1637 0.5685 -0.8062
vn -0.0849 0.5665 -0.8197
vn -0.0992 0.2677 -0.9584
vn -0.1917 0.2689 -0.9439
vn -0.8079 -0.2467 -0.5352
vn -0.8954 -0.2465 -0.3709
vn -0.8337 0.0094 -0.5522
vn -0.9238 0.0094 -0.3827
vn -0.9691 -0.2468 -0.0000
vn -0.9497 -0.2467 -0.1929
vn -1.0000 0.0094 -0.0000
vn -0.9799 0.0094 -0.1990
vn -0.8226 0.5686 -0.0000
vn -0.8062 0.5685 -0.1637
vn -0.9439 0.2689 -0.1917
vn -0.9631 0.2691 -0.0000
vn -0.7601 0.5684 -0.3148
vn -0.8899 0.2688 -0.3686
vn -0.6859 0.5685 -0.4543
vn -0.8030 0.2689 -0.5319
vn -0.9497 -0.2467 0.1929
vn -0.8954 -0.2465 0.3709
vn -0.9800 0.0094 0.1990
vn -0.9238 0.0094 0.3827
vn -0.6852 -0.2468 0.6852
vn -0.8079 -0.2466 0.5352
vn -0.7071 0.0094 0.7071
vn -0.8337 0.0094 0.5522
vn -0.5817 0.5685 0.5817
vn -0.6859 0.5685 0.4543
vn -0.8030 0.2689 0.5319
vn -0.6810 0.2690 0.6810
vn -0.7601 0.5684 0.3148
vn -0.8899 0.2688 0.3686
vn -0.8062 0.5685 0.1637
vn -0.9439 0.2689 0.1917
vn -0.5352 -0.2466 0.8079
vn -0.3709 -0.2465 0.8954
vn -0.5522 0.0094 0.8337
vn -0.3827 0.0094 0.9238
vn -0.0998 -0.2455 0.9642
vn -0.1929 -0.2467 0.9497
vn -0.1030 0.0093 0.9946
vn -0.1990 0.0094 0.9800
vn -0.0849 0.5665 0.8197
vn -0.1637 0.5685 0.8062
vn -0.1917 0.2689 0.9439
vn -0.0992 0.2677 0.9584
vn -0.3148 0.5684 0.7601
vn -0.3686 0.2688 0.8899
vn -0.4543 0.5685 0.6859
vn -0.5319 0.2689 0.8030
vn -0.1164 0.8111 -0.5731
vn -0.0605 0.8097 -0.5838
vn -0.2238 0.8111 -0.5404
vn -0.0756 0.9251 -0.3722
vn -0.0393 0.9244 -0.3794
vn -0.1454 0.9250 -0.3510
vn -0.4135 0.8112 -0.4136
vn -0.3229 0.8111 -0.4876
vn -0.2685 0.9251 -0.2685
vn -0.2097 0.9251 -0.3167
vn -0.1563 0.9753 -0.1563
vn -0.1222 0.9752 -0.1846
vn -0.1437 0.9655 -0.2170
vn -0.1840 0.9656 -0.1840
vn -0.0848 0.9752 -0.2046
vn -0.0997 0.9655 -0.2406
vn -0.0441 0.9752 -0.2169
vn -0.0229 0.9750 -0.2210
vn -0.0269 0.9652 -0.2601
vn -0.0518 0.9655 -0.2551
vn -0.4876 0.8111 -0.3229
vn -0.5404 0.8111 -0.2238
vn -0.3167 0.9251 -0.2097
vn -0.3510 0.9250 -0.1454
vn -0.5848 0.8112 -0.0000
vn -0.5731 0.8111 -0.1165
vn -0.3797 0.9251 -0.0000
vn -0.3722 0.9251 -0.0756
vn -0.2211 0.9753 -0.0000
vn -0.2169 0.9752 -0.0441
vn -0.2551 0.9655 -0.0518
vn -0.2602 0.9656 -0.0000
vn -0.2046 0.9752 -0.0847
vn -0.2406 0.9655 -0.0997
vn -0.1845 0.9752 -0.1222
vn -0.2170 0.9655 -0.1437
vn -0.5731 0.8112 0.1165
vn -0.5404 0.8111 0.2239
vn -0.3722 0.9251 0.0756
vn -0.3510 0.9250 0.1454
vn -0.4135 0.8112 0.4135
vn -0.4876 0.8111 0.3229
vn -0.2685 0.9251 0.2685
vn -0.3167 0.9251 0.2097
vn -0.1563 0.9753 0.1563
vn -0.1845 0.9752 0.1222
vn -0.2170 0.9655 0.1437
vn -0.1840 0.9656 0.1840
vn -0.2046 0.9752 0.0848
vn -0.2406 0.9655 0.0997
vn -0.2169 0.9752 0.0441
vn -0.2551 0.9655 0.0518
vn -0.3229 0.8111 0.4876
vn -0.2238 0.8111 0.5404
vn -0.2097 0.9251 0.3167
vn -0.1454 0.9250 0.3510
vn -0.0605 0.8097 0.5838
vn -0.1164 0.8111 0.5731
vn -0.0393 0.9244 0.3794
vn -0.0756 0.9251 0.3722
vn -0.0229 0.9750 0.2210
vn -0.0441 0.9752 0.2169
vn -0.0518 0.9655 0.2551
vn -0.0269 0.9652 0.2601
vn -0.0847 0.9752 0.2046
vn -0.0997 0.9655 0.2406
vn -0.1222 0.9752 0.1845
vn -0.1437 0.9655 0.2170
vn -0.1908 -0.9629 -0.1908
vn -0.1492 -0.9628 -0.2251
vn -0.1491 -0.9629 -0.2251
vn -0.1907 -0.9629 -0.1907
vn -0.1034 -0.9628 -0.2496
vn -0.1908 -0.9629 -0.1907
vn -0.0537 -0.9628 -0.2646
vn -0.0279 -0.9625 -0.2697
vn -0.0279 -0.9626 -0.2696
vn -0.0538 -0.9629 -0.2646
vn -0.0279 -0.9626 -0.2697
vn -0.0538 -0.9628 -0.2646
vn -0.1491 -0.9628 -0.2252
vn -0.1907 -0.9629 -0.1908
vn -0.1491 -0.9628 -0.2251
vn -0.2698 -0.9629 -0.0000
vn -0.2646 -0.9629 -0.0537
vn -0.2646 -0.9629 -0.0538
vn -0.2697 -0.9629 -0.0000
vn -0.2496 -0.9628 -0.1034
vn -0.2646 -0.9628 -0.0538
vn -0.2251 -0.9629 -0.1492
vn -0.2251 -0.9629 -0.1491
vn -0.2251 -0.9629 -0.1490
vn -0.1908 -0.9629 0.1908
vn -0.2251 -0.9629 0.1492
vn -0.2251 -0.9629 0.1491
vn -0.1907 -0.9629 0.1907
vn -0.2496 -0.9628 0.1034
vn -0.2646 -0.9629 0.0537
vn -0.2646 -0.9629 0.0538
vn -0.2646 -0.9628 0.0538
vn -0.2252 -0.9629 0.1490
vn -0.2251 -0.9628 0.1491
vn -0.0279 -0.9625 0.2697
vn -0.0537 -0.9628 0.2646
vn -0.0538 -0.9629 0.2646
vn -0.0279 -0.9626 0.2696
vn -0.1034 -0.9628 0.2496
vn -0.0279 -0.9626 0.2697
vn -0.1492 -0.9628 0.2251
vn -0.1491 -0.9629 0.2251
vn -0.1490 -0.9629 0.2251
vn -0.1491 -0.9628 0.2251
vn -0.0538 -0.9628 0.2646
vn -0.1597 -0.9742 -0.1597
vn -0.1705 -0.9705 -0.1705
vn -0.1332 -0.9705 -0.2012
vn -0.1248 -0.9741 -0.1885
vn -0.2041 -0.9575 -0.2041
vn -0.1594 -0.9574 -0.2407
vn -0.0924 -0.9704 -0.2230
vn -0.0866 -0.9741 -0.2090
vn -0.1106 -0.9574 -0.2669
vn -0.2683 -0.9252 -0.2683
vn -0.3764 -0.8466 -0.3764
vn -0.2939 -0.8465 -0.4439
vn -0.2096 -0.9252 -0.3164
vn -0.2038 -0.8464 -0.4920
vn -0.1453 -0.9251 -0.3508
vn -0.0550 -0.8453 -0.5315
vn -0.0393 -0.9245 -0.3791
vn -0.0756 -0.9252 -0.3719
vn -0.1060 -0.8465 -0.5217
vn -0.0299 -0.9570 -0.2885
vn -0.0575 -0.9574 -0.2830
vn -0.0250 -0.9702 -0.2410
vn -0.0234 -0.9739 -0.2258
vn -0.0451 -0.9741 -0.2215
vn -0.0480 -0.9705 -0.2364
vn -0.2258 -0.9742 -0.0000
vn -0.2411 -0.9705 -0.0000
vn -0.2364 -0.9705 -0.0480
vn -0.2215 -0.9741 -0.0451
vn -0.2886 -0.9575 -0.0000
vn -0.2830 -0.9574 -0.0575
vn -0.2230 -0.9704 -0.0924
vn -0.2090 -0.9741 -0.0866
vn -0.2669 -0.9574 -0.1106
vn -0.3794 -0.9252 -0.0000
vn -0.5323 -0.8466 -0.0000
vn -0.5217 -0.8465 -0.1060
vn -0.3719 -0.9252 -0.0756
vn -0.4920 -0.8464 -0.2038
vn -0.3508 -0.9251 -0.1453
vn -0.3164 -0.9252 -0.2096
vn -0.4439 -0.8465 -0.2939
vn -0.2407 -0.9574 -0.1594
vn -0.1885 -0.9741 -0.1248
vn -0.2012 -0.9705 -0.1332
vn -0.1597 -0.9742 0.1597
vn -0.1705 -0.9705 0.1705
vn -0.2012 -0.9705 0.1332
vn -0.1885 -0.9741 0.1248
vn -0.2041 -0.9575 0.2041
vn -0.2407 -0.9574 0.1594
vn -0.2230 -0.9704 0.0924
vn -0.2090 -0.9741 0.0866
vn -0.2669 -0.9574 0.1106
vn -0.2683 -0.9252 0.2683
vn -0.3764 -0.8466 0.3764
vn -0.4439 -0.8465 0.2940
vn -0.3164 -0.9252 0.2096
vn -0.4920 -0.8464 0.2038
vn -0.3508 -0.9251 0.1453
vn -0.3719 -0.9252 0.0756
vn -0.5217 -0.8465 0.1060
vn -0.2830 -0.9574 0.0575
vn -0.2215 -0.9741 0.0451
vn -0.2364 -0.9705 0.0480
vn -0.0234 -0.9739 0.2258
vn -0.0250 -0.9702 0.2410
vn -0.0480 -0.9705 0.2364
vn -0.0451 -0.9741 0.2215
vn -0.0299 -0.9570 0.2885
vn -0.0575 -0.9574 0.2830
vn -0.0924 -0.9704 0.2230
vn -0.0865 -0.9741 0.2090
vn -0.1106 -0.9574 0.2669
vn -0.0393 -0.9245 0.3791
vn -0.0550 -0.8453 0.5315
vn -0.1060 -0.8465 0.5217
vn -0.0756 -0.9252 0.3719
vn -0.2038 -0.8464 0.4920
vn -0.1453 -0.9251 0.3508
vn -0.2096 -0.9252 0.3164
vn -0.2939 -0.8465 0.4439
vn -0.1594 -0.9574 0.2407
vn -0.1248 -0.9741 0.1885
vn -0.1332 -0.9705 0.2012
vn -0.0988 0.2831 -0.9540
vn -0.1908 0.2843 -0.9395
vn -0.1836 0.3860 -0.9041
vn -0.0951 0.3845 -0.9182
vn -0.3669 0.2842 -0.8858
vn -0.3531 0.3858 -0.8524
vn -0.1770 0.4577 -0.8713
vn -0.0917 0.4561 -0.8852
vn -0.3403 0.4575 -0.8215
vn -0.5294 0.2843 -0.7993
vn -0.6779 0.2845 -0.6779
vn -0.6522 0.3862 -0.6523
vn -0.5094 0.3859 -0.7691
vn -0.6286 0.4580 -0.6286
vn -0.4910 0.4577 -0.7413
vn -0.6064 0.5144 -0.6064
vn -0.4736 0.5140 -0.7152
vn -0.4783 0.4999 -0.7221
vn -0.6123 0.5002 -0.6123
vn -0.3283 0.5137 -0.7927
vn -0.3315 0.4996 -0.8003
vn -0.1709 0.5139 -0.8406
vn -0.0884 0.5123 -0.8542
vn -0.0893 0.4982 -0.8625
vn -0.1724 0.4998 -0.8488
vn -0.7993 0.2843 -0.5294
vn -0.7691 0.3859 -0.5094
vn -0.8858 0.2842 -0.3669
vn -0.8524 0.3857 -0.3531
vn -0.7413 0.4577 -0.4910
vn -0.8215 0.4575 -0.3403
vn -0.9395 0.2843 -0.1908
vn -0.9587 0.2845 -0.0000
vn -0.9224 0.3862 -0.0000
vn -0.9041 0.3860 -0.1836
vn -0.8889 0.4580 -0.0000
vn -0.8713 0.4577 -0.1770
vn -0.8576 0.5143 -0.0000
vn -0.8406 0.5139 -0.1709
vn -0.8488 0.4998 -0.1724
vn -0.8659 0.5002 -0.0000
vn -0.7926 0.5137 -0.3283
vn -0.8003 0.4996 -0.3315
vn -0.7152 0.5140 -0.4736
vn -0.7221 0.4999 -0.4783
vn -0.9395 0.2843 0.1908
vn -0.9041 0.3860 0.1836
vn -0.8858 0.2842 0.3669
vn -0.8524 0.3858 0.3531
vn -0.8713 0.4577 0.1770
vn -0.8215 0.4575 0.3403
vn -0.7993 0.2843 0.5294
vn -0.6779 0.2845 0.6779
vn -0.6522 0.3862 0.6523
vn -0.7691 0.3859 0.5094
vn -0.6286 0.4580 0.6286
vn -0.7413 0.4577 0.4910
vn -0.6064 0.5143 0.6064
vn -0.7152 0.5140 0.4736
vn -0.7221 0.4999 0.4783
vn -0.6123 0.5002 0.6123
vn -0.7926 0.5137 0.3283
vn -0.8003 0.4996 0.3315
vn -0.8406 0.5139 0.1709
vn -0.8488 0.4998 0.1724
vn -0.5294 0.2843 0.7993
vn -0.5094 0.3859 0.7691
vn -0.3669 0.2842 0.8858
vn -0.3531 0.3858 0.8524
vn -0.4910 0.4577 0.7413
vn -0.3403 0.4575 0.8215
vn -0.1908 0.2843 0.9395
vn -0.0988 0.2831 0.9540
vn -0.0951 0.3845 0.9182
vn -0.1836 0.3860 0.9041
vn -0.0917 0.4561 0.8852
vn -0.1770 0.4577 0.8713
vn -0.0885 0.5123 0.8542
vn -0.1709 0.5139 0.8406
vn -0.1724 0.4998 0.8488
vn -0.0893 0.4982 0.8625
vn -0.3283 0.5137 0.7927
vn -0.3315 0.4996 0.8003
vn -0.4736 0.5140 0.7152
vn -0.4782 0.4999 0.7221
vn -0.6896 -0.2210 -0.6896
vn -0.5386 -0.2209 -0.8131
vn -0.5136 -0.3672 -0.7755
vn -0.6577 -0.3674 -0.6577
vn -0.3732 -0.2207 -0.9011
vn -0.3560 -0.3670 -0.8594
vn -0.4653 -0.5386 -0.7025
vn -0.5957 -0.5388 -0.5957
vn -0.3225 -0.5384 -0.7785
vn -0.1941 -0.2208 -0.9558
vn -0.1005 -0.2199 -0.9703
vn -0.0959 -0.3657 -0.9258
vn -0.1851 -0.3672 -0.9115
vn -0.0869 -0.5367 -0.8393
vn -0.1677 -0.5386 -0.8257
vn -0.1405 -0.7086 -0.6915
vn -0.0729 -0.7068 -0.7036
vn -0.2701 -0.7085 -0.6520
vn -0.4989 -0.7087 -0.4989
vn -0.3896 -0.7086 -0.5883
vn -0.9753 -0.2210 -0.0000
vn -0.9558 -0.2208 -0.1941
vn -0.9115 -0.3672 -0.1851
vn -0.9301 -0.3674 -0.0000
vn -0.9011 -0.2207 -0.3732
vn -0.8594 -0.3670 -0.3560
vn -0.8257 -0.5386 -0.1677
vn -0.8425 -0.5388 -0.0000
vn -0.7785 -0.5384 -0.3225
vn -0.8131 -0.2209 -0.5386
vn -0.7755 -0.3672 -0.5136
vn -0.7025 -0.5386 -0.4653
vn -0.5883 -0.7086 -0.3896
vn -0.6520 -0.7084 -0.2701
vn -0.7055 -0.7087 -0.0000
vn -0.6915 -0.7086 -0.1405
vn -0.6896 -0.2210 0.6896
vn -0.8131 -0.2209 0.5386
vn -0.7755 -0.3672 0.5136
vn -0.6577 -0.3674 0.6577
vn -0.9011 -0.2207 0.3732
vn -0.8594 -0.3671 0.3560
vn -0.7025 -0.5386 0.4653
vn -0.5957 -0.5388 0.5957
vn -0.7785 -0.5384 0.3225
vn -0.9558 -0.2208 0.1941
vn -0.9115 -0.3672 0.1851
vn -0.8257 -0.5386 0.1677
vn -0.6915 -0.7086 0.1405
vn -0.6520 -0.7084 0.2701
vn -0.4989 -0.7087 0.4989
vn -0.5883 -0.7086 0.3896
vn -0.1005 -0.2199 0.9703
vn -0.1941 -0.2208 0.9558
vn -0.1851 -0.3672 0.9115
vn -0.0959 -0.3657 0.9258
vn -0.3732 -0.2207 0.9011
vn -0.3560 -0.3670 0.8594
vn -0.1677 -0.5386 0.8257
vn -0.0869 -0.5367 0.8393
vn -0.3225 -0.5384 0.7785
vn -0.5386 -0.2209 0.8131
vn -0.5136 -0.3672 0.7755
vn -0.4653 -0.5386 0.7025
vn -0.3896 -0.7086 0.5883
vn -0.2701 -0.7085 0.6520
vn -0.0729 -0.7068 0.7036
vn -0.1405 -0.7086 0.6915
vn -0.5447 0.1645 -0.8223
vn -0.6975 0.1646 -0.6975
vn -0.3775 0.1645 -0.9113
vn -0.5518 0.0386 -0.8331
vn -0.7066 0.0387 -0.7066
vn -0.3824 0.0386 -0.9232
vn -0.1016 0.1638 -0.9812
vn -0.1963 0.1645 -0.9666
vn -0.1029 0.0384 -0.9939
vn -0.1989 0.0386 -0.9793
vn -0.1982 -0.0910 -0.9759
vn -0.1026 -0.0906 -0.9906
vn -0.3811 -0.0910 -0.9200
vn -0.7042 -0.0911 -0.7042
vn -0.5499 -0.0910 -0.8302
vn -0.9666 0.1645 -0.1963
vn -0.9864 0.1646 -0.0000
vn -0.9113 0.1645 -0.3775
vn -0.9793 0.0386 -0.1989
vn -0.9993 0.0386 -0.0000
vn -0.9232 0.0386 -0.3824
vn -0.8223 0.1645 -0.5447
vn -0.8331 0.0386 -0.5518
vn -0.8302 -0.0910 -0.5499
vn -0.9200 -0.0910 -0.3811
vn -0.9958 -0.0911 -0.0000
vn -0.9759 -0.0910 -0.1982
vn -0.8223 0.1645 0.5447
vn -0.6975 0.1646 0.6975
vn -0.9113 0.1644 0.3775
vn -0.8331 0.0386 0.5518
vn -0.7066 0.0387 0.7066
vn -0.9232 0.0386 0.3824
vn -0.9666 0.1645 0.1963
vn -0.9793 0.0386 0.1989
vn -0.9759 -0.0910 0.1982
vn -0.9200 -0.0910 0.3811
vn -0.7042 -0.0911 0.7042
vn -0.8302 -0.0910 0.5499
vn -0.1963 0.1645 0.9666
vn -0.1016 0.1638 0.9812
vn -0.3775 0.1645 0.9113
vn -0.1989 0.0386 0.9793
vn -0.1029 0.0384 0.9939
vn -0.3824 0.0386 0.9232
vn -0.5447 0.1645 0.8223
vn -0.5518 0.0386 0.8331
vn -0.5499 -0.0910 0.8302
vn -0.3811 -0.0910 0.9200
vn -0.1026 -0.0906 0.9906
vn -0.1982 -0.0910 0.9759
vn -0.0000 1.0000 -0.0000
vn -0.0001 1.0000 -0.0000
vn -0.0000 1.0000 0.0001
vn 0.0001 1.0000 -0.0000
vn 0.0002 1.0000 -0.0000
vn -0.0000 1.0000 -0.0001
vn -0.0338 0.9989 0.0338
vn -0.0265 0.9989 0.0399
vn -0.0264 0.9989 0.0399
vn -0.0183 0.9989 0.0443
vn -0.0095 0.9989 0.0469
vn -0.0050 0.9988 0.0478
vn -0.0478 0.9989 -0.0000
vn -0.0469 0.9989 0.0095
vn -0.0443 0.9989 0.0183
vn -0.0399 0.9989 0.0265
vn -0.0399 0.9989 0.0264
vn -0.0479 0.9989 -0.0000
vn -0.0338 0.9989 -0.0338
vn -0.0399 0.9989 -0.0265
vn -0.0399 0.9989 -0.0264
vn -0.0443 0.9989 -0.0183
vn -0.0469 0.9989 -0.0095
vn -0.0050 0.9988 -0.0478
vn -0.0095 0.9989 -0.0469
vn -0.0183 0.9989 -0.0443
vn -0.0265 0.9989 -0.0399
vn -0.0264 0.9989 -0.0399
vn -0.6961 0.1756 0.6961
vn -0.6930 0.1985 0.6930
vn -0.5412 0.1982 0.8172
vn -0.5436 0.1754 0.8208
vn -0.6815 0.2665 0.6815
vn -0.5323 0.2662 0.8036
vn -0.3751 0.1981 0.9056
vn -0.3768 0.1753 0.9096
vn -0.3689 0.2660 0.8906
vn -0.6549 0.3771 0.6549
vn -0.6044 0.5190 0.6044
vn -0.4722 0.5184 0.7129
vn -0.5115 0.3767 0.7723
vn -0.3273 0.5181 0.7902
vn -0.3545 0.3764 0.8559
vn -0.0882 0.5169 0.8515
vn -0.0955 0.3754 0.9219
vn -0.1844 0.3767 0.9078
vn -0.1702 0.5184 0.8380
vn -0.0993 0.2652 0.9591
vn -0.1919 0.2662 0.9446
vn -0.1010 0.1975 0.9751
vn -0.1014 0.1747 0.9794
vn -0.1960 0.1754 0.9648
vn -0.1951 0.1983 0.9605
vn -0.9845 0.1756 -0.0000
vn -0.9801 0.1985 -0.0000
vn -0.9605 0.1982 0.1951
vn -0.9648 0.1754 0.1960
vn -0.9638 0.2665 -0.0000
vn -0.9446 0.2662 0.1919
vn -0.9056 0.1981 0.3751
vn -0.9096 0.1753 0.3768
vn -0.8906 0.2660 0.3689
vn -0.9262 0.3771 -0.0000
vn -0.8548 0.5189 -0.0000
vn -0.8380 0.5184 0.1702
vn -0.9078 0.3766 0.1844
vn -0.7902 0.5181 0.3273
vn -0.8559 0.3764 0.3545
vn -0.7723 0.3767 0.5115
vn -0.7129 0.5184 0.4722
vn -0.8036 0.2662 0.5323
vn -0.8208 0.1754 0.5436
vn -0.8172 0.1983 0.5412
vn -0.6961 0.1757 -0.6961
vn -0.6930 0.1985 -0.6930
vn -0.8172 0.1983 -0.5412
vn -0.8208 0.1755 -0.5436
vn -0.6815 0.2665 -0.6815
vn -0.8036 0.2662 -0.5323
vn -0.9056 0.1981 -0.3751
vn -0.9096 0.1753 -0.3768
vn -0.8906 0.2660 -0.3689
vn -0.6549 0.3771 -0.6549
vn -0.6044 0.5190 -0.6044
vn -0.7129 0.5184 -0.4722
vn -0.7723 0.3767 -0.5115
vn -0.7902 0.5181 -0.3273
vn -0.8559 0.3764 -0.3545
vn -0.9078 0.3766 -0.1844
vn -0.8380 0.5184 -0.1702
vn -0.9446 0.2662 -0.1919
vn -0.9648 0.1754 -0.1960
vn -0.9605 0.1983 -0.1951
vn -0.1014 0.1747 -0.9794
vn -0.1010 0.1974 -0.9751
vn -0.1951 0.1982 -0.9605
vn -0.1960 0.1754 -0.9648
vn -0.0993 0.2652 -0.9591
vn -0.1919 0.2662 -0.9446
vn -0.3751 0.1981 -0.9056
vn -0.3768 0.1753 -0.9096
vn -0.3689 0.2660 -0.8906
vn -0.0955 0.3753 -0.9220
vn -0.0882 0.5169 -0.8515
vn -0.1702 0.5184 -0.8380
vn -0.1844 0.3766 -0.9078
vn -0.3273 0.5181 -0.7902
vn -0.3545 0.3764 -0.8559
vn -0.5115 0.3767 -0.7723
vn -0.4722 0.5184 -0.7129
vn -0.5323 0.2662 -0.8036
vn -0.5436 0.1755 -0.8208
vn -0.5412 0.1983 -0.8172
vn -0.4611 0.7581 0.4611
vn -0.3604 0.7578 0.5439
vn -0.3672 0.7469 0.5544
vn -0.4699 0.7472 0.4699
vn -0.2498 0.7576 0.6030
vn -0.2546 0.7466 0.6146
vn -0.3887 0.7102 0.5869
vn -0.4975 0.7107 0.4975
vn -0.2695 0.7100 0.6506
vn -0.1298 0.7578 0.6395
vn -0.0674 0.7564 0.6506
vn -0.0687 0.7455 0.6630
vn -0.1324 0.7469 0.6517
vn -0.0727 0.7088 0.7017
vn -0.1401 0.7102 0.6899
vn -0.1531 0.6390 0.7538
vn -0.0794 0.6375 0.7664
vn -0.2944 0.6387 0.7109
vn -0.5436 0.6395 0.5436
vn -0.4247 0.6390 0.6413
vn -0.6521 0.7581 -0.0000
vn -0.6395 0.7578 0.1298
vn -0.6517 0.7469 0.1324
vn -0.6646 0.7472 -0.0000
vn -0.6030 0.7576 0.2498
vn -0.6146 0.7466 0.2546
vn -0.6899 0.7102 0.1401
vn -0.7035 0.7107 -0.0000
vn -0.6506 0.7100 0.2695
vn -0.5439 0.7578 0.3604
vn -0.5544 0.7469 0.3672
vn -0.5869 0.7102 0.3887
vn -0.6413 0.6390 0.4247
vn -0.7109 0.6387 0.2944
vn -0.7688 0.6395 -0.0000
vn -0.7538 0.6390 0.1531
vn -0.4611 0.7581 -0.4611
vn -0.5439 0.7578 -0.3604
vn -0.5544 0.7469 -0.3672
vn -0.4699 0.7472 -0.4699
vn -0.6030 0.7576 -0.2498
vn -0.6146 0.7466 -0.2546
vn -0.5869 0.7102 -0.3887
vn -0.4975 0.7106 -0.4975
vn -0.6506 0.7100 -0.2695
vn -0.6395 0.7578 -0.1298
vn -0.6517 0.7469 -0.1324
vn -0.6899 0.7102 -0.1401
vn -0.7538 0.6390 -0.1531
vn -0.7109 0.6387 -0.2944
vn -0.5436 0.6395 -0.5436
vn -0.6413 0.6390 -0.4247
vn -0.0674 0.7564 -0.6506
vn -0.1298 0.7578 -0.6395
vn -0.1324 0.7469 -0.6517
vn -0.0687 0.7455 -0.6630
vn -0.2498 0.7576 -0.6030
vn -0.2546 0.7466 -0.6146
vn -0.1401 0.7102 -0.6899
vn -0.0727 0.7088 -0.7017
vn -0.2695 0.7100 -0.6506
vn -0.3604 0.7578 -0.5439
vn -0.3672 0.7469 -0.5544
vn -0.3887 0.7102 -0.5869
vn -0.4247 0.6390 -0.6413
vn -0.2944 0.6387 -0.7109
vn -0.0794 0.6375 -0.7664
vn -0.1531 0.6390 -0.7538
vn -0.6992 -0.1491 0.6992
vn -0.5460 -0.1490 0.8244
vn -0.5521 0.0221 0.8335
vn -0.7069 0.0221 0.7069
vn -0.3784 -0.1489 0.9136
vn -0.3826 0.0221 0.9237
vn -0.5381 0.2247 0.8124
vn -0.6890 0.2249 0.6890
vn -0.3729 0.2246 0.9003
vn -0.1968 -0.1490 0.9690
vn -0.1019 -0.1484 0.9837
vn -0.1030 0.0220 0.9944
vn -0.1990 0.0221 0.9798
vn -0.1004 0.2237 0.9695
vn -0.1939 0.2247 0.9549
vn -0.0775 0.6582 0.7488
vn -0.1495 0.6601 0.7362
vn -0.1780 0.4480 0.8762
vn -0.0922 0.4462 0.8902
vn -0.2875 0.6599 0.6941
vn -0.3422 0.4478 0.8261
vn -0.4148 0.6601 0.6263
vn -0.5311 0.6602 0.5311
vn -0.6321 0.4481 0.6321
vn -0.4937 0.4479 0.7454
vn -0.9888 -0.1491 -0.0000
vn -0.9690 -0.1490 0.1968
vn -0.9798 0.0221 0.1990
vn -0.9998 0.0221 -0.0000
vn -0.9136 -0.1489 0.3784
vn -0.9237 0.0221 0.3826
vn -0.9549 0.2247 0.1939
vn -0.9744 0.2249 -0.0000
vn -0.9003 0.2246 0.3729
vn -0.8244 -0.1490 0.5460
vn -0.8335 0.0221 0.5521
vn -0.8124 0.2247 0.5381
vn -0.6263 0.6601 0.4148
vn -0.7454 0.4479 0.4937
vn -0.6941 0.6599 0.2875
vn -0.8261 0.4478 0.3422
vn -0.7362 0.6601 0.1495
vn -0.7511 0.6602 -0.0000
vn -0.8940 0.4481 -0.0000
vn -0.8762 0.4480 0.1780
vn -0.6992 -0.1491 -0.6992
vn -0.8244 -0.1490 -0.5460
vn -0.8335 0.0221 -0.5521
vn -0.7069 0.0221 -0.7069
vn -0.9136 -0.1489 -0.3784
vn -0.9237 0.0221 -0.3826
vn -0.8124 0.2247 -0.5381
vn -0.6890 0.2249 -0.6890
vn -0.9003 0.2246 -0.3729
vn -0.9690 -0.1490 -0.1968
vn -0.9798 0.0221 -0.1990
vn -0.9549 0.2247 -0.1939
vn -0.7362 0.6601 -0.1495
vn -0.8762 0.4480 -0.1780
vn -0.6941 0.6599 -0.2875
vn -0.8261 0.4478 -0.3422
vn -0.6263 0.6601 -0.4148
vn -0.5311 0.6602 -0.5311
vn -0.6321 0.4481 -0.6321
vn -0.7454 0.4479 -0.4937
vn -0.1019 -0.1484 -0.9837
vn -0.1968 -0.1490 -0.9690
vn -0.1990 0.0221 -0.9798
vn -0.1030 0.0220 -0.9944
vn -0.3784 -0.1489 -0.9136
vn -0.3826 0.0221 -0.9237
vn -0.1939 0.2247 -0.9549
vn -0.1004 0.2237 -0.9695
vn -0.3729 0.2246 -0.9003
vn -0.5460 -0.1490 -0.8244
vn -0.5521 0.0221 -0.8335
vn -0.5381 0.2247 -0.8124
vn -0.4148 0.6601 -0.6263
vn -0.4937 0.4479 -0.7454
vn -0.2875 0.6599 -0.6941
vn -0.3422 0.4478 -0.8261
vn -0.1495 0.6601 -0.7362
vn -0.0775 0.6582 -0.7488
vn -0.0922 0.4462 -0.8902
vn -0.1780 0.4480 -0.8762
vn -0.6177 -0.4868 0.6177
vn -0.4824 -0.4865 0.7285
vn -0.4891 -0.4642 0.7384
vn -0.6262 -0.4646 0.6262
vn -0.3344 -0.4863 0.8073
vn -0.3390 -0.4640 0.8184
vn -0.5064 -0.3986 0.7646
vn -0.6484 -0.3989 0.6484
vn -0.3510 -0.3984 0.8474
vn -0.1740 -0.4865 0.8562
vn -0.0901 -0.4849 0.8699
vn -0.0913 -0.4626 0.8818
vn -0.1763 -0.4642 0.8680
vn -0.0945 -0.3971 0.9129
vn -0.1826 -0.3986 0.8988
vn -0.1904 -0.2908 0.9376
vn -0.0986 -0.2896 0.9521
vn -0.3662 -0.2906 0.8840
vn -0.6765 -0.2910 0.6765
vn -0.5283 -0.2908 0.7977
vn -0.0443 0.9029 0.4275
vn -0.0854 0.9036 0.4197
vn -0.0887 0.8952 0.4367
vn -0.0461 0.8944 0.4449
vn -0.1640 0.9035 0.3959
vn -0.1706 0.8951 0.4119
vn -0.0994 0.8665 0.4892
vn -0.0516 0.8655 0.4983
vn -0.1911 0.8664 0.4614
vn -0.2364 0.9036 0.3572
vn -0.3026 0.9038 0.3026
vn -0.3149 0.8954 0.3149
vn -0.2461 0.8952 0.3716
vn -0.3528 0.8666 0.3528
vn -0.2756 0.8665 0.4162
vn -0.3304 0.8012 0.4989
vn -0.4230 0.8013 0.4230
vn -0.2291 0.8010 0.5531
vn -0.0618 0.7998 0.5971
vn -0.1192 0.8012 0.5865
vn -0.8735 -0.4869 -0.0000
vn -0.8562 -0.4865 0.1740
vn -0.8680 -0.4642 0.1763
vn -0.8855 -0.4646 -0.0000
vn -0.8073 -0.4863 0.3344
vn -0.8184 -0.4640 0.3390
vn -0.8988 -0.3986 0.1826
vn -0.9170 -0.3989 -0.0000
vn -0.8474 -0.3984 0.3510
vn -0.7285 -0.4865 0.4824
vn -0.7384 -0.4642 0.4891
vn -0.7646 -0.3986 0.5064
vn -0.7977 -0.2908 0.5283
vn -0.8840 -0.2906 0.3662
vn -0.9567 -0.2910 -0.0000
vn -0.9376 -0.2908 0.1904
vn -0.3572 0.9036 0.2364
vn -0.3716 0.8952 0.2461
vn -0.3959 0.9035 0.1640
vn -0.4119 0.8951 0.1706
vn -0.4162 0.8665 0.2756
vn -0.4614 0.8664 0.1911
vn -0.4197 0.9036 0.0854
vn -0.4280 0.9038 -0.0000
vn -0.4453 0.8954 -0.0000
vn -0.4367 0.8952 0.0887
vn -0.4989 0.8666 -0.0000
vn -0.4892 0.8665 0.0994
vn -0.5865 0.8012 0.1192
vn -0.5982 0.8013 -0.0000
vn -0.5531 0.8010 0.2291
vn -0.4989 0.8012 0.3304
vn -0.6177 -0.4868 -0.6177
vn -0.7285 -0.4865 -0.4824
vn -0.7384 -0.4642 -0.4891
vn -0.6262 -0.4646 -0.6262
vn -0.8073 -0.4863 -0.3344
vn -0.8184 -0.4640 -0.3390
vn -0.7646 -0.3986 -0.5064
vn -0.6484 -0.3989 -0.6484
vn -0.8474 -0.3984 -0.3510
vn -0.8562 -0.4865 -0.1740
vn -0.8680 -0.4642 -0.1763
vn -0.8988 -0.3986 -0.1826
vn -0.9376 -0.2908 -0.1904
vn -0.8840 -0.2906 -0.3662
vn -0.6765 -0.2910 -0.6765
vn -0.7977 -0.2908 -0.5283
vn -0.4197 0.9036 -0.0854
vn -0.4367 0.8952 -0.0887
vn -0.3959 0.9035 -0.1640
vn -0.4119 0.8951 -0.1706
vn -0.4892 0.8665 -0.0994
vn -0.4614 0.8664 -0.1911
vn -0.3572 0.9036 -0.2364
vn -0.3026 0.9038 -0.3026
vn -0.3149 0.8954 -0.3149
vn -0.3716 0.8952 -0.2461
vn -0.3528 0.8666 -0.3528
vn -0.4162 0.8665 -0.2756
vn -0.4989 0.8012 -0.3304
vn -0.4230 0.8013 -0.4230
vn -0.5531 0.8010 -0.2291
vn -0.5865 0.8012 -0.1192
vn -0.0901 -0.4849 -0.8699
vn -0.1740 -0.4865 -0.8562
vn -0.1763 -0.4642 -0.8680
vn -0.0913 -0.4626 -0.8818
vn -0.3344 -0.4863 -0.8073
vn -0.3390 -0.4640 -0.8184
vn -0.1826 -0.3986 -0.8988
vn -0.0945 -0.3971 -0.9129
vn -0.3510 -0.3984 -0.8474
vn -0.4824 -0.4865 -0.7285
vn -0.4891 -0.4642 -0.7384
vn -0.5064 -0.3986 -0.7646
vn -0.5283 -0.2908 -0.7977
vn -0.3662 -0.2906 -0.8840
vn -0.0986 -0.2896 -0.9521
vn -0.1904 -0.2908 -0.9376
vn -0.2364 0.9036 -0.3572
vn -0.2461 0.8952 -0.3716
vn -0.1640 0.9035 -0.3959
vn -0.1706 0.8951 -0.4119
vn -0.2756 0.8665 -0.4162
vn -0.1911 0.8664 -0.4614
vn -0.0854 0.9036 -0.4197
vn -0.0443 0.9029 -0.4275
vn -0.0461 0.8944 -0.4449
vn -0.0887 0.8952 -0.4367
vn -0.0516 0.8655 -0.4983
vn -0.0994 0.8665 -0.4892
vn -0.1192 0.8012 -0.5865
vn -0.0618 0.7998 -0.5971
vn -0.2291 0.8010 -0.5531
vn -0.3304 0.8012 -0.4989
vn -0.0000 -1.0000 -0.0000
vn -0.0000 -0.0000 1.0000
vn -0.0000 -0.0000 -1.0000
vn -0.0000 -0.8924 0.4512
vn -0.0000 -0.8924 0.4513
vn -0.0000 -0.8924 -0.4512
vn -0.4512 -0.8924 -0.0000
vn -0.4511 -0.8924 -0.0000
vt 0.200300 0.014800
vt 0.200300 0.072400
vt 0.189300 0.072400
vt 0.189300 0.014800
vt 0.200300 0.129900
vt 0.189300 0.129900
vt 0.178400 0.072400
vt 0.178400 0.014800
vt 0.178400 0.129900
vt 0.200300 0.187300
vt 0.200300 0.244600
vt 0.189300 0.244600
vt 0.189300 0.187300
vt 0.178400 0.244600
vt 0.178400 0.187300
vt 0.156400 0.244600
vt 0.156400 0.187300
vt 0.167400 0.187300
vt 0.167400 0.244600
vt 0.156400 0.129900
vt 0.167400 0.129900
vt 0.156400 0.072400
vt 0.156400 0.014800
vt 0.167400 0.014800
vt 0.167400 0.072400
vt 0.244300 0.014800
vt 0.244300 0.072400
vt 0.233300 0.072400
vt 0.233300 0.014800
vt 0.244300 0.129900
vt 0.233300 0.129900
vt 0.222300 0.072400
vt 0.222300 0.014800
vt 0.222300 0.129900
vt 0.244300 0.187300
vt 0.244300 0.244600
vt 0.233300 0.244600
vt 0.233300 0.187300
vt 0.222300 0.244600
vt 0.222300 0.187300
vt 0.211300 0.187300
vt 0.211300 0.244600
vt 0.211300 0.129900
vt 0.211300 0.014800
vt 0.211300 0.072400
vt 0.288300 0.014800
vt 0.288300 0.072400
vt 0.277300 0.072400
vt 0.277300 0.014800
vt 0.288300 0.129900
vt 0.277300 0.129900
vt 0.266300 0.072400
vt 0.266300 0.014800
vt 0.266300 0.129900
vt 0.288300 0.187300
vt 0.288300 0.244600
vt 0.277300 0.244600
vt 0.277300 0.187300
vt 0.266300 0.244600
vt 0.266300 0.187300
vt 0.255300 0.187300
vt 0.255300 0.244600
vt 0.255300 0.129900
vt 0.255300 0.014800
vt 0.255300 0.072400
vt 0.332200 0.014800
vt 0.332200 0.072400
vt 0.321200 0.072400
vt 0.321200 0.014800
vt 0.332200 0.129900
vt 0.321200 0.129900
vt 0.310300 0.072400
vt 0.310300 0.014800
vt 0.310300 0.129900
vt 0.332200 0.187300
vt 0.332200 0.244600
vt 0.321200 0.244600
vt 0.321200 0.187300
vt 0.310300 0.244600
vt 0.310300 0.187300
vt 0.299300 0.187300
vt 0.299300 0.244600
vt 0.299300 0.129900
vt 0.299300 0.014800
vt 0.299300 0.072400
vt 0.603800 0.782000
vt 0.581700 0.782300
vt 0.581700 0.779100
vt 0.603800 0.778800
vt 0.559600 0.782400
vt 0.559600 0.779200
vt 0.581700 0.775800
vt 0.603800 0.775600
vt 0.559600 0.775900
vt 0.537500 0.782400
vt 0.515400 0.782200
vt 0.515400 0.778900
vt 0.537500 0.779100
vt 0.515500 0.775700
vt 0.537500 0.775900
vt 0.515500 0.769600
vt 0.537600 0.769500
vt 0.537600 0.772700
vt 0.515500 0.772500
vt 0.559700 0.769500
vt 0.559600 0.772700
vt 0.581700 0.769500
vt 0.603800 0.769400
vt 0.603800 0.772400
vt 0.581700 0.772600
vt 0.692200 0.779500
vt 0.670200 0.780400
vt 0.670100 0.777100
vt 0.692200 0.776300
vt 0.648100 0.781100
vt 0.648000 0.777800
vt 0.670000 0.773900
vt 0.692100 0.773100
vt 0.647900 0.774600
vt 0.625900 0.781600
vt 0.625900 0.778400
vt 0.625900 0.775200
vt 0.625800 0.768800
vt 0.625800 0.772000
vt 0.647800 0.768200
vt 0.647900 0.771400
vt 0.669900 0.767500
vt 0.691900 0.766900
vt 0.692000 0.769900
vt 0.670000 0.770700
vt 0.780300 0.774600
vt 0.758400 0.776000
vt 0.758200 0.772800
vt 0.780100 0.771300
vt 0.736400 0.777400
vt 0.736200 0.774100
vt 0.758000 0.769600
vt 0.780000 0.768100
vt 0.736100 0.770900
vt 0.714300 0.778500
vt 0.714200 0.775300
vt 0.714100 0.772100
vt 0.713900 0.765700
vt 0.714000 0.768900
vt 0.735800 0.764500
vt 0.736000 0.767700
vt 0.757800 0.763200
vt 0.779700 0.762000
vt 0.779800 0.765000
vt 0.757900 0.766400
vt 0.867800 0.766900
vt 0.846000 0.769100
vt 0.845600 0.765900
vt 0.867300 0.763700
vt 0.824100 0.771100
vt 0.823800 0.767900
vt 0.845300 0.762700
vt 0.866800 0.760500
vt 0.823600 0.764700
vt 0.802300 0.772900
vt 0.802000 0.769700
vt 0.801800 0.766500
vt 0.801400 0.760200
vt 0.801600 0.763300
vt 0.823100 0.758300
vt 0.823300 0.761500
vt 0.844700 0.756500
vt 0.866400 0.754600
vt 0.866500 0.757400
vt 0.845000 0.759600
vt 0.603900 0.796800
vt 0.581600 0.797100
vt 0.581600 0.793400
vt 0.603900 0.793100
vt 0.559400 0.797200
vt 0.559400 0.793500
vt 0.581700 0.789700
vt 0.603900 0.789400
vt 0.559500 0.789800
vt 0.537100 0.797200
vt 0.514900 0.797000
vt 0.515000 0.793300
vt 0.537200 0.793500
vt 0.515100 0.789600
vt 0.537300 0.789800
vt 0.537400 0.786100
vt 0.515200 0.785900
vt 0.559500 0.786100
vt 0.603800 0.785700
vt 0.581700 0.786000
vt 0.692900 0.794300
vt 0.670700 0.795200
vt 0.670500 0.791500
vt 0.692700 0.790600
vt 0.648400 0.795900
vt 0.648300 0.792200
vt 0.670400 0.787800
vt 0.692600 0.786900
vt 0.648200 0.788500
vt 0.626100 0.796400
vt 0.626100 0.792700
vt 0.626000 0.789000
vt 0.626000 0.785300
vt 0.648100 0.784800
vt 0.692400 0.783200
vt 0.670300 0.784100
vt 0.781900 0.789500
vt 0.759600 0.790900
vt 0.759300 0.787200
vt 0.781500 0.785700
vt 0.737400 0.792200
vt 0.737100 0.788500
vt 0.759000 0.783500
vt 0.781100 0.782000
vt 0.736900 0.784800
vt 0.715100 0.793300
vt 0.714900 0.789600
vt 0.714700 0.785900
vt 0.714500 0.782200
vt 0.736600 0.781100
vt 0.780700 0.778300
vt 0.758700 0.779800
vt 0.870600 0.782100
vt 0.848500 0.784200
vt 0.847800 0.780400
vt 0.869900 0.778300
vt 0.826300 0.786100
vt 0.825800 0.782400
vt 0.847200 0.776600
vt 0.869200 0.774500
vt 0.825200 0.778600
vt 0.804100 0.787900
vt 0.803600 0.784100
vt 0.803200 0.780400
vt 0.802700 0.776600
vt 0.824700 0.774800
vt 0.868500 0.770700
vt 0.846600 0.772800
vt 0.537000 0.801200
vt 0.514700 0.801100
vt 0.559300 0.801300
vt 0.536900 0.805400
vt 0.514600 0.805200
vt 0.559300 0.805400
vt 0.603900 0.800900
vt 0.581600 0.801200
vt 0.603900 0.805000
vt 0.581600 0.805200
vt 0.604000 0.813400
vt 0.581600 0.813600
vt 0.581600 0.809400
vt 0.603900 0.809100
vt 0.559200 0.813800
vt 0.559200 0.809500
vt 0.536800 0.813800
vt 0.514300 0.813600
vt 0.514500 0.809400
vt 0.536800 0.809500
vt 0.626200 0.800500
vt 0.648500 0.799900
vt 0.626300 0.804600
vt 0.648600 0.804000
vt 0.693100 0.798400
vt 0.670800 0.799200
vt 0.693200 0.802500
vt 0.670900 0.803300
vt 0.693600 0.810900
vt 0.671200 0.811700
vt 0.671000 0.807500
vt 0.693400 0.806700
vt 0.648800 0.812400
vt 0.648700 0.808200
vt 0.626400 0.813000
vt 0.626300 0.808700
vt 0.715400 0.797400
vt 0.737700 0.796300
vt 0.715600 0.801600
vt 0.737900 0.800500
vt 0.782300 0.793600
vt 0.760000 0.795000
vt 0.782600 0.797800
vt 0.760300 0.799200
vt 0.783400 0.806400
vt 0.760900 0.807700
vt 0.760600 0.803400
vt 0.783000 0.802000
vt 0.738400 0.808900
vt 0.738200 0.804600
vt 0.716000 0.810000
vt 0.715800 0.805700
vt 0.804600 0.792100
vt 0.826900 0.790300
vt 0.805000 0.796300
vt 0.827400 0.794600
vt 0.871500 0.786400
vt 0.849200 0.788400
vt 0.872300 0.790700
vt 0.849900 0.792700
vt 0.873800 0.799600
vt 0.851100 0.801500
vt 0.850500 0.797100
vt 0.873100 0.795100
vt 0.828400 0.803300
vt 0.828000 0.798900
vt 0.805900 0.804900
vt 0.805500 0.800500
vt 0.536700 0.818100
vt 0.514200 0.818000
vt 0.559100 0.818100
vt 0.536600 0.822600
vt 0.514100 0.822400
vt 0.559100 0.822600
vt 0.604000 0.817700
vt 0.581600 0.818000
vt 0.604000 0.822200
vt 0.581500 0.822400
vt 0.604100 0.831300
vt 0.581500 0.831500
vt 0.581500 0.826900
vt 0.604000 0.826700
vt 0.559000 0.831700
vt 0.559100 0.827100
vt 0.536500 0.831700
vt 0.514000 0.831600
vt 0.514000 0.827000
vt 0.536600 0.827100
vt 0.626400 0.817300
vt 0.648800 0.816800
vt 0.626500 0.821700
vt 0.648900 0.821200
vt 0.693700 0.815300
vt 0.671300 0.816100
vt 0.693900 0.819800
vt 0.671400 0.820600
vt 0.694100 0.828900
vt 0.671600 0.829700
vt 0.671500 0.825100
vt 0.694000 0.824300
vt 0.649100 0.830300
vt 0.649000 0.825700
vt 0.626600 0.830800
vt 0.626500 0.826300
vt 0.716200 0.814400
vt 0.738700 0.813300
vt 0.716400 0.818800
vt 0.738900 0.817800
vt 0.783700 0.810800
vt 0.761200 0.812100
vt 0.784000 0.815300
vt 0.761400 0.816600
vt 0.784400 0.824500
vt 0.761800 0.825800
vt 0.761600 0.821200
vt 0.784200 0.819900
vt 0.739200 0.826900
vt 0.739100 0.822300
vt 0.716700 0.828000
vt 0.716500 0.823400
vt 0.806200 0.809400
vt 0.828900 0.807800
vt 0.806600 0.813900
vt 0.829200 0.812400
vt 0.874400 0.804200
vt 0.851600 0.806100
vt 0.874800 0.809000
vt 0.852000 0.810700
vt 0.875300 0.818600
vt 0.852500 0.820200
vt 0.852300 0.815500
vt 0.875100 0.813800
vt 0.829700 0.821700
vt 0.829500 0.817000
vt 0.807100 0.823200
vt 0.806800 0.818500
vt 0.536500 0.836300
vt 0.513900 0.836200
vt 0.559000 0.836300
vt 0.536400 0.841000
vt 0.513900 0.840900
vt 0.559000 0.840900
vt 0.604100 0.835900
vt 0.581500 0.836100
vt 0.604100 0.840500
vt 0.581500 0.840800
vt 0.604100 0.850200
vt 0.581600 0.850300
vt 0.581600 0.845500
vt 0.604100 0.845300
vt 0.559000 0.850300
vt 0.559000 0.845600
vt 0.536400 0.850400
vt 0.513800 0.850500
vt 0.513800 0.845600
vt 0.536400 0.845700
vt 0.626600 0.835500
vt 0.649100 0.834900
vt 0.626600 0.840100
vt 0.649200 0.839600
vt 0.694200 0.833500
vt 0.671700 0.834300
vt 0.694300 0.838200
vt 0.671800 0.838900
vt 0.694500 0.847800
vt 0.671900 0.848400
vt 0.671800 0.843700
vt 0.694400 0.842900
vt 0.649300 0.849000
vt 0.649200 0.844300
vt 0.626700 0.849600
vt 0.626700 0.844800
vt 0.716800 0.832600
vt 0.739400 0.831600
vt 0.716900 0.837300
vt 0.739500 0.836200
vt 0.784600 0.829200
vt 0.762000 0.830400
vt 0.784700 0.833800
vt 0.762100 0.835100
vt 0.785000 0.843400
vt 0.762300 0.844500
vt 0.762200 0.839800
vt 0.784900 0.838600
vt 0.739700 0.845600
vt 0.739600 0.840900
vt 0.717100 0.846700
vt 0.717000 0.842000
vt 0.807200 0.827800
vt 0.829900 0.826400
vt 0.807400 0.832500
vt 0.830100 0.831000
vt 0.875400 0.823400
vt 0.852700 0.824900
vt 0.875500 0.828100
vt 0.852800 0.829600
vt 0.875600 0.837300
vt 0.853000 0.838800
vt 0.852900 0.834200
vt 0.875500 0.832800
vt 0.830300 0.840400
vt 0.830200 0.835700
vt 0.807600 0.841900
vt 0.807500 0.837200
vt 0.197200 0.734800
vt 0.186300 0.734800
vt 0.186300 0.729400
vt 0.197200 0.729500
vt 0.175400 0.734700
vt 0.175400 0.729400
vt 0.186300 0.724100
vt 0.197200 0.724200
vt 0.175400 0.724100
vt 0.164400 0.734700
vt 0.153500 0.734700
vt 0.153500 0.729300
vt 0.164400 0.729400
vt 0.153500 0.724000
vt 0.164400 0.724100
vt 0.153500 0.713400
vt 0.164400 0.713400
vt 0.164400 0.718700
vt 0.153500 0.718700
vt 0.175400 0.713400
vt 0.175400 0.718800
vt 0.186300 0.713500
vt 0.197300 0.713500
vt 0.197200 0.718800
vt 0.186300 0.718800
vt 0.240900 0.735000
vt 0.230000 0.735000
vt 0.230000 0.729600
vt 0.241000 0.729700
vt 0.219100 0.734900
vt 0.219100 0.729600
vt 0.230000 0.724300
vt 0.241000 0.724400
vt 0.219100 0.724300
vt 0.208100 0.734900
vt 0.208200 0.729500
vt 0.208200 0.724200
vt 0.208200 0.713600
vt 0.208200 0.718900
vt 0.219100 0.713600
vt 0.219100 0.718900
vt 0.230100 0.713700
vt 0.241000 0.713700
vt 0.241000 0.719000
vt 0.230000 0.719000
vt 0.284700 0.735200
vt 0.273700 0.735200
vt 0.273800 0.729800
vt 0.284700 0.729900
vt 0.262800 0.735100
vt 0.262800 0.729800
vt 0.273800 0.724500
vt 0.284700 0.724500
vt 0.262800 0.724500
vt 0.251900 0.735100
vt 0.251900 0.729700
vt 0.251900 0.724400
vt 0.251900 0.713800
vt 0.251900 0.719100
vt 0.262900 0.713800
vt 0.262800 0.719100
vt 0.273800 0.713900
vt 0.284700 0.713900
vt 0.284700 0.719200
vt 0.273800 0.719200
vt 0.328400 0.735300
vt 0.317500 0.735300
vt 0.317500 0.730000
vt 0.328400 0.730000
vt 0.306500 0.735300
vt 0.306600 0.730000
vt 0.317500 0.724600
vt 0.328400 0.724700
vt 0.306600 0.724600
vt 0.295600 0.735300
vt 0.295600 0.729900
vt 0.295600 0.724600
vt 0.295700 0.713900
vt 0.295700 0.719300
vt 0.306600 0.714000
vt 0.306600 0.719300
vt 0.317500 0.714000
vt 0.328500 0.714000
vt 0.328500 0.719300
vt 0.317500 0.719300
vt 0.418700 0.915400
vt 0.395500 0.915400
vt 0.395600 0.913500
vt 0.418700 0.913600
vt 0.372400 0.914900
vt 0.372500 0.913100
vt 0.395600 0.911700
vt 0.418700 0.911800
vt 0.372600 0.911200
vt 0.349400 0.914100
vt 0.326300 0.913000
vt 0.326500 0.911100
vt 0.349500 0.912300
vt 0.326700 0.909300
vt 0.349600 0.910500
vt 0.326900 0.906500
vt 0.349800 0.907100
vt 0.349700 0.908800
vt 0.326800 0.907700
vt 0.372800 0.907700
vt 0.372700 0.909500
vt 0.395700 0.908300
vt 0.418600 0.908900
vt 0.418600 0.910100
vt 0.395700 0.910000
vt 0.511000 0.911800
vt 0.488000 0.913300
vt 0.487800 0.911400
vt 0.510800 0.909900
vt 0.464900 0.914400
vt 0.464800 0.912500
vt 0.487700 0.909600
vt 0.510600 0.908200
vt 0.464700 0.910700
vt 0.441800 0.915100
vt 0.441700 0.913200
vt 0.441700 0.911400
vt 0.441600 0.908000
vt 0.441600 0.909700
vt 0.464500 0.907100
vt 0.464600 0.908900
vt 0.487400 0.906200
vt 0.510400 0.905300
vt 0.510400 0.906500
vt 0.487600 0.907900
vt 0.602200 0.901900
vt 0.579600 0.905000
vt 0.579200 0.903200
vt 0.601800 0.900100
vt 0.556800 0.907600
vt 0.556500 0.905800
vt 0.578900 0.901400
vt 0.601400 0.898400
vt 0.556200 0.904000
vt 0.533900 0.909900
vt 0.533700 0.908100
vt 0.533500 0.906300
vt 0.533000 0.902900
vt 0.533200 0.904600
vt 0.555700 0.900500
vt 0.555900 0.902200
vt 0.578300 0.898100
vt 0.600900 0.895700
vt 0.601100 0.896800
vt 0.578600 0.899700
vt 0.691000 0.885100
vt 0.669100 0.890000
vt 0.668500 0.888300
vt 0.690300 0.883400
vt 0.647000 0.894400
vt 0.646400 0.892700
vt 0.667900 0.886700
vt 0.689600 0.881900
vt 0.645900 0.891000
vt 0.624700 0.898400
vt 0.624200 0.896600
vt 0.623700 0.894900
vt 0.622900 0.891700
vt 0.623300 0.893300
vt 0.644900 0.887700
vt 0.645400 0.889400
vt 0.666900 0.883800
vt 0.688900 0.879800
vt 0.689000 0.880500
vt 0.667400 0.885200
vt 0.418700 0.925500
vt 0.395200 0.925400
vt 0.395300 0.922900
vt 0.418700 0.922900
vt 0.371700 0.925000
vt 0.371900 0.922500
vt 0.395400 0.920400
vt 0.418700 0.920400
vt 0.372000 0.920000
vt 0.348200 0.924200
vt 0.324700 0.923000
vt 0.325100 0.920500
vt 0.348500 0.921700
vt 0.325500 0.918000
vt 0.348800 0.919200
vt 0.349100 0.916600
vt 0.325900 0.915500
vt 0.372200 0.917500
vt 0.418700 0.917900
vt 0.395400 0.917900
vt 0.512700 0.921800
vt 0.489200 0.923300
vt 0.488900 0.920800
vt 0.512300 0.919300
vt 0.465700 0.924400
vt 0.465500 0.921900
vt 0.488600 0.918300
vt 0.511800 0.916800
vt 0.465300 0.919400
vt 0.442200 0.925100
vt 0.442100 0.922600
vt 0.442000 0.920100
vt 0.441900 0.917600
vt 0.465100 0.916900
vt 0.511400 0.914300
vt 0.488300 0.915800
vt 0.606100 0.911800
vt 0.582800 0.914900
vt 0.582000 0.912400
vt 0.605100 0.909300
vt 0.559500 0.917600
vt 0.558800 0.915100
vt 0.581200 0.909900
vt 0.604100 0.906800
vt 0.558200 0.912600
vt 0.536100 0.919900
vt 0.535600 0.917400
vt 0.535000 0.914900
vt 0.534500 0.912400
vt 0.557500 0.910100
vt 0.603200 0.904400
vt 0.580400 0.907500
vt 0.697500 0.894600
vt 0.675000 0.899700
vt 0.673500 0.897300
vt 0.695900 0.892200
vt 0.652200 0.904200
vt 0.650900 0.901800
vt 0.672100 0.894900
vt 0.694300 0.889900
vt 0.649600 0.899300
vt 0.629200 0.908300
vt 0.628100 0.905800
vt 0.626900 0.903300
vt 0.625800 0.900900
vt 0.648300 0.896900
vt 0.692600 0.887500
vt 0.670600 0.892400
vt 0.418700 0.930700
vt 0.395000 0.930600
vt 0.418700 0.935800
vt 0.394900 0.935700
vt 0.371400 0.930200
vt 0.371100 0.935300
vt 0.418700 0.940700
vt 0.418800 0.945300
vt 0.394700 0.945300
vt 0.394800 0.940600
vt 0.370600 0.944800
vt 0.370800 0.940200
vt 0.322300 0.942800
vt 0.322900 0.938100
vt 0.346900 0.939400
vt 0.346500 0.944000
vt 0.323500 0.933200
vt 0.347300 0.934400
vt 0.324100 0.928100
vt 0.347700 0.929400
vt 0.513300 0.927000
vt 0.489700 0.928500
vt 0.514000 0.932100
vt 0.490200 0.933600
vt 0.466000 0.929600
vt 0.466400 0.934700
vt 0.514600 0.937000
vt 0.515200 0.941600
vt 0.491100 0.943100
vt 0.490600 0.938500
vt 0.467000 0.944300
vt 0.466700 0.939600
vt 0.442700 0.940300
vt 0.442900 0.945000
vt 0.442500 0.935400
vt 0.442400 0.930300
vt 0.607500 0.917000
vt 0.584000 0.920100
vt 0.608900 0.922100
vt 0.585200 0.925200
vt 0.560500 0.922800
vt 0.561500 0.927900
vt 0.610300 0.927000
vt 0.611600 0.931700
vt 0.587500 0.934700
vt 0.586400 0.930100
vt 0.563400 0.937400
vt 0.562400 0.932800
vt 0.538500 0.935100
vt 0.539300 0.939700
vt 0.537700 0.930200
vt 0.536900 0.925100
vt 0.700400 0.900000
vt 0.677400 0.905000
vt 0.703200 0.905300
vt 0.679700 0.910200
vt 0.654200 0.909500
vt 0.656200 0.914600
vt 0.705800 0.910400
vt 0.708400 0.915200
vt 0.684100 0.919900
vt 0.682000 0.915200
vt 0.659900 0.924300
vt 0.658100 0.919600
vt 0.634200 0.923500
vt 0.635700 0.928200
vt 0.632500 0.918600
vt 0.630900 0.913500
vt 0.319000 0.972500
vt 0.344000 0.973700
vt 0.343800 0.977200
vt 0.318700 0.975900
vt 0.368900 0.974600
vt 0.368800 0.978100
vt 0.343600 0.980700
vt 0.318500 0.979500
vt 0.368700 0.981600
vt 0.393900 0.975000
vt 0.418900 0.975100
vt 0.418900 0.978600
vt 0.393800 0.978500
vt 0.418900 0.982200
vt 0.393800 0.982100
vt 0.418900 0.990100
vt 0.393700 0.989400
vt 0.393800 0.985700
vt 0.418900 0.985900
vt 0.368500 0.988800
vt 0.368600 0.985200
vt 0.343400 0.988100
vt 0.318200 0.987400
vt 0.318300 0.983200
vt 0.343500 0.984400
vt 0.443800 0.974700
vt 0.443900 0.978200
vt 0.468800 0.974000
vt 0.468900 0.977500
vt 0.443900 0.981800
vt 0.469000 0.981000
vt 0.493700 0.972900
vt 0.518700 0.971300
vt 0.519000 0.974800
vt 0.493900 0.976400
vt 0.519200 0.978400
vt 0.494100 0.979900
vt 0.519600 0.986300
vt 0.494400 0.987200
vt 0.494300 0.983600
vt 0.519400 0.982100
vt 0.469200 0.988200
vt 0.469100 0.984600
vt 0.444100 0.989200
vt 0.444000 0.985400
vt 0.543800 0.969400
vt 0.544100 0.972900
vt 0.568800 0.967100
vt 0.569200 0.970600
vt 0.544400 0.976400
vt 0.569600 0.974100
vt 0.593900 0.964500
vt 0.619100 0.961400
vt 0.619600 0.964900
vt 0.594400 0.967900
vt 0.620100 0.968400
vt 0.594800 0.971400
vt 0.620700 0.976100
vt 0.595400 0.978700
vt 0.595100 0.975000
vt 0.620400 0.972100
vt 0.570100 0.981200
vt 0.569900 0.977700
vt 0.544900 0.983800
vt 0.544600 0.980100
vt 0.644400 0.958000
vt 0.645000 0.961500
vt 0.669700 0.954300
vt 0.670400 0.957800
vt 0.645400 0.965000
vt 0.670900 0.961300
vt 0.695200 0.950300
vt 0.720800 0.946100
vt 0.721500 0.949600
vt 0.695900 0.953800
vt 0.722000 0.953100
vt 0.696400 0.957300
vt 0.722800 0.960400
vt 0.697300 0.964300
vt 0.696800 0.960800
vt 0.722400 0.956600
vt 0.671700 0.968300
vt 0.671300 0.964800
vt 0.646200 0.972200
vt 0.645900 0.968600
vt 0.418800 0.961000
vt 0.394200 0.960900
vt 0.394300 0.957300
vt 0.418800 0.957400
vt 0.369600 0.960500
vt 0.369800 0.956900
vt 0.394400 0.953500
vt 0.418800 0.953600
vt 0.370100 0.953100
vt 0.345000 0.959600
vt 0.320400 0.958400
vt 0.320800 0.954800
vt 0.345300 0.956000
vt 0.321300 0.951000
vt 0.345700 0.952200
vt 0.346100 0.948300
vt 0.321800 0.947000
vt 0.370300 0.949100
vt 0.418800 0.949600
vt 0.394500 0.949500
vt 0.517200 0.957300
vt 0.492600 0.958800
vt 0.492300 0.955200
vt 0.516800 0.953600
vt 0.468000 0.959900
vt 0.467800 0.956300
vt 0.491900 0.951400
vt 0.516300 0.949900
vt 0.467500 0.952500
vt 0.443400 0.960600
vt 0.443300 0.957000
vt 0.443200 0.953200
vt 0.443000 0.949300
vt 0.467200 0.948500
vt 0.515700 0.945900
vt 0.491500 0.947400
vt 0.616100 0.947300
vt 0.591300 0.950400
vt 0.590500 0.946800
vt 0.615100 0.943700
vt 0.566600 0.953100
vt 0.565900 0.949400
vt 0.589500 0.943000
vt 0.614000 0.939900
vt 0.565100 0.945700
vt 0.541900 0.955400
vt 0.541300 0.951700
vt 0.540700 0.948000
vt 0.540000 0.944000
vt 0.564200 0.941700
vt 0.612800 0.935900
vt 0.588500 0.939000
vt 0.716400 0.931500
vt 0.691100 0.936000
vt 0.689600 0.932300
vt 0.714700 0.927700
vt 0.666000 0.940100
vt 0.664700 0.936400
vt 0.687900 0.928400
vt 0.712800 0.923800
vt 0.663200 0.932600
vt 0.641000 0.943900
vt 0.639800 0.940300
vt 0.638600 0.936500
vt 0.637200 0.932500
vt 0.661600 0.928600
vt 0.710700 0.919600
vt 0.686100 0.924300
vt 0.394000 0.971500
vt 0.418800 0.971600
vt 0.369100 0.971100
vt 0.394000 0.968000
vt 0.418800 0.968100
vt 0.369200 0.967600
vt 0.319200 0.969000
vt 0.344200 0.970200
vt 0.319600 0.965500
vt 0.344400 0.966700
vt 0.344700 0.963200
vt 0.320000 0.962000
vt 0.369400 0.964100
vt 0.418800 0.964600
vt 0.394100 0.964500
vt 0.493500 0.969400
vt 0.518400 0.967900
vt 0.468600 0.970500
vt 0.493200 0.965900
vt 0.518100 0.964400
vt 0.468400 0.967000
vt 0.443700 0.971300
vt 0.443600 0.967800
vt 0.443500 0.964200
vt 0.468200 0.963500
vt 0.517700 0.960800
vt 0.492900 0.962400
vt 0.593400 0.961000
vt 0.618500 0.958000
vt 0.568400 0.963700
vt 0.592800 0.957500
vt 0.617800 0.954500
vt 0.567800 0.960200
vt 0.543400 0.966000
vt 0.542900 0.962500
vt 0.542400 0.958900
vt 0.567200 0.956600
vt 0.617000 0.950900
vt 0.592100 0.954000
vt 0.694400 0.946800
vt 0.720000 0.942500
vt 0.669000 0.950800
vt 0.693500 0.943300
vt 0.719000 0.938900
vt 0.668100 0.947300
vt 0.643700 0.954600
vt 0.642900 0.951100
vt 0.642000 0.947500
vt 0.667100 0.943800
vt 0.717800 0.935300
vt 0.692400 0.939700
vt 0.200300 0.702400
vt 0.189300 0.702400
vt 0.189300 0.644800
vt 0.200300 0.644800
vt 0.178400 0.702400
vt 0.178400 0.644800
vt 0.189300 0.587200
vt 0.200300 0.587200
vt 0.178400 0.587200
vt 0.167400 0.702400
vt 0.156400 0.702400
vt 0.156400 0.644800
vt 0.167400 0.644800
vt 0.156400 0.587200
vt 0.167400 0.587200
vt 0.156400 0.472600
vt 0.167400 0.472600
vt 0.167400 0.529800
vt 0.156400 0.529800
vt 0.178400 0.472600
vt 0.178400 0.529800
vt 0.189300 0.472600
vt 0.200300 0.472600
vt 0.200300 0.529800
vt 0.189300 0.529800
vt 0.244300 0.702400
vt 0.233300 0.702400
vt 0.233300 0.644800
vt 0.244300 0.644800
vt 0.222300 0.702400
vt 0.222300 0.644800
vt 0.233300 0.587200
vt 0.244300 0.587200
vt 0.222300 0.587200
vt 0.211300 0.702400
vt 0.211300 0.644800
vt 0.211300 0.587200
vt 0.211300 0.472600
vt 0.211300 0.529800
vt 0.222300 0.472600
vt 0.222300 0.529800
vt 0.233300 0.472600
vt 0.244300 0.472600
vt 0.244300 0.529800
vt 0.233300 0.529800
vt 0.288300 0.702400
vt 0.277300 0.702400
vt 0.277300 0.644800
vt 0.288300 0.644800
vt 0.266300 0.702400
vt 0.266300 0.644800
vt 0.277300 0.587200
vt 0.288300 0.587200
vt 0.266300 0.587200
vt 0.255300 0.702400
vt 0.255300 0.644800
vt 0.255300 0.587200
vt 0.255300 0.472600
vt 0.255300 0.529800
vt 0.266300 0.472600
vt 0.266300 0.529800
vt 0.277300 0.472600
vt 0.288300 0.472600
vt 0.288300 0.529800
vt 0.277300 0.529800
vt 0.332200 0.702400
vt 0.321200 0.702400
vt 0.321200 0.644800
vt 0.332200 0.644800
vt 0.310300 0.702400
vt 0.310300 0.644800
vt 0.321200 0.587200
vt 0.332200 0.587200
vt 0.310300 0.587200
vt 0.299300 0.702400
vt 0.299300 0.644800
vt 0.299300 0.587200
vt 0.299300 0.472600
vt 0.299300 0.529800
vt 0.310300 0.472600
vt 0.310300 0.529800
vt 0.321200 0.472600
vt 0.332200 0.472600
vt 0.332200 0.529800
vt 0.321200 0.529800
vt 0.160800 0.864400
vt 0.151000 0.860300
vt 0.151000 0.859200
vt 0.160800 0.860700
vt 0.141200 0.856300
vt 0.141400 0.855700
vt 0.151300 0.857800
vt 0.160800 0.859000
vt 0.142100 0.854800
vt 0.131400 0.852200
vt 0.121500 0.848200
vt 0.124200 0.845500
vt 0.132200 0.851400
vt 0.125600 0.844100
vt 0.133400 0.850200
vt 0.131000 0.838700
vt 0.138900 0.845400
vt 0.135300 0.848500
vt 0.127600 0.842100
vt 0.147200 0.850600
vt 0.143800 0.853200
vt 0.155000 0.853800
vt 0.160800 0.855100
vt 0.160800 0.857100
vt 0.152300 0.856100
vt 0.117500 0.838300
vt 0.118300 0.837500
vt 0.113400 0.828500
vt 0.114000 0.828300
vt 0.119500 0.836300
vt 0.114900 0.827600
vt 0.109400 0.818700
vt 0.105300 0.808900
vt 0.109000 0.808900
vt 0.110500 0.818700
vt 0.110700 0.808900
vt 0.111900 0.818400
vt 0.114600 0.808900
vt 0.115900 0.814700
vt 0.113600 0.817400
vt 0.112600 0.808900
vt 0.119100 0.822500
vt 0.116500 0.825900
vt 0.124300 0.830800
vt 0.121200 0.834400
vt 0.109400 0.799100
vt 0.110500 0.799200
vt 0.113400 0.789300
vt 0.114000 0.789600
vt 0.111900 0.799500
vt 0.114900 0.790300
vt 0.117500 0.779500
vt 0.121500 0.769700
vt 0.124200 0.772300
vt 0.118300 0.780300
vt 0.125600 0.773800
vt 0.119500 0.781500
vt 0.131000 0.779100
vt 0.124300 0.787100
vt 0.121200 0.783500
vt 0.127600 0.775800
vt 0.119100 0.795300
vt 0.116500 0.791900
vt 0.115900 0.803200
vt 0.113600 0.800400
vt 0.131400 0.765600
vt 0.132200 0.766500
vt 0.141200 0.761600
vt 0.141400 0.762200
vt 0.133400 0.767600
vt 0.142100 0.763100
vt 0.151000 0.757500
vt 0.160800 0.753500
vt 0.160800 0.757200
vt 0.151000 0.758700
vt 0.160800 0.758900
vt 0.151300 0.760000
vt 0.160800 0.762700
vt 0.155000 0.764000
vt 0.152300 0.761700
vt 0.160800 0.760800
vt 0.147200 0.767300
vt 0.143800 0.764600
vt 0.138900 0.772400
vt 0.135300 0.769400
vt 0.200300 0.301600
vt 0.189300 0.301600
vt 0.200300 0.358600
vt 0.189300 0.358600
vt 0.178400 0.301600
vt 0.178400 0.358600
vt 0.200300 0.415500
vt 0.189300 0.415500
vt 0.178400 0.415500
vt 0.156400 0.415500
vt 0.167400 0.415500
vt 0.156400 0.358600
vt 0.167400 0.358600
vt 0.156400 0.301600
vt 0.167400 0.301600
vt 0.244300 0.301600
vt 0.233300 0.301600
vt 0.244300 0.358600
vt 0.233300 0.358600
vt 0.222300 0.301600
vt 0.222300 0.358600
vt 0.244300 0.415500
vt 0.233300 0.415500
vt 0.222300 0.415500
vt 0.211300 0.415500
vt 0.211300 0.358600
vt 0.211300 0.301600
vt 0.288300 0.301600
vt 0.277300 0.301600
vt 0.288300 0.358600
vt 0.277300 0.358600
vt 0.266300 0.301600
vt 0.266300 0.358600
vt 0.288300 0.415500
vt 0.277300 0.415500
vt 0.266300 0.415500
vt 0.255300 0.415500
vt 0.255300 0.358600
vt 0.255300 0.301600
vt 0.332200 0.301600
vt 0.321200 0.301600
vt 0.332200 0.358600
vt 0.321200 0.358600
vt 0.310300 0.301600
vt 0.310300 0.358600
vt 0.332200 0.415500
vt 0.321200 0.415500
vt 0.310300 0.415500
vt 0.299300 0.415500
vt 0.299300 0.358600
vt 0.299300 0.301600
vt 0.592300 0.643000
vt 0.575300 0.653100
vt 0.574500 0.651400
vt 0.591400 0.641300
vt 0.557900 0.662700
vt 0.557200 0.660900
vt 0.573700 0.649700
vt 0.590600 0.639700
vt 0.556600 0.659100
vt 0.540300 0.671700
vt 0.522500 0.680000
vt 0.522100 0.678100
vt 0.539800 0.669800
vt 0.521600 0.676300
vt 0.539200 0.668000
vt 0.521000 0.674100
vt 0.538100 0.665000
vt 0.538700 0.666500
vt 0.521300 0.674800
vt 0.555200 0.655800
vt 0.555900 0.657400
vt 0.572300 0.646600
vt 0.589400 0.637500
vt 0.589900 0.638300
vt 0.573000 0.648100
vt 0.657400 0.597200
vt 0.641600 0.609500
vt 0.640500 0.607900
vt 0.656200 0.595700
vt 0.625500 0.621200
vt 0.624500 0.619500
vt 0.639500 0.606300
vt 0.655100 0.594200
vt 0.623500 0.617900
vt 0.609100 0.632400
vt 0.608100 0.630700
vt 0.607200 0.629100
vt 0.605500 0.626200
vt 0.606300 0.627600
vt 0.621500 0.614900
vt 0.622500 0.616400
vt 0.637600 0.603600
vt 0.653600 0.592300
vt 0.654100 0.592900
vt 0.638500 0.604900
vt 0.716400 0.543600
vt 0.702300 0.557700
vt 0.700900 0.556300
vt 0.715000 0.542200
vt 0.687700 0.571300
vt 0.686400 0.569900
vt 0.699600 0.554900
vt 0.713700 0.540900
vt 0.685200 0.568400
vt 0.672700 0.584500
vt 0.671500 0.583000
vt 0.670300 0.581600
vt 0.668200 0.579000
vt 0.669200 0.580300
vt 0.682800 0.565700
vt 0.683900 0.567100
vt 0.697300 0.552500
vt 0.711900 0.539200
vt 0.712500 0.539800
vt 0.698500 0.553700
vt 0.768300 0.483000
vt 0.756000 0.498700
vt 0.754500 0.497500
vt 0.766700 0.481900
vt 0.743300 0.514100
vt 0.741800 0.512800
vt 0.753000 0.496400
vt 0.765200 0.480800
vt 0.740300 0.511600
vt 0.730100 0.529000
vt 0.728600 0.527700
vt 0.727200 0.526500
vt 0.724700 0.524300
vt 0.726000 0.525300
vt 0.737500 0.509300
vt 0.738900 0.510400
vt 0.750400 0.494300
vt 0.763200 0.479400
vt 0.763900 0.479900
vt 0.751700 0.495300
vt 0.593900 0.646300
vt 0.576700 0.656500
vt 0.595600 0.649700
vt 0.578200 0.660000
vt 0.559200 0.666200
vt 0.560400 0.669700
vt 0.597200 0.653100
vt 0.599000 0.656700
vt 0.581200 0.667100
vt 0.579600 0.663500
vt 0.563100 0.677000
vt 0.561700 0.673300
vt 0.525900 0.695100
vt 0.525000 0.691100
vt 0.543500 0.682500
vt 0.544700 0.686400
vt 0.524200 0.687400
vt 0.542400 0.678800
vt 0.523300 0.683600
vt 0.541400 0.675200
vt 0.659600 0.600200
vt 0.643700 0.612500
vt 0.661800 0.603200
vt 0.645800 0.615600
vt 0.627500 0.624300
vt 0.629400 0.627500
vt 0.664100 0.606300
vt 0.666500 0.609400
vt 0.650200 0.622000
vt 0.647900 0.618800
vt 0.633500 0.634100
vt 0.631400 0.630700
vt 0.614500 0.642200
vt 0.616400 0.645600
vt 0.612700 0.638900
vt 0.610900 0.635600
vt 0.719000 0.546100
vt 0.704800 0.560400
vt 0.721700 0.548800
vt 0.707400 0.563100
vt 0.690200 0.574100
vt 0.692600 0.576900
vt 0.724500 0.551400
vt 0.727300 0.554200
vt 0.712800 0.568700
vt 0.710000 0.565800
vt 0.697800 0.582800
vt 0.695200 0.579800
vt 0.679800 0.593300
vt 0.682300 0.596300
vt 0.677400 0.590300
vt 0.675100 0.587400
vt 0.771300 0.485100
vt 0.759000 0.501000
vt 0.774400 0.487200
vt 0.761900 0.503200
vt 0.746100 0.516400
vt 0.749000 0.518800
vt 0.777500 0.489400
vt 0.780700 0.491700
vt 0.768100 0.508000
vt 0.765000 0.505500
vt 0.755000 0.523800
vt 0.752000 0.521300
vt 0.738500 0.536600
vt 0.741400 0.539200
vt 0.735600 0.534000
vt 0.732800 0.531500
vt 0.606600 0.672000
vt 0.588000 0.682800
vt 0.586300 0.678800
vt 0.604700 0.668100
vt 0.569000 0.693100
vt 0.567500 0.689000
vt 0.584500 0.674800
vt 0.602700 0.664200
vt 0.566000 0.684900
vt 0.549600 0.702900
vt 0.529600 0.712200
vt 0.528700 0.707800
vt 0.548300 0.698700
vt 0.527800 0.703400
vt 0.547000 0.694500
vt 0.545800 0.690300
vt 0.526800 0.699200
vt 0.564500 0.680900
vt 0.600800 0.660400
vt 0.582800 0.670900
vt 0.676800 0.623200
vt 0.659900 0.636200
vt 0.657400 0.632600
vt 0.674100 0.619700
vt 0.642600 0.648700
vt 0.640200 0.644900
vt 0.654900 0.629000
vt 0.671500 0.616200
vt 0.637900 0.641200
vt 0.624800 0.660600
vt 0.622700 0.656800
vt 0.620500 0.653000
vt 0.618400 0.649200
vt 0.635700 0.637600
vt 0.668900 0.612800
vt 0.652500 0.625400
vt 0.739700 0.566200
vt 0.724700 0.581200
vt 0.721600 0.578000
vt 0.736500 0.563100
vt 0.709200 0.595700
vt 0.706200 0.592400
vt 0.718600 0.574800
vt 0.733400 0.560100
vt 0.703300 0.589100
vt 0.693200 0.609700
vt 0.690400 0.606300
vt 0.687600 0.602900
vt 0.684900 0.599600
vt 0.700500 0.585900
vt 0.730300 0.557100
vt 0.715600 0.571700
vt 0.794800 0.501600
vt 0.781800 0.518400
vt 0.778300 0.515700
vt 0.791200 0.499100
vt 0.768300 0.534800
vt 0.764900 0.532000
vt 0.774800 0.513100
vt 0.787600 0.496500
vt 0.761500 0.529200
vt 0.754200 0.550700
vt 0.750900 0.547800
vt 0.747700 0.544800
vt 0.744500 0.542000
vt 0.758200 0.526400
vt 0.784100 0.494100
vt 0.771400 0.510500
vt 0.612300 0.682100
vt 0.592600 0.692300
vt 0.591400 0.689800
vt 0.610400 0.678900
vt 0.573000 0.702400
vt 0.571900 0.700000
vt 0.590200 0.687300
vt 0.609000 0.676400
vt 0.570900 0.697700
vt 0.553300 0.712600
vt 0.533600 0.722800
vt 0.532100 0.719500
vt 0.552200 0.710000
vt 0.531200 0.716900
vt 0.551300 0.707600
vt 0.550400 0.705200
vt 0.530400 0.714500
vt 0.569900 0.695400
vt 0.607800 0.674200
vt 0.589100 0.685000
vt 0.683900 0.632400
vt 0.666000 0.644800
vt 0.664400 0.642500
vt 0.681600 0.629500
vt 0.648100 0.657200
vt 0.646700 0.655000
vt 0.662800 0.640300
vt 0.679800 0.627200
vt 0.645300 0.652800
vt 0.630200 0.669700
vt 0.628800 0.667300
vt 0.627400 0.664900
vt 0.626100 0.662700
vt 0.643900 0.650700
vt 0.678300 0.625200
vt 0.661300 0.638200
vt 0.748100 0.574300
vt 0.732000 0.588800
vt 0.730100 0.586800
vt 0.745400 0.571700
vt 0.716000 0.603400
vt 0.714200 0.601400
vt 0.728200 0.584800
vt 0.743400 0.569700
vt 0.712500 0.599400
vt 0.700000 0.617900
vt 0.698100 0.615700
vt 0.696400 0.613600
vt 0.694800 0.611600
vt 0.710800 0.597500
vt 0.741500 0.567900
vt 0.726400 0.583000
vt 0.804200 0.508500
vt 0.790200 0.524900
vt 0.787900 0.523200
vt 0.801300 0.506200
vt 0.776100 0.541400
vt 0.774100 0.539700
vt 0.785800 0.521500
vt 0.798900 0.504600
vt 0.772100 0.538000
vt 0.762100 0.557900
vt 0.760000 0.556000
vt 0.758000 0.554100
vt 0.756100 0.552400
vt 0.770200 0.536400
vt 0.796800 0.503000
vt 0.783800 0.519900
vt 0.937000 0.559500
vt 0.931200 0.581900
vt 0.928000 0.580900
vt 0.933700 0.558600
vt 0.924900 0.604200
vt 0.921700 0.603100
vt 0.924400 0.579800
vt 0.930100 0.557600
vt 0.918200 0.601900
vt 0.918000 0.626400
vt 0.910500 0.648400
vt 0.907300 0.647100
vt 0.914800 0.625200
vt 0.903900 0.645700
vt 0.911400 0.623900
vt 0.896100 0.642200
vt 0.903500 0.620700
vt 0.907600 0.622400
vt 0.900200 0.644100
vt 0.910200 0.599100
vt 0.914400 0.600600
vt 0.916300 0.577300
vt 0.921800 0.555400
vt 0.926200 0.556500
vt 0.920600 0.578600
vt 0.954500 0.469000
vt 0.950900 0.491700
vt 0.947500 0.491100
vt 0.951100 0.468400
vt 0.946800 0.514400
vt 0.943400 0.513700
vt 0.943900 0.490400
vt 0.947400 0.467900
vt 0.939800 0.512900
vt 0.942200 0.537000
vt 0.938800 0.536200
vt 0.935200 0.535300
vt 0.926900 0.533300
vt 0.931200 0.534400
vt 0.931400 0.511100
vt 0.935800 0.512100
vt 0.935400 0.488900
vt 0.938900 0.466500
vt 0.943400 0.467200
vt 0.939800 0.489700
vt 0.963700 0.377400
vt 0.962200 0.400400
vt 0.958800 0.400100
vt 0.960300 0.377200
vt 0.960200 0.423300
vt 0.956700 0.422900
vt 0.955000 0.399800
vt 0.956500 0.377000
vt 0.953000 0.422500
vt 0.957600 0.446200
vt 0.954200 0.445700
vt 0.950500 0.445200
vt 0.941900 0.444100
vt 0.946400 0.444700
vt 0.944400 0.421600
vt 0.948900 0.422100
vt 0.946400 0.399100
vt 0.947900 0.376500
vt 0.952400 0.376800
vt 0.950900 0.399500
vt 0.964700 0.285400
vt 0.965200 0.308400
vt 0.961800 0.308500
vt 0.961300 0.285500
vt 0.965300 0.331400
vt 0.961800 0.331400
vt 0.958000 0.308500
vt 0.957500 0.285700
vt 0.958100 0.331400
vt 0.964800 0.354400
vt 0.961300 0.354300
vt 0.957600 0.354200
vt 0.948900 0.353900
vt 0.953500 0.354100
vt 0.949400 0.331300
vt 0.954000 0.331300
vt 0.949400 0.308700
vt 0.948900 0.286100
vt 0.953400 0.285900
vt 0.953900 0.308600
vt 0.949900 0.562800
vt 0.943200 0.585300
vt 0.940200 0.584500
vt 0.946200 0.561900
vt 0.936500 0.607800
vt 0.933700 0.607000
vt 0.937200 0.583700
vt 0.943100 0.561100
vt 0.930800 0.606100
vt 0.929800 0.630400
vt 0.923100 0.652900
vt 0.919500 0.651600
vt 0.926800 0.629400
vt 0.916400 0.650500
vt 0.923900 0.628400
vt 0.921000 0.627400
vt 0.913500 0.649500
vt 0.927900 0.605200
vt 0.940000 0.560300
vt 0.934300 0.582800
vt 0.878200 0.634400
vt 0.884200 0.613400
vt 0.889100 0.615200
vt 0.882200 0.635800
vt 0.890200 0.592400
vt 0.895400 0.594100
vt 0.894000 0.617000
vt 0.886900 0.637900
vt 0.900500 0.595800
vt 0.896200 0.571300
vt 0.902200 0.550300
vt 0.906900 0.551500
vt 0.901400 0.572900
vt 0.912000 0.552800
vt 0.906500 0.574400
vt 0.911500 0.575900
vt 0.917000 0.554100
vt 0.905500 0.597500
vt 0.891600 0.640100
vt 0.898900 0.618900
vt 0.967700 0.471000
vt 0.963200 0.493900
vt 0.960200 0.493400
vt 0.964000 0.470400
vt 0.958800 0.516900
vt 0.955900 0.516300
vt 0.957100 0.492800
vt 0.960800 0.469900
vt 0.952900 0.515700
vt 0.954400 0.539800
vt 0.951300 0.539100
vt 0.948300 0.538400
vt 0.945300 0.537700
vt 0.949900 0.515100
vt 0.957700 0.469500
vt 0.954100 0.492300
vt 0.906300 0.528600
vt 0.911600 0.529800
vt 0.910500 0.506900
vt 0.915900 0.508000
vt 0.916900 0.531000
vt 0.921300 0.509100
vt 0.914600 0.485200
vt 0.918800 0.463500
vt 0.923500 0.464200
vt 0.920000 0.486200
vt 0.928800 0.465000
vt 0.925300 0.487100
vt 0.930500 0.488000
vt 0.934000 0.465800
vt 0.926500 0.510100
vt 0.922000 0.532200
vt 0.977000 0.378100
vt 0.974700 0.401300
vt 0.971600 0.401100
vt 0.973300 0.377900
vt 0.972400 0.424500
vt 0.969400 0.424200
vt 0.968500 0.400900
vt 0.970100 0.377800
vt 0.966400 0.423900
vt 0.970000 0.447800
vt 0.966900 0.447400
vt 0.963900 0.447000
vt 0.960800 0.446600
vt 0.963400 0.423600
vt 0.966900 0.377600
vt 0.965400 0.400600
vt 0.921000 0.441500
vt 0.926400 0.442100
vt 0.923200 0.419400
vt 0.928700 0.420000
vt 0.931700 0.442800
vt 0.934200 0.420600
vt 0.925400 0.397400
vt 0.927600 0.375400
vt 0.932400 0.375700
vt 0.930800 0.397900
vt 0.937700 0.376000
vt 0.936200 0.398300
vt 0.941500 0.398700
vt 0.943000 0.376200
vt 0.939500 0.421100
vt 0.937000 0.443500
vt 0.978000 0.284900
vt 0.977800 0.308200
vt 0.974700 0.308200
vt 0.974300 0.285000
vt 0.977500 0.331500
vt 0.974500 0.331500
vt 0.971600 0.308300
vt 0.971000 0.285100
vt 0.971500 0.331400
vt 0.977300 0.354800
vt 0.974200 0.354700
vt 0.971100 0.354600
vt 0.968000 0.354500
vt 0.968500 0.331400
vt 0.967900 0.285200
vt 0.968500 0.308300
vt 0.927800 0.353300
vt 0.933300 0.353400
vt 0.928100 0.331100
vt 0.933600 0.331200
vt 0.938700 0.353600
vt 0.939100 0.331200
vt 0.928300 0.309000
vt 0.928600 0.286800
vt 0.933400 0.286700
vt 0.933800 0.308900
vt 0.938700 0.286500
vt 0.939200 0.308800
vt 0.944400 0.308800
vt 0.943900 0.286300
vt 0.944400 0.331300
vt 0.943900 0.353800
vt 0.861700 0.891900
vt 0.869700 0.885700
vt 0.870700 0.886300
vt 0.864800 0.893700
vt 0.877800 0.879600
vt 0.878100 0.880100
vt 0.871700 0.887300
vt 0.866300 0.894600
vt 0.878600 0.881100
vt 0.885800 0.873400
vt 0.893800 0.867200
vt 0.894700 0.870600
vt 0.886100 0.874500
vt 0.895300 0.872600
vt 0.886500 0.876000
vt 0.897200 0.879600
vt 0.887900 0.882900
vt 0.887000 0.878500
vt 0.896000 0.875200
vt 0.879700 0.887300
vt 0.879100 0.883200
vt 0.873300 0.892200
vt 0.869500 0.896400
vt 0.867800 0.895500
vt 0.872700 0.888900
vt 0.903900 0.868500
vt 0.904100 0.869600
vt 0.913900 0.869800
vt 0.913800 0.870400
vt 0.904600 0.871100
vt 0.914000 0.871500
vt 0.924000 0.871100
vt 0.934000 0.872400
vt 0.932200 0.875500
vt 0.923400 0.872100
vt 0.931400 0.876900
vt 0.923000 0.873400
vt 0.929500 0.880100
vt 0.924200 0.878500
vt 0.923000 0.875300
vt 0.930500 0.878500
vt 0.916200 0.877500
vt 0.914600 0.873600
vt 0.906900 0.877800
vt 0.905400 0.873600
vt 0.940200 0.880400
vt 0.939600 0.881400
vt 0.946400 0.888400
vt 0.945900 0.888800
vt 0.938700 0.882300
vt 0.944900 0.889200
vt 0.952600 0.896400
vt 0.958800 0.904500
vt 0.955300 0.905400
vt 0.951500 0.896800
vt 0.953400 0.905900
vt 0.949900 0.897200
vt 0.946400 0.907800
vt 0.943000 0.898500
vt 0.947400 0.897700
vt 0.950800 0.906600
vt 0.938600 0.890300
vt 0.942700 0.889700
vt 0.933700 0.883900
vt 0.937100 0.883300
vt 0.957500 0.914500
vt 0.956400 0.914800
vt 0.956200 0.924600
vt 0.955600 0.924500
vt 0.954800 0.915200
vt 0.954400 0.924600
vt 0.954900 0.934600
vt 0.953600 0.944700
vt 0.950500 0.942900
vt 0.953900 0.934100
vt 0.949000 0.942000
vt 0.952600 0.933700
vt 0.945800 0.940200
vt 0.947500 0.934800
vt 0.950700 0.933700
vt 0.947500 0.941200
vt 0.948500 0.926800
vt 0.952300 0.925300
vt 0.948200 0.917500
vt 0.952400 0.916000
vt 0.160800 0.850700
vt 0.153100 0.846400
vt 0.160800 0.840800
vt 0.136500 0.833200
vt 0.144800 0.840400
vt 0.143700 0.826000
vt 0.152300 0.833900
vt 0.152000 0.817700
vt 0.160800 0.826200
vt 0.119000 0.808900
vt 0.123300 0.801300
vt 0.123300 0.816600
vt 0.128900 0.808900
vt 0.136500 0.784700
vt 0.129300 0.792900
vt 0.143700 0.791900
vt 0.135800 0.800400
vt 0.160800 0.808900
vt 0.143500 0.808900
vt 0.152000 0.800100
vt 0.135800 0.817400
vt 0.129300 0.824900
vt 0.160800 0.767100
vt 0.153100 0.771500
vt 0.160800 0.791700
vt 0.152300 0.784000
vt 0.160800 0.777100
vt 0.144800 0.777400
vt 0.873100 0.898500
vt 0.880300 0.894200
vt 0.881400 0.903200
vt 0.899100 0.886800
vt 0.889200 0.890200
vt 0.901600 0.896100
vt 0.891100 0.899500
vt 0.904500 0.906900
vt 0.893400 0.910100
vt 0.927400 0.883800
vt 0.931700 0.891000
vt 0.919100 0.883800
vt 0.922700 0.892000
vt 0.939100 0.909800
vt 0.935800 0.899900
vt 0.929800 0.912300
vt 0.926500 0.901700
vt 0.907600 0.918300
vt 0.915800 0.904100
vt 0.919100 0.915200
vt 0.912500 0.893700
vt 0.909400 0.884700
vt 0.942200 0.938100
vt 0.942200 0.929700
vt 0.921900 0.926500
vt 0.932300 0.923100
vt 0.933900 0.933400
vt 0.941200 0.920000
vt 0.455500 0.464700
vt 0.455500 0.422700
vt 0.497500 0.422700
vt 0.497500 0.464700
vt 0.455500 0.380700
vt 0.497500 0.380700
vt 0.539500 0.422700
vt 0.539500 0.464700
vt 0.539500 0.380700
vt 0.455500 0.338700
vt 0.455500 0.296700
vt 0.497500 0.296700
vt 0.497500 0.338700
vt 0.539500 0.296700
vt 0.539500 0.338700
vt 0.401000 0.514400
vt 0.401000 0.548400
vt 0.435000 0.548400
vt 0.435000 0.514400
vt 0.401000 0.582400
vt 0.435000 0.582400
vt 0.469000 0.548400
vt 0.469000 0.514400
vt 0.469000 0.582400
vt 0.401000 0.616400
vt 0.401000 0.650400
vt 0.435000 0.650400
vt 0.435000 0.616400
vt 0.469000 0.650400
vt 0.469000 0.616400
vt 0.455500 0.288200
vt 0.497500 0.288200
vt 0.455500 0.279600
vt 0.497500 0.279600
vt 0.539500 0.288200
vt 0.539500 0.279600
vt 0.455500 0.271100
vt 0.455500 0.262600
vt 0.497500 0.262600
vt 0.497500 0.271100
vt 0.539500 0.262600
vt 0.539500 0.271100
vt 0.497500 0.473200
vt 0.455500 0.473200
vt 0.539500 0.473200
vt 0.497500 0.481700
vt 0.455500 0.481700
vt 0.539500 0.481700
vt 0.497500 0.498800
vt 0.455500 0.498800
vt 0.455500 0.490300
vt 0.497500 0.490300
vt 0.539500 0.498800
vt 0.539500 0.490300
vt 0.447000 0.338700
vt 0.447000 0.296700
vt 0.447000 0.380700
vt 0.438500 0.338700
vt 0.438500 0.296700
vt 0.438500 0.380700
vt 0.447000 0.464700
vt 0.447000 0.422700
vt 0.438500 0.464700
vt 0.438500 0.422700
vt 0.421400 0.464700
vt 0.421400 0.422700
vt 0.429900 0.422700
vt 0.429900 0.464700
vt 0.421400 0.380700
vt 0.429900 0.380700
vt 0.421400 0.338700
vt 0.421400 0.296700
vt 0.429900 0.296700
vt 0.429900 0.338700
vt 0.616700 0.049100
vt 0.616700 0.089200
vt 0.576600 0.089200
vt 0.576600 0.049100
vt 0.616700 0.129400
vt 0.576600 0.129400
vt 0.536400 0.089200
vt 0.536400 0.049100
vt 0.536400 0.129400
vt 0.616700 0.169500
vt 0.616700 0.209700
vt 0.576600 0.209700
vt 0.576600 0.169500
vt 0.536400 0.209700
vt 0.536400 0.169500
vt 0.684300 0.233100
vt 0.684300 0.187100
vt 0.730300 0.187100
vt 0.730300 0.233100
vt 0.684300 0.141000
vt 0.730300 0.141000
vt 0.776300 0.187100
vt 0.776300 0.233100
vt 0.776300 0.141000
vt 0.684300 0.095000
vt 0.684300 0.049000
vt 0.730300 0.049000
vt 0.730300 0.095000
vt 0.776300 0.049000
vt 0.776300 0.095000
vt 0.616700 0.023800
vt 0.616700 0.030100
vt 0.576600 0.030100
vt 0.576600 0.023800
vt 0.616700 0.036400
vt 0.576600 0.036400
vt 0.536400 0.030100
vt 0.536400 0.023800
vt 0.536400 0.036400
vt 0.616700 0.042700
vt 0.576600 0.042700
vt 0.536400 0.042700
vt 0.616700 0.216000
vt 0.576600 0.216000
vt 0.616700 0.222300
vt 0.576600 0.222300
vt 0.536400 0.216000
vt 0.536400 0.222300
vt 0.616700 0.228700
vt 0.616700 0.235000
vt 0.576600 0.235000
vt 0.576600 0.228700
vt 0.536400 0.235000
vt 0.536400 0.228700
vt 0.642000 0.209700
vt 0.635700 0.209700
vt 0.635700 0.169500
vt 0.642000 0.169500
vt 0.629300 0.209700
vt 0.629300 0.169500
vt 0.635700 0.129400
vt 0.642000 0.129400
vt 0.629300 0.129400
vt 0.623000 0.209700
vt 0.623000 0.169500
vt 0.623000 0.129400
vt 0.623000 0.049100
vt 0.623000 0.089200
vt 0.629300 0.049100
vt 0.629300 0.089200
vt 0.635700 0.049100
vt 0.642000 0.049100
vt 0.642000 0.089200
vt 0.635700 0.089200
vt 0.621300 0.018700
vt 0.620100 0.020000
vt 0.578300 0.020000
vt 0.578800 0.018700
vt 0.619000 0.021300
vt 0.577700 0.021300
vt 0.536400 0.020000
vt 0.536400 0.018700
vt 0.536400 0.021300
vt 0.617900 0.022500
vt 0.577100 0.022500
vt 0.536400 0.022500
vt 0.617900 0.236200
vt 0.577100 0.236200
vt 0.619000 0.237500
vt 0.577700 0.237500
vt 0.536400 0.236200
vt 0.536400 0.237500
vt 0.620100 0.238800
vt 0.621300 0.240100
vt 0.578800 0.240100
vt 0.578300 0.238800
vt 0.536400 0.240100
vt 0.536400 0.238800
vt 0.643200 0.047900
vt 0.643200 0.088600
vt 0.644500 0.046800
vt 0.644500 0.088100
vt 0.643200 0.129400
vt 0.644500 0.129400
vt 0.645800 0.045600
vt 0.647100 0.044500
vt 0.647100 0.086900
vt 0.645800 0.087500
vt 0.647100 0.129400
vt 0.645800 0.129400
vt 0.647100 0.214300
vt 0.645800 0.213100
vt 0.645800 0.171200
vt 0.647100 0.171800
vt 0.644500 0.212000
vt 0.644500 0.170700
vt 0.643200 0.210800
vt 0.643200 0.170100
vt 0.621300 0.011400
vt 0.621300 0.013200
vt 0.578800 0.013200
vt 0.578800 0.011400
vt 0.621300 0.015000
vt 0.578800 0.015000
vt 0.536400 0.013200
vt 0.536400 0.011400
vt 0.536400 0.015000
vt 0.621300 0.016900
vt 0.578800 0.016900
vt 0.536400 0.016900
vt 0.621300 0.241900
vt 0.578800 0.241900
vt 0.621300 0.243700
vt 0.578800 0.243700
vt 0.536400 0.241900
vt 0.536400 0.243700
vt 0.621300 0.245600
vt 0.621300 0.247400
vt 0.578800 0.247400
vt 0.578800 0.245600
vt 0.536400 0.247400
vt 0.536400 0.245600
vt 0.654400 0.214300
vt 0.652600 0.214300
vt 0.652600 0.171800
vt 0.654400 0.171800
vt 0.650700 0.214300
vt 0.650700 0.171800
vt 0.652600 0.129400
vt 0.654400 0.129400
vt 0.650700 0.129400
vt 0.648900 0.214300
vt 0.648900 0.171800
vt 0.648900 0.129400
vt 0.648900 0.044500
vt 0.648900 0.086900
vt 0.650700 0.044500
vt 0.650700 0.086900
vt 0.652600 0.044500
vt 0.654400 0.044500
vt 0.654400 0.086900
vt 0.652600 0.086900
s 1
usemtl 10409_Doric_Column_v1_SG
f 6/1/1 7/2/1 8/3/2 9/4/2
f 7/2/1 10/5/1 11/6/2 8/3/2
f 9/4/2 8/3/2 12/7/3 13/8/3
f 8/3/2 11/6/2 14/9/3 12/7/3
f 15/10/1 16/11/1 17/12/2 18/13/2
f 18/13/2 17/12/2 19/14/3 20/15/3
f 10/5/1 15/10/1 18/13/2 11/6/2
f 11/6/2 18/13/2 20/15/3 14/9/3
f 5/16/4 4/17/4 21/18/5 22/19/5
f 4/17/4 3/20/4 23/21/5 21/18/5
f 22/19/5 21/18/5 20/15/3 19/14/3
f 21/18/5 23/21/5 14/9/3 20/15/3
f 2/22/4 1/23/4 24/24/5 25/25/5
f 25/25/5 24/24/5 13/8/3 12/7/3
f 3/20/4 2/22/4 25/25/5 23/21/5
f 23/21/5 25/25/5 12/7/3 14/9/3
f 26/26/6 27/27/6 28/28/7 29/29/7
f 27/27/6 30/30/6 31/31/7 28/28/7
f 29/29/7 28/28/7 32/32/8 33/33/8
f 28/28/7 31/31/7 34/34/8 32/32/8
f 35/35/6 36/36/6 37/37/7 38/38/7
f 38/38/7 37/37/7 39/39/8 40/40/8
f 30/30/6 35/35/6 38/38/7 31/31/7
f 31/31/7 38/38/7 40/40/8 34/34/8
f 16/11/1 15/10/1 41/41/9 42/42/9
f 15/10/1 10/5/1 43/43/9 41/41/9
f 42/42/9 41/41/9 40/40/8 39/39/8
f 41/41/9 43/43/9 34/34/8 40/40/8
f 7/2/1 6/1/1 44/44/9 45/45/9
f 45/45/9 44/44/9 33/33/8 32/32/8
f 10/5/1 7/2/1 45/45/9 43/43/9
f 43/43/9 45/45/9 32/32/8 34/34/8
f 46/46/10 47/47/10 48/48/11 49/49/11
f 47/47/10 50/50/10 51/51/11 48/48/11
f 49/49/11 48/48/11 52/52/12 53/53/12
f 48/48/11 51/51/11 54/54/12 52/52/12
f 55/55/10 56/56/10 57/57/11 58/58/11
f 58/58/11 57/57/11 59/59/12 60/60/12
f 50/50/10 55/55/10 58/58/11 51/51/11
f 51/51/11 58/58/11 60/60/12 54/54/12
f 36/36/6 35/35/6 61/61/13 62/62/13
f 35/35/6 30/30/6 63/63/13 61/61/13
f 62/62/13 61/61/13 60/60/12 59/59/12
f 61/61/13 63/63/13 54/54/12 60/60/12
f 27/27/6 26/26/6 64/64/13 65/65/13
f 65/65/13 64/64/13 53/53/12 52/52/12
f 30/30/6 27/27/6 65/65/13 63/63/13
f 63/63/13 65/65/13 52/52/12 54/54/12
f 66/66/14 67/67/14 68/68/15 69/69/15
f 67/67/14 70/70/14 71/71/15 68/68/15
f 69/69/15 68/68/15 72/72/16 73/73/16
f 68/68/15 71/71/15 74/74/16 72/72/16
f 75/75/14 76/76/14 77/77/15 78/78/15
f 78/78/15 77/77/15 79/79/16 80/80/16
f 70/70/14 75/75/14 78/78/15 71/71/15
f 71/71/15 78/78/15 80/80/16 74/74/16
f 56/56/10 55/55/10 81/81/17 82/82/17
f 55/55/10 50/50/10 83/83/17 81/81/17
f 82/82/17 81/81/17 80/80/16 79/79/16
f 81/81/17 83/83/17 74/74/16 80/80/16
f 47/47/10 46/46/10 84/84/17 85/85/17
f 85/85/17 84/84/17 73/73/16 72/72/16
f 50/50/10 47/47/10 85/85/17 83/83/17
f 83/83/17 85/85/17 72/72/16 74/74/16
f 91/86/18 92/87/19 93/88/20 94/89/21
f 92/87/19 95/90/22 96/91/22 93/88/20
f 94/89/21 93/88/20 97/92/20 98/93/21
f 93/88/20 96/91/22 99/94/22 97/92/20
f 100/95/23 86/96/24 87/97/25 101/98/26
f 101/98/26 87/97/25 88/99/25 102/100/26
f 95/90/22 100/95/23 101/98/26 96/91/22
f 96/91/22 101/98/26 102/100/26 99/94/22
f 89/101/24 103/102/23 104/103/23 90/104/24
f 103/102/23 105/105/22 106/106/22 104/103/23
f 90/104/24 104/103/23 102/100/26 88/99/25
f 104/103/23 106/106/22 99/94/22 102/100/26
f 107/107/20 108/108/21 109/109/18 110/110/20
f 110/110/20 109/109/18 98/93/21 97/92/20
f 105/105/22 107/107/20 110/110/20 106/106/22
f 106/106/22 110/110/20 97/92/20 99/94/22
f 111/111/27 112/112/28 113/113/29 114/114/27
f 112/112/28 115/115/30 116/116/31 113/113/29
f 114/114/27 113/113/29 117/117/29 118/118/32
f 113/113/29 116/116/31 119/119/31 117/117/29
f 120/120/33 91/86/18 94/89/21 121/121/34
f 121/121/34 94/89/21 98/93/21 122/122/34
f 115/115/30 120/120/33 121/121/34 116/116/31
f 116/116/31 121/121/34 122/122/34 119/119/31
f 108/108/21 123/123/34 124/124/34 109/109/18
f 123/123/34 125/125/31 126/126/31 124/124/34
f 109/109/18 124/124/34 122/122/34 98/93/21
f 124/124/34 126/126/31 119/119/31 122/122/34
f 127/127/35 128/128/32 129/129/32 130/130/35
f 130/130/35 129/129/32 118/118/32 117/117/29
f 125/125/31 127/127/35 130/130/35 126/126/31
f 126/126/31 130/130/35 117/117/29 119/119/31
f 131/131/36 132/132/37 133/133/38 134/134/36
f 132/132/37 135/135/39 136/136/40 133/133/38
f 134/134/36 133/133/38 137/137/38 138/138/41
f 133/133/38 136/136/40 139/139/40 137/137/38
f 140/140/42 111/111/27 114/114/27 141/141/43
f 141/141/43 114/114/27 118/118/32 142/142/43
f 135/135/39 140/140/42 141/141/43 136/136/40
f 136/136/40 141/141/43 142/142/43 139/139/40
f 128/128/32 143/143/44 144/144/44 129/129/32
f 143/143/44 145/145/40 146/146/40 144/144/44
f 129/129/32 144/144/44 142/142/43 118/118/32
f 144/144/44 146/146/40 139/139/40 142/142/43
f 147/147/38 148/148/36 149/149/36 150/150/38
f 150/150/38 149/149/36 138/138/41 137/137/38
f 145/145/40 147/147/38 150/150/38 146/146/40
f 146/146/40 150/150/38 137/137/38 139/139/40
f 151/151/45 152/152/46 153/153/47 154/154/48
f 152/152/46 155/155/49 156/156/49 153/153/47
f 154/154/48 153/153/47 157/157/47 158/158/48
f 153/153/47 156/156/49 159/159/49 157/157/47
f 160/160/50 131/131/36 134/134/36 161/161/50
f 161/161/50 134/134/36 138/138/41 162/162/50
f 155/155/49 160/160/50 161/161/50 156/156/49
f 156/156/49 161/161/50 162/162/50 159/159/49
f 148/148/36 163/163/50 164/164/50 149/149/36
f 163/163/50 165/165/51 166/166/49 164/164/50
f 149/149/36 164/164/50 162/162/50 138/138/41
f 164/164/50 166/166/49 159/159/49 162/162/50
f 167/167/46 168/168/45 169/169/45 170/170/46
f 170/170/46 169/169/45 158/158/48 157/157/47
f 165/165/51 167/167/46 170/170/46 166/166/49
f 166/166/49 170/170/46 157/157/47 159/159/49
f 175/171/1 176/172/2 177/173/2 178/174/1
f 176/172/2 179/175/3 180/176/3 177/173/2
f 178/174/1 177/173/2 181/177/2 182/178/1
f 177/173/2 180/176/3 183/179/3 181/177/2
f 184/180/5 171/181/4 172/182/4 185/183/5
f 185/183/5 172/182/4 173/184/4 186/185/5
f 179/175/3 184/180/5 185/183/5 180/176/3
f 180/176/3 185/183/5 186/185/5 183/179/3
f 86/96/4 100/95/5 187/186/5 174/187/4
f 100/95/5 95/90/3 188/188/3 187/186/5
f 174/187/4 187/186/5 186/185/5 173/184/4
f 187/186/5 188/188/3 183/179/3 186/185/5
f 92/87/2 91/86/1 189/189/1 190/190/2
f 190/190/2 189/189/1 182/178/1 181/177/2
f 95/90/3 92/87/2 190/190/2 188/188/3
f 188/188/3 190/190/2 181/177/2 183/179/3
f 191/191/6 192/192/7 193/193/7 194/194/6
f 192/192/7 195/195/8 196/196/8 193/193/7
f 194/194/6 193/193/7 197/197/7 198/198/6
f 193/193/7 196/196/8 199/199/8 197/197/7
f 200/200/9 175/171/1 178/174/1 201/201/9
f 201/201/9 178/174/1 182/178/1 202/202/9
f 195/195/8 200/200/9 201/201/9 196/196/8
f 196/196/8 201/201/9 202/202/9 199/199/8
f 91/86/1 120/120/9 203/203/9 189/189/1
f 120/120/9 115/115/8 204/204/8 203/203/9
f 189/189/1 203/203/9 202/202/9 182/178/1
f 203/203/9 204/204/8 199/199/8 202/202/9
f 112/112/7 111/111/6 205/205/6 206/206/7
f 206/206/7 205/205/6 198/198/6 197/197/7
f 115/115/8 112/112/7 206/206/7 204/204/8
f 204/204/8 206/206/7 197/197/7 199/199/8
f 207/207/10 208/208/11 209/209/11 210/210/10
f 208/208/11 211/211/12 212/212/12 209/209/11
f 210/210/10 209/209/11 213/213/11 214/214/10
f 209/209/11 212/212/12 215/215/12 213/213/11
f 216/216/13 191/191/6 194/194/6 217/217/13
f 217/217/13 194/194/6 198/198/6 218/218/13
f 211/211/12 216/216/13 217/217/13 212/212/12
f 212/212/12 217/217/13 218/218/13 215/215/12
f 111/111/6 140/140/13 219/219/13 205/205/6
f 140/140/13 135/135/12 220/220/12 219/219/13
f 205/205/6 219/219/13 218/218/13 198/198/6
f 219/219/13 220/220/12 215/215/12 218/218/13
f 132/132/11 131/131/10 221/221/10 222/222/11
f 222/222/11 221/221/10 214/214/10 213/213/11
f 135/135/12 132/132/11 222/222/11 220/220/12
f 220/220/12 222/222/11 213/213/11 215/215/12
f 223/223/14 224/224/15 225/225/15 226/226/14
f 224/224/15 227/227/16 228/228/16 225/225/15
f 226/226/14 225/225/15 229/229/15 230/230/14
f 225/225/15 228/228/16 231/231/16 229/229/15
f 232/232/17 207/207/10 210/210/10 233/233/17
f 233/233/17 210/210/10 214/214/10 234/234/17
f 227/227/16 232/232/17 233/233/17 228/228/16
f 228/228/16 233/233/17 234/234/17 231/231/16
f 131/131/10 160/160/17 235/235/17 221/221/10
f 160/160/17 155/155/16 236/236/16 235/235/17
f 221/221/10 235/235/17 234/234/17 214/214/10
f 235/235/17 236/236/16 231/231/16 234/234/17
f 152/152/15 151/151/14 237/237/14 238/238/15
f 238/238/15 237/237/14 230/230/14 229/229/15
f 155/155/16 152/152/15 238/238/15 236/236/16
f 236/236/16 238/238/15 229/229/15 231/231/16
f 171/181/52 184/180/53 243/239/54 239/240/55
f 184/180/53 179/175/56 244/241/57 243/239/54
f 239/240/55 243/239/54 245/242/58 240/243/59
f 243/239/54 244/241/57 246/244/60 245/242/58
f 176/172/61 175/171/62 247/245/63 248/246/64
f 248/246/64 247/245/63 249/247/65 250/248/66
f 179/175/56 176/172/61 248/246/64 244/241/57
f 244/241/57 248/246/64 250/248/66 246/244/60
f 251/249/67 252/250/68 253/251/69 254/252/70
f 252/250/68 255/253/71 256/254/72 253/251/69
f 254/252/70 253/251/69 250/248/66 249/247/65
f 253/251/69 256/254/72 246/244/60 250/248/66
f 257/255/73 241/256/74 242/257/75 258/258/76
f 258/258/76 242/257/75 240/243/59 245/242/58
f 255/253/71 257/255/73 258/258/76 256/254/72
f 256/254/72 258/258/76 245/242/58 246/244/60
f 175/171/62 200/200/77 259/259/78 247/245/63
f 200/200/77 195/195/79 260/260/80 259/259/78
f 247/245/63 259/259/78 261/261/81 249/247/65
f 259/259/78 260/260/80 262/262/82 261/261/81
f 192/192/83 191/191/84 263/263/85 264/264/86
f 264/264/86 263/263/85 265/265/87 266/266/88
f 195/195/79 192/192/83 264/264/86 260/260/80
f 260/260/80 264/264/86 266/266/88 262/262/82
f 267/267/89 268/268/90 269/269/91 270/270/92
f 268/268/90 271/271/93 272/272/94 269/269/91
f 270/270/92 269/269/91 266/266/88 265/265/87
f 269/269/91 272/272/94 262/262/82 266/266/88
f 273/273/95 251/249/67 254/252/70 274/274/96
f 274/274/96 254/252/70 249/247/65 261/261/81
f 271/271/93 273/273/95 274/274/96 272/272/94
f 272/272/94 274/274/96 261/261/81 262/262/82
f 191/191/84 216/216/97 275/275/98 263/263/85
f 216/216/97 211/211/99 276/276/100 275/275/98
f 263/263/85 275/275/98 277/277/101 265/265/87
f 275/275/98 276/276/100 278/278/102 277/277/101
f 208/208/103 207/207/104 279/279/105 280/280/106
f 280/280/106 279/279/105 281/281/107 282/282/108
f 211/211/99 208/208/103 280/280/106 276/276/100
f 276/276/100 280/280/106 282/282/108 278/278/102
f 283/283/109 284/284/110 285/285/111 286/286/112
f 284/284/110 287/287/113 288/288/114 285/285/111
f 286/286/112 285/285/111 282/282/108 281/281/107
f 285/285/111 288/288/114 278/278/102 282/282/108
f 289/289/115 267/267/89 270/270/92 290/290/116
f 290/290/116 270/270/92 265/265/87 277/277/101
f 287/287/113 289/289/115 290/290/116 288/288/114
f 288/288/114 290/290/116 277/277/101 278/278/102
f 207/207/104 232/232/117 291/291/118 279/279/105
f 232/232/117 227/227/119 292/292/120 291/291/118
f 279/279/105 291/291/118 293/293/121 281/281/107
f 291/291/118 292/292/120 294/294/122 293/293/121
f 224/224/123 223/223/124 295/295/125 296/296/126
f 296/296/126 295/295/125 297/297/127 298/298/128
f 227/227/119 224/224/123 296/296/126 292/292/120
f 292/292/120 296/296/126 298/298/128 294/294/122
f 299/299/129 300/300/130 301/301/131 302/302/132
f 300/300/130 303/303/133 304/304/134 301/301/131
f 302/302/132 301/301/131 298/298/128 297/297/127
f 301/301/131 304/304/134 294/294/122 298/298/128
f 305/305/135 283/283/109 286/286/112 306/306/136
f 306/306/136 286/286/112 281/281/107 293/293/121
f 303/303/133 305/305/135 306/306/136 304/304/134
f 304/304/134 306/306/136 293/293/121 294/294/122
f 241/256/74 257/255/73 311/307/137 307/308/138
f 257/255/73 255/253/71 312/309/139 311/307/137
f 307/308/138 311/307/137 313/310/140 308/311/141
f 311/307/137 312/309/139 314/312/142 313/310/140
f 252/250/68 251/249/67 315/313/143 316/314/144
f 316/314/144 315/313/143 317/315/145 318/316/146
f 255/253/71 252/250/68 316/314/144 312/309/139
f 312/309/139 316/314/144 318/316/146 314/312/142
f 319/317/147 320/318/148 321/319/149 322/320/150
f 320/318/148 323/321/151 324/322/152 321/319/149
f 322/320/150 321/319/149 318/316/146 317/315/145
f 321/319/149 324/322/152 314/312/142 318/316/146
f 325/323/153 309/324/154 310/325/155 326/326/156
f 326/326/156 310/325/155 308/311/141 313/310/140
f 323/321/151 325/323/153 326/326/156 324/322/152
f 324/322/152 326/326/156 313/310/140 314/312/142
f 251/249/67 273/273/95 327/327/157 315/313/143
f 273/273/95 271/271/93 328/328/158 327/327/157
f 315/313/143 327/327/157 329/329/159 317/315/145
f 327/327/157 328/328/158 330/330/160 329/329/159
f 268/268/90 267/267/89 331/331/161 332/332/162
f 332/332/162 331/331/161 333/333/163 334/334/164
f 271/271/93 268/268/90 332/332/162 328/328/158
f 328/328/158 332/332/162 334/334/164 330/330/160
f 335/335/165 336/336/166 337/337/167 338/338/168
f 336/336/166 339/339/169 340/340/170 337/337/167
f 338/338/168 337/337/167 334/334/164 333/333/163
f 337/337/167 340/340/170 330/330/160 334/334/164
f 341/341/171 319/317/147 322/320/150 342/342/172
f 342/342/172 322/320/150 317/315/145 329/329/159
f 339/339/169 341/341/171 342/342/172 340/340/170
f 340/340/170 342/342/172 329/329/159 330/330/160
f 267/267/89 289/289/115 343/343/173 331/331/161
f 289/289/115 287/287/113 344/344/174 343/343/173
f 331/331/161 343/343/173 345/345/175 333/333/163
f 343/343/173 344/344/174 346/346/176 345/345/175
f 284/284/110 283/283/109 347/347/177 348/348/178
f 348/348/178 347/347/177 349/349/179 350/350/180
f 287/287/113 284/284/110 348/348/178 344/344/174
f 344/344/174 348/348/178 350/350/180 346/346/176
f 351/351/181 352/352/182 353/353/183 354/354/184
f 352/352/182 355/355/185 356/356/186 353/353/183
f 354/354/184 353/353/183 350/350/180 349/349/179
f 353/353/183 356/356/186 346/346/176 350/350/180
f 357/357/187 335/335/165 338/338/168 358/358/188
f 358/358/188 338/338/168 333/333/163 345/345/175
f 355/355/185 357/357/187 358/358/188 356/356/186
f 356/356/186 358/358/188 345/345/175 346/346/176
f 283/283/109 305/305/135 359/359/189 347/347/177
f 305/305/135 303/303/133 360/360/190 359/359/189
f 347/347/177 359/359/189 361/361/191 349/349/179
f 359/359/189 360/360/190 362/362/192 361/361/191
f 300/300/130 299/299/129 363/363/193 364/364/194
f 364/364/194 363/363/193 365/365/195 366/366/196
f 303/303/133 300/300/130 364/364/194 360/360/190
f 360/360/190 364/364/194 366/366/196 362/362/192
f 367/367/197 368/368/198 369/369/199 370/370/200
f 368/368/198 371/371/201 372/372/202 369/369/199
f 370/370/200 369/369/199 366/366/196 365/365/195
f 369/369/199 372/372/202 362/362/192 366/366/196
f 373/373/203 351/351/181 354/354/184 374/374/204
f 374/374/204 354/354/184 349/349/179 361/361/191
f 371/371/201 373/373/203 374/374/204 372/372/202
f 372/372/202 374/374/204 361/361/191 362/362/192
f 309/324/154 325/323/153 379/375/205 375/376/206
f 325/323/153 323/321/151 380/377/207 379/375/205
f 375/376/206 379/375/205 381/378/208 376/379/209
f 379/375/205 380/377/207 382/380/210 381/378/208
f 320/318/148 319/317/147 383/381/211 384/382/212
f 384/382/212 383/381/211 385/383/213 386/384/214
f 323/321/151 320/318/148 384/382/212 380/377/207
f 380/377/207 384/382/212 386/384/214 382/380/210
f 387/385/215 388/386/216 389/387/217 390/388/218
f 388/386/216 391/389/219 392/390/220 389/387/217
f 390/388/218 389/387/217 386/384/214 385/383/213
f 389/387/217 392/390/220 382/380/210 386/384/214
f 393/391/221 377/392/222 378/393/223 394/394/224
f 394/394/224 378/393/223 376/379/209 381/378/208
f 391/389/219 393/391/221 394/394/224 392/390/220
f 392/390/220 394/394/224 381/378/208 382/380/210
f 319/317/147 341/341/171 395/395/225 383/381/211
f 341/341/171 339/339/169 396/396/226 395/395/225
f 383/381/211 395/395/225 397/397/227 385/383/213
f 395/395/225 396/396/226 398/398/228 397/397/227
f 336/336/166 335/335/165 399/399/229 400/400/230
f 400/400/230 399/399/229 401/401/231 402/402/232
f 339/339/169 336/336/166 400/400/230 396/396/226
f 396/396/226 400/400/230 402/402/232 398/398/228
f 403/403/233 404/404/234 405/405/235 406/406/236
f 404/404/234 407/407/237 408/408/238 405/405/235
f 406/406/236 405/405/235 402/402/232 401/401/231
f 405/405/235 408/408/238 398/398/228 402/402/232
f 409/409/239 387/385/215 390/388/218 410/410/240
f 410/410/240 390/388/218 385/383/213 397/397/227
f 407/407/237 409/409/239 410/410/240 408/408/238
f 408/408/238 410/410/240 397/397/227 398/398/228
f 335/335/165 357/357/187 411/411/241 399/399/229
f 357/357/187 355/355/185 412/412/242 411/411/241
f 399/399/229 411/411/241 413/413/243 401/401/231
f 411/411/241 412/412/242 414/414/244 413/413/243
f 352/352/182 351/351/181 415/415/245 416/416/246
f 416/416/246 415/415/245 417/417/247 418/418/248
f 355/355/185 352/352/182 416/416/246 412/412/242
f 412/412/242 416/416/246 418/418/248 414/414/244
f 419/419/249 420/420/250 421/421/251 422/422/252
f 420/420/250 423/423/253 424/424/254 421/421/251
f 422/422/252 421/421/251 418/418/248 417/417/247
f 421/421/251 424/424/254 414/414/244 418/418/248
f 425/425/255 403/403/233 406/406/236 426/426/256
f 426/426/256 406/406/236 401/401/231 413/413/243
f 423/423/253 425/425/255 426/426/256 424/424/254
f 424/424/254 426/426/256 413/413/243 414/414/244
f 351/351/181 373/373/203 427/427/257 415/415/245
f 373/373/203 371/371/201 428/428/258 427/427/257
f 415/415/245 427/427/257 429/429/259 417/417/247
f 427/427/257 428/428/258 430/430/260 429/429/259
f 368/368/198 367/367/197 431/431/261 432/432/262
f 432/432/262 431/431/261 433/433/263 434/434/264
f 371/371/201 368/368/198 432/432/262 428/428/258
f 428/428/258 432/432/262 434/434/264 430/430/260
f 435/435/265 436/436/266 437/437/267 438/438/268
f 436/436/266 439/439/269 440/440/270 437/437/267
f 438/438/268 437/437/267 434/434/264 433/433/263
f 437/437/267 440/440/270 430/430/260 434/434/264
f 441/441/271 419/419/249 422/422/252 442/442/272
f 442/442/272 422/422/252 417/417/247 429/429/259
f 439/439/269 441/441/271 442/442/272 440/440/270
f 440/440/270 442/442/272 429/429/259 430/430/260
f 447/443/1 448/444/2 449/445/2 450/446/1
f 448/444/2 451/447/3 452/448/3 449/445/2
f 450/446/1 449/445/2 453/449/2 454/450/1
f 449/445/2 452/448/3 455/451/3 453/449/2
f 456/452/5 443/453/4 444/454/4 457/455/5
f 457/455/5 444/454/4 445/456/4 458/457/5
f 451/447/3 456/452/5 457/455/5 452/448/3
f 452/448/3 457/455/5 458/457/5 455/451/3
f 377/458/4 393/459/5 459/460/5 446/461/4
f 393/459/5 391/462/3 460/463/3 459/460/5
f 446/461/4 459/460/5 458/457/5 445/456/4
f 459/460/5 460/463/3 455/451/3 458/457/5
f 388/464/2 387/465/1 461/466/1 462/467/2
f 462/467/2 461/466/1 454/450/1 453/449/2
f 391/462/3 388/464/2 462/467/2 460/463/3
f 460/463/3 462/467/2 453/449/2 455/451/3
f 463/468/6 464/469/7 465/470/7 466/471/6
f 464/469/7 467/472/8 468/473/8 465/470/7
f 466/471/6 465/470/7 469/474/7 470/475/6
f 465/470/7 468/473/8 471/476/8 469/474/7
f 472/477/9 447/443/1 450/446/1 473/478/9
f 473/478/9 450/446/1 454/450/1 474/479/9
f 467/472/8 472/477/9 473/478/9 468/473/8
f 468/473/8 473/478/9 474/479/9 471/476/8
f 387/465/1 409/480/9 475/481/9 461/466/1
f 409/480/9 407/482/8 476/483/8 475/481/9
f 461/466/1 475/481/9 474/479/9 454/450/1
f 475/481/9 476/483/8 471/476/8 474/479/9
f 404/484/7 403/485/6 477/486/6 478/487/7
f 478/487/7 477/486/6 470/475/6 469/474/7
f 407/482/8 404/484/7 478/487/7 476/483/8
f 476/483/8 478/487/7 469/474/7 471/476/8
f 479/488/10 480/489/11 481/490/11 482/491/10
f 480/489/11 483/492/12 484/493/12 481/490/11
f 482/491/10 481/490/11 485/494/11 486/495/10
f 481/490/11 484/493/12 487/496/12 485/494/11
f 488/497/13 463/468/6 466/471/6 489/498/13
f 489/498/13 466/471/6 470/475/6 490/499/13
f 483/492/12 488/497/13 489/498/13 484/493/12
f 484/493/12 489/498/13 490/499/13 487/496/12
f 403/485/6 425/500/13 491/501/13 477/486/6
f 425/500/13 423/502/12 492/503/12 491/501/13
f 477/486/6 491/501/13 490/499/13 470/475/6
f 491/501/13 492/503/12 487/496/12 490/499/13
f 420/504/11 419/505/10 493/506/10 494/507/11
f 494/507/11 493/506/10 486/495/10 485/494/11
f 423/502/12 420/504/11 494/507/11 492/503/12
f 492/503/12 494/507/11 485/494/11 487/496/12
f 495/508/14 496/509/15 497/510/15 498/511/14
f 496/509/15 499/512/16 500/513/16 497/510/15
f 498/511/14 497/510/15 501/514/15 502/515/14
f 497/510/15 500/513/16 503/516/16 501/514/15
f 504/517/17 479/488/10 482/491/10 505/518/17
f 505/518/17 482/491/10 486/495/10 506/519/17
f 499/512/16 504/517/17 505/518/17 500/513/16
f 500/513/16 505/518/17 506/519/17 503/516/16
f 419/505/10 441/520/17 507/521/17 493/506/10
f 441/520/17 439/522/16 508/523/16 507/521/17
f 493/506/10 507/521/17 506/519/17 486/495/10
f 507/521/17 508/523/16 503/516/16 506/519/17
f 436/524/15 435/525/14 509/526/14 510/527/15
f 510/527/15 509/526/14 502/515/14 501/514/15
f 439/522/16 436/524/15 510/527/15 508/523/16
f 508/523/16 510/527/15 501/514/15 503/516/16
f 515/528/273 516/529/274 517/530/275 518/531/276
f 516/529/274 519/532/277 520/533/277 517/530/275
f 518/531/276 517/530/275 521/534/275 522/535/278
f 517/530/275 520/533/277 523/536/277 521/534/275
f 524/537/279 511/538/280 512/539/281 525/540/282
f 525/540/282 512/539/281 513/541/283 526/542/282
f 519/532/277 524/537/279 525/540/282 520/533/277
f 520/533/277 525/540/282 526/542/282 523/536/277
f 443/543/281 456/544/282 527/545/284 514/546/280
f 456/544/282 451/547/277 528/548/277 527/545/284
f 514/546/280 527/545/284 526/542/282 513/541/283
f 527/545/284 528/548/277 523/536/277 526/542/282
f 448/549/285 447/550/286 529/551/273 530/552/287
f 530/552/287 529/551/273 522/535/278 521/534/275
f 451/547/277 448/549/285 530/552/287 528/548/277
f 528/548/277 530/552/287 521/534/275 523/536/277
f 531/553/288 532/554/289 533/555/290 534/556/291
f 532/554/289 535/557/292 536/558/292 533/555/290
f 534/556/291 533/555/290 537/559/293 538/560/288
f 533/555/290 536/558/292 539/561/292 537/559/293
f 540/562/294 515/528/273 518/531/276 541/563/295
f 541/563/295 518/531/276 522/535/278 542/564/295
f 535/557/292 540/562/294 541/563/295 536/558/292
f 536/558/292 541/563/295 542/564/295 539/561/292
f 447/550/286 472/565/296 543/566/295 529/551/273
f 472/565/296 467/567/292 544/568/292 543/566/295
f 529/551/273 543/566/295 542/564/295 522/535/278
f 543/566/295 544/568/292 539/561/292 542/564/295
f 464/569/290 463/570/291 545/571/288 546/572/293
f 546/572/293 545/571/288 538/560/288 537/559/293
f 467/567/292 464/569/290 546/572/293 544/568/292
f 544/568/292 546/572/293 537/559/293 539/561/292
f 547/573/297 548/574/298 549/575/299 550/576/300
f 548/574/298 551/577/301 552/578/301 549/575/299
f 550/576/300 549/575/299 553/579/299 554/580/300
f 549/575/299 552/578/301 555/581/301 553/579/299
f 556/582/302 531/553/288 534/556/291 557/583/303
f 557/583/303 534/556/291 538/560/288 558/584/304
f 551/577/301 556/582/302 557/583/303 552/578/301
f 552/578/301 557/583/303 558/584/304 555/581/301
f 463/570/291 488/585/303 559/586/304 545/571/288
f 488/585/303 483/587/301 560/588/301 559/586/304
f 545/571/288 559/586/304 558/584/304 538/560/288
f 559/586/304 560/588/301 555/581/301 558/584/304
f 480/589/305 479/590/300 561/591/297 562/592/306
f 562/592/306 561/591/297 554/580/300 553/579/299
f 483/587/301 480/589/305 562/592/306 560/588/301
f 560/588/301 562/592/306 553/579/299 555/581/301
f 563/593/307 564/594/308 565/595/309 566/596/310
f 564/594/308 567/597/311 568/598/311 565/595/309
f 566/596/310 565/595/309 569/599/309 570/600/312
f 565/595/309 568/598/311 571/601/311 569/599/309
f 572/602/313 547/573/297 550/576/300 573/603/314
f 573/603/314 550/576/300 554/580/300 574/604/314
f 567/597/311 572/602/313 573/603/314 568/598/311
f 568/598/311 573/603/314 574/604/314 571/601/311
f 479/590/300 504/605/315 575/606/316 561/591/297
f 504/605/315 499/607/311 576/608/311 575/606/316
f 561/591/297 575/606/316 574/604/314 554/580/300
f 575/606/316 576/608/311 571/601/311 574/604/314
f 496/609/309 495/610/310 577/611/307 578/612/317
f 578/612/317 577/611/307 570/600/312 569/599/309
f 499/607/311 496/609/309 578/612/317 576/608/311
f 576/608/311 578/612/317 569/599/309 571/601/311
f 583/613/1 584/614/2 585/615/2 586/616/1
f 584/614/2 587/617/3 588/618/3 585/615/2
f 586/616/1 585/615/2 589/619/2 590/620/1
f 585/615/2 588/618/3 591/621/3 589/619/2
f 592/622/5 579/623/4 580/624/4 593/625/5
f 593/625/5 580/624/4 581/626/4 594/627/5
f 587/617/3 592/622/5 593/625/5 588/618/3
f 588/618/3 593/625/5 594/627/5 591/621/3
f 511/538/4 524/537/5 595/628/5 582/629/4
f 524/537/5 519/532/3 596/630/3 595/628/5
f 582/629/4 595/628/5 594/627/5 581/626/4
f 595/628/5 596/630/3 591/621/3 594/627/5
f 516/529/2 515/528/1 597/631/1 598/632/2
f 598/632/2 597/631/1 590/620/1 589/619/2
f 519/532/3 516/529/2 598/632/2 596/630/3
f 596/630/3 598/632/2 589/619/2 591/621/3
f 599/633/6 600/634/7 601/635/7 602/636/6
f 600/634/7 603/637/8 604/638/8 601/635/7
f 602/636/6 601/635/7 605/639/7 606/640/6
f 601/635/7 604/638/8 607/641/8 605/639/7
f 608/642/9 583/613/1 586/616/1 609/643/9
f 609/643/9 586/616/1 590/620/1 610/644/9
f 603/637/8 608/642/9 609/643/9 604/638/8
f 604/638/8 609/643/9 610/644/9 607/641/8
f 515/528/1 540/562/9 611/645/9 597/631/1
f 540/562/9 535/557/8 612/646/8 611/645/9
f 597/631/1 611/645/9 610/644/9 590/620/1
f 611/645/9 612/646/8 607/641/8 610/644/9
f 532/554/7 531/553/6 613/647/6 614/648/7
f 614/648/7 613/647/6 606/640/6 605/639/7
f 535/557/8 532/554/7 614/648/7 612/646/8
f 612/646/8 614/648/7 605/639/7 607/641/8
f 615/649/10 616/650/11 617/651/11 618/652/10
f 616/650/11 619/653/12 620/654/12 617/651/11
f 618/652/10 617/651/11 621/655/11 622/656/10
f 617/651/11 620/654/12 623/657/12 621/655/11
f 624/658/13 599/633/6 602/636/6 625/659/13
f 625/659/13 602/636/6 606/640/6 626/660/13
f 619/653/12 624/658/13 625/659/13 620/654/12
f 620/654/12 625/659/13 626/660/13 623/657/12
f 531/553/6 556/582/13 627/661/13 613/647/6
f 556/582/13 551/577/12 628/662/12 627/661/13
f 613/647/6 627/661/13 626/660/13 606/640/6
f 627/661/13 628/662/12 623/657/12 626/660/13
f 548/574/11 547/573/10 629/663/10 630/664/11
f 630/664/11 629/663/10 622/656/10 621/655/11
f 551/577/12 548/574/11 630/664/11 628/662/12
f 628/662/12 630/664/11 621/655/11 623/657/12
f 631/665/14 632/666/15 633/667/15 634/668/14
f 632/666/15 635/669/16 636/670/16 633/667/15
f 634/668/14 633/667/15 637/671/15 638/672/14
f 633/667/15 636/670/16 639/673/16 637/671/15
f 640/674/17 615/649/10 618/652/10 641/675/17
f 641/675/17 618/652/10 622/656/10 642/676/17
f 635/669/16 640/674/17 641/675/17 636/670/16
f 636/670/16 641/675/17 642/676/17 639/673/16
f 547/573/10 572/602/17 643/677/17 629/663/10
f 572/602/17 567/597/16 644/678/16 643/677/17
f 629/663/10 643/677/17 642/676/17 622/656/10
f 643/677/17 644/678/16 639/673/16 642/676/17
f 564/594/15 563/593/14 645/679/14 646/680/15
f 646/680/15 645/679/14 638/672/14 637/671/15
f 567/597/16 564/594/15 646/680/15 644/678/16
f 644/678/16 646/680/15 637/671/15 639/673/16
f 583/613/318 651/681/319 652/682/320 584/614/321
f 651/681/319 653/683/322 654/684/323 652/682/320
f 584/614/321 652/682/320 655/685/324 587/617/325
f 652/682/320 654/684/323 656/686/326 655/685/324
f 657/687/327 658/688/328 659/689/329 660/690/330
f 660/690/330 659/689/329 661/691/331 662/692/332
f 653/683/322 657/687/327 660/690/330 654/684/323
f 654/684/323 660/690/330 662/692/332 656/686/326
f 650/693/333 649/694/334 663/695/335 664/696/336
f 649/694/334 648/697/337 665/698/338 663/695/335
f 664/696/336 663/695/335 662/692/332 661/691/331
f 663/695/335 665/698/338 656/686/326 662/692/332
f 647/699/339 579/623/340 592/622/341 666/700/342
f 666/700/342 592/622/341 587/617/325 655/685/324
f 648/697/337 647/699/339 666/700/342 665/698/338
f 665/698/338 666/700/342 655/685/324 656/686/326
f 599/633/343 667/701/344 668/702/345 600/634/346
f 667/701/344 669/703/347 670/704/348 668/702/345
f 600/634/346 668/702/345 671/705/349 603/637/350
f 668/702/345 670/704/348 672/706/351 671/705/349
f 673/707/352 674/708/353 675/709/354 676/710/355
f 676/710/355 675/709/354 677/711/356 678/712/357
f 669/703/347 673/707/352 676/710/355 670/704/348
f 670/704/348 676/710/355 678/712/357 672/706/351
f 658/688/328 657/687/327 679/713/358 680/714/359
f 657/687/327 653/683/322 681/715/360 679/713/358
f 680/714/359 679/713/358 678/712/357 677/711/356
f 679/713/358 681/715/360 672/706/351 678/712/357
f 651/681/319 583/613/318 608/642/361 682/716/362
f 682/716/362 608/642/361 603/637/350 671/705/349
f 653/683/322 651/681/319 682/716/362 681/715/360
f 681/715/360 682/716/362 671/705/349 672/706/351
f 615/649/363 683/717/364 684/718/365 616/650/366
f 683/717/364 685/719/367 686/720/368 684/718/365
f 616/650/366 684/718/365 687/721/369 619/653/370
f 684/718/365 686/720/368 688/722/371 687/721/369
f 689/723/372 690/724/373 691/725/374 692/726/375
f 692/726/375 691/725/374 693/727/376 694/728/377
f 685/719/367 689/723/372 692/726/375 686/720/368
f 686/720/368 692/726/375 694/728/377 688/722/371
f 674/708/353 673/707/352 695/729/378 696/730/379
f 673/707/352 669/703/347 697/731/380 695/729/378
f 696/730/379 695/729/378 694/728/377 693/727/376
f 695/729/378 697/731/380 688/722/371 694/728/377
f 667/701/344 599/633/343 624/658/381 698/732/382
f 698/732/382 624/658/381 619/653/370 687/721/369
f 669/703/347 667/701/344 698/732/382 697/731/380
f 697/731/380 698/732/382 687/721/369 688/722/371
f 631/665/383 699/733/384 700/734/385 632/666/386
f 699/733/384 701/735/387 702/736/388 700/734/385
f 632/666/386 700/734/385 703/737/389 635/669/390
f 700/734/385 702/736/388 704/738/391 703/737/389
f 705/739/392 706/740/393 707/741/394 708/742/395
f 708/742/395 707/741/394 709/743/396 710/744/397
f 701/735/387 705/739/392 708/742/395 702/736/388
f 702/736/388 708/742/395 710/744/397 704/738/391
f 690/724/373 689/723/372 711/745/398 712/746/399
f 689/723/372 685/719/367 713/747/400 711/745/398
f 712/746/399 711/745/398 710/744/397 709/743/396
f 711/745/398 713/747/400 704/738/391 710/744/397
f 683/717/364 615/649/363 640/674/401 714/748/402
f 714/748/402 640/674/401 635/669/390 703/737/389
f 685/719/367 683/717/364 714/748/402 713/747/400
f 713/747/400 714/748/402 703/737/389 704/738/391
f 715/749/403 720/750/404 721/751/405 716/752/406
f 720/750/404 722/753/407 723/754/408 721/751/405
f 716/752/406 721/751/405 724/755/409 717/756/410
f 721/751/405 723/754/408 725/757/411 724/755/409
f 726/758/412 727/759/413 728/760/414 729/761/415
f 729/761/415 728/760/414 730/762/416 731/763/417
f 722/753/407 726/758/412 729/761/415 723/754/408
f 723/754/408 729/761/415 731/763/417 725/757/411
f 732/764/418 733/765/419 734/766/420 735/767/421
f 733/765/419 736/768/422 737/769/423 734/766/420
f 735/767/421 734/766/420 731/763/417 730/762/416
f 734/766/420 737/769/423 725/757/411 731/763/417
f 738/770/424 718/771/425 719/772/426 739/773/427
f 739/773/427 719/772/426 717/756/410 724/755/409
f 736/768/422 738/770/424 739/773/427 737/769/423
f 737/769/423 739/773/427 724/755/409 725/757/411
f 727/759/413 740/774/428 741/775/429 728/760/414
f 740/774/428 742/776/430 743/777/431 741/775/429
f 728/760/414 741/775/429 744/778/432 730/762/416
f 741/775/429 743/777/431 745/779/433 744/778/432
f 746/780/434 747/781/435 748/782/436 749/783/437
f 749/783/437 748/782/436 750/784/438 751/785/439
f 742/776/430 746/780/434 749/783/437 743/777/431
f 743/777/431 749/783/437 751/785/439 745/779/433
f 752/786/440 753/787/441 754/788/442 755/789/443
f 753/787/441 756/790/444 757/791/445 754/788/442
f 755/789/443 754/788/442 751/785/439 750/784/438
f 754/788/442 757/791/445 745/779/433 751/785/439
f 758/792/446 732/764/418 735/767/421 759/793/447
f 759/793/447 735/767/421 730/762/416 744/778/432
f 756/790/444 758/792/446 759/793/447 757/791/445
f 757/791/445 759/793/447 744/778/432 745/779/433
f 747/781/435 760/794/448 761/795/449 748/782/436
f 760/794/448 762/796/450 763/797/451 761/795/449
f 748/782/436 761/795/449 764/798/452 750/784/438
f 761/795/449 763/797/451 765/799/453 764/798/452
f 766/800/454 767/801/455 768/802/456 769/803/457
f 769/803/457 768/802/456 770/804/458 771/805/459
f 762/796/450 766/800/454 769/803/457 763/797/451
f 763/797/451 769/803/457 771/805/459 765/799/453
f 772/806/460 773/807/461 774/808/462 775/809/463
f 773/807/461 776/810/464 777/811/465 774/808/462
f 775/809/463 774/808/462 771/805/459 770/804/458
f 774/808/462 777/811/465 765/799/453 771/805/459
f 778/812/466 752/786/440 755/789/443 779/813/467
f 779/813/467 755/789/443 750/784/438 764/798/452
f 776/810/464 778/812/466 779/813/467 777/811/465
f 777/811/465 779/813/467 764/798/452 765/799/453
f 767/801/455 780/814/468 781/815/469 768/802/456
f 780/814/468 782/816/470 783/817/471 781/815/469
f 768/802/456 781/815/469 784/818/472 770/804/458
f 781/815/469 783/817/471 785/819/473 784/818/472
f 786/820/474 787/821/475 788/822/476 789/823/477
f 789/823/477 788/822/476 790/824/478 791/825/479
f 782/816/470 786/820/474 789/823/477 783/817/471
f 783/817/471 789/823/477 791/825/479 785/819/473
f 792/826/480 793/827/481 794/828/482 795/829/483
f 793/827/481 796/830/484 797/831/485 794/828/482
f 795/829/483 794/828/482 791/825/479 790/824/478
f 794/828/482 797/831/485 785/819/473 791/825/479
f 798/832/486 772/806/460 775/809/463 799/833/487
f 799/833/487 775/809/463 770/804/458 784/818/472
f 796/830/484 798/832/486 799/833/487 797/831/485
f 797/831/485 799/833/487 784/818/472 785/819/473
f 804/834/488 805/835/489 806/836/490 807/837/491
f 805/835/489 808/838/492 809/839/493 806/836/490
f 807/837/491 806/836/490 810/840/494 811/841/495
f 806/836/490 809/839/493 812/842/496 810/840/494
f 813/843/497 800/844/498 801/845/499 814/846/500
f 814/846/500 801/845/499 802/847/501 815/848/502
f 808/838/492 813/843/497 814/846/500 809/839/493
f 809/839/493 814/846/500 815/848/502 812/842/496
f 650/693/333 664/696/336 816/849/503 803/850/504
f 664/696/336 661/691/331 817/851/505 816/849/503
f 803/850/504 816/849/503 815/848/502 802/847/501
f 816/849/503 817/851/505 812/842/496 815/848/502
f 659/689/329 658/688/328 818/852/506 819/853/507
f 819/853/507 818/852/506 811/841/495 810/840/494
f 661/691/331 659/689/329 819/853/507 817/851/505
f 817/851/505 819/853/507 810/840/494 812/842/496
f 820/854/508 821/855/509 822/856/510 823/857/511
f 821/855/509 824/858/512 825/859/513 822/856/510
f 823/857/511 822/856/510 826/860/514 827/861/515
f 822/856/510 825/859/513 828/862/516 826/860/514
f 829/863/517 804/834/488 807/837/491 830/864/518
f 830/864/518 807/837/491 811/841/495 831/865/519
f 824/858/512 829/863/517 830/864/518 825/859/513
f 825/859/513 830/864/518 831/865/519 828/862/516
f 658/688/328 680/714/359 832/866/520 818/852/506
f 680/714/359 677/711/356 833/867/521 832/866/520
f 818/852/506 832/866/520 831/865/519 811/841/495
f 832/866/520 833/867/521 828/862/516 831/865/519
f 675/709/354 674/708/353 834/868/522 835/869/523
f 835/869/523 834/868/522 827/861/515 826/860/514
f 677/711/356 675/709/354 835/869/523 833/867/521
f 833/867/521 835/869/523 826/860/514 828/862/516
f 836/870/524 837/871/525 838/872/526 839/873/527
f 837/871/525 840/874/528 841/875/529 838/872/526
f 839/873/527 838/872/526 842/876/530 843/877/531
f 838/872/526 841/875/529 844/878/532 842/876/530
f 845/879/533 820/854/508 823/857/511 846/880/534
f 846/880/534 823/857/511 827/861/515 847/881/535
f 840/874/528 845/879/533 846/880/534 841/875/529
f 841/875/529 846/880/534 847/881/535 844/878/532
f 674/708/353 696/730/379 848/882/536 834/868/522
f 696/730/379 693/727/376 849/883/537 848/882/536
f 834/868/522 848/882/536 847/881/535 827/861/515
f 848/882/536 849/883/537 844/878/532 847/881/535
f 691/725/374 690/724/373 850/884/538 851/885/539
f 851/885/539 850/884/538 843/877/531 842/876/530
f 693/727/376 691/725/374 851/885/539 849/883/537
f 849/883/537 851/885/539 842/876/530 844/878/532
f 852/886/540 853/887/541 854/888/542 855/889/543
f 853/887/541 856/890/544 857/891/545 854/888/542
f 855/889/543 854/888/542 858/892/546 859/893/547
f 854/888/542 857/891/545 860/894/548 858/892/546
f 861/895/549 836/870/524 839/873/527 862/896/550
f 862/896/550 839/873/527 843/877/531 863/897/551
f 856/890/544 861/895/549 862/896/550 857/891/545
f 857/891/545 862/896/550 863/897/551 860/894/548
f 690/724/373 712/746/399 864/898/552 850/884/538
f 712/746/399 709/743/396 865/899/553 864/898/552
f 850/884/538 864/898/552 863/897/551 843/877/531
f 864/898/552 865/899/553 860/894/548 863/897/551
f 707/741/394 706/740/393 866/900/554 867/901/555
f 867/901/555 866/900/554 859/893/547 858/892/546
f 709/743/396 707/741/394 867/901/555 865/899/553
f 865/899/553 867/901/555 858/892/546 860/894/548
f 727/759/413 726/758/412 871/902/556 872/903/557
f 726/758/412 722/753/407 873/904/558 871/902/556
f 872/903/557 871/902/556 874/905/559 875/906/560
f 871/902/556 873/904/558 876/907/561 874/905/559
f 720/750/404 715/749/403 868/908/562 877/909/563
f 877/909/563 868/908/562 869/910/564 878/911/565
f 722/753/407 720/750/404 877/909/563 873/904/558
f 873/904/558 877/909/563 878/911/565 876/907/561
f 800/844/498 813/843/497 879/912/566 870/913/567
f 813/843/497 808/838/492 880/914/568 879/912/566
f 870/913/567 879/912/566 878/911/565 869/910/564
f 879/912/566 880/914/568 876/907/561 878/911/565
f 805/835/489 804/834/488 881/915/569 882/916/570
f 882/916/570 881/915/569 875/906/560 874/905/559
f 808/838/492 805/835/489 882/916/570 880/914/568
f 880/914/568 882/916/570 874/905/559 876/907/561
f 747/781/435 746/780/434 883/917/571 884/918/572
f 746/780/434 742/776/430 885/919/573 883/917/571
f 884/918/572 883/917/571 886/920/574 887/921/575
f 883/917/571 885/919/573 888/922/576 886/920/574
f 740/774/428 727/759/413 872/903/557 889/923/577
f 889/923/577 872/903/557 875/906/560 890/924/578
f 742/776/430 740/774/428 889/923/577 885/919/573
f 885/919/573 889/923/577 890/924/578 888/922/576
f 804/834/488 829/863/517 891/925/579 881/915/569
f 829/863/517 824/858/512 892/926/580 891/925/579
f 881/915/569 891/925/579 890/924/578 875/906/560
f 891/925/579 892/926/580 888/922/576 890/924/578
f 821/855/509 820/854/508 893/927/581 894/928/582
f 894/928/582 893/927/581 887/921/575 886/920/574
f 824/858/512 821/855/509 894/928/582 892/926/580
f 892/926/580 894/928/582 886/920/574 888/922/576
f 767/801/455 766/800/454 895/929/583 896/930/584
f 766/800/454 762/796/450 897/931/585 895/929/583
f 896/930/584 895/929/583 898/932/586 899/933/587
f 895/929/583 897/931/585 900/934/588 898/932/586
f 760/794/448 747/781/435 884/918/572 901/935/589
f 901/935/589 884/918/572 887/921/575 902/936/590
f 762/796/450 760/794/448 901/935/589 897/931/585
f 897/931/585 901/935/589 902/936/590 900/934/588
f 820/854/508 845/879/533 903/937/591 893/927/581
f 845/879/533 840/874/528 904/938/592 903/937/591
f 893/927/581 903/937/591 902/936/590 887/921/575
f 903/937/591 904/938/592 900/934/588 902/936/590
f 837/871/525 836/870/524 905/939/593 906/940/594
f 906/940/594 905/939/593 899/933/587 898/932/586
f 840/874/528 837/871/525 906/940/594 904/938/592
f 904/938/592 906/940/594 898/932/586 900/934/588
f 787/821/475 786/820/474 907/941/595 908/942/596
f 786/820/474 782/816/470 909/943/597 907/941/595
f 908/942/596 907/941/595 910/944/598 911/945/599
f 907/941/595 909/943/597 912/946/600 910/944/598
f 780/814/468 767/801/455 896/930/584 913/947/601
f 913/947/601 896/930/584 899/933/587 914/948/602
f 782/816/470 780/814/468 913/947/601 909/943/597
f 909/943/597 913/947/601 914/948/602 912/946/600
f 836/870/524 861/895/549 915/949/603 905/939/593
f 861/895/549 856/890/544 916/950/604 915/949/603
f 905/939/593 915/949/603 914/948/602 899/933/587
f 915/949/603 916/950/604 912/946/600 914/948/602
f 853/887/541 852/886/540 917/951/605 918/952/606
f 918/952/606 917/951/605 911/945/599 910/944/598
f 856/890/544 853/887/541 918/952/606 916/950/604
f 916/950/604 918/952/606 910/944/598 912/946/600
f 108/953/1 107/954/2 923/955/2 924/956/1
f 107/954/2 105/957/3 925/958/3 923/955/2
f 924/956/1 923/955/2 926/959/2 927/960/1
f 923/955/2 925/958/3 928/961/3 926/959/2
f 103/962/5 89/963/4 919/964/4 929/965/5
f 929/965/5 919/964/4 920/966/4 930/967/5
f 105/957/3 103/962/5 929/965/5 925/958/3
f 925/958/3 929/965/5 930/967/5 928/961/3
f 921/968/4 931/969/5 932/970/5 922/971/4
f 931/969/5 933/972/3 934/973/3 932/970/5
f 922/971/4 932/970/5 930/967/5 920/966/4
f 932/970/5 934/973/3 928/961/3 930/967/5
f 935/974/2 936/975/1 937/976/1 938/977/2
f 938/977/2 937/976/1 927/960/1 926/959/2
f 933/972/3 935/974/2 938/977/2 934/973/3
f 934/973/3 938/977/2 926/959/2 928/961/3
f 128/978/6 127/979/7 939/980/7 940/981/6
f 127/979/7 125/982/8 941/983/8 939/980/7
f 940/981/6 939/980/7 942/984/7 943/985/6
f 939/980/7 941/983/8 944/986/8 942/984/7
f 123/987/9 108/953/1 924/956/1 945/988/9
f 945/988/9 924/956/1 927/960/1 946/989/9
f 125/982/8 123/987/9 945/988/9 941/983/8
f 941/983/8 945/988/9 946/989/9 944/986/8
f 936/975/1 947/990/9 948/991/9 937/976/1
f 947/990/9 949/992/8 950/993/8 948/991/9
f 937/976/1 948/991/9 946/989/9 927/960/1
f 948/991/9 950/993/8 944/986/8 946/989/9
f 951/994/7 952/995/6 953/996/6 954/997/7
f 954/997/7 953/996/6 943/985/6 942/984/7
f 949/992/8 951/994/7 954/997/7 950/993/8
f 950/993/8 954/997/7 942/984/7 944/986/8
f 148/998/10 147/999/11 955/1000/11 956/1001/10
f 147/999/11 145/1002/12 957/1003/12 955/1000/11
f 956/1001/10 955/1000/11 958/1004/11 959/1005/10
f 955/1000/11 957/1003/12 960/1006/12 958/1004/11
f 143/1007/13 128/978/6 940/981/6 961/1008/13
f 961/1008/13 940/981/6 943/985/6 962/1009/13
f 145/1002/12 143/1007/13 961/1008/13 957/1003/12
f 957/1003/12 961/1008/13 962/1009/13 960/1006/12
f 952/995/6 963/1010/13 964/1011/13 953/996/6
f 963/1010/13 965/1012/12 966/1013/12 964/1011/13
f 953/996/6 964/1011/13 962/1009/13 943/985/6
f 964/1011/13 966/1013/12 960/1006/12 962/1009/13
f 967/1014/11 968/1015/10 969/1016/10 970/1017/11
f 970/1017/11 969/1016/10 959/1005/10 958/1004/11
f 965/1012/12 967/1014/11 970/1017/11 966/1013/12
f 966/1013/12 970/1017/11 958/1004/11 960/1006/12
f 168/1018/14 167/1019/15 971/1020/15 972/1021/14
f 167/1019/15 165/1022/16 973/1023/16 971/1020/15
f 972/1021/14 971/1020/15 974/1024/15 975/1025/14
f 971/1020/15 973/1023/16 976/1026/16 974/1024/15
f 163/1027/17 148/998/10 956/1001/10 977/1028/17
f 977/1028/17 956/1001/10 959/1005/10 978/1029/17
f 165/1022/16 163/1027/17 977/1028/17 973/1023/16
f 973/1023/16 977/1028/17 978/1029/17 976/1026/16
f 968/1015/10 979/1030/17 980/1031/17 969/1016/10
f 979/1030/17 981/1032/16 982/1033/16 980/1031/17
f 969/1016/10 980/1031/17 978/1029/17 959/1005/10
f 980/1031/17 982/1033/16 976/1026/16 978/1029/17
f 983/1034/15 984/1035/14 985/1036/14 986/1037/15
f 986/1037/15 985/1036/14 975/1025/14 974/1024/15
f 981/1032/16 983/1034/15 986/1037/15 982/1033/16
f 982/1033/16 986/1037/15 974/1024/15 976/1026/16
f 718/1038/607 738/1039/608 991/1040/607 987/1041/607
f 738/1039/608 736/1042/608 992/1043/609 991/1040/607
f 987/1041/607 991/1040/607 993/1044/607 988/1045/607
f 991/1040/607 992/1043/609 994/1046/607 993/1044/607
f 733/1047/608 732/1048/608 995/1049/608 996/1050/607
f 996/1050/607 995/1049/608 997/1051/607 998/1052/607
f 736/1042/608 733/1047/608 996/1050/607 992/1043/609
f 992/1043/609 996/1050/607 998/1052/607 994/1046/607
f 999/1053/607 1000/1054/607 1001/1055/607 1002/1056/607
f 1000/1054/607 1003/1057/607 1004/1058/607 1001/1055/607
f 1002/1056/607 1001/1055/607 998/1052/607 997/1051/607
f 1001/1055/607 1004/1058/607 994/1046/607 998/1052/607
f 1005/1059/607 989/1060/607 990/1061/607 1006/1062/607
f 1006/1062/607 990/1061/607 988/1045/607 993/1044/607
f 1003/1057/607 1005/1059/607 1006/1062/607 1004/1058/607
f 1004/1058/607 1006/1062/607 993/1044/607 994/1046/607
f 732/1048/608 758/1063/607 1007/1064/607 995/1049/608
f 758/1063/607 756/1065/607 1008/1066/610 1007/1064/607
f 995/1049/608 1007/1064/607 1009/1067/607 997/1051/607
f 1007/1064/607 1008/1066/610 1010/1068/607 1009/1067/607
f 753/1069/611 752/1070/610 1011/1071/611 1012/1072/611
f 1012/1072/611 1011/1071/611 1013/1073/607 1014/1074/607
f 756/1065/607 753/1069/611 1012/1072/611 1008/1066/610
f 1008/1066/610 1012/1072/611 1014/1074/607 1010/1068/607
f 1015/1075/607 1016/1076/607 1017/1077/607 1018/1078/607
f 1016/1076/607 1019/1079/607 1020/1080/607 1017/1077/607
f 1018/1078/607 1017/1077/607 1014/1074/607 1013/1073/607
f 1017/1077/607 1020/1080/607 1010/1068/607 1014/1074/607
f 1021/1081/607 999/1053/607 1002/1056/607 1022/1082/607
f 1022/1082/607 1002/1056/607 997/1051/607 1009/1067/607
f 1019/1079/607 1021/1081/607 1022/1082/607 1020/1080/607
f 1020/1080/607 1022/1082/607 1009/1067/607 1010/1068/607
f 752/1070/610 778/1083/611 1023/1084/610 1011/1071/611
f 778/1083/611 776/1085/607 1024/1086/610 1023/1084/610
f 1011/1071/611 1023/1084/610 1025/1087/607 1013/1073/607
f 1023/1084/610 1024/1086/610 1026/1088/607 1025/1087/607
f 773/1089/607 772/1090/607 1027/1091/607 1028/1092/607
f 1028/1092/607 1027/1091/607 1029/1093/607 1030/1094/607
f 776/1085/607 773/1089/607 1028/1092/607 1024/1086/610
f 1024/1086/610 1028/1092/607 1030/1094/607 1026/1088/607
f 1031/1095/607 1032/1096/607 1033/1097/607 1034/1098/607
f 1032/1096/607 1035/1099/607 1036/1100/607 1033/1097/607
f 1034/1098/607 1033/1097/607 1030/1094/607 1029/1093/607
f 1033/1097/607 1036/1100/607 1026/1088/607 1030/1094/607
f 1037/1101/607 1015/1075/607 1018/1078/607 1038/1102/607
f 1038/1102/607 1018/1078/607 1013/1073/607 1025/1087/607
f 1035/1099/607 1037/1101/607 1038/1102/607 1036/1100/607
f 1036/1100/607 1038/1102/607 1025/1087/607 1026/1088/607
f 772/1090/607 798/1103/608 1039/1104/607 1027/1091/607
f 798/1103/608 796/1105/608 1040/1106/612 1039/1104/607
f 1027/1091/607 1039/1104/607 1041/1107/607 1029/1093/607
f 1039/1104/607 1040/1106/612 1042/1108/607 1041/1107/607
f 793/1109/608 792/1110/607 1043/1111/607 1044/1112/607
f 1044/1112/607 1043/1111/607 1045/1113/607 1046/1114/607
f 796/1105/608 793/1109/608 1044/1112/607 1040/1106/612
f 1040/1106/612 1044/1112/607 1046/1114/607 1042/1108/607
f 1047/1115/607 1048/1116/607 1049/1117/607 1050/1118/607
f 1048/1116/607 1051/1119/607 1052/1120/607 1049/1117/607
f 1050/1118/607 1049/1117/607 1046/1114/607 1045/1113/607
f 1049/1117/607 1052/1120/607 1042/1108/607 1046/1114/607
f 1053/1121/607 1031/1095/607 1034/1098/607 1054/1122/607
f 1054/1122/607 1034/1098/607 1029/1093/607 1041/1107/607
f 1051/1119/607 1053/1121/607 1054/1122/607 1052/1120/607
f 1052/1120/607 1054/1122/607 1041/1107/607 1042/1108/607
f 16/11/1 1058/1123/1 1059/1124/2 17/12/2
f 1058/1123/1 1060/1125/1 1061/1126/2 1059/1124/2
f 17/12/2 1059/1124/2 1062/1127/3 19/14/3
f 1059/1124/2 1061/1126/2 1063/1128/3 1062/1127/3
f 1064/1129/1 936/975/1 935/974/2 1065/1130/2
f 1065/1130/2 935/974/2 933/972/3 1066/1131/3
f 1060/1125/1 1064/1129/1 1065/1130/2 1061/1126/2
f 1061/1126/2 1065/1130/2 1066/1131/3 1063/1128/3
f 921/968/4 1057/1132/4 1067/1133/5 931/969/5
f 1057/1132/4 1056/1134/4 1068/1135/5 1067/1133/5
f 931/969/5 1067/1133/5 1066/1131/3 933/972/3
f 1067/1133/5 1068/1135/5 1063/1128/3 1066/1131/3
f 1055/1136/4 5/16/4 22/19/5 1069/1137/5
f 1069/1137/5 22/19/5 19/14/3 1062/1127/3
f 1056/1134/4 1055/1136/4 1069/1137/5 1068/1135/5
f 1068/1135/5 1069/1137/5 1062/1127/3 1063/1128/3
f 36/36/6 1070/1138/6 1071/1139/7 37/37/7
f 1070/1138/6 1072/1140/6 1073/1141/7 1071/1139/7
f 37/37/7 1071/1139/7 1074/1142/8 39/39/8
f 1071/1139/7 1073/1141/7 1075/1143/8 1074/1142/8
f 1076/1144/6 952/995/6 951/994/7 1077/1145/7
f 1077/1145/7 951/994/7 949/992/8 1078/1146/8
f 1072/1140/6 1076/1144/6 1077/1145/7 1073/1141/7
f 1073/1141/7 1077/1145/7 1078/1146/8 1075/1143/8
f 936/975/1 1064/1129/1 1079/1147/9 947/990/9
f 1064/1129/1 1060/1125/1 1080/1148/9 1079/1147/9
f 947/990/9 1079/1147/9 1078/1146/8 949/992/8
f 1079/1147/9 1080/1148/9 1075/1143/8 1078/1146/8
f 1058/1123/1 16/11/1 42/42/9 1081/1149/9
f 1081/1149/9 42/42/9 39/39/8 1074/1142/8
f 1060/1125/1 1058/1123/1 1081/1149/9 1080/1148/9
f 1080/1148/9 1081/1149/9 1074/1142/8 1075/1143/8
f 56/56/10 1082/1150/10 1083/1151/11 57/57/11
f 1082/1150/10 1084/1152/10 1085/1153/11 1083/1151/11
f 57/57/11 1083/1151/11 1086/1154/12 59/59/12
f 1083/1151/11 1085/1153/11 1087/1155/12 1086/1154/12
f 1088/1156/10 968/1015/10 967/1014/11 1089/1157/11
f 1089/1157/11 967/1014/11 965/1012/12 1090/1158/12
f 1084/1152/10 1088/1156/10 1089/1157/11 1085/1153/11
f 1085/1153/11 1089/1157/11 1090/1158/12 1087/1155/12
f 952/995/6 1076/1144/6 1091/1159/13 963/1010/13
f 1076/1144/6 1072/1140/6 1092/1160/13 1091/1159/13
f 963/1010/13 1091/1159/13 1090/1158/12 965/1012/12
f 1091/1159/13 1092/1160/13 1087/1155/12 1090/1158/12
f 1070/1138/6 36/36/6 62/62/13 1093/1161/13
f 1093/1161/13 62/62/13 59/59/12 1086/1154/12
f 1072/1140/6 1070/1138/6 1093/1161/13 1092/1160/13
f 1092/1160/13 1093/1161/13 1086/1154/12 1087/1155/12
f 76/76/14 1094/1162/14 1095/1163/15 77/77/15
f 1094/1162/14 1096/1164/14 1097/1165/15 1095/1163/15
f 77/77/15 1095/1163/15 1098/1166/16 79/79/16
f 1095/1163/15 1097/1165/15 1099/1167/16 1098/1166/16
f 1100/1168/14 984/1035/14 983/1034/15 1101/1169/15
f 1101/1169/15 983/1034/15 981/1032/16 1102/1170/16
f 1096/1164/14 1100/1168/14 1101/1169/15 1097/1165/15
f 1097/1165/15 1101/1169/15 1102/1170/16 1099/1167/16
f 968/1015/10 1088/1156/10 1103/1171/17 979/1030/17
f 1088/1156/10 1084/1152/10 1104/1172/17 1103/1171/17
f 979/1030/17 1103/1171/17 1102/1170/16 981/1032/16
f 1103/1171/17 1104/1172/17 1099/1167/16 1102/1170/16
f 1082/1150/10 56/56/10 82/82/17 1105/1173/17
f 1105/1173/17 82/82/17 79/79/16 1098/1166/16
f 1084/1152/10 1082/1150/10 1105/1173/17 1104/1172/17
f 1104/1172/17 1105/1173/17 1098/1166/16 1099/1167/16
f 1110/1174/613 1111/1175/614 1112/1176/615 1113/1177/613
f 1111/1175/614 1114/1178/616 1115/1179/616 1112/1176/615
f 1113/1177/613 1112/1176/615 1116/1180/615 1117/1181/613
f 1112/1176/615 1115/1179/616 1118/1182/616 1116/1180/615
f 1119/1183/617 1106/1184/618 1107/1185/618 1120/1186/617
f 1120/1186/617 1107/1185/618 1108/1187/618 1121/1188/617
f 1114/1178/616 1119/1183/617 1120/1186/617 1115/1179/616
f 1115/1179/616 1120/1186/617 1121/1188/617 1118/1182/616
f 66/1189/618 69/1190/617 1122/1191/617 1109/1192/618
f 69/1190/617 73/1193/616 1123/1194/616 1122/1191/617
f 1109/1192/618 1122/1191/617 1121/1188/617 1108/1187/618
f 1122/1191/617 1123/1194/616 1118/1182/616 1121/1188/617
f 84/1195/615 46/1196/613 1124/1197/613 1125/1198/615
f 1125/1198/615 1124/1197/613 1117/1181/613 1116/1180/615
f 73/1193/616 84/1195/615 1125/1198/615 1123/1194/616
f 1123/1194/616 1125/1198/615 1116/1180/615 1118/1182/616
f 1126/1199/619 1127/1200/620 1128/1201/620 1129/1202/619
f 1127/1200/620 1130/1203/621 1131/1204/621 1128/1201/620
f 1129/1202/619 1128/1201/620 1132/1205/620 1133/1206/619
f 1128/1201/620 1131/1204/621 1134/1207/621 1132/1205/620
f 1135/1208/622 1110/1174/613 1113/1177/613 1136/1209/623
f 1136/1209/623 1113/1177/613 1117/1181/613 1137/1210/623
f 1130/1203/621 1135/1208/622 1136/1209/623 1131/1204/621
f 1131/1204/621 1136/1209/623 1137/1210/623 1134/1207/621
f 46/1196/613 49/1211/623 1138/1212/623 1124/1197/613
f 49/1211/623 53/1213/621 1139/1214/621 1138/1212/623
f 1124/1197/613 1138/1212/623 1137/1210/623 1117/1181/613
f 1138/1212/623 1139/1214/621 1134/1207/621 1137/1210/623
f 64/1215/620 26/1216/624 1140/1217/619 1141/1218/620
f 1141/1218/620 1140/1217/619 1133/1206/619 1132/1205/620
f 53/1213/621 64/1215/620 1141/1218/620 1139/1214/621
f 1139/1214/621 1141/1218/620 1132/1205/620 1134/1207/621
f 1142/1219/625 1143/1220/626 1144/1221/627 1145/1222/625
f 1143/1220/626 1146/1223/628 1147/1224/628 1144/1221/627
f 1145/1222/625 1144/1221/627 1148/1225/627 1149/1226/625
f 1144/1221/627 1147/1224/628 1150/1227/628 1148/1225/627
f 1151/1228/629 1126/1199/619 1129/1202/619 1152/1229/629
f 1152/1229/629 1129/1202/619 1133/1206/619 1153/1230/629
f 1146/1223/628 1151/1228/629 1152/1229/629 1147/1224/628
f 1147/1224/628 1152/1229/629 1153/1230/629 1150/1227/628
f 26/1216/624 29/1231/629 1154/1232/629 1140/1217/619
f 29/1231/629 33/1233/628 1155/1234/628 1154/1232/629
f 1140/1217/619 1154/1232/629 1153/1230/629 1133/1206/619
f 1154/1232/629 1155/1234/628 1150/1227/628 1153/1230/629
f 44/1235/627 6/1236/625 1156/1237/625 1157/1238/627
f 1157/1238/627 1156/1237/625 1149/1226/625 1148/1225/627
f 33/1233/628 44/1235/627 1157/1238/627 1155/1234/628
f 1155/1234/628 1157/1238/627 1148/1225/627 1150/1227/628
f 1158/1239/630 1159/1240/631 1160/1241/631 1161/1242/630
f 1159/1240/631 1162/1243/632 1163/1244/632 1160/1241/631
f 1161/1242/630 1160/1241/631 1164/1245/631 1165/1246/630
f 1160/1241/631 1163/1244/632 1166/1247/632 1164/1245/631
f 1167/1248/633 1142/1219/625 1145/1222/625 1168/1249/634
f 1168/1249/634 1145/1222/625 1149/1226/625 1169/1250/634
f 1162/1243/632 1167/1248/633 1168/1249/634 1163/1244/632
f 1163/1244/632 1168/1249/634 1169/1250/634 1166/1247/632
f 6/1236/625 9/1251/634 1170/1252/634 1156/1237/625
f 9/1251/634 13/1253/632 1171/1254/632 1170/1252/634
f 1156/1237/625 1170/1252/634 1169/1250/634 1149/1226/625
f 1170/1252/634 1171/1254/632 1166/1247/632 1169/1250/634
f 24/1255/631 1/1256/630 1172/1257/630 1173/1258/631
f 1173/1258/631 1172/1257/630 1165/1246/630 1164/1245/631
f 13/1253/632 24/1255/631 1173/1258/631 1171/1254/632
f 1171/1254/632 1173/1258/631 1164/1245/631 1166/1247/632
f 1110/1174/635 1178/1259/636 1179/1260/637 1111/1175/638
f 1178/1259/636 1180/1261/639 1181/1262/640 1179/1260/637
f 1111/1175/638 1179/1260/637 1182/1263/641 1114/1178/642
f 1179/1260/637 1181/1262/640 1183/1264/643 1182/1263/641
f 1184/1265/644 1185/1266/645 1186/1267/646 1187/1268/647
f 1187/1268/647 1186/1267/646 1188/1269/648 1189/1270/649
f 1180/1261/639 1184/1265/644 1187/1268/647 1181/1262/640
f 1181/1262/640 1187/1268/647 1189/1270/649 1183/1264/643
f 1177/1271/650 1176/1272/651 1190/1273/652 1191/1274/653
f 1176/1272/651 1175/1275/654 1192/1276/655 1190/1273/652
f 1191/1274/653 1190/1273/652 1189/1270/649 1188/1269/648
f 1190/1273/652 1192/1276/655 1183/1264/643 1189/1270/649
f 1174/1277/656 1106/1184/657 1119/1183/658 1193/1278/659
f 1193/1278/659 1119/1183/658 1114/1178/642 1182/1263/641
f 1175/1275/654 1174/1277/656 1193/1278/659 1192/1276/655
f 1192/1276/655 1193/1278/659 1182/1263/641 1183/1264/643
f 1126/1199/660 1194/1279/661 1195/1280/662 1127/1200/663
f 1194/1279/661 1196/1281/664 1197/1282/665 1195/1280/662
f 1127/1200/663 1195/1280/662 1198/1283/666 1130/1203/667
f 1195/1280/662 1197/1282/665 1199/1284/668 1198/1283/666
f 1200/1285/669 1201/1286/670 1202/1287/671 1203/1288/672
f 1203/1288/672 1202/1287/671 1204/1289/673 1205/1290/674
f 1196/1281/664 1200/1285/669 1203/1288/672 1197/1282/665
f 1197/1282/665 1203/1288/672 1205/1290/674 1199/1284/668
f 1185/1266/645 1184/1265/644 1206/1291/675 1207/1292/676
f 1184/1265/644 1180/1261/639 1208/1293/677 1206/1291/675
f 1207/1292/676 1206/1291/675 1205/1290/674 1204/1289/673
f 1206/1291/675 1208/1293/677 1199/1284/668 1205/1290/674
f 1178/1259/636 1110/1174/635 1135/1208/678 1209/1294/679
f 1209/1294/679 1135/1208/678 1130/1203/667 1198/1283/666
f 1180/1261/639 1178/1259/636 1209/1294/679 1208/1293/677
f 1208/1293/677 1209/1294/679 1198/1283/666 1199/1284/668
f 1142/1219/680 1210/1295/681 1211/1296/682 1143/1220/683
f 1210/1295/681 1212/1297/684 1213/1298/685 1211/1296/682
f 1143/1220/683 1211/1296/682 1214/1299/686 1146/1223/687
f 1211/1296/682 1213/1298/685 1215/1300/688 1214/1299/686
f 1216/1301/689 1217/1302/690 1218/1303/691 1219/1304/692
f 1219/1304/692 1218/1303/691 1220/1305/693 1221/1306/694
f 1212/1297/684 1216/1301/689 1219/1304/692 1213/1298/685
f 1213/1298/685 1219/1304/692 1221/1306/694 1215/1300/688
f 1201/1286/670 1200/1285/669 1222/1307/695 1223/1308/696
f 1200/1285/669 1196/1281/664 1224/1309/697 1222/1307/695
f 1223/1308/696 1222/1307/695 1221/1306/694 1220/1305/693
f 1222/1307/695 1224/1309/697 1215/1300/688 1221/1306/694
f 1194/1279/661 1126/1199/660 1151/1228/698 1225/1310/699
f 1225/1310/699 1151/1228/698 1146/1223/687 1214/1299/686
f 1196/1281/664 1194/1279/661 1225/1310/699 1224/1309/697
f 1224/1309/697 1225/1310/699 1214/1299/686 1215/1300/688
f 1158/1239/700 1226/1311/701 1227/1312/702 1159/1240/703
f 1226/1311/701 1228/1313/704 1229/1314/705 1227/1312/702
f 1159/1240/703 1227/1312/702 1230/1315/706 1162/1243/707
f 1227/1312/702 1229/1314/705 1231/1316/708 1230/1315/706
f 1232/1317/709 1233/1318/710 1234/1319/711 1235/1320/712
f 1235/1320/712 1234/1319/711 1236/1321/713 1237/1322/714
f 1228/1313/704 1232/1317/709 1235/1320/712 1229/1314/705
f 1229/1314/705 1235/1320/712 1237/1322/714 1231/1316/708
f 1217/1302/690 1216/1301/689 1238/1323/715 1239/1324/716
f 1216/1301/689 1212/1297/684 1240/1325/717 1238/1323/715
f 1239/1324/716 1238/1323/715 1237/1322/714 1236/1321/713
f 1238/1323/715 1240/1325/717 1231/1316/708 1237/1322/714
f 1210/1295/681 1142/1219/680 1167/1248/718 1241/1326/719
f 1241/1326/719 1167/1248/718 1162/1243/707 1230/1315/706
f 1212/1297/684 1210/1295/681 1241/1326/719 1240/1325/717
f 1240/1325/717 1241/1326/719 1230/1315/706 1231/1316/708
f 1246/1327/720 1247/1328/721 1248/1329/722 1249/1330/723
f 1247/1328/721 1250/1331/724 1251/1332/725 1248/1329/722
f 1249/1330/723 1248/1329/722 1252/1333/726 1253/1334/727
f 1248/1329/722 1251/1332/725 1254/1335/728 1252/1333/726
f 1255/1336/729 1242/1337/730 1243/1338/731 1256/1339/732
f 1256/1339/732 1243/1338/731 1244/1340/733 1257/1341/734
f 1250/1331/724 1255/1336/729 1256/1339/732 1251/1332/725
f 1251/1332/725 1256/1339/732 1257/1341/734 1254/1335/728
f 1177/1271/650 1191/1274/653 1258/1342/735 1245/1343/736
f 1191/1274/653 1188/1269/648 1259/1344/737 1258/1342/735
f 1245/1343/736 1258/1342/735 1257/1341/734 1244/1340/733
f 1258/1342/735 1259/1344/737 1254/1335/728 1257/1341/734
f 1186/1267/646 1185/1266/645 1260/1345/738 1261/1346/739
f 1261/1346/739 1260/1345/738 1253/1334/727 1252/1333/726
f 1188/1269/648 1186/1267/646 1261/1346/739 1259/1344/737
f 1259/1344/737 1261/1346/739 1252/1333/726 1254/1335/728
f 1262/1347/740 1263/1348/741 1264/1349/742 1265/1350/743
f 1263/1348/741 1266/1351/744 1267/1352/745 1264/1349/742
f 1265/1350/743 1264/1349/742 1268/1353/746 1269/1354/747
f 1264/1349/742 1267/1352/745 1270/1355/748 1268/1353/746
f 1271/1356/749 1246/1327/720 1249/1330/723 1272/1357/750
f 1272/1357/750 1249/1330/723 1253/1334/727 1273/1358/751
f 1266/1351/744 1271/1356/749 1272/1357/750 1267/1352/745
f 1267/1352/745 1272/1357/750 1273/1358/751 1270/1355/748
f 1185/1266/645 1207/1292/676 1274/1359/752 1260/1345/738
f 1207/1292/676 1204/1289/673 1275/1360/753 1274/1359/752
f 1260/1345/738 1274/1359/752 1273/1358/751 1253/1334/727
f 1274/1359/752 1275/1360/753 1270/1355/748 1273/1358/751
f 1202/1287/671 1201/1286/670 1276/1361/754 1277/1362/755
f 1277/1362/755 1276/1361/754 1269/1354/747 1268/1353/746
f 1204/1289/673 1202/1287/671 1277/1362/755 1275/1360/753
f 1275/1360/753 1277/1362/755 1268/1353/746 1270/1355/748
f 1278/1363/756 1279/1364/757 1280/1365/758 1281/1366/759
f 1279/1364/757 1282/1367/760 1283/1368/761 1280/1365/758
f 1281/1366/759 1280/1365/758 1284/1369/762 1285/1370/763
f 1280/1365/758 1283/1368/761 1286/1371/764 1284/1369/762
f 1287/1372/765 1262/1347/740 1265/1350/743 1288/1373/766
f 1288/1373/766 1265/1350/743 1269/1354/747 1289/1374/767
f 1282/1367/760 1287/1372/765 1288/1373/766 1283/1368/761
f 1283/1368/761 1288/1373/766 1289/1374/767 1286/1371/764
f 1201/1286/670 1223/1308/696 1290/1375/768 1276/1361/754
f 1223/1308/696 1220/1305/693 1291/1376/769 1290/1375/768
f 1276/1361/754 1290/1375/768 1289/1374/767 1269/1354/747
f 1290/1375/768 1291/1376/769 1286/1371/764 1289/1374/767
f 1218/1303/691 1217/1302/690 1292/1377/770 1293/1378/771
f 1293/1378/771 1292/1377/770 1285/1370/763 1284/1369/762
f 1220/1305/693 1218/1303/691 1293/1378/771 1291/1376/769
f 1291/1376/769 1293/1378/771 1284/1369/762 1286/1371/764
f 1294/1379/772 1295/1380/773 1296/1381/774 1297/1382/775
f 1295/1380/773 1298/1383/776 1299/1384/777 1296/1381/774
f 1297/1382/775 1296/1381/774 1300/1385/778 1301/1386/779
f 1296/1381/774 1299/1384/777 1302/1387/780 1300/1385/778
f 1303/1388/781 1278/1363/756 1281/1366/759 1304/1389/782
f 1304/1389/782 1281/1366/759 1285/1370/763 1305/1390/783
f 1298/1383/776 1303/1388/781 1304/1389/782 1299/1384/777
f 1299/1384/777 1304/1389/782 1305/1390/783 1302/1387/780
f 1217/1302/690 1239/1324/716 1306/1391/784 1292/1377/770
f 1239/1324/716 1236/1321/713 1307/1392/785 1306/1391/784
f 1292/1377/770 1306/1391/784 1305/1390/783 1285/1370/763
f 1306/1391/784 1307/1392/785 1302/1387/780 1305/1390/783
f 1234/1319/711 1233/1318/710 1308/1393/786 1309/1394/787
f 1309/1394/787 1308/1393/786 1301/1386/779 1300/1385/778
f 1236/1321/713 1234/1319/711 1309/1394/787 1307/1392/785
f 1307/1392/785 1309/1394/787 1300/1385/778 1302/1387/780
f 1314/1395/10 1315/1396/17 1316/1397/17 1317/1398/10
f 1315/1396/17 1318/1399/16 1319/1400/16 1316/1397/17
f 1317/1398/10 1316/1397/17 1320/1401/17 1321/1402/10
f 1316/1397/17 1319/1400/16 1322/1403/16 1320/1401/17
f 1323/1404/15 1310/1405/14 1311/1406/14 1324/1407/15
f 1324/1407/15 1311/1406/14 1312/1408/14 1325/1409/15
f 1318/1399/16 1323/1404/15 1324/1407/15 1319/1400/16
f 1319/1400/16 1324/1407/15 1325/1409/15 1322/1403/16
f 1242/1337/14 1255/1336/15 1326/1410/15 1313/1411/14
f 1255/1336/15 1250/1331/16 1327/1412/16 1326/1410/15
f 1313/1411/14 1326/1410/15 1325/1409/15 1312/1408/14
f 1326/1410/15 1327/1412/16 1322/1403/16 1325/1409/15
f 1247/1328/17 1246/1327/10 1328/1413/10 1329/1414/17
f 1329/1414/17 1328/1413/10 1321/1402/10 1320/1401/17
f 1250/1331/16 1247/1328/17 1329/1414/17 1327/1412/16
f 1327/1412/16 1329/1414/17 1320/1401/17 1322/1403/16
f 1330/1415/6 1331/1416/13 1332/1417/13 1333/1418/6
f 1331/1416/13 1334/1419/12 1335/1420/12 1332/1417/13
f 1333/1418/6 1332/1417/13 1336/1421/13 1337/1422/6
f 1332/1417/13 1335/1420/12 1338/1423/12 1336/1421/13
f 1339/1424/11 1314/1395/10 1317/1398/10 1340/1425/11
f 1340/1425/11 1317/1398/10 1321/1402/10 1341/1426/11
f 1334/1419/12 1339/1424/11 1340/1425/11 1335/1420/12
f 1335/1420/12 1340/1425/11 1341/1426/11 1338/1423/12
f 1246/1327/10 1271/1356/11 1342/1427/11 1328/1413/10
f 1271/1356/11 1266/1351/12 1343/1428/12 1342/1427/11
f 1328/1413/10 1342/1427/11 1341/1426/11 1321/1402/10
f 1342/1427/11 1343/1428/12 1338/1423/12 1341/1426/11
f 1263/1348/13 1262/1347/6 1344/1429/6 1345/1430/13
f 1345/1430/13 1344/1429/6 1337/1422/6 1336/1421/13
f 1266/1351/12 1263/1348/13 1345/1430/13 1343/1428/12
f 1343/1428/12 1345/1430/13 1336/1421/13 1338/1423/12
f 1346/1431/1 1347/1432/9 1348/1433/9 1349/1434/1
f 1347/1432/9 1350/1435/8 1351/1436/8 1348/1433/9
f 1349/1434/1 1348/1433/9 1352/1437/9 1353/1438/1
f 1348/1433/9 1351/1436/8 1354/1439/8 1352/1437/9
f 1355/1440/7 1330/1415/6 1333/1418/6 1356/1441/7
f 1356/1441/7 1333/1418/6 1337/1422/6 1357/1442/7
f 1350/1435/8 1355/1440/7 1356/1441/7 1351/1436/8
f 1351/1436/8 1356/1441/7 1357/1442/7 1354/1439/8
f 1262/1347/6 1287/1372/7 1358/1443/7 1344/1429/6
f 1287/1372/7 1282/1367/8 1359/1444/8 1358/1443/7
f 1344/1429/6 1358/1443/7 1357/1442/7 1337/1422/6
f 1358/1443/7 1359/1444/8 1354/1439/8 1357/1442/7
f 1279/1364/9 1278/1363/1 1360/1445/1 1361/1446/9
f 1361/1446/9 1360/1445/1 1353/1438/1 1352/1437/9
f 1282/1367/8 1279/1364/9 1361/1446/9 1359/1444/8
f 1359/1444/8 1361/1446/9 1352/1437/9 1354/1439/8
f 1362/1447/4 1363/1448/5 1364/1449/5 1365/1450/4
f 1363/1448/5 1366/1451/3 1367/1452/3 1364/1449/5
f 1365/1450/4 1364/1449/5 1368/1453/5 1369/1454/4
f 1364/1449/5 1367/1452/3 1370/1455/3 1368/1453/5
f 1371/1456/2 1346/1431/1 1349/1434/1 1372/1457/2
f 1372/1457/2 1349/1434/1 1353/1438/1 1373/1458/2
f 1366/1451/3 1371/1456/2 1372/1457/2 1367/1452/3
f 1367/1452/3 1372/1457/2 1373/1458/2 1370/1455/3
f 1278/1363/1 1303/1388/2 1374/1459/2 1360/1445/1
f 1303/1388/2 1298/1383/3 1375/1460/3 1374/1459/2
f 1360/1445/1 1374/1459/2 1373/1458/2 1353/1438/1
f 1374/1459/2 1375/1460/3 1370/1455/3 1373/1458/2
f 1295/1380/5 1294/1379/4 1376/1461/4 1377/1462/5
f 1377/1462/5 1376/1461/4 1369/1454/4 1368/1453/5
f 1298/1383/3 1295/1380/5 1377/1462/5 1375/1460/3
f 1375/1460/3 1377/1462/5 1368/1453/5 1370/1455/3
f 1383/1463/788 1384/1464/789 1385/1465/790 1386/1466/791
f 1384/1464/789 1387/1467/792 1388/1468/793 1385/1465/790
f 1386/1466/791 1385/1465/790 1389/1469/794 1390/1470/795
f 1385/1465/790 1388/1468/793 1391/1471/796 1389/1469/794
f 1392/1472/797 1378/1473/798 1379/1474/799 1393/1475/800
f 1393/1475/800 1379/1474/799 1380/1476/801 1394/1477/802
f 1387/1467/792 1392/1472/797 1393/1475/800 1388/1468/793
f 1388/1468/793 1393/1475/800 1394/1477/802 1391/1471/796
f 1381/1478/803 1395/1479/804 1396/1480/805 1382/1481/806
f 1395/1479/804 1397/1482/807 1398/1483/808 1396/1480/805
f 1382/1481/806 1396/1480/805 1394/1477/802 1380/1476/801
f 1396/1480/805 1398/1483/808 1391/1471/796 1394/1477/802
f 1399/1484/809 1400/1485/810 1401/1486/811 1402/1487/812
f 1402/1487/812 1401/1486/811 1390/1470/795 1389/1469/794
f 1397/1482/807 1399/1484/809 1402/1487/812 1398/1483/808
f 1398/1483/808 1402/1487/812 1389/1469/794 1391/1471/796
f 1403/1488/813 1404/1489/814 1405/1490/815 1406/1491/816
f 1404/1489/814 1407/1492/817 1408/1493/818 1405/1490/815
f 1406/1491/816 1405/1490/815 1409/1494/819 1410/1495/820
f 1405/1490/815 1408/1493/818 1411/1496/821 1409/1494/819
f 1412/1497/822 1383/1463/788 1386/1466/791 1413/1498/823
f 1413/1498/823 1386/1466/791 1390/1470/795 1414/1499/824
f 1407/1492/817 1412/1497/822 1413/1498/823 1408/1493/818
f 1408/1493/818 1413/1498/823 1414/1499/824 1411/1496/821
f 1400/1485/810 1415/1500/825 1416/1501/826 1401/1486/811
f 1415/1500/825 1417/1502/827 1418/1503/828 1416/1501/826
f 1401/1486/811 1416/1501/826 1414/1499/824 1390/1470/795
f 1416/1501/826 1418/1503/828 1411/1496/821 1414/1499/824
f 1419/1504/829 1420/1505/830 1421/1506/831 1422/1507/832
f 1422/1507/832 1421/1506/831 1410/1495/820 1409/1494/819
f 1417/1502/827 1419/1504/829 1422/1507/832 1418/1503/828
f 1418/1503/828 1422/1507/832 1409/1494/819 1411/1496/821
f 1423/1508/833 1424/1509/834 1425/1510/835 1426/1511/836
f 1424/1509/834 1427/1512/837 1428/1513/838 1425/1510/835
f 1426/1511/836 1425/1510/835 1429/1514/839 1430/1515/840
f 1425/1510/835 1428/1513/838 1431/1516/841 1429/1514/839
f 1432/1517/842 1403/1488/813 1406/1491/816 1433/1518/843
f 1433/1518/843 1406/1491/816 1410/1495/820 1434/1519/844
f 1427/1512/837 1432/1517/842 1433/1518/843 1428/1513/838
f 1428/1513/838 1433/1518/843 1434/1519/844 1431/1516/841
f 1420/1505/830 1435/1520/845 1436/1521/846 1421/1506/831
f 1435/1520/845 1437/1522/847 1438/1523/848 1436/1521/846
f 1421/1506/831 1436/1521/846 1434/1519/844 1410/1495/820
f 1436/1521/846 1438/1523/848 1431/1516/841 1434/1519/844
f 1439/1524/849 1440/1525/850 1441/1526/851 1442/1527/852
f 1442/1527/852 1441/1526/851 1430/1515/840 1429/1514/839
f 1437/1522/847 1439/1524/849 1442/1527/852 1438/1523/848
f 1438/1523/848 1442/1527/852 1429/1514/839 1431/1516/841
f 1443/1528/853 1444/1529/854 1445/1530/855 1446/1531/856
f 1444/1529/854 1447/1532/857 1448/1533/858 1445/1530/855
f 1446/1531/856 1445/1530/855 1449/1534/859 1450/1535/860
f 1445/1530/855 1448/1533/858 1451/1536/861 1449/1534/859
f 1452/1537/862 1423/1508/833 1426/1511/836 1453/1538/863
f 1453/1538/863 1426/1511/836 1430/1515/840 1454/1539/864
f 1447/1532/857 1452/1537/862 1453/1538/863 1448/1533/858
f 1448/1533/858 1453/1538/863 1454/1539/864 1451/1536/861
f 1440/1525/850 1455/1540/865 1456/1541/866 1441/1526/851
f 1455/1540/865 1457/1542/867 1458/1543/868 1456/1541/866
f 1441/1526/851 1456/1541/866 1454/1539/864 1430/1515/840
f 1456/1541/866 1458/1543/868 1451/1536/861 1454/1539/864
f 1459/1544/869 1460/1545/870 1461/1546/871 1462/1547/872
f 1462/1547/872 1461/1546/871 1450/1535/860 1449/1534/859
f 1457/1542/867 1459/1544/869 1462/1547/872 1458/1543/868
f 1458/1543/868 1462/1547/872 1449/1534/859 1451/1536/861
f 1470/1548/873 1471/1549/874 1472/1550/875 1473/1551/876
f 1471/1549/874 1474/1552/877 1475/1553/878 1472/1550/875
f 1473/1551/876 1472/1550/875 1476/1554/879 1477/1555/880
f 1472/1550/875 1475/1553/878 1478/1556/881 1476/1554/879
f 1479/1557/882 1463/1558/883 1464/1559/884 1480/1560/885
f 1480/1560/885 1464/1559/884 1465/1561/886 1481/1562/887
f 1474/1552/877 1479/1557/882 1480/1560/885 1475/1553/878
f 1475/1553/878 1480/1560/885 1481/1562/887 1478/1556/881
f 1378/1473/798 1392/1472/797 1482/1563/888 1466/1564/889
f 1392/1472/797 1387/1467/792 1483/1565/890 1482/1563/888
f 1466/1564/889 1482/1563/888 1481/1562/887 1465/1561/886
f 1482/1563/888 1483/1565/890 1478/1556/881 1481/1562/887
f 1384/1464/789 1383/1463/788 1484/1566/891 1485/1567/892
f 1485/1567/892 1484/1566/891 1477/1555/880 1476/1554/879
f 1387/1467/792 1384/1464/789 1485/1567/892 1483/1565/890
f 1483/1565/890 1485/1567/892 1476/1554/879 1478/1556/881
f 1310/1568/893 1323/1569/894 1486/1570/895 1467/1571/896
f 1323/1569/894 1318/1572/897 1487/1573/898 1486/1570/895
f 1467/1571/896 1486/1570/895 1488/1574/899 1468/1575/900
f 1486/1570/895 1487/1573/898 1489/1576/901 1488/1574/899
f 1315/1577/902 1314/1578/903 1490/1579/904 1491/1580/905
f 1491/1580/905 1490/1579/904 1492/1581/906 1493/1582/907
f 1318/1572/897 1315/1577/902 1491/1580/905 1487/1573/898
f 1487/1573/898 1491/1580/905 1493/1582/907 1489/1576/901
f 1400/1485/810 1399/1484/809 1494/1583/908 1495/1584/909
f 1399/1484/809 1397/1482/807 1496/1585/910 1494/1583/908
f 1495/1584/909 1494/1583/908 1493/1582/907 1492/1581/906
f 1494/1583/908 1496/1585/910 1489/1576/901 1493/1582/907
f 1395/1479/804 1381/1478/803 1469/1586/911 1497/1587/912
f 1497/1587/912 1469/1586/911 1468/1575/900 1488/1574/899
f 1397/1482/807 1395/1479/804 1497/1587/912 1496/1585/910
f 1496/1585/910 1497/1587/912 1488/1574/899 1489/1576/901
f 1498/1588/913 1499/1589/914 1500/1590/915 1501/1591/916
f 1499/1589/914 1502/1592/917 1503/1593/918 1500/1590/915
f 1501/1591/916 1500/1590/915 1504/1594/919 1505/1595/920
f 1500/1590/915 1503/1593/918 1506/1596/921 1504/1594/919
f 1507/1597/922 1470/1548/873 1473/1551/876 1508/1598/923
f 1508/1598/923 1473/1551/876 1477/1555/880 1509/1599/924
f 1502/1592/917 1507/1597/922 1508/1598/923 1503/1593/918
f 1503/1593/918 1508/1598/923 1509/1599/924 1506/1596/921
f 1383/1463/788 1412/1497/822 1510/1600/925 1484/1566/891
f 1412/1497/822 1407/1492/817 1511/1601/926 1510/1600/925
f 1484/1566/891 1510/1600/925 1509/1599/924 1477/1555/880
f 1510/1600/925 1511/1601/926 1506/1596/921 1509/1599/924
f 1404/1489/814 1403/1488/813 1512/1602/927 1513/1603/928
f 1513/1603/928 1512/1602/927 1505/1595/920 1504/1594/919
f 1407/1492/817 1404/1489/814 1513/1603/928 1511/1601/926
f 1511/1601/926 1513/1603/928 1504/1594/919 1506/1596/921
f 1314/1578/903 1339/1604/929 1514/1605/930 1490/1579/904
f 1339/1604/929 1334/1606/931 1515/1607/932 1514/1605/930
f 1490/1579/904 1514/1605/930 1516/1608/933 1492/1581/906
f 1514/1605/930 1515/1607/932 1517/1609/934 1516/1608/933
f 1331/1610/935 1330/1611/936 1518/1612/937 1519/1613/938
f 1519/1613/938 1518/1612/937 1520/1614/939 1521/1615/940
f 1334/1606/931 1331/1610/935 1519/1613/938 1515/1607/932
f 1515/1607/932 1519/1613/938 1521/1615/940 1517/1609/934
f 1420/1505/830 1419/1504/829 1522/1616/941 1523/1617/942
f 1419/1504/829 1417/1502/827 1524/1618/943 1522/1616/941
f 1523/1617/942 1522/1616/941 1521/1615/940 1520/1614/939
f 1522/1616/941 1524/1618/943 1517/1609/934 1521/1615/940
f 1415/1500/825 1400/1485/810 1495/1584/909 1525/1619/944
f 1525/1619/944 1495/1584/909 1492/1581/906 1516/1608/933
f 1417/1502/827 1415/1500/825 1525/1619/944 1524/1618/943
f 1524/1618/943 1525/1619/944 1516/1608/933 1517/1609/934
f 1526/1620/945 1527/1621/946 1528/1622/947 1529/1623/948
f 1527/1621/946 1530/1624/949 1531/1625/950 1528/1622/947
f 1529/1623/948 1528/1622/947 1532/1626/951 1533/1627/952
f 1528/1622/947 1531/1625/950 1534/1628/953 1532/1626/951
f 1535/1629/954 1498/1588/913 1501/1591/916 1536/1630/955
f 1536/1630/955 1501/1591/916 1505/1595/920 1537/1631/956
f 1530/1624/949 1535/1629/954 1536/1630/955 1531/1625/950
f 1531/1625/950 1536/1630/955 1537/1631/956 1534/1628/953
f 1403/1488/813 1432/1517/842 1538/1632/957 1512/1602/927
f 1432/1517/842 1427/1512/837 1539/1633/958 1538/1632/957
f 1512/1602/927 1538/1632/957 1537/1631/956 1505/1595/920
f 1538/1632/957 1539/1633/958 1534/1628/953 1537/1631/956
f 1424/1509/834 1423/1508/833 1540/1634/959 1541/1635/960
f 1541/1635/960 1540/1634/959 1533/1627/952 1532/1626/951
f 1427/1512/837 1424/1509/834 1541/1635/960 1539/1633/958
f 1539/1633/958 1541/1635/960 1532/1626/951 1534/1628/953
f 1330/1611/936 1355/1636/961 1542/1637/962 1518/1612/937
f 1355/1636/961 1350/1638/963 1543/1639/964 1542/1637/962
f 1518/1612/937 1542/1637/962 1544/1640/965 1520/1614/939
f 1542/1637/962 1543/1639/964 1545/1641/966 1544/1640/965
f 1347/1642/967 1346/1643/968 1546/1644/969 1547/1645/970
f 1547/1645/970 1546/1644/969 1548/1646/971 1549/1647/972
f 1350/1638/963 1347/1642/967 1547/1645/970 1543/1639/964
f 1543/1639/964 1547/1645/970 1549/1647/972 1545/1641/966
f 1440/1525/850 1439/1524/849 1550/1648/973 1551/1649/974
f 1439/1524/849 1437/1522/847 1552/1650/975 1550/1648/973
f 1551/1649/974 1550/1648/973 1549/1647/972 1548/1646/971
f 1550/1648/973 1552/1650/975 1545/1641/966 1549/1647/972
f 1435/1520/845 1420/1505/830 1523/1617/942 1553/1651/976
f 1553/1651/976 1523/1617/942 1520/1614/939 1544/1640/965
f 1437/1522/847 1435/1520/845 1553/1651/976 1552/1650/975
f 1552/1650/975 1553/1651/976 1544/1640/965 1545/1641/966
f 1554/1652/977 1555/1653/978 1556/1654/979 1557/1655/980
f 1555/1653/978 1558/1656/981 1559/1657/982 1556/1654/979
f 1557/1655/980 1556/1654/979 1560/1658/983 1561/1659/984
f 1556/1654/979 1559/1657/982 1562/1660/985 1560/1658/983
f 1563/1661/986 1526/1620/945 1529/1623/948 1564/1662/987
f 1564/1662/987 1529/1623/948 1533/1627/952 1565/1663/988
f 1558/1656/981 1563/1661/986 1564/1662/987 1559/1657/982
f 1559/1657/982 1564/1662/987 1565/1663/988 1562/1660/985
f 1423/1508/833 1452/1537/862 1566/1664/989 1540/1634/959
f 1452/1537/862 1447/1532/857 1567/1665/990 1566/1664/989
f 1540/1634/959 1566/1664/989 1565/1663/988 1533/1627/952
f 1566/1664/989 1567/1665/990 1562/1660/985 1565/1663/988
f 1444/1529/854 1443/1528/853 1568/1666/991 1569/1667/992
f 1569/1667/992 1568/1666/991 1561/1659/984 1560/1658/983
f 1447/1532/857 1444/1529/854 1569/1667/992 1567/1665/990
f 1567/1665/990 1569/1667/992 1560/1658/983 1562/1660/985
f 1346/1643/968 1371/1668/993 1570/1669/994 1546/1644/969
f 1371/1668/993 1366/1670/995 1571/1671/996 1570/1669/994
f 1546/1644/969 1570/1669/994 1572/1672/997 1548/1646/971
f 1570/1669/994 1571/1671/996 1573/1673/998 1572/1672/997
f 1363/1674/999 1362/1675/1000 1574/1676/1001 1575/1677/1002
f 1575/1677/1002 1574/1676/1001 1576/1678/1003 1577/1679/1004
f 1366/1670/995 1363/1674/999 1575/1677/1002 1571/1671/996
f 1571/1671/996 1575/1677/1002 1577/1679/1004 1573/1673/998
f 1460/1545/870 1459/1544/869 1578/1680/1005 1579/1681/1006
f 1459/1544/869 1457/1542/867 1580/1682/1007 1578/1680/1005
f 1579/1681/1006 1578/1680/1005 1577/1679/1004 1576/1678/1003
f 1578/1680/1005 1580/1682/1007 1573/1673/998 1577/1679/1004
f 1455/1540/865 1440/1525/850 1551/1649/974 1581/1683/1008
f 1581/1683/1008 1551/1649/974 1548/1646/971 1572/1672/997
f 1457/1542/867 1455/1540/865 1581/1683/1008 1580/1682/1007
f 1580/1682/1007 1581/1683/1008 1572/1672/997 1573/1673/998
f 1463/1684/1009 1479/1685/1009 1586/1686/1009 1582/1687/1009
f 1479/1685/1009 1474/1688/1009 1587/1689/1009 1586/1686/1009
f 1582/1687/1009 1586/1686/1009 1588/1690/1009 1583/1691/1009
f 1586/1686/1009 1587/1689/1009 1589/1692/1009 1588/1690/1009
f 1471/1693/1009 1470/1694/1009 1590/1695/1009 1591/1696/1009
f 1591/1696/1009 1590/1695/1009 1592/1697/1009 1593/1698/1009
f 1474/1688/1009 1471/1693/1009 1591/1696/1009 1587/1689/1009
f 1587/1689/1009 1591/1696/1009 1593/1698/1009 1589/1692/1009
f 1594/1699/1009 1595/1700/1009 1596/1701/1009 1597/1702/1009
f 1595/1700/1009 1598/1703/1009 1599/1704/1009 1596/1701/1009
f 1597/1702/1009 1596/1701/1009 1593/1698/1009 1592/1697/1009
f 1596/1701/1009 1599/1704/1009 1589/1692/1009 1593/1698/1009
f 1600/1705/1009 1584/1706/1009 1585/1707/1009 1601/1708/1009
f 1601/1708/1009 1585/1707/1009 1583/1691/1009 1588/1690/1009
f 1598/1703/1009 1600/1705/1009 1601/1708/1009 1599/1704/1009
f 1599/1704/1009 1601/1708/1009 1588/1690/1009 1589/1692/1009
f 1470/1694/1009 1507/1709/1009 1602/1710/1009 1590/1695/1009
f 1507/1709/1009 1502/1711/1009 1603/1712/1009 1602/1710/1009
f 1590/1695/1009 1602/1710/1009 1604/1713/1009 1592/1697/1009
f 1602/1710/1009 1603/1712/1009 1605/1714/1009 1604/1713/1009
f 1499/1715/1009 1498/1716/1009 1606/1717/1009 1607/1718/1009
f 1607/1718/1009 1606/1717/1009 1608/1719/1009 1609/1720/1009
f 1502/1711/1009 1499/1715/1009 1607/1718/1009 1603/1712/1009
f 1603/1712/1009 1607/1718/1009 1609/1720/1009 1605/1714/1009
f 1610/1721/1009 1611/1722/1009 1612/1723/1009 1613/1724/1009
f 1611/1722/1009 1614/1725/1009 1615/1726/1009 1612/1723/1009
f 1613/1724/1009 1612/1723/1009 1609/1720/1009 1608/1719/1009
f 1612/1723/1009 1615/1726/1009 1605/1714/1009 1609/1720/1009
f 1616/1727/1009 1594/1699/1009 1597/1702/1009 1617/1728/1009
f 1617/1728/1009 1597/1702/1009 1592/1697/1009 1604/1713/1009
f 1614/1725/1009 1616/1727/1009 1617/1728/1009 1615/1726/1009
f 1615/1726/1009 1617/1728/1009 1604/1713/1009 1605/1714/1009
f 1498/1716/1009 1535/1729/1009 1618/1730/1009 1606/1717/1009
f 1535/1729/1009 1530/1731/1009 1619/1732/1009 1618/1730/1009
f 1606/1717/1009 1618/1730/1009 1620/1733/1009 1608/1719/1009
f 1618/1730/1009 1619/1732/1009 1621/1734/1009 1620/1733/1009
f 1527/1735/1009 1526/1736/1009 1622/1737/1009 1623/1738/1009
f 1623/1738/1009 1622/1737/1009 1624/1739/1009 1625/1740/1009
f 1530/1731/1009 1527/1735/1009 1623/1738/1009 1619/1732/1009
f 1619/1732/1009 1623/1738/1009 1625/1740/1009 1621/1734/1009
f 1626/1741/1009 1627/1742/1009 1628/1743/1009 1629/1744/1009
f 1627/1742/1009 1630/1745/1009 1631/1746/1009 1628/1743/1009
f 1629/1744/1009 1628/1743/1009 1625/1740/1009 1624/1739/1009
f 1628/1743/1009 1631/1746/1009 1621/1734/1009 1625/1740/1009
f 1632/1747/1009 1610/1721/1009 1613/1724/1009 1633/1748/1009
f 1633/1748/1009 1613/1724/1009 1608/1719/1009 1620/1733/1009
f 1630/1745/1009 1632/1747/1009 1633/1748/1009 1631/1746/1009
f 1631/1746/1009 1633/1748/1009 1620/1733/1009 1621/1734/1009
f 1526/1736/1009 1563/1749/1009 1634/1750/1009 1622/1737/1009
f 1563/1749/1009 1558/1751/1009 1635/1752/1009 1634/1750/1009
f 1622/1737/1009 1634/1750/1009 1636/1753/1009 1624/1739/1009
f 1634/1750/1009 1635/1752/1009 1637/1754/1009 1636/1753/1009
f 1555/1755/1009 1554/1756/1009 1638/1757/1009 1639/1758/1009
f 1639/1758/1009 1638/1757/1009 1640/1759/1009 1641/1760/1009
f 1558/1751/1009 1555/1755/1009 1639/1758/1009 1635/1752/1009
f 1635/1752/1009 1639/1758/1009 1641/1760/1009 1637/1754/1009
f 1642/1761/1009 1643/1762/1009 1644/1763/1009 1645/1764/1009
f 1643/1762/1009 1646/1765/1009 1647/1766/1009 1644/1763/1009
f 1645/1764/1009 1644/1763/1009 1641/1760/1009 1640/1759/1009
f 1644/1763/1009 1647/1766/1009 1637/1754/1009 1641/1760/1009
f 1648/1767/1009 1626/1741/1009 1629/1744/1009 1649/1768/1009
f 1649/1768/1009 1629/1744/1009 1624/1739/1009 1636/1753/1009
f 1646/1765/1009 1648/1767/1009 1649/1768/1009 1647/1766/1009
f 1647/1766/1009 1649/1768/1009 1636/1753/1009 1637/1754/1009
f 989/1060/607 1005/1059/607 1651/1769/607
f 1005/1059/607 1003/1057/607 1652/1770/607 1651/1769/607
f 1651/1769/607 1652/1770/607 1653/1771/607
f 1000/1054/607 999/1053/607 1654/1772/607 1655/1773/607
f 1655/1773/607 1654/1772/607 1656/1774/607 1657/1775/607
f 1003/1057/607 1000/1054/607 1655/1773/607 1652/1770/607
f 1652/1770/607 1655/1773/607 1657/1775/607 1653/1771/607
f 1659/1776/607 1658/1777/607 1657/1775/607 1656/1774/607
f 1015/1075/607 1037/1101/607 1660/1778/607 1016/1076/607
f 1037/1101/607 1035/1099/607 1661/1779/607 1660/1778/607
f 1016/1076/607 1660/1778/607 1662/1780/607 1019/1079/607
f 1660/1778/607 1661/1779/607 1663/1781/607 1662/1780/607
f 1032/1096/607 1031/1095/607 1664/1782/607 1665/1783/607
f 1665/1783/607 1664/1782/607 1666/1784/607 1667/1785/607
f 1035/1099/607 1032/1096/607 1665/1783/607 1661/1779/607
f 1661/1779/607 1665/1783/607 1667/1785/607 1663/1781/607
f 1650/1786/607 1659/1776/607 1668/1787/607 1669/1788/607
f 1659/1776/607 1656/1774/607 1670/1789/607 1668/1787/607
f 1669/1788/607 1668/1787/607 1667/1785/607 1666/1784/607
f 1668/1787/607 1670/1789/607 1663/1781/607 1667/1785/607
f 1654/1772/607 999/1053/607 1021/1081/607 1671/1790/607
f 1671/1790/607 1021/1081/607 1019/1079/607 1662/1780/607
f 1656/1774/607 1654/1772/607 1671/1790/607 1670/1789/607
f 1670/1789/607 1671/1790/607 1662/1780/607 1663/1781/607
f 1048/1116/607 1672/1791/607 1673/1792/607 1051/1119/607
f 1650/1786/607 1669/1788/607 1675/1793/607
f 1669/1788/607 1666/1784/607 1676/1794/607 1675/1793/607
f 1675/1793/607 1676/1794/607 1674/1795/607
f 1664/1782/607 1031/1095/607 1053/1121/607 1677/1796/607
f 1677/1796/607 1053/1121/607 1051/1119/607 1673/1792/607
f 1666/1784/607 1664/1782/607 1677/1796/607 1676/1794/607
f 1676/1794/607 1677/1796/607 1673/1792/607 1674/1795/607
f 1584/1706/1009 1600/1705/1009 1678/1797/1009
f 1600/1705/1009 1598/1703/1009 1679/1798/1009 1678/1797/1009
f 1678/1797/1009 1679/1798/1009 1680/1799/1009
f 1595/1700/1009 1594/1699/1009 1681/1800/1009 1682/1801/1009
f 1682/1801/1009 1681/1800/1009 1683/1802/1009 1684/1803/1009
f 1598/1703/1009 1595/1700/1009 1682/1801/1009 1679/1798/1009
f 1679/1798/1009 1682/1801/1009 1684/1803/1009 1680/1799/1009
f 1687/1804/1009 1686/1805/1009 1684/1803/1009 1683/1802/1009
f 1610/1721/1009 1632/1747/1009 1688/1806/1009 1611/1722/1009
f 1632/1747/1009 1630/1745/1009 1689/1807/1009 1688/1806/1009
f 1611/1722/1009 1688/1806/1009 1690/1808/1009 1614/1725/1009
f 1688/1806/1009 1689/1807/1009 1691/1809/1009 1690/1808/1009
f 1627/1742/1009 1626/1741/1009 1692/1810/1009 1693/1811/1009
f 1693/1811/1009 1692/1810/1009 1694/1812/1009 1695/1813/1009
f 1630/1745/1009 1627/1742/1009 1693/1811/1009 1689/1807/1009
f 1689/1807/1009 1693/1811/1009 1695/1813/1009 1691/1809/1009
f 1685/1814/1009 1687/1804/1009 1696/1815/1009 1697/1816/1009
f 1687/1804/1009 1683/1802/1009 1698/1817/1009 1696/1815/1009
f 1697/1816/1009 1696/1815/1009 1695/1813/1009 1694/1812/1009
f 1696/1815/1009 1698/1817/1009 1691/1809/1009 1695/1813/1009
f 1681/1800/1009 1594/1699/1009 1616/1727/1009 1699/1818/1009
f 1699/1818/1009 1616/1727/1009 1614/1725/1009 1690/1808/1009
f 1683/1802/1009 1681/1800/1009 1699/1818/1009 1698/1817/1009
f 1698/1817/1009 1699/1818/1009 1690/1808/1009 1691/1809/1009
f 1643/1762/1009 1700/1819/1009 1701/1820/1009 1646/1765/1009
f 1685/1814/1009 1697/1816/1009 1703/1821/1009
f 1697/1816/1009 1694/1812/1009 1704/1822/1009 1703/1821/1009
f 1703/1821/1009 1704/1822/1009 1702/1823/1009
f 1692/1810/1009 1626/1741/1009 1648/1767/1009 1705/1824/1009
f 1705/1824/1009 1648/1767/1009 1646/1765/1009 1701/1820/1009
f 1694/1812/1009 1692/1810/1009 1705/1824/1009 1704/1822/1009
f 1704/1822/1009 1705/1824/1009 1701/1820/1009 1702/1823/1009
f 1706/1825/607 1707/1826/607 1708/1827/607 1709/1828/607
f 1707/1826/607 1710/1829/607 1711/1830/607 1708/1827/607
f 1709/1828/607 1708/1827/607 1712/1831/607 1713/1832/607
f 1708/1827/607 1711/1830/607 1714/1833/607 1712/1831/607
f 1715/1834/607 1716/1835/607 1717/1836/607 1718/1837/607
f 1718/1837/607 1717/1836/607 1719/1838/607 1720/1839/607
f 1710/1829/607 1715/1834/607 1718/1837/607 1711/1830/607
f 1711/1830/607 1718/1837/607 1720/1839/607 1714/1833/607
f 1721/1840/1009 1722/1841/1009 1723/1842/1009 1724/1843/1009
f 1722/1841/1009 1725/1844/1009 1726/1845/1009 1723/1842/1009
f 1724/1843/1009 1723/1842/1009 1727/1846/1009 1728/1847/1009
f 1723/1842/1009 1726/1845/1009 1729/1848/1009 1727/1846/1009
f 1730/1849/1009 1731/1850/1009 1732/1851/1009 1733/1852/1009
f 1733/1852/1009 1732/1851/1009 1734/1853/1009 1735/1854/1009
f 1725/1844/1009 1730/1849/1009 1733/1852/1009 1726/1845/1009
f 1726/1845/1009 1733/1852/1009 1735/1854/1009 1729/1848/1009
f 1716/1835/1010 1736/1855/1010 1737/1856/1010 1717/1836/1010
f 1736/1855/1010 1738/1857/1010 1739/1858/1010 1737/1856/1010
f 1717/1836/1010 1737/1856/1010 1740/1859/1010 1719/1838/1010
f 1737/1856/1010 1739/1858/1010 1741/1860/1010 1740/1859/1010
f 1742/1861/1010 1721/1862/1010 1724/1863/1010 1743/1864/1010
f 1743/1864/1010 1724/1863/1010 1728/1865/1010 1744/1866/1010
f 1738/1857/1010 1742/1861/1010 1743/1864/1010 1739/1858/1010
f 1739/1858/1010 1743/1864/1010 1744/1866/1010 1741/1860/1010
f 1706/1825/1011 1709/1828/1011 1745/1867/1011 1746/1868/1011
f 1709/1828/1011 1713/1832/1011 1747/1869/1011 1745/1867/1011
f 1746/1868/1011 1745/1867/1011 1748/1870/1011 1749/1871/1011
f 1745/1867/1011 1747/1869/1011 1750/1872/1011 1748/1870/1011
f 1732/1873/1011 1731/1874/1011 1752/1875/1011 1753/1876/1011
f 1753/1876/1011 1752/1875/1011 1749/1871/1011 1748/1870/1011
f 1734/1877/1011 1732/1873/1011 1753/1876/1011 1751/1878/1011
f 1751/1878/1011 1753/1876/1011 1748/1870/1011 1750/1872/1011
f 1716/1835/6 1715/1834/6 1754/1879/6 1736/1880/6
f 1715/1834/6 1710/1829/6 1755/1881/6 1754/1879/6
f 1736/1880/6 1754/1879/6 1756/1882/6 1738/1883/6
f 1754/1879/6 1755/1881/6 1757/1884/6 1756/1882/6
f 1707/1826/6 1706/1825/6 1746/1885/6 1758/1886/6
f 1758/1886/6 1746/1885/6 1749/1887/6 1759/1888/6
f 1710/1829/6 1707/1826/6 1758/1886/6 1755/1881/6
f 1755/1881/6 1758/1886/6 1759/1888/6 1757/1884/6
f 1731/1889/6 1730/1890/6 1760/1891/6 1752/1892/6
f 1730/1890/6 1725/1893/6 1761/1894/6 1760/1891/6
f 1752/1892/6 1760/1891/6 1759/1888/6 1749/1887/6
f 1760/1891/6 1761/1894/6 1757/1884/6 1759/1888/6
f 1722/1895/6 1721/1896/6 1742/1897/6 1762/1898/6
f 1762/1898/6 1742/1897/6 1738/1883/6 1756/1882/6
f 1725/1893/6 1722/1895/6 1762/1898/6 1761/1894/6
f 1761/1894/6 1762/1898/6 1756/1882/6 1757/1884/6
f 1763/1899/1009 1764/1900/1009 1765/1901/1009 1766/1902/1009
f 1764/1900/1009 1767/1903/1009 1768/1904/1009 1765/1901/1009
f 1766/1902/1009 1765/1901/1009 1769/1905/1009 1770/1906/1009
f 1765/1901/1009 1768/1904/1009 1771/1907/1009 1769/1905/1009
f 1772/1908/1009 1773/1909/1009 1774/1910/1009 1775/1911/1009
f 1775/1911/1009 1774/1910/1009 1776/1912/1009 1777/1913/1009
f 1767/1903/1009 1772/1908/1009 1775/1911/1009 1768/1904/1009
f 1768/1904/1009 1775/1911/1009 1777/1913/1009 1771/1907/1009
f 1778/1914/607 1779/1915/607 1780/1916/607 1781/1917/607
f 1779/1915/607 1782/1918/607 1783/1919/607 1780/1916/607
f 1781/1917/607 1780/1916/607 1784/1920/607 1785/1921/607
f 1780/1916/607 1783/1919/607 1786/1922/607 1784/1920/607
f 1787/1923/607 1788/1924/607 1789/1925/607 1790/1926/607
f 1790/1926/607 1789/1925/607 1791/1927/607 1792/1928/607
f 1782/1918/607 1787/1923/607 1790/1926/607 1783/1919/607
f 1783/1919/607 1790/1926/607 1792/1928/607 1786/1922/607
f 1793/1929/1010 1794/1930/1010 1795/1931/1010 1796/1932/1010
f 1794/1930/1010 1797/1933/1010 1798/1934/1010 1795/1931/1010
f 1796/1932/1010 1795/1931/1010 1799/1935/1010 1800/1936/1010
f 1795/1931/1010 1798/1934/1010 1801/1937/1010 1799/1935/1010
f 1802/1938/1010 1763/1899/1010 1766/1902/1010 1803/1939/1010
f 1803/1939/1010 1766/1902/1010 1770/1906/1010 1804/1940/1010
f 1797/1933/1010 1802/1938/1010 1803/1939/1010 1798/1934/1010
f 1798/1934/1010 1803/1939/1010 1804/1940/1010 1801/1937/1010
f 1773/1909/1011 1809/1941/1011 1810/1942/1011 1774/1910/1011
f 1809/1941/1011 1811/1943/1011 1812/1944/1011 1810/1942/1011
f 1774/1910/1011 1810/1942/1011 1808/1945/1011 1776/1912/1011
f 1810/1942/1011 1812/1944/1011 1807/1946/1011 1808/1945/1011
f 1813/1947/1011 1814/1948/1011 1815/1949/1011 1816/1950/1011
f 1816/1950/1011 1815/1949/1011 1806/1951/1011 1805/1952/1011
f 1811/1943/1011 1813/1947/1011 1816/1950/1011 1812/1944/1011
f 1812/1944/1011 1816/1950/1011 1805/1952/1011 1807/1946/1011
f 1814/1953/6 1813/1954/6 1817/1955/6 1818/1956/6
f 1813/1954/6 1811/1957/6 1819/1958/6 1817/1955/6
f 1818/1956/6 1817/1955/6 1820/1959/6 1821/1960/6
f 1817/1955/6 1819/1958/6 1822/1961/6 1820/1959/6
f 1809/1962/6 1773/1909/6 1772/1908/6 1823/1963/6
f 1823/1963/6 1772/1908/6 1767/1903/6 1824/1964/6
f 1811/1957/6 1809/1962/6 1823/1963/6 1819/1958/6
f 1819/1958/6 1823/1963/6 1824/1964/6 1822/1961/6
f 1763/1899/6 1802/1965/6 1825/1966/6 1764/1900/6
f 1802/1965/6 1797/1967/6 1826/1968/6 1825/1966/6
f 1764/1900/6 1825/1966/6 1824/1964/6 1767/1903/6
f 1825/1966/6 1826/1968/6 1822/1961/6 1824/1964/6
f 1794/1969/6 1793/1970/6 1827/1971/6 1828/1972/6
f 1828/1972/6 1827/1971/6 1821/1960/6 1820/1959/6
f 1797/1967/6 1794/1969/6 1828/1972/6 1826/1968/6
f 1826/1968/6 1828/1972/6 1820/1959/6 1822/1961/6
f 1833/1973/1012 1834/1974/1012 1835/1975/1012 1836/1976/1012
f 1834/1974/1012 1837/1977/1012 1838/1978/1012 1835/1975/1012
f 1836/1976/1012 1835/1975/1012 1832/1979/1012 1831/1980/1012
f 1835/1975/1012 1838/1978/1012 1830/1981/1012 1832/1979/1012
f 1839/1982/1012 1793/1929/1013 1796/1932/1013 1840/1983/1012
f 1840/1983/1012 1796/1932/1013 1800/1936/1013 1829/1984/1012
f 1837/1977/1012 1839/1982/1012 1840/1983/1012 1838/1978/1012
f 1838/1978/1012 1840/1983/1012 1829/1984/1012 1830/1981/1012
f 1814/1948/1014 1841/1985/1014 1842/1986/1014 1815/1949/1014
f 1841/1985/1014 1843/1987/1014 1844/1988/1014 1842/1986/1014
f 1815/1949/1014 1842/1986/1014 1845/1989/1014 1806/1951/1014
f 1842/1986/1014 1844/1988/1014 1846/1990/1014 1845/1989/1014
f 1847/1991/1014 1848/1992/1014 1849/1993/1014 1850/1994/1014
f 1850/1994/1014 1849/1993/1014 1851/1995/1014 1852/1996/1014
f 1843/1987/1014 1847/1991/1014 1850/1994/1014 1844/1988/1014
f 1844/1988/1014 1850/1994/1014 1852/1996/1014 1846/1990/1014
f 1793/1970/1015 1839/1997/1015 1853/1998/1015 1827/1971/1015
f 1839/1997/1015 1837/1999/1015 1854/2000/1015 1853/1998/1015
f 1827/1971/1015 1853/1998/1015 1855/2001/1015 1821/1960/1015
f 1853/1998/1015 1854/2000/1015 1856/2002/1015 1855/2001/1015
f 1834/2003/1015 1833/2004/1015 1857/2005/1015 1858/2006/1015
f 1858/2006/1015 1857/2005/1015 1859/2007/1015 1860/2008/1015
f 1837/1999/1015 1834/2003/1015 1858/2006/1015 1854/2000/1015
f 1854/2000/1015 1858/2006/1015 1860/2008/1015 1856/2002/1015
f 1848/2009/1015 1847/2010/1015 1861/2011/1015 1862/2012/1015
f 1847/2010/1015 1843/2013/1015 1863/2014/1015 1861/2011/1015
f 1862/2012/1015 1861/2011/1015 1860/2008/1015 1859/2007/1015
f 1861/2011/1015 1863/2014/1015 1856/2002/1015 1860/2008/1015
f 1841/2015/1016 1814/1953/1015 1818/1956/1015 1864/2016/1015
f 1864/2016/1015 1818/1956/1015 1821/1960/1015 1855/2001/1015
f 1843/2013/1015 1841/2015/1016 1864/2016/1015 1863/2014/1015
f 1863/2014/1015 1864/2016/1015 1855/2001/1015 1856/2002/1015
f 1788/2017/1010 1865/2018/1010 1866/2019/1010 1789/2020/1010
f 1865/2018/1010 1867/2021/1010 1868/2022/1010 1866/2019/1010
f 1789/2020/1010 1866/2019/1010 1869/2023/1010 1791/2024/1010
f 1866/2019/1010 1868/2022/1010 1870/2025/1010 1869/2023/1010
f 1871/2026/1010 1833/1973/1010 1836/1976/1010 1872/2027/1010
f 1872/2027/1010 1836/1976/1010 1831/1980/1010 1873/2028/1010
f 1867/2021/1010 1871/2026/1010 1872/2027/1010 1868/2022/1010
f 1868/2022/1010 1872/2027/1010 1873/2028/1010 1870/2025/1010
f 1848/1992/1011 1877/2029/1011 1878/2030/1011 1849/1993/1011
f 1877/2029/1011 1879/2031/1011 1880/2032/1011 1878/2030/1011
f 1849/1993/1011 1878/2030/1011 1876/2033/1011 1851/1995/1011
f 1878/2030/1011 1880/2032/1011 1875/2034/1011 1876/2033/1011
f 1881/2035/1011 1778/2036/1011 1781/2037/1011 1882/2038/1011
f 1882/2038/1011 1781/2037/1011 1785/2039/1011 1874/2040/1011
f 1879/2031/1011 1881/2035/1011 1882/2038/1011 1880/2032/1011
f 1880/2032/1011 1882/2038/1011 1874/2040/1011 1875/2034/1011
f 1778/2041/6 1881/2042/6 1883/2043/6 1779/2044/6
f 1881/2042/6 1879/2045/6 1884/2046/6 1883/2043/6
f 1779/2044/6 1883/2043/6 1885/2047/6 1782/2048/6
f 1883/2043/6 1884/2046/6 1886/2049/6 1885/2047/6
f 1877/2050/6 1848/2009/6 1862/2012/6 1887/2051/6
f 1887/2051/6 1862/2012/6 1859/2007/6 1888/2052/6
f 1879/2045/6 1877/2050/6 1887/2051/6 1884/2046/6
f 1884/2046/6 1887/2051/6 1888/2052/6 1886/2049/6
f 1833/2004/6 1871/2053/6 1889/2054/6 1857/2005/6
f 1871/2053/6 1867/2055/6 1890/2056/6 1889/2054/6
f 1857/2005/6 1889/2054/6 1888/2052/6 1859/2007/6
f 1889/2054/6 1890/2056/6 1886/2049/6 1888/2052/6
f 1865/2057/6 1788/2058/6 1787/2059/6 1891/2060/6
f 1891/2060/6 1787/2059/6 1782/2048/6 1885/2047/6
f 1867/2055/6 1865/2057/6 1891/2060/6 1890/2056/6
f 1890/2056/6 1891/2060/6 1885/2047/6 1886/2049/6
f 1643/1762/1009 1642/1761/1009 1700/1819/1009
f 1701/1820/1009 1700/1819/1009 1702/1823/1009
f 1687/1804/1009 1685/1814/1009 1686/1805/1009
f 1684/1803/1009 1686/1805/1009 1680/1799/1009
f 1048/1116/607 1047/1115/607 1672/1791/607
f 1673/1792/607 1672/1791/607 1674/1795/607
f 1657/1775/607 1658/1777/607 1653/1771/607
f 1659/1776/607 1650/1786/607 1658/1777/607
