# Blender 4.3.2
# www.blender.org
mtllib targa.mtl
g Targa_Mesh
v -0.707969 1.075624 -1.348238
v -0.587523 6.000000 -4.000000
v -0.707969 1.075624 -1.304374
v -0.587523 5.400000 -4.000000
v -0.707969 0.770367 -1.304374
v -0.587523 4.800000 -4.000000
v -0.707969 0.770367 -1.348238
v -0.587523 4.200000 -4.000000
v -0.707969 1.075624 -1.293237
v -0.587523 3.600000 -4.000000
v -0.707969 1.075624 -1.249820
v -0.587523 3.000000 -4.000000
v -0.587523 2.400000 -4.000000
v -0.707969 0.861228 -1.158512
v -0.707969 1.075624 -1.066756
v -0.587523 1.800000 -4.000000
v -0.707969 1.075624 -1.022892
v -0.587523 1.200000 -4.000000
v -0.707969 0.767682 -1.154931
v -0.587523 0.600000 -4.000000
v -0.707969 0.767682 -1.163883
v -0.587523 0.000000 -4.000000
v -0.587523 6.000000 -3.200000
v -0.707969 1.075624 -1.013493
v -0.707969 1.075624 -0.960677
v -0.587523 5.400000 -3.200000
v -0.707969 0.959250 -0.865341
v -0.587523 4.800000 -3.200000
v -0.587523 4.200000 -3.200000
v -0.707969 1.075624 -0.769556
v -0.707969 1.075624 -0.716293
v -0.587523 3.600000 -3.200000
v -0.587523 3.000000 -3.200000
v -0.707969 0.928367 -0.838485
v -0.707969 0.770367 -0.706894
v -0.587523 2.400000 -3.200000
v -0.707969 0.770367 -0.760157
v -0.587523 1.800000 -3.200000
v -0.707969 0.896588 -0.865341
v -0.587523 1.200000 -3.200000
v -0.587523 0.600000 -3.200000
v -0.707969 0.770367 -0.969181
v -0.587523 0.000000 -3.200000
v -0.707969 0.770367 -1.021997
v -0.587523 6.000000 -2.400000
v -0.707969 0.928367 -0.891748
v -0.707969 1.075624 -0.696599
v -0.587523 5.400000 -2.400000
v -0.587523 4.800000 -2.400000
v -0.707969 1.075624 -0.643783
v -0.707968 0.959250 -0.548447
v -0.587523 4.200000 -2.400000
v -0.587523 3.600000 -2.400000
v -0.707968 1.075624 -0.452663
v -0.587522 3.000000 -2.400000
v -0.707968 1.075624 -0.399399
v -0.587522 2.400000 -2.400000
v -0.707968 0.928367 -0.521591
v -0.707968 0.770367 -0.390000
v -0.587522 1.800000 -2.400000
v -0.707968 0.770367 -0.443263
v -0.587522 1.200000 -2.400000
v -0.707968 0.896588 -0.548447
v -0.587522 0.600000 -2.400000
v -0.707969 0.770367 -0.652288
v -0.587522 0.000000 -2.400000
v -0.707969 0.770367 -0.705103
v -0.587522 6.000000 -1.600000
v -0.587522 5.400000 -1.600000
v -0.707969 0.928367 -0.574854
v -0.587522 4.800000 -1.600000
v -0.707968 1.075624 -0.356878
v -0.707968 1.075624 -0.316148
v -0.587522 4.200000 -1.600000
v -0.632549 5.921463 -3.116227
v -0.707968 0.950299 -0.214545
v -0.632549 5.337171 -3.895284
v -0.707968 1.075624 -0.113389
v -0.587522 3.600000 -1.600000
v -0.707968 1.075624 -0.072211
v -0.587522 3.000000 -1.600000
v -0.707968 0.770367 -0.072211
v -0.707968 0.770367 -0.116075
v -0.632549 4.752878 -3.895284
v -0.587522 2.400000 -1.600000
v -0.707968 1.008038 -0.116075
v -0.632549 4.168585 -3.895284
v -0.707968 1.008038 -0.116970
v -0.587522 1.800000 -1.600000
v -0.707968 0.889874 -0.210964
v -0.707968 0.889874 -0.218125
v -0.632549 3.584293 -3.895284
v -0.587522 1.200000 -1.600000
v -0.707968 1.008038 -0.312119
v -0.632549 3.000000 -3.895284
v -0.707968 1.008038 -0.313014
v -0.707968 0.770367 -0.313014
v -0.587522 0.600000 -1.600000
v -0.632549 2.415707 -3.895284
v -0.707968 0.770367 -0.356878
v -0.587522 0.000000 -1.600000
v -0.707968 1.075624 -0.007311
v -0.707968 1.075624 0.033420
v -0.632548 1.831415 -3.895284
v -0.587522 6.000000 -0.800000
v -0.707968 0.950299 0.135023
v -0.707968 1.075624 0.236179
v -0.632548 1.247122 -3.895284
v -0.587522 5.400000 -0.800000
v -0.707968 1.075624 0.277357
v -0.707968 0.770367 0.277357
v -0.632548 0.662829 -3.895284
v -0.707968 0.770367 0.233493
v -0.632548 0.078537 -3.116227
v -0.587522 4.800000 -0.800000
v -0.707968 1.008038 0.233493
v -0.707968 1.008038 0.232598
v -0.587522 4.200000 -0.800000
v -0.707968 0.889874 0.138604
v -0.632548 5.921463 -2.337171
v -0.707968 0.889874 0.131442
v -0.587522 3.600000 -0.800000
v -0.707968 1.008038 0.037449
v -0.632548 0.078537 -2.337171
v -0.707968 1.008038 0.036553
v -0.587522 3.000000 -0.800000
v -0.707968 0.770367 0.036553
v -0.632548 5.921463 -1.558113
v -0.587522 2.400000 -0.800000
v -0.707968 0.770367 -0.007311
v -0.632548 0.078537 -1.558113
v -0.707968 0.820050 0.483696
v -0.707968 0.819804 0.487327
v -0.632548 5.921463 -0.779057
v -0.707968 0.819086 0.490814
v -0.632547 0.078537 -0.779057
v -0.707968 0.817931 0.494123
v -0.587522 1.200000 -0.800000
v -0.707968 0.816370 0.497223
v -0.707968 0.814435 0.500080
v -0.632547 5.921463 0.000000
v -0.587522 0.600000 -0.800000
v -0.707968 0.812161 0.502662
v -0.587522 0.000000 -0.800000
v -0.707968 0.809579 0.504937
v -0.707968 0.806722 0.506871
v -0.632547 0.078537 0.000000
v -0.632547 5.921463 0.779057
v -0.707968 0.803622 0.508432
v -0.587522 6.000000 0.000000
v -0.707968 0.800313 0.509588
v -0.587522 5.400000 0.000000
v -0.707968 0.796826 0.510305
v -0.632547 0.078537 0.779057
v -0.707968 0.793195 0.510551
v -0.632547 5.921463 1.558114
v -0.707968 0.789563 0.510305
v -0.587522 4.800000 0.000000
v -0.707968 0.786077 0.509588
v -0.632547 0.078537 1.558114
v -0.707968 0.782767 0.508432
v -0.587522 4.200000 0.000000
v -0.707968 0.779667 0.506871
v -0.587522 3.600000 0.000000
v -0.707968 0.776810 0.504937
v -0.632547 5.921463 2.337171
v -0.707968 0.774228 0.502662
v -0.632546 0.078537 2.337171
v -0.707968 0.771953 0.500080
v -0.587522 3.000000 0.000000
v -0.707968 0.770019 0.497223
v -0.632546 5.921463 3.116228
v -0.707968 0.768458 0.494123
v -0.587522 2.400000 0.000000
v -0.707968 0.767303 0.490814
v -0.632546 0.078537 3.116228
v -0.707968 0.766585 0.487327
v -0.587522 1.800000 0.000000
v -0.707968 0.766339 0.483696
v -0.632546 5.337171 3.895285
v -0.707968 0.766585 0.480065
v -0.587522 1.200000 0.000000
v -0.707968 0.767303 0.476578
v -0.632546 4.752878 3.895285
v -0.707968 0.768458 0.473268
v -0.707968 0.770019 0.470169
v -0.587521 0.600000 0.000000
v -0.707968 0.771953 0.467311
v -0.632546 4.168585 3.895285
v -0.707968 0.774228 0.464729
v -0.587521 0.000000 0.000000
v -0.587522 6.000000 0.800000
v -0.707968 0.776810 0.462455
v -0.707968 0.779667 0.460521
v -0.632546 3.584293 3.895285
v -0.707968 0.782767 0.458959
v -0.587522 5.400000 0.800000
v -0.632546 3.000000 3.895285
v -0.707968 0.786077 0.457804
v -0.707968 0.789563 0.457087
v -0.587522 4.800000 0.800000
v -0.707968 0.793195 0.456840
v -0.632546 2.415707 3.895285
v -0.587521 4.200000 0.800000
v -0.707968 0.796826 0.457087
v -0.632546 1.831415 3.895285
v -0.707968 0.800313 0.457804
v -0.707968 0.803622 0.458959
v -0.587521 3.600000 0.800000
v -0.632546 1.247122 3.895285
v -0.707968 0.806722 0.460521
v -0.707968 0.809579 0.462455
v -0.632546 0.662829 3.895285
v -0.587521 3.000000 0.800000
v -0.707968 0.812161 0.464729
v -0.587521 2.400000 0.800000
v -0.707968 0.814435 0.467311
v -0.587521 1.800000 0.800000
v -0.707968 0.816370 0.470169
v -0.707968 0.817931 0.473268
v -0.587521 1.200000 0.800000
v -0.587521 0.600000 0.800000
v -0.707968 0.819086 0.476578
v -0.707968 0.819804 0.480065
v -0.587521 0.000000 0.800000
v -0.587521 6.000000 1.600000
v -0.707968 0.770367 0.834159
v -0.587521 5.400000 1.600000
v -0.707968 0.770367 0.715100
v -0.587521 4.800000 1.600000
v -0.707968 0.771875 0.690756
v -0.587521 4.200000 1.600000
v -0.707968 0.776234 0.668130
v -0.587521 3.600000 1.600000
v -0.707968 0.783201 0.647297
v -0.587521 3.000000 1.600000
v -0.707968 0.792531 0.628334
v -0.587521 2.400000 1.600000
v -0.707968 0.803982 0.611316
v -0.707968 0.817308 0.596321
v -0.587521 1.200000 1.600000
v -0.707968 0.832267 0.583423
v -0.587521 0.600000 1.600000
v -0.707968 0.848613 0.572700
v -0.587521 0.000000 1.600000
v -0.707968 0.866103 0.564227
v -0.707968 0.884492 0.558081
v -0.587521 6.000000 2.400000
v -0.587521 5.400000 2.400000
v -0.707968 0.903538 0.554337
v -0.587521 4.800000 2.400000
v -0.707968 0.922996 0.553072
v -0.587521 4.200000 2.400000
v -0.707968 0.941137 0.554115
v -0.587521 3.600000 2.400000
v -0.707968 0.959323 0.557274
v -0.587521 3.000000 2.400000
v -0.707968 0.977245 0.562597
v -0.587521 2.400000 2.400000
v -0.707968 0.994594 0.570130
v -0.587521 1.800000 2.400000
v -0.707968 1.011059 0.579920
v -0.707968 1.026333 0.592012
v -0.587521 1.200000 2.400000
v -0.707968 1.040105 0.606455
v -0.587521 0.600000 2.400000
v -0.707968 1.052067 0.623294
v -0.587521 0.000000 2.400000
v -0.707968 1.061909 0.642576
v -0.587521 6.000000 3.200001
v -0.707968 1.069322 0.664348
v -0.587521 5.400000 3.200001
v -0.707968 1.073997 0.688656
v -0.587521 4.800000 3.200001
v -0.707968 1.075624 0.715548
v -0.587521 4.200000 3.200001
v -0.707968 1.075624 0.834159
v -0.587521 3.600000 3.200001
v -0.707968 1.036236 0.790295
v -0.587521 3.000000 3.200001
v -0.707968 1.036236 0.722709
v -0.587521 2.400000 3.200001
v -0.587521 1.800000 3.200001
v -0.707968 1.035179 0.702302
v -0.707968 1.032106 0.683808
v -0.587520 1.200000 3.200001
v -0.707968 1.027165 0.667201
v -0.587520 0.600000 3.200001
v -0.707968 1.020504 0.652454
v -0.587520 0.000000 3.200001
v -0.707968 1.012270 0.639541
v -0.587521 6.000000 4.000000
v -0.707968 1.002611 0.628435
v -0.587521 5.400000 4.000000
v -0.707968 0.991674 0.619111
v -0.587520 4.800000 4.000000
v -0.707968 0.979608 0.611541
v -0.587520 4.200000 4.000000
v -0.707968 0.966559 0.605699
v -0.587520 3.600000 4.000000
v -0.707968 0.952675 0.601559
v -0.587520 3.000000 4.000000
v -0.707968 0.938105 0.599095
v -0.587520 2.400000 4.000000
v -0.707968 0.922996 0.598279
v -0.587520 1.800000 4.000000
v -0.707968 0.912869 0.598785
v -0.587520 1.200000 4.000000
v -0.587520 0.600000 4.000000
v -0.707968 0.901553 0.600430
v -0.707968 0.889440 0.603398
v -0.587520 0.000000 4.000000
v -1.001317 6.000000 -3.200000
v -0.707968 0.876927 0.607877
v -1.001317 6.000000 -4.000000
v -0.707968 0.864408 0.614053
v -1.001317 5.400000 -4.000000
v -0.707968 0.852276 0.622113
v -0.707968 0.840929 0.632243
v -1.001317 5.400000 -3.200000
v -1.001317 4.800000 -4.000000
v -0.707968 0.830759 0.644629
v -0.707968 0.822162 0.659459
v -1.001317 4.800000 -3.200000
v -1.001317 4.200000 -4.000000
v -0.707968 0.815533 0.676918
v -1.001317 4.200000 -3.200000
v -0.707968 0.811265 0.697193
v -1.001317 3.600000 -4.000000
v -0.707968 0.809755 0.720471
v -0.707968 0.809755 0.790295
v -1.001317 3.600000 -3.200000
v -1.001317 3.000000 -4.000000
v -0.707968 0.820050 0.917410
v -1.001317 3.000000 -3.200000
v -0.707968 0.819804 0.921042
v -1.001317 2.400000 -4.000000
v -0.707968 0.819086 0.924528
v -1.001317 2.400000 -3.200000
v -0.707968 0.817931 0.927838
v -1.001317 1.800000 -4.000000
v -0.707968 0.816370 0.930938
v -0.707968 0.814435 0.933795
v -1.001317 1.800000 -3.200000
v -1.001317 1.200000 -4.000000
v -0.707968 0.812161 0.936377
v -0.707968 0.809579 0.938652
v -1.001317 1.200000 -3.200000
v -0.707968 0.806722 0.940586
v -1.001317 0.600000 -4.000000
v -0.707968 0.803622 0.942147
v -1.001316 0.600000 -3.200000
v -0.707968 0.800313 0.943302
v -1.001317 0.000000 -4.000000
v -0.707968 0.796826 0.944020
v -1.001316 0.000000 -3.200000
v -0.707968 0.793195 0.944266
v -1.001317 6.000000 -2.400000
v -0.707968 0.789563 0.944020
v -1.001317 5.400000 -2.400000
v -0.632548 0.220626 -3.116227
v -0.707968 0.786077 0.943302
v -1.001317 4.800000 -2.400000
v -0.707968 0.782767 0.942147
v -0.632548 0.662829 -3.705832
v -0.707968 0.779667 0.940586
v -0.707968 0.776810 0.938652
v -0.632549 4.752878 -3.790033
v -0.707968 0.774228 0.936377
v -1.001316 4.200000 -2.400000
v -0.707968 0.771953 0.933795
v -0.632549 5.274020 -3.790033
v -0.707968 0.770019 0.930938
v -1.001316 3.600000 -2.400000
v -0.707968 0.768458 0.927838
v -0.632549 5.337171 -3.705832
v -1.001316 3.000000 -2.400000
v -0.707968 0.767303 0.924528
v -1.001316 2.400000 -2.400000
v -0.707968 0.766585 0.921042
v -0.632549 4.168585 -3.790033
v -0.707968 0.766339 0.917410
v -0.707968 0.766585 0.913779
v -0.632549 4.705515 -3.790033
v -0.707968 0.767303 0.910293
v -1.001316 1.800000 -2.400000
v -0.632549 3.584293 -3.790033
v -0.707968 0.768458 0.906983
v -1.001316 1.200000 -2.400000
v -0.707968 0.770019 0.903883
v -0.632549 4.137010 -3.790033
v -0.707968 0.771953 0.901026
v -1.001316 0.600000 -2.400000
v -0.707968 0.774228 0.898444
v -1.001316 0.000000 -2.400000
v -0.707968 0.776810 0.896169
v -0.632549 3.000000 -3.790033
v -0.707968 0.779667 0.894235
v -0.707968 0.782767 0.892674
v -0.707968 0.786077 0.891519
v -1.001316 6.000000 -1.600000
v -0.707968 0.789563 0.890801
v -1.001316 5.400000 -1.600000
v -0.632549 3.568505 -3.790033
v -0.707968 0.793195 0.890555
v -0.707968 0.796826 0.890801
v -1.001316 4.800000 -1.600000
v -0.632548 2.431495 -3.790033
v -0.707968 0.800313 0.891519
v -0.632548 2.415707 -3.790033
v -0.707968 0.803622 0.892674
v -0.707968 0.806722 0.894235
v -1.001316 4.200000 -1.600000
v -0.632548 1.862990 -3.790033
v -0.707968 0.809579 0.896169
v -0.707968 0.812161 0.898444
v -1.001316 3.600000 -1.600000
v -1.001316 3.000000 -1.600000
v -0.707968 0.814435 0.901026
v -0.632548 1.831415 -3.790033
v -0.707968 0.816370 0.903883
v -0.632548 1.294485 -3.790033
v -0.707968 0.817931 0.906983
v -0.707968 0.819086 0.910293
v -1.001316 2.400000 -1.600000
v -0.707968 0.819804 0.913779
v -1.001316 1.800000 -1.600000
v -0.707968 1.077414 1.102713
v -0.632548 1.247122 -3.790033
v -0.707968 1.077414 1.133596
v -0.632548 0.725980 -3.790033
v -0.707968 0.770367 1.264740
v -1.001316 1.200000 -1.600000
v -0.707968 0.770367 1.219981
v -0.632546 5.779374 3.116228
v -0.707968 0.860333 1.181489
v -1.001316 0.600000 -1.600000
v -0.707968 0.860333 1.051687
v -0.632546 5.337171 3.705832
v -0.707968 0.770367 1.010957
v -1.001316 0.000000 -1.600000
v -0.632548 5.842525 -3.032026
v -0.707968 0.770367 0.966198
v -1.001316 6.000000 -0.800000
v -0.707968 1.010276 1.118826
v -1.001316 5.400000 -0.800000
v -0.707968 0.899721 1.069591
v -0.632549 5.779374 -3.116227
v -0.707968 0.899721 1.164480
v -1.001316 4.800000 -0.800000
v -0.707970 4.668806 -3.373156
v -0.632548 5.842525 -2.337171
v -0.707970 4.668806 -3.342273
v -0.707970 4.361760 -3.211128
v -0.632548 0.157475 -3.032026
v -1.001316 4.200000 -0.800000
v -0.707970 4.361760 -3.255888
v -0.632548 0.157475 -2.337171
v -0.707970 4.451725 -3.294380
v -0.707970 4.451725 -3.424181
v -1.001316 3.600000 -0.800000
v -0.632548 5.842525 -2.274020
v -0.707970 4.361760 -3.464912
v -0.707970 4.361760 -3.509671
v -1.001316 3.000000 -0.800000
v -0.632548 5.842525 -1.558113
v -0.707970 4.601668 -3.357043
v -0.707970 4.491113 -3.406278
v -1.001316 2.400000 -0.800000
v -0.707970 4.491113 -3.311389
v -0.632548 0.157475 -2.274020
v -0.707970 4.361760 -2.909453
v -1.001316 1.800000 -0.800000
v -0.632548 0.157475 -1.558113
v -0.707970 4.361760 -3.028512
v -1.001316 1.200000 -0.800000
v -0.707970 4.363267 -3.052855
v -0.632548 5.842525 -1.516013
v -0.707970 4.367626 -3.075482
v -0.707970 4.374593 -3.096315
v -1.001316 0.600000 -0.800000
v -0.707970 4.383924 -3.115278
v -0.632548 5.842525 -0.779057
v -0.707970 4.395374 -3.132296
v -1.001316 0.000000 -0.800000
v -0.707970 4.408701 -3.147291
v -0.632548 0.157475 -1.516013
v -0.707970 4.423659 -3.160188
v -1.001316 6.000000 0.000000
v -0.707970 4.440005 -3.170912
v -0.632547 0.157475 -0.779057
v -0.707970 4.457496 -3.179385
v -1.001316 5.400000 0.000000
v -0.707970 4.475885 -3.185531
v -1.001316 4.800000 0.000000
v -0.707970 4.494930 -3.189275
v -0.632548 5.842525 -0.758006
v -0.707970 4.514388 -3.190540
v -1.001316 4.200000 0.000000
v -0.707970 4.532529 -3.189497
v -0.707970 4.550715 -3.186337
v -1.001316 3.600000 0.000000
v -0.707970 4.568637 -3.181014
v -0.632547 0.157475 -0.758006
v -0.707970 4.585986 -3.173482
v -1.001316 3.000000 0.000000
v -0.707970 4.602451 -3.163692
v -0.632547 0.157475 0.000000
v -0.707970 4.617725 -3.151599
v -1.001316 2.400000 0.000000
v -0.707970 4.631497 -3.137157
v -0.632547 5.842525 0.000000
v -0.707970 4.643460 -3.120318
v -1.001315 1.800000 0.000000
v -0.707970 4.653302 -3.101035
v -0.632547 5.842525 0.758007
v -0.707970 4.660715 -3.079263
v -1.001315 1.200000 0.000000
v -0.707970 4.665389 -3.054956
v -0.632547 5.842525 0.779057
v -0.707970 4.667016 -3.028064
v -1.001315 0.600000 0.000000
v -0.707970 4.667016 -2.909453
v -0.707970 4.627628 -2.953316
v -0.632547 0.157475 0.779057
v -0.707970 4.627628 -3.020903
v -1.001315 0.000000 0.000000
v -0.707970 4.626571 -3.041310
v -1.001316 6.000000 0.800000
v -0.707970 4.623498 -3.059804
v -0.632547 0.157475 0.758007
v -0.632547 5.842525 1.558114
v -0.707970 4.618557 -3.076411
v -1.001315 5.400000 0.800000
v -0.707970 4.611897 -3.091158
v -0.707970 4.603662 -3.104071
v -0.632547 5.842525 1.516013
v -0.707970 4.594003 -3.115176
v -1.001315 4.800000 0.800000
v -0.632547 0.157475 1.558114
v -0.707970 4.583066 -3.124501
v -0.707970 4.571000 -3.132071
v -1.001315 4.200000 0.800000
v -0.707970 4.557951 -3.137913
v -1.001315 3.600000 0.800000
v -0.707970 4.544068 -3.142053
v -0.632547 0.157475 1.516013
v -0.707970 4.529498 -3.144517
v -1.001315 3.000000 0.800000
v -0.707970 4.514388 -3.145333
v -0.632547 5.842525 2.337171
v -0.707970 4.504262 -3.144826
v -0.632547 5.842525 2.274020
v -0.707970 4.492945 -3.143182
v -1.001315 2.400000 0.800000
v -0.707970 4.480833 -3.140213
v -0.632546 0.157475 2.337171
v -1.001315 1.800000 0.800000
v -0.707970 4.468319 -3.135734
v -0.707970 4.455800 -3.129558
v -0.632546 0.157475 2.274020
v -0.707970 4.443668 -3.121498
v -1.001315 1.200000 0.800000
v -0.632546 5.842525 3.032027
v -0.707970 4.432321 -3.111368
v -1.001315 0.600000 0.800000
v -0.707970 4.422151 -3.098982
v -0.632546 0.157475 3.032027
v -0.707970 4.413554 -3.084153
v -1.001315 0.000000 0.800000
v -0.707970 4.406925 -3.066694
v -0.632546 0.220626 3.116228
v -0.707970 4.402658 -3.046418
v -1.001315 6.000000 1.600000
v -0.707970 4.401148 -3.023141
v -0.632546 0.662829 3.705832
v -0.707970 4.401148 -2.953316
v -1.001315 5.400000 1.600000
v -0.707969 4.668806 -2.614491
v -0.632546 4.752878 3.790033
v -0.707969 4.668806 -2.583607
v -0.707969 4.361760 -2.452463
v -1.001315 4.800000 1.600000
v -0.707969 4.361760 -2.497223
v -0.632546 5.274020 3.790033
v -0.707969 4.451725 -2.535715
v -1.001315 4.200000 1.600000
v -0.707969 4.451725 -2.665517
v -0.632546 4.168585 3.790033
v -0.707970 4.361760 -2.706247
v -1.001315 3.600000 1.600000
v -1.001315 3.000000 1.600000
v -0.707970 4.361760 -2.751006
v -0.707969 4.601668 -2.598378
v -0.632546 4.705515 3.790033
v -0.632546 3.584293 3.790033
v -0.707969 4.491113 -2.647613
v -1.001315 2.400000 1.600000
v -0.707969 4.491113 -2.552724
v -0.632546 4.137010 3.790033
v -0.707969 4.667016 -2.444854
v -1.001315 1.800000 1.600000
v -0.707969 4.667016 -2.189728
v -1.001315 1.200000 1.600000
v -0.707969 4.627628 -2.189728
v -0.632546 3.000000 3.790033
v -0.707969 4.627628 -2.295359
v -0.707969 4.361760 -2.295359
v -0.707969 4.361760 -2.339223
v -1.001315 0.600000 1.600000
v -1.001315 0.000000 1.600000
v -0.707969 4.627628 -2.339223
v -0.707969 4.627628 -2.444854
v -0.632546 3.568505 3.790033
v -0.707969 4.667016 -2.174510
v -1.001315 6.000000 2.400000
v -0.707969 4.667016 -1.919384
v -0.632546 2.431495 3.790033
v -0.707969 4.627628 -1.919384
v -1.001315 5.400000 2.400000
v -0.632546 2.415707 3.790033
v -0.707969 4.627628 -2.025015
v -1.001315 4.800000 2.400000
v -0.707969 4.361760 -2.025015
v -0.632546 1.862990 3.790033
v -0.707969 4.361760 -2.068879
v -1.001315 4.200000 2.400000
v -0.707969 4.627628 -2.068879
v -0.632546 1.831415 3.790033
v -0.707969 4.627628 -2.174510
v -0.707969 4.667016 -1.894766
v -1.001315 3.600000 2.400000
v -0.632546 1.294485 3.790033
v -0.707969 4.667016 -1.721549
v -1.001315 3.000000 2.400000
v -0.707969 4.361760 -1.721549
v -0.632546 1.247122 3.790033
v -0.707969 4.361760 -1.898795
v -0.632546 0.725980 3.790033
v -0.707969 4.401148 -1.898795
v -1.001315 2.400000 2.400000
v -0.707969 4.401148 -1.765413
v -1.001315 1.800000 2.400000
v -0.707969 4.496037 -1.765413
v -1.001315 1.200000 2.400000
v -0.707969 4.496037 -1.890290
v -1.001315 0.600000 2.400000
v -0.707969 4.535425 -1.890290
v -0.707969 4.535425 -1.765413
v -1.001315 0.000000 2.400000
v -1.001315 6.000000 3.200001
v -0.707969 4.627628 -1.765413
v -0.707969 4.627628 -1.894766
v -1.001315 5.400000 3.200001
v -1.001315 4.800000 3.200001
v -0.707969 4.667016 -1.452100
v -1.001315 4.200000 3.200001
v -0.707969 4.361760 -1.452100
v -1.001315 3.600000 3.200001
v -0.707969 4.361760 -1.495964
v -1.001315 3.000000 3.200001
v -0.707969 4.494246 -1.495964
v -1.001315 2.400000 3.200001
v -0.707969 4.494246 -1.514315
v -1.001314 1.800000 3.200001
v -0.707969 4.494069 -1.519841
v -0.707969 4.493426 -1.525289
v -1.001314 1.200000 3.200001
v -0.707969 4.492148 -1.530750
v -1.001314 0.600000 3.200001
v -0.707969 4.490069 -1.536313
v -1.001314 0.000000 3.200001
v -0.707969 4.487020 -1.542069
v -1.001315 6.000000 4.000000
v -0.707969 4.482833 -1.548108
v -1.001315 5.400000 4.000000
v -0.707969 4.477341 -1.554520
v -1.001314 4.800000 4.000000
v -1.001314 4.200000 4.000000
v -0.707969 4.470375 -1.561395
v -1.001314 3.600000 4.000000
v -0.707969 4.461768 -1.568823
v -1.001314 3.000000 4.000000
v -0.707969 4.451352 -1.576895
v -1.001314 2.400000 4.000000
v -0.707969 4.438960 -1.585700
v -1.001314 1.800000 4.000000
v -0.707969 4.424422 -1.595329
v -1.001314 1.200000 4.000000
v -0.707969 4.361760 -1.635612
v -0.707969 4.361760 -1.687980
v -1.001314 0.600000 4.000000
v -0.707969 4.368659 -1.682989
v -1.001314 0.000000 4.000000
v -0.707969 4.374876 -1.678493
v -0.587523 5.858634 -3.200000
v -0.707969 4.380517 -1.674426
v -0.587523 5.716545 -3.200000
v -0.587523 5.400000 -3.811512
v -0.707969 4.385681 -1.670723
v -0.707969 4.390472 -1.667318
v -0.587523 5.400000 -3.622059
v -0.707969 4.394994 -1.664146
v -0.587523 5.337171 -3.895284
v -0.587523 5.274020 -3.790033
v -0.707969 4.399346 -1.661142
v -0.587523 4.800000 -3.895284
v -0.707969 4.403634 -1.658240
v -0.587523 4.800000 -3.790033
v -0.707969 4.407960 -1.655376
v -0.587523 4.752878 -3.895284
v -0.707969 4.412425 -1.652483
v -0.587523 4.705515 -3.790033
v -0.707969 4.417131 -1.649498
v -0.707969 4.422185 -1.646354
v -0.587523 4.200000 -3.895284
v -0.587523 4.200000 -3.790033
v -0.707969 4.431490 -1.640656
v -0.587523 4.168585 -3.895284
v -0.707969 4.440387 -1.635160
v -0.707969 4.448872 -1.629807
v -0.587523 4.137010 -3.790033
v -0.587523 3.600000 -3.895284
v -0.707969 4.456947 -1.624538
v -0.707969 4.464612 -1.619294
v -0.587523 3.600000 -3.790033
v -0.587523 3.584293 -3.895284
v -0.707969 4.471867 -1.614015
v -0.707969 4.478711 -1.608644
v -0.587523 3.568505 -3.790033
v -0.587523 3.000000 -3.790033
v -0.707969 4.485146 -1.603120
v -0.587523 3.000000 -3.895284
v -0.707969 4.491169 -1.597385
v -0.707969 4.496782 -1.591379
v -0.707969 4.501986 -1.585044
v -0.587523 2.431495 -3.790033
v -0.707969 4.506779 -1.578320
v -0.707969 4.510301 -1.586188
v -0.587523 2.415707 -3.895284
v -0.587523 2.400000 -3.895284
v -0.707969 4.514367 -1.593445
v -0.587523 2.400000 -3.790033
v -0.707969 4.518962 -1.600077
v -0.587523 1.862990 -3.790033
v -0.707969 4.524069 -1.606070
v -0.587523 1.831415 -3.895284
v -0.707969 4.529674 -1.611411
v -0.707969 4.535760 -1.616085
v -0.587523 1.800000 -3.895284
v -0.707969 4.542313 -1.620079
v -0.587523 1.800000 -3.790033
v -0.587523 1.294485 -3.790033
v -0.707969 4.549316 -1.623377
v -0.707969 4.556755 -1.625967
v -0.587523 1.247122 -3.895284
v -0.707969 4.564613 -1.627834
v -0.587523 1.200000 -3.895284
v -0.587523 1.200000 -3.790033
v -0.707969 4.572875 -1.628965
v -0.707969 4.581527 -1.629345
v -0.587523 0.725980 -3.790033
v -0.587523 0.600000 -3.811512
v -0.707969 4.594303 -1.628552
v -0.707969 4.606198 -1.626208
v -0.587523 0.662829 -3.895284
v -0.587523 0.600000 -3.622059
v -0.707969 4.617166 -1.622366
v -0.707969 4.627164 -1.617078
v -0.587523 0.141366 -3.200000
v -0.587523 0.283455 -3.200000
v -0.707969 4.636149 -1.610398
v -0.707969 4.644077 -1.602378
v -0.587523 5.842525 -2.400000
v -0.707969 4.650905 -1.593072
v -0.587523 5.921463 -2.400000
v -0.707969 4.656589 -1.582531
v -0.587523 5.921463 -3.116227
v -0.707969 4.661085 -1.570809
v -0.587523 5.842525 -3.032026
v -0.587522 0.157475 -2.400000
v -0.707969 4.664351 -1.557959
v -0.587522 0.078537 -2.400000
v -0.707969 4.666343 -1.544033
v -0.587522 0.078537 -3.116227
v -0.707969 4.667016 -1.529085
v -0.707969 4.629418 -1.495964
v -0.587522 0.157475 -3.032026
v -0.707969 4.629418 -1.524162
v -0.587522 5.842525 -1.600000
v -0.707969 4.629058 -1.534266
v -0.587522 5.921463 -1.600000
v -0.707969 4.627993 -1.543338
v -0.587523 5.921463 -2.337171
v -0.707969 4.626244 -1.551409
v -0.587523 5.842525 -2.274020
v -0.707969 4.623832 -1.558510
v -0.587522 0.157475 -1.600000
v -0.707969 4.620780 -1.564672
v -0.587522 0.078537 -1.600000
v -0.707969 4.617110 -1.569927
v -0.587522 0.157475 -2.274020
v -0.707969 4.612843 -1.574306
v -0.587522 0.078537 -2.337171
v -0.707969 4.608001 -1.577839
v -0.587522 5.842525 -0.800000
v -0.587522 5.921463 -0.800000
v -0.707969 4.602605 -1.580558
v -0.587522 5.921463 -1.558113
v -0.707969 4.596678 -1.582493
v -0.707969 4.590241 -1.583676
v -0.587522 5.842525 -1.516013
v -0.587522 0.157475 -0.800000
v -0.707969 4.583317 -1.584139
v -0.587522 0.078537 -0.800000
v -0.707969 4.576980 -1.583950
v -0.707969 4.570778 -1.583115
v -0.587522 0.157475 -1.516013
v -0.587522 0.078537 -1.558113
v -0.707969 4.564791 -1.581565
v -0.707969 4.559097 -1.579232
v -0.587522 5.921463 0.000000
v -0.707969 4.553777 -1.576047
v -0.707969 4.548908 -1.571942
v -0.587522 5.842525 0.000000
v -0.707969 4.544572 -1.566849
v -0.707969 4.540846 -1.560699
v -0.587522 5.921463 -0.779057
v -0.587522 5.842525 -0.758006
v -0.707969 4.537809 -1.553424
v -0.707969 4.535542 -1.544955
v -0.587521 0.157475 0.000000
v -0.707969 4.534124 -1.535224
v -0.707969 4.533634 -1.524162
v -0.587521 0.078537 0.000000
v -0.707969 4.533634 -1.495964
v -0.587522 0.157475 -0.758006
v -0.707969 4.667016 -1.400627
v -0.587522 0.078537 -0.779057
v -0.707969 4.667016 -1.227409
v -0.587522 5.921463 0.779057
v -0.707969 4.361760 -1.227409
v -0.707969 4.361760 -1.404655
v -0.587522 5.921463 0.800000
v -0.707969 4.401148 -1.404655
v -0.587522 5.842525 0.800000
v -0.707969 4.401148 -1.271273
v -0.587522 5.842525 0.758007
v -0.707969 4.496037 -1.271273
v -0.587521 0.157475 0.758007
v -0.707969 4.496037 -1.396151
v -0.587521 0.078537 0.800000
v -0.587521 0.078537 0.779057
v -0.707969 4.535425 -1.396151
v -0.707969 4.535425 -1.271273
v -0.587521 0.157475 0.800000
v -0.587521 5.921463 1.558114
v -0.707969 4.627628 -1.271273
v -0.587521 5.921463 1.600000
v -0.707969 4.627628 -1.400627
v -0.707969 4.667016 -1.042555
v -0.587521 5.842525 1.600000
v -0.707969 4.667016 -0.998691
v -0.587521 5.842525 1.516013
v -0.587521 0.157475 1.516013
v -0.707969 4.489323 -0.998691
v -0.707969 4.482292 -0.998612
v -0.587521 0.078537 1.600000
v -0.587521 0.078537 1.558114
v -0.707969 4.475524 -0.998354
v -0.707969 4.469020 -0.997887
v -0.587521 0.157475 1.600000
v -0.707969 4.462783 -0.997183
v -0.587521 5.921463 2.337171
v -0.707969 4.456812 -0.996211
v -0.587521 5.921463 2.400000
v -0.707969 4.451110 -0.994943
v -0.587521 5.842525 2.400000
v -0.707969 4.445679 -0.993348
v -0.587521 5.842525 2.274020
v -0.707969 4.440519 -0.991397
v -0.587521 0.157475 2.274020
v -0.587521 0.078537 2.400000
v -0.707969 4.435633 -0.989061
v -0.587521 0.078537 2.337171
v -0.707969 4.431022 -0.986310
v -0.587521 0.157475 2.400000
v -0.707969 4.426688 -0.983114
v -0.587521 5.921463 3.116228
v -0.707969 4.422632 -0.979445
v -0.707969 4.419233 -0.975762
v -0.587521 5.858634 3.200001
v -0.707969 4.415991 -0.971653
v -0.587521 5.842525 3.032027
v -0.707969 4.412932 -0.967122
v -0.587521 5.716545 3.200001
v -0.587520 0.283455 3.200001
v -0.707969 4.410083 -0.962171
v -0.707969 4.407470 -0.956803
v -0.587520 0.078537 3.116228
v -0.587520 0.157475 3.032027
v -0.707969 4.405120 -0.951023
v -0.587520 0.141366 3.200001
v -0.707969 4.403059 -0.944831
v -0.587521 5.400000 3.622060
v -0.707969 4.401314 -0.938233
v -0.707969 4.399910 -0.931230
v -0.587521 5.400000 3.811512
v -0.707969 4.398874 -0.923827
v -0.587521 5.274020 3.790033
v -0.707969 4.398234 -0.916026
v -0.587521 5.337171 3.895285
v -0.707969 4.398015 -0.907830
v -0.587521 4.800000 3.790033
v -0.707969 4.398191 -0.901322
v -0.587521 4.800000 3.895285
v -0.707969 4.398726 -0.895000
v -0.587521 4.752878 3.895285
v -0.707969 4.399616 -0.888864
v -0.587521 4.705515 3.790033
v -0.707969 4.400866 -0.882915
v -0.587521 4.200000 3.790033
v -0.707969 4.402476 -0.877152
v -0.587520 4.200000 3.895285
v -0.707969 4.404449 -0.871576
v -0.587520 4.168585 3.895285
v -0.587521 4.137010 3.790033
v -0.707969 4.406785 -0.866186
v -0.707969 4.409486 -0.860983
v -0.587520 3.600000 3.790033
v -0.707969 4.412554 -0.855966
v -0.587520 3.600000 3.895285
v -0.707969 4.415991 -0.851135
v -0.587520 3.584293 3.895285
v -0.707969 4.419797 -0.846492
v -0.587520 3.568505 3.790033
v -0.707969 4.423975 -0.842034
v -0.587520 3.000000 3.790033
v -0.707969 4.427464 -0.838759
v -0.587520 3.000000 3.895285
v -0.707969 4.431041 -0.835858
v -0.707969 4.434772 -0.833314
v -0.587520 2.431495 3.790033
v -0.707969 4.438728 -0.831110
v -0.587520 2.400000 3.790033
v -0.707969 4.442977 -0.829230
v -0.587520 2.415707 3.895285
v -0.707969 4.447585 -0.827656
v -0.587520 2.400000 3.895285
v -0.707969 4.452622 -0.826371
v -0.587520 1.862990 3.790033
v -0.707969 4.458158 -0.825358
v -0.707969 4.464258 -0.824600
v -0.587520 1.800000 3.790033
v -0.587520 1.831415 3.895285
v -0.707969 4.470992 -0.824080
v -0.707969 4.478430 -0.823780
v -0.587520 1.800000 3.895285
v -0.587520 1.294485 3.790033
v -0.707969 4.486637 -0.823684
v -0.587520 1.200000 3.790033
v -0.707969 4.667016 -0.823684
v -0.587520 1.247122 3.895285
v -0.707969 4.667016 -0.779820
v -0.587520 1.200000 3.895285
v -0.707969 4.477238 -0.779820
v -0.587520 0.725980 3.790033
v -0.707969 4.457397 -0.781090
v -0.587520 0.600000 3.622060
v -0.707969 4.439479 -0.784759
v -0.707969 4.423443 -0.790618
v -0.587520 0.600000 3.811512
v -0.707969 4.409254 -0.798452
v -0.587520 0.662829 3.895285
v -0.707969 4.396873 -0.808053
v -0.707969 4.386266 -0.819208
v -0.707969 4.377391 -0.831705
v -0.707969 4.370214 -0.845334
v -0.707969 4.364697 -0.859882
v -0.707969 4.360803 -0.875140
v -0.707969 4.358493 -0.890895
v -0.707969 4.357732 -0.906935
v -0.707969 4.358744 -0.928691
v -0.707969 4.361724 -0.948530
v -0.707969 4.366592 -0.966458
v -0.707969 4.373264 -0.982478
v -0.707969 4.381659 -0.996597
v -0.707969 4.391693 -1.008818
v -0.707969 4.403283 -1.019146
v -0.707969 4.416349 -1.027585
v -0.707969 4.430807 -1.034141
v -0.707969 4.446576 -1.038818
v -0.707969 4.463573 -1.041621
v -0.707969 4.481713 -1.042555
v -0.707969 4.667016 -0.739536
v -0.707969 4.667016 -0.576614
v -0.707969 4.361760 -0.576614
v -0.707969 4.361760 -0.620478
v -0.707969 4.503646 -0.620478
v -0.707969 4.503646 -0.739536
v -0.707969 4.543034 -0.739536
v -0.707969 4.543034 -0.620478
v -0.707969 4.627628 -0.620478
v -0.707969 4.627628 -0.739536
v -0.707969 4.668806 -0.281652
v -0.707969 4.668806 -0.250768
v -0.707969 4.361760 -0.119625
v -0.707969 4.361760 -0.164384
v -0.707969 4.451725 -0.202876
v -0.707969 4.451725 -0.332677
v -0.707969 4.361760 -0.373408
v -0.707969 4.361760 -0.418167
v -0.707969 4.601668 -0.265539
v -0.707969 4.491113 -0.314774
v -0.707969 4.491113 -0.219885
v -0.707969 4.667016 0.022709
v -0.707969 4.667016 0.066573
v -0.707969 4.361760 0.066573
v -0.707969 4.361760 -0.115149
v -0.707969 4.401148 -0.115149
v -0.707969 4.401148 0.022709
v -0.707969 4.667016 0.242028
v -0.707969 4.667016 0.285892
v -0.707969 4.361760 0.285892
v -0.707969 4.361760 0.104170
v -0.707969 4.401148 0.104170
v -0.707969 4.401148 0.242028
v -0.707969 4.667016 0.336022
v -0.707968 4.667016 0.509239
v -0.707968 4.361760 0.509239
v -0.707969 4.361760 0.331993
v -0.707969 4.401148 0.331993
v -0.707968 4.401148 0.465375
v -0.707968 4.496037 0.465375
v -0.707969 4.496037 0.340498
v -0.707969 4.535425 0.340498
v -0.707968 4.535425 0.465375
v -0.707969 4.627628 0.465375
v -0.707969 4.627628 0.336022
v -0.707968 4.667016 0.739748
v -0.707968 4.361760 0.739748
v -0.707968 4.361760 0.695884
v -0.707968 4.493799 0.695884
v -0.707968 4.493799 0.650230
v -0.707968 4.494566 0.633349
v -0.707968 4.496805 0.618049
v -0.707968 4.500422 0.604310
v -0.707968 4.505321 0.592110
v -0.707968 4.511406 0.581427
v -0.707968 4.518584 0.572238
v -0.707968 4.526760 0.564523
v -0.707968 4.535839 0.558259
v -0.707968 4.545726 0.553425
v -0.707968 4.556327 0.549999
v -0.707968 4.567546 0.547960
v -0.707968 4.579288 0.547284
v -0.707968 4.591169 0.547922
v -0.707968 4.602571 0.549848
v -0.707968 4.613389 0.553082
v -0.707968 4.623517 0.557645
v -0.707968 4.632849 0.563557
v -0.707968 4.641280 0.570839
v -0.707968 4.648704 0.579509
v -0.707968 4.655014 0.589590
v -0.707968 4.660107 0.601100
v -0.707968 4.663875 0.614060
v -0.707968 4.666214 0.628491
v -0.707968 4.667016 0.644412
v -0.707968 4.627628 0.695884
v -0.707968 4.627628 0.644412
v -0.707968 4.627140 0.635022
v -0.707968 4.625734 0.626734
v -0.707968 4.623502 0.619493
v -0.707968 4.620533 0.613246
v -0.707968 4.616918 0.607937
v -0.707968 4.612746 0.603513
v -0.707968 4.608108 0.599918
v -0.707968 4.603094 0.597099
v -0.707968 4.597794 0.595002
v -0.707968 4.592298 0.593571
v -0.707968 4.586697 0.592752
v -0.707968 4.581079 0.592491
v -0.707968 4.573743 0.592924
v -0.707968 4.566963 0.594201
v -0.707968 4.560756 0.596289
v -0.707968 4.555135 0.599155
v -0.707968 4.550118 0.602768
v -0.707968 4.545719 0.607094
v -0.707968 4.541955 0.612100
v -0.707968 4.538839 0.617755
v -0.707968 4.536389 0.624025
v -0.707968 4.534621 0.630878
v -0.707968 4.533547 0.638281
v -0.707968 4.533187 0.646202
v -0.707968 4.533187 0.695884
v -0.707968 4.667016 0.968019
v -0.707968 4.361760 0.968019
v -0.707968 4.361760 0.924155
v -0.707968 4.493799 0.924155
v -0.707968 4.493799 0.878501
v -0.707968 4.494566 0.861620
v -0.707968 4.496805 0.846320
v -0.707968 4.500422 0.832581
v -0.707968 4.505321 0.820381
v -0.707968 4.511406 0.809698
v -0.707968 4.518584 0.800509
v -0.707968 4.526760 0.792794
v -0.707968 4.535839 0.786530
v -0.707968 4.545726 0.781696
v -0.707968 4.556327 0.778271
v -0.707968 4.567546 0.776231
v -0.707968 4.579288 0.775556
v -0.707968 4.591169 0.776193
v -0.707968 4.602571 0.778119
v -0.707968 4.613389 0.781353
v -0.707968 4.623517 0.785916
v -0.707968 4.632849 0.791829
v -0.707968 4.641280 0.799110
v -0.707968 4.648704 0.807781
v -0.707968 4.655014 0.817861
v -0.707968 4.660107 0.829371
v -0.707968 4.663875 0.842331
v -0.707968 4.666214 0.856762
v -0.707968 4.667016 0.872683
v -0.707968 4.627628 0.924155
v -0.707968 4.627628 0.872683
v -0.707968 4.627140 0.863293
v -0.707968 4.625734 0.855005
v -0.707968 4.623502 0.847764
v -0.707968 4.620533 0.841517
v -0.707968 4.616918 0.836208
v -0.707968 4.612746 0.831784
v -0.707968 4.608108 0.828189
v -0.707968 4.603094 0.825370
v -0.707968 4.597794 0.823273
v -0.707968 4.592298 0.821842
v -0.707968 4.586697 0.821023
v -0.707968 4.581079 0.820762
v -0.707968 4.573743 0.821195
v -0.707968 4.566963 0.822472
v -0.707968 4.560756 0.824560
v -0.707968 4.555135 0.827426
v -0.707968 4.550118 0.831039
v -0.707968 4.545719 0.835365
v -0.707968 4.541955 0.840371
v -0.707968 4.538839 0.846026
v -0.707968 4.536389 0.852296
v -0.707968 4.534621 0.859149
v -0.707968 4.533547 0.866552
v -0.707968 4.533187 0.874473
v -0.707968 4.533187 0.924155
v -0.707968 4.668806 1.135865
v -0.707968 4.668806 1.166749
v -0.707968 4.361760 1.297893
v -0.707968 4.361760 1.253134
v -0.707968 4.451725 1.214641
v -0.707968 4.451725 1.084840
v -0.707968 4.361760 1.044109
v -0.707968 4.361760 0.999351
v -0.707968 4.601668 1.151978
v -0.707968 4.491113 1.102744
v -0.707968 4.491113 1.197633
v -0.707968 4.645980 1.321168
v -0.707968 4.650140 1.331374
v -0.707968 4.653897 1.341204
v -0.707968 4.657260 1.350688
v -0.707968 4.660236 1.359859
v -0.707968 4.662832 1.368751
v -0.707968 4.665058 1.377396
v -0.707968 4.666920 1.385827
v -0.707968 4.668426 1.394075
v -0.707968 4.669583 1.402174
v -0.707968 4.670400 1.410157
v -0.707968 4.670885 1.418056
v -0.707968 4.671044 1.425904
v -0.707968 4.669652 1.449601
v -0.707968 4.665574 1.472028
v -0.707968 4.658959 1.493035
v -0.707968 4.649958 1.512471
v -0.707968 4.638719 1.530185
v -0.707968 4.625390 1.546026
v -0.707968 4.610123 1.559843
v -0.707968 4.593064 1.571487
v -0.707968 4.574366 1.580805
v -0.707968 4.554173 1.587648
v -0.707968 4.532640 1.591864
v -0.707968 4.509912 1.593302
v -0.707968 4.493472 1.592250
v -0.707968 4.476415 1.589059
v -0.707968 4.459131 1.583679
v -0.707968 4.442011 1.576062
v -0.707968 4.425444 1.566157
v -0.707968 4.409820 1.553915
v -0.707968 4.395529 1.539285
v -0.707968 4.382962 1.522219
v -0.707968 4.372509 1.502666
v -0.707968 4.364559 1.480576
v -0.707968 4.359503 1.455901
v -0.707968 4.357732 1.428589
v -0.707968 4.357961 1.416926
v -0.707968 4.358633 1.405854
v -0.707968 4.359725 1.395328
v -0.707968 4.361213 1.385306
v -0.707968 4.363074 1.375744
v -0.707968 4.365285 1.366598
v -0.707968 4.367822 1.357826
v -0.707968 4.370662 1.349383
v -0.707968 4.373782 1.341225
v -0.707968 4.377158 1.333311
v -0.707968 4.380768 1.325595
v -0.707968 4.384586 1.318035
v -0.707968 4.432479 1.318035
v -0.707968 4.427100 1.326712
v -0.707968 4.422155 1.335499
v -0.707968 4.417652 1.344373
v -0.707968 4.413597 1.353311
v -0.707968 4.409996 1.362294
v -0.707968 4.406855 1.371298
v -0.707968 4.404179 1.380302
v -0.707968 4.401977 1.389284
v -0.707968 4.400253 1.398223
v -0.707968 4.399014 1.407096
v -0.707968 4.398265 1.415883
v -0.707968 4.398015 1.424561
v -0.707968 4.398988 1.442412
v -0.707968 4.401846 1.459200
v -0.707968 4.406498 1.474831
v -0.707968 4.412851 1.489213
v -0.707968 4.420815 1.502252
v -0.707968 4.430297 1.513855
v -0.707968 4.441206 1.523929
v -0.707968 4.453449 1.532380
v -0.707968 4.466936 1.539116
v -0.707968 4.481575 1.544043
v -0.707968 4.497273 1.547067
v -0.707968 4.513941 1.548096
v -0.707968 4.530343 1.547034
v -0.707968 4.545906 1.543926
v -0.707968 4.560517 1.538892
v -0.707968 4.574067 1.532049
v -0.707968 4.586441 1.523515
v -0.707968 4.597528 1.513407
v -0.707968 4.607216 1.501846
v -0.707968 4.615394 1.488947
v -0.707968 4.621949 1.474831
v -0.707968 4.626770 1.459614
v -0.707968 4.629745 1.443414
v -0.707968 4.630761 1.426351
v -0.707968 4.630555 1.417572
v -0.707968 4.629930 1.408893
v -0.707968 4.628880 1.400286
v -0.707968 4.627396 1.391721
v -0.707968 4.625471 1.383168
v -0.707968 4.623096 1.374599
v -0.707968 4.620265 1.365982
v -0.707968 4.616969 1.357290
v -0.707968 4.613200 1.348492
v -0.707968 4.608952 1.339558
v -0.707968 4.604215 1.330460
v -0.707968 4.598982 1.321168
v -0.707968 4.668806 1.875732
v -0.707968 4.668806 1.906615
v -0.707968 4.361760 2.037759
v -0.707968 4.361760 1.993000
v -0.707968 4.451725 1.954507
v -0.707968 4.451725 1.824706
v -0.707968 4.361760 1.783976
v -0.707968 4.361760 1.739217
v -0.707968 4.601668 1.891845
v -0.707968 4.491113 1.842610
v -0.707968 4.491113 1.937499
v -0.707968 4.667016 2.045368
v -0.707968 4.667016 2.300495
v -0.707968 4.627628 2.300495
v -0.707968 4.627628 2.194863
v -0.707968 4.361760 2.194863
v -0.707968 4.361760 2.151000
v -0.707968 4.627628 2.151000
v -0.707968 4.627628 2.045368
v -0.707968 4.649560 2.334512
v -0.707968 4.652991 2.339919
v -0.707968 4.656125 2.345394
v -0.707968 4.658959 2.350932
v -0.707968 4.661496 2.356526
v -0.707968 4.663733 2.362170
v -0.707968 4.665673 2.367857
v -0.707968 4.667315 2.373581
v -0.707968 4.668657 2.379337
v -0.707968 4.669702 2.385117
v -0.707968 4.670448 2.390916
v -0.707968 4.670896 2.396728
v -0.707968 4.671044 2.402545
v -0.707968 4.670391 2.416121
v -0.707968 4.668460 2.428835
v -0.707968 4.665303 2.440625
v -0.707968 4.660966 2.451432
v -0.707968 4.655497 2.461194
v -0.707968 4.648945 2.469851
v -0.707968 4.641357 2.477343
v -0.707968 4.632784 2.483608
v -0.707968 4.623271 2.488587
v -0.707968 4.612868 2.492218
v -0.707968 4.601623 2.494442
v -0.707968 4.589583 2.495196
v -0.707968 4.570176 2.492598
v -0.707968 4.553498 2.485416
v -0.707968 4.539089 2.474565
v -0.707968 4.526490 2.460964
v -0.707968 4.515238 2.445529
v -0.707968 4.504876 2.429177
v -0.707968 4.494944 2.412825
v -0.707968 4.484980 2.397390
v -0.707968 4.474524 2.383789
v -0.707968 4.463118 2.372938
v -0.707968 4.450301 2.365755
v -0.707968 4.435612 2.363157
v -0.707968 4.431282 2.363485
v -0.707968 4.426855 2.364475
v -0.707968 4.422422 2.366136
v -0.707968 4.418073 2.368479
v -0.707968 4.413898 2.371511
v -0.707968 4.409987 2.375242
v -0.707968 4.406431 2.379682
v -0.707968 4.403319 2.384840
v -0.707968 4.400742 2.390726
v -0.707968 4.398789 2.397348
v -0.707968 4.397552 2.404716
v -0.707968 4.397120 2.412840
v -0.707968 4.397444 2.420297
v -0.707968 4.398413 2.427666
v -0.707968 4.400015 2.434932
v -0.707968 4.402242 2.442082
v -0.707968 4.405085 2.449101
v -0.707968 4.408533 2.455976
v -0.707968 4.412578 2.462692
v -0.707968 4.417211 2.469236
v -0.707968 4.422422 2.475593
v -0.707968 4.428202 2.481750
v -0.707968 4.434541 2.487692
v -0.707968 4.441431 2.493406
v -0.707968 4.385929 2.493406
v -0.707968 4.381331 2.486997
v -0.707968 4.377158 2.480515
v -0.707968 4.373404 2.473943
v -0.707968 4.370065 2.467263
v -0.707968 4.367136 2.460459
v -0.707968 4.364614 2.453514
v -0.707968 4.362491 2.446411
v -0.707968 4.360765 2.439131
v -0.707968 4.359431 2.431659
v -0.707968 4.358483 2.423978
v -0.707968 4.357919 2.416069
v -0.707968 4.357732 2.407916
v -0.707968 4.358446 2.395891
v -0.707968 4.360539 2.384488
v -0.707968 4.363935 2.373787
v -0.707968 4.368556 2.363870
v -0.707968 4.374328 2.354817
v -0.707968 4.381174 2.346708
v -0.707968 4.389018 2.339625
v -0.707968 4.397782 2.333649
v -0.707968 4.407393 2.328861
v -0.707968 4.417772 2.325340
v -0.707968 4.428845 2.323168
v -0.707968 4.440536 2.322427
v -0.707968 4.462866 2.325024
v -0.707968 4.481660 2.332207
v -0.707968 4.497463 2.343058
v -0.707968 4.510824 2.356659
v -0.707968 4.522288 2.372094
v -0.707968 4.532404 2.388446
v -0.707968 4.541717 2.404798
v -0.707968 4.550776 2.420233
v -0.707968 4.560126 2.433834
v -0.707968 4.570316 2.444685
v -0.707968 4.581892 2.451867
v -0.707968 4.595402 2.454466
v -0.707968 4.600628 2.454053
v -0.707968 4.605547 2.452843
v -0.707968 4.610130 2.450878
v -0.707968 4.614349 2.448199
v -0.707968 4.618177 2.444849
v -0.707968 4.621585 2.440870
v -0.707968 4.624546 2.436303
v -0.707968 4.627031 2.431191
v -0.707968 4.629013 2.425575
v -0.707968 4.630463 2.419497
v -0.707968 4.631353 2.413000
v -0.707968 4.631656 2.406126
v -0.707968 4.631501 2.400887
v -0.707968 4.631012 2.395475
v -0.707968 4.630153 2.389901
v -0.707968 4.628888 2.384177
v -0.707968 4.627182 2.378317
v -0.707968 4.624999 2.372333
v -0.707968 4.622303 2.366236
v -0.707968 4.619058 2.360041
v -0.707968 4.615229 2.353758
v -0.707968 4.610779 2.347400
v -0.707968 4.605674 2.340981
v -0.707968 4.599877 2.334512
v -0.707968 4.667016 2.530108
v -0.707968 4.667016 2.703326
v -0.707968 4.361760 2.703326
v -0.707968 4.361760 2.526080
v -0.707968 4.401148 2.526080
v -0.707968 4.401148 2.659462
v -0.707968 4.496037 2.659462
v -0.707968 4.496037 2.534584
v -0.707968 4.535425 2.534584
v -0.707968 4.535425 2.659462
v -0.707968 4.627628 2.659462
v -0.707968 4.627628 2.530108
v -0.707968 4.667016 2.763750
v -0.707968 4.667016 2.807614
v -0.707968 4.489323 2.807614
v -0.707968 4.482292 2.807694
v -0.707968 4.475524 2.807952
v -0.707968 4.469020 2.808418
v -0.707968 4.462783 2.809123
v -0.707968 4.456812 2.810094
v -0.707968 4.451110 2.811363
v -0.707968 4.445679 2.812958
v -0.707968 4.440519 2.814908
v -0.707968 4.435633 2.817244
v -0.707968 4.431022 2.819995
v -0.707968 4.426688 2.823191
v -0.707968 4.422632 2.826861
v -0.707968 4.419233 2.830543
v -0.707968 4.415991 2.834652
v -0.707968 4.412932 2.839183
v -0.707968 4.410083 2.844134
v -0.707968 4.407470 2.849501
v -0.707968 4.405120 2.855283
v -0.707968 4.403059 2.861474
v -0.707968 4.401314 2.868072
v -0.707968 4.399910 2.875074
v -0.707968 4.398874 2.882478
v -0.707968 4.398234 2.890279
v -0.707968 4.398015 2.898475
v -0.707968 4.398191 2.904984
v -0.707968 4.398726 2.911306
v -0.707968 4.399616 2.917442
v -0.707968 4.400866 2.923391
v -0.707968 4.402476 2.929153
v -0.707968 4.404449 2.934730
v -0.707968 4.406785 2.940120
v -0.707968 4.409486 2.945323
v -0.707968 4.412554 2.950339
v -0.707968 4.415991 2.955169
v -0.707968 4.419797 2.959813
v -0.707968 4.423975 2.964271
v -0.707968 4.427464 2.967546
v -0.707968 4.431041 2.970448
v -0.707968 4.434772 2.972992
v -0.707968 4.438728 2.975195
v -0.707968 4.442977 2.977075
v -0.707968 4.447585 2.978649
v -0.707968 4.452622 2.979934
v -0.707968 4.458158 2.980947
v -0.707968 4.464258 2.981705
v -0.707968 4.470992 2.982226
v -0.707968 4.478430 2.982526
v -0.707968 4.486637 2.982622
v -0.707968 4.667016 2.982622
v -0.707968 4.667016 3.026486
v -0.707968 4.477238 3.026486
v -0.707968 4.457397 3.025215
v -0.707968 4.439479 3.021546
v -0.707968 4.423443 3.015688
v -0.707968 4.409254 3.007853
v -0.707968 4.396873 2.998252
v -0.707968 4.386266 2.987098
v -0.707968 4.377391 2.974601
v -0.707968 4.370214 2.960972
v -0.707968 4.364697 2.946423
v -0.707968 4.360803 2.931165
v -0.707968 4.358493 2.915411
v -0.707968 4.357732 2.899370
v -0.707968 4.358744 2.877614
v -0.707968 4.361724 2.857775
v -0.707968 4.366592 2.839848
v -0.707968 4.373264 2.823827
v -0.707968 4.381659 2.809708
v -0.707968 4.391693 2.797487
v -0.707968 4.403283 2.787159
v -0.707968 4.416349 2.778720
v -0.707968 4.430807 2.772164
v -0.707968 4.446576 2.767486
v -0.707968 4.463573 2.764683
v -0.707968 4.481713 2.763750
v -0.707968 4.361760 3.200150
v -0.707968 4.366344 3.182135
v -0.707968 4.372844 3.165091
v -0.707968 4.381125 3.149132
v -0.707968 4.391052 3.134372
v -0.707968 4.402490 3.120922
v -0.707968 4.415303 3.108898
v -0.707968 4.429356 3.098413
v -0.707968 4.444514 3.089579
v -0.707968 4.460642 3.082511
v -0.707968 4.477605 3.077322
v -0.707968 4.495267 3.074126
v -0.707968 4.513493 3.073035
v -0.707968 4.535398 3.074453
v -0.707968 4.556246 3.078597
v -0.707968 4.575876 3.085302
v -0.707968 4.594125 3.094403
v -0.707968 4.610833 3.105736
v -0.707968 4.625838 3.119137
v -0.707968 4.638977 3.134439
v -0.707968 4.650090 3.151479
v -0.707968 4.659016 3.170092
v -0.707968 4.665590 3.190113
v -0.707968 4.669654 3.211377
v -0.707968 4.671044 3.233720
v -0.707968 4.669723 3.257811
v -0.707968 4.665843 3.280532
v -0.707968 4.659533 3.301747
v -0.707968 4.650919 3.321315
v -0.707968 4.640130 3.339099
v -0.707968 4.627293 3.354961
v -0.707968 4.612535 3.368762
v -0.707968 4.595982 3.380363
v -0.707968 4.577764 3.389628
v -0.707968 4.558007 3.396417
v -0.707968 4.536839 3.400591
v -0.707968 4.514388 3.402014
v -0.707968 4.495674 3.400939
v -0.707968 4.477656 3.397784
v -0.707968 4.460453 3.392649
v -0.707968 4.444182 3.385635
v -0.707968 4.428963 3.376843
v -0.707968 4.414911 3.366374
v -0.707968 4.402147 3.354329
v -0.707968 4.390787 3.340810
v -0.707968 4.380950 3.325917
v -0.707968 4.372755 3.309750
v -0.707968 4.366319 3.292412
v -0.707968 4.361760 3.274003
v -0.707968 4.354039 3.263249
v -0.707968 4.346583 3.252235
v -0.707968 4.339450 3.240944
v -0.707968 4.332699 3.229360
v -0.707968 4.326390 3.217465
v -0.707968 4.320581 3.205242
v -0.707968 4.315332 3.192674
v -0.707968 4.310701 3.179744
v -0.707968 4.306748 3.166435
v -0.707968 4.303532 3.152729
v -0.707968 4.301111 3.138610
v -0.707968 4.299545 3.124060
v -0.707968 4.338485 3.084672
v -0.707968 4.339828 3.086015
v -0.707968 4.338028 3.093535
v -0.707968 4.336881 3.101152
v -0.707968 4.336387 3.108947
v -0.707968 4.336545 3.116998
v -0.707968 4.337357 3.125385
v -0.707968 4.338821 3.134187
v -0.707968 4.340938 3.143483
v -0.707968 4.343707 3.153352
v -0.707968 4.347129 3.163875
v -0.707968 4.351204 3.175129
v -0.707968 4.355932 3.187195
v -0.707968 4.361312 3.200150
v -0.707968 4.362207 3.200150
v -0.707968 4.630761 3.235510
v -0.707968 4.629719 3.219005
v -0.707968 4.626673 3.203356
v -0.707968 4.621746 3.188674
v -0.707968 4.615062 3.175069
v -0.707968 4.606744 3.162651
v -0.707968 4.596912 3.151531
v -0.707968 4.585691 3.141819
v -0.707968 4.573205 3.133625
v -0.707968 4.559573 3.127060
v -0.707968 4.544921 3.122235
v -0.707968 4.529371 3.119258
v -0.707968 4.513045 3.118242
v -0.707968 4.497712 3.119232
v -0.707968 4.482922 3.122137
v -0.707968 4.468824 3.126858
v -0.707968 4.455571 3.133294
v -0.707968 4.443313 3.141346
v -0.707968 4.432199 3.150916
v -0.707968 4.422382 3.161902
v -0.707968 4.414012 3.174207
v -0.707968 4.407239 3.187730
v -0.707968 4.402215 3.202372
v -0.707968 4.399090 3.218034
v -0.707968 4.398015 3.234615
v -0.707968 4.399116 3.254132
v -0.707968 4.402312 3.271951
v -0.707968 4.407442 3.288074
v -0.707968 4.414343 3.302500
v -0.707968 4.422854 3.315228
v -0.707968 4.432815 3.326259
v -0.707968 4.444061 3.335593
v -0.707968 4.456433 3.343230
v -0.707968 4.469769 3.349170
v -0.707968 4.483906 3.353413
v -0.707968 4.498684 3.355958
v -0.707968 4.513941 3.356807
v -0.707968 4.525924 3.356164
v -0.707968 4.538601 3.354163
v -0.707968 4.551642 3.350695
v -0.707968 4.564717 3.345650
v -0.707968 4.577493 3.338922
v -0.707968 4.589639 3.330399
v -0.707968 4.600825 3.319975
v -0.707968 4.610719 3.307539
v -0.707968 4.618991 3.292984
v -0.707968 4.625309 3.276199
v -0.707968 4.629343 3.257078
v -0.707969 1.692546 -2.165846
v -0.707969 1.665020 -2.167593
v -0.707969 1.638299 -2.172751
v -0.707969 1.612686 -2.181197
v -0.707969 1.588482 -2.192809
v -0.707969 1.565992 -2.207462
v -0.707969 1.545517 -2.225034
v -0.707969 1.527361 -2.245400
v -0.707969 1.511827 -2.268439
v -0.707969 1.499218 -2.294026
v -0.707969 1.489836 -2.322038
v -0.707969 1.483985 -2.352353
v -0.707969 1.481967 -2.384847
v -0.707969 1.483997 -2.418411
v -0.707969 1.489878 -2.449550
v -0.707969 1.499302 -2.478169
v -0.707969 1.511961 -2.504175
v -0.707969 1.527544 -2.527473
v -0.707969 1.545743 -2.547970
v -0.707969 1.566247 -2.565571
v -0.707969 1.588749 -2.580183
v -0.707969 1.612939 -2.591711
v -0.707969 1.638508 -2.600063
v -0.707969 1.665147 -2.605142
v -0.707969 1.692546 -2.606857
v -0.707969 1.720703 -2.605097
v -0.707969 1.747836 -2.599902
v -0.707969 1.773674 -2.591393
v -0.707969 1.797946 -2.579694
v -0.707969 1.820379 -2.564927
v -0.707969 1.840702 -2.547219
v -0.707969 1.858644 -2.526689
v -0.707969 1.873932 -2.503462
v -0.707969 1.886296 -2.477662
v -0.707969 1.895464 -2.449411
v -0.707969 1.901163 -2.418833
v -0.707969 1.903124 -2.386050
v -0.707969 1.901152 -2.353786
v -0.707969 1.895422 -2.323570
v -0.707969 1.886211 -2.295549
v -0.707969 1.873799 -2.269865
v -0.707969 1.858461 -2.246662
v -0.707969 1.840477 -2.226086
v -0.707969 1.820123 -2.208280
v -0.707969 1.797678 -2.193388
v -0.707969 1.773421 -2.181555
v -0.707969 1.747627 -2.172923
v -0.707969 1.720576 -2.167639
v -0.707969 1.692546 -2.226613
v -0.707969 1.714582 -2.228003
v -0.707969 1.735469 -2.232072
v -0.707969 1.755061 -2.238664
v -0.707969 1.773211 -2.247626
v -0.707969 1.789774 -2.258802
v -0.707969 1.804603 -2.272037
v -0.707969 1.817552 -2.287178
v -0.707969 1.828474 -2.304069
v -0.707969 1.837224 -2.322557
v -0.707969 1.843655 -2.342486
v -0.707969 1.847620 -2.363702
v -0.707969 1.848975 -2.386050
v -0.707969 1.847620 -2.408537
v -0.707969 1.843655 -2.429868
v -0.707969 1.837224 -2.449892
v -0.707969 1.828474 -2.468455
v -0.707969 1.817552 -2.485405
v -0.707969 1.804603 -2.500590
v -0.707969 1.789774 -2.513857
v -0.707969 1.773211 -2.525055
v -0.707969 1.755061 -2.534029
v -0.707969 1.735469 -2.540628
v -0.707969 1.714582 -2.544699
v -0.707969 1.692546 -2.546090
v -0.707969 1.670636 -2.544699
v -0.707969 1.649831 -2.540628
v -0.707969 1.630284 -2.534029
v -0.707969 1.612147 -2.525055
v -0.707969 1.595573 -2.513857
v -0.707969 1.580714 -2.500590
v -0.707969 1.567722 -2.485405
v -0.707969 1.556751 -2.468455
v -0.707969 1.547952 -2.449892
v -0.707969 1.541478 -2.429868
v -0.707969 1.537482 -2.408537
v -0.707969 1.536116 -2.386050
v -0.707969 1.537482 -2.363703
v -0.707969 1.541478 -2.342487
v -0.707969 1.547952 -2.322557
v -0.707969 1.556750 -2.304070
v -0.707969 1.567722 -2.287178
v -0.707969 1.580714 -2.272038
v -0.707969 1.595573 -2.258802
v -0.707969 1.612147 -2.247626
v -0.707969 1.630284 -2.238665
v -0.707969 1.649831 -2.232073
v -0.707969 1.670636 -2.228004
v -0.707969 1.897709 -2.093647
v -0.707969 1.897709 -2.038296
v -0.707969 1.580037 -2.038296
v -0.707969 1.897709 -1.760332
v -0.707969 1.897709 -1.713404
v -0.707969 1.487382 -1.713404
v -0.707969 1.487382 -1.768756
v -0.707969 1.803249 -1.768756
v -0.707969 1.487382 -2.043109
v -0.707969 1.487382 -2.093647
v -0.707969 1.689537 -1.628571
v -0.707969 1.689537 -1.490793
v -0.707969 1.636592 -1.490793
v -0.707969 1.636592 -1.569609
v -0.707969 1.552361 -1.569609
v -0.707969 1.550145 -1.562526
v -0.707969 1.548024 -1.555409
v -0.707969 1.546015 -1.548250
v -0.707969 1.544138 -1.541042
v -0.707969 1.542412 -1.533775
v -0.707969 1.540854 -1.526441
v -0.707969 1.539485 -1.519031
v -0.707969 1.538322 -1.511539
v -0.707969 1.537385 -1.503954
v -0.707969 1.536693 -1.496269
v -0.707969 1.536263 -1.488475
v -0.707969 1.536116 -1.480565
v -0.707969 1.537436 -1.456823
v -0.707969 1.541308 -1.434421
v -0.707969 1.547604 -1.413499
v -0.707969 1.556193 -1.394194
v -0.707969 1.566947 -1.376644
v -0.707969 1.579736 -1.360987
v -0.707969 1.594430 -1.347360
v -0.707969 1.610899 -1.335901
v -0.707969 1.629015 -1.326749
v -0.707969 1.648647 -1.320041
v -0.707969 1.669667 -1.315915
v -0.707969 1.691944 -1.314509
v -0.707969 1.713739 -1.315922
v -0.707969 1.734494 -1.320047
v -0.707969 1.754046 -1.326711
v -0.707969 1.772231 -1.335745
v -0.707969 1.788887 -1.346977
v -0.707969 1.803851 -1.360235
v -0.707969 1.816960 -1.375348
v -0.707969 1.828051 -1.392145
v -0.707969 1.836961 -1.410454
v -0.707969 1.843527 -1.430105
v -0.707969 1.847586 -1.450925
v -0.707969 1.848975 -1.472744
v -0.707969 1.848687 -1.485088
v -0.707969 1.847827 -1.497450
v -0.707969 1.846399 -1.509820
v -0.707969 1.844407 -1.522190
v -0.707969 1.841855 -1.534552
v -0.707969 1.838747 -1.546897
v -0.707969 1.835088 -1.559217
v -0.707969 1.830881 -1.571504
v -0.707969 1.826131 -1.583748
v -0.707969 1.820842 -1.595943
v -0.707969 1.815019 -1.608079
v -0.707969 1.808664 -1.620148
v -0.707969 1.868228 -1.620148
v -0.707969 1.874602 -1.604667
v -0.707969 1.880213 -1.590308
v -0.707969 1.885102 -1.576914
v -0.707969 1.889308 -1.564328
v -0.707969 1.892870 -1.552394
v -0.707969 1.895828 -1.540956
v -0.707969 1.898223 -1.529856
v -0.707969 1.900093 -1.518937
v -0.707969 1.901478 -1.508044
v -0.707969 1.902419 -1.497018
v -0.707969 1.902954 -1.485705
v -0.707969 1.903124 -1.473947
v -0.707969 1.901242 -1.443325
v -0.707969 1.895745 -1.414183
v -0.707969 1.886851 -1.386745
v -0.707969 1.874779 -1.361237
v -0.707969 1.859749 -1.337886
v -0.707969 1.841981 -1.316916
v -0.707969 1.821693 -1.298553
v -0.707969 1.799105 -1.283023
v -0.707969 1.774436 -1.270551
v -0.707969 1.747906 -1.261363
v -0.707969 1.719734 -1.255685
v -0.707969 1.690139 -1.253742
v -0.707969 1.660765 -1.255638
v -0.707969 1.632937 -1.261188
v -0.707969 1.606848 -1.270184
v -0.707969 1.582688 -1.282421
v -0.707969 1.560652 -1.297691
v -0.707969 1.540929 -1.315788
v -0.707969 1.523714 -1.336504
v -0.707969 1.509198 -1.359633
v -0.707969 1.497573 -1.384968
v -0.707969 1.489031 -1.412302
v -0.707969 1.483765 -1.441429
v -0.707969 1.481967 -1.472142
v -0.707969 1.482171 -1.486181
v -0.707969 1.482792 -1.499773
v -0.707969 1.483848 -1.512998
v -0.707969 1.485354 -1.525934
v -0.707969 1.487329 -1.538661
v -0.707969 1.489789 -1.551259
v -0.707969 1.492750 -1.563807
v -0.707969 1.496229 -1.576383
v -0.707969 1.500243 -1.589069
v -0.707969 1.504808 -1.601942
v -0.707969 1.509941 -1.615084
v -0.707969 1.515660 -1.628571
v -0.707969 1.897709 -1.177934
v -0.707969 1.897709 -1.118972
v -0.707969 1.487382 -1.118972
v -0.707969 1.487382 -1.177934
v -0.707969 1.897709 -0.756176
v -0.707969 1.487382 -0.756176
v -0.707969 1.487382 -0.815138
v -0.707969 1.665471 -0.815138
v -0.707969 1.665471 -0.839806
v -0.707969 1.665233 -0.847234
v -0.707969 1.664368 -0.854557
v -0.707969 1.662651 -0.861898
v -0.707969 1.659856 -0.869376
v -0.707969 1.655757 -0.877113
v -0.707969 1.650129 -0.885230
v -0.707969 1.642746 -0.893849
v -0.707969 1.633383 -0.903091
v -0.707969 1.621814 -0.913076
v -0.707969 1.607813 -0.923925
v -0.707969 1.591155 -0.935761
v -0.707969 1.571614 -0.948705
v -0.707969 1.487382 -1.002854
v -0.707969 1.487382 -1.073247
v -0.707969 1.496656 -1.066539
v -0.707969 1.505014 -1.060495
v -0.707969 1.512595 -1.055028
v -0.707969 1.519537 -1.050050
v -0.707969 1.525978 -1.045473
v -0.707969 1.532055 -1.041209
v -0.707969 1.537906 -1.037171
v -0.707969 1.543670 -1.033271
v -0.707969 1.549484 -1.029420
v -0.707969 1.555486 -1.025533
v -0.707969 1.561814 -1.021520
v -0.707969 1.568605 -1.017293
v -0.707969 1.581115 -1.009634
v -0.707969 1.593072 -1.002246
v -0.707969 1.604479 -0.995051
v -0.707969 1.615334 -0.987968
v -0.707969 1.625637 -0.980919
v -0.707969 1.635389 -0.973824
v -0.707969 1.644589 -0.966604
v -0.707969 1.653238 -0.959179
v -0.707969 1.661335 -0.951469
v -0.707969 1.668881 -0.943396
v -0.707969 1.675875 -0.934881
v -0.707969 1.682317 -0.925842
v -0.707969 1.687052 -0.936418
v -0.707969 1.692518 -0.946173
v -0.707969 1.698694 -0.955088
v -0.707969 1.705559 -0.963144
v -0.707969 1.713093 -0.970324
v -0.707969 1.721274 -0.976606
v -0.707969 1.730083 -0.981974
v -0.707969 1.739497 -0.986408
v -0.707969 1.749496 -0.989890
v -0.707969 1.760059 -0.992400
v -0.707969 1.771165 -0.993919
v -0.707969 1.782793 -0.994430
v -0.707969 1.799968 -0.993364
v -0.707969 1.815956 -0.990213
v -0.707969 1.830700 -0.985048
v -0.707969 1.844139 -0.977941
v -0.707969 1.856217 -0.968962
v -0.707969 1.866874 -0.958181
v -0.707969 1.876052 -0.945671
v -0.707969 1.883692 -0.931502
v -0.707969 1.889737 -0.915746
v -0.707969 1.894127 -0.898473
v -0.707969 1.896803 -0.879754
v -0.707969 1.897709 -0.859661
v -0.707969 1.847170 -0.815138
v -0.707969 1.847170 -0.853042
v -0.707969 1.846686 -0.866624
v -0.707969 1.845254 -0.878818
v -0.707969 1.842902 -0.889668
v -0.707969 1.839660 -0.899213
v -0.707969 1.835558 -0.907497
v -0.707969 1.830624 -0.914561
v -0.707969 1.824889 -0.920447
v -0.707969 1.818380 -0.925196
v -0.707969 1.811127 -0.928850
v -0.707969 1.803160 -0.931452
v -0.707969 1.794508 -0.933042
v -0.707969 1.785200 -0.933664
v -0.707969 1.776682 -0.933410
v -0.707969 1.768345 -0.932287
v -0.707969 1.760297 -0.930204
v -0.707969 1.752644 -0.927068
v -0.707969 1.745492 -0.922787
v -0.707969 1.738948 -0.917269
v -0.707969 1.733118 -0.910422
v -0.707969 1.728110 -0.902155
v -0.707969 1.724029 -0.892375
v -0.707969 1.720982 -0.880991
v -0.707969 1.719076 -0.867911
v -0.707969 1.718417 -0.853042
v -0.707969 1.718417 -0.815138
v -0.707969 1.897709 -0.392779
v -0.707968 1.487382 -0.392779
v -0.707969 1.487382 -0.451741
v -0.707969 1.665471 -0.451741
v -0.707969 1.665471 -0.476408
v -0.707969 1.665233 -0.483837
v -0.707969 1.664368 -0.491160
v -0.707969 1.662651 -0.498500
v -0.707969 1.659856 -0.505978
v -0.707969 1.655757 -0.513715
v -0.707969 1.650129 -0.521833
v -0.707969 1.642746 -0.530452
v -0.707969 1.633383 -0.539693
v -0.707969 1.621814 -0.549677
v -0.707969 1.607813 -0.560528
v -0.707969 1.591155 -0.572364
v -0.707969 1.571614 -0.585307
v -0.707969 1.487382 -0.639456
v -0.707969 1.487382 -0.709849
v -0.707969 1.496656 -0.703141
v -0.707969 1.505014 -0.697098
v -0.707969 1.512595 -0.691630
v -0.707969 1.519537 -0.686652
v -0.707969 1.525978 -0.682075
v -0.707969 1.532055 -0.677812
v -0.707969 1.537906 -0.673773
v -0.707969 1.543670 -0.669873
v -0.707969 1.549484 -0.666023
v -0.707969 1.555486 -0.662135
v -0.707969 1.561814 -0.658122
v -0.707969 1.568605 -0.653895
v -0.707969 1.581115 -0.646237
v -0.707969 1.593072 -0.638849
v -0.707969 1.604479 -0.631653
v -0.707969 1.615334 -0.624570
v -0.707969 1.625637 -0.617521
v -0.707969 1.635389 -0.610426
v -0.707969 1.644589 -0.603206
v -0.707969 1.653238 -0.595780
v -0.707969 1.661335 -0.588071
v -0.707969 1.668881 -0.579998
v -0.707969 1.675875 -0.571483
v -0.707969 1.682317 -0.562445
v -0.707969 1.687052 -0.573021
v -0.707969 1.692518 -0.582775
v -0.707969 1.698694 -0.591690
v -0.707969 1.705559 -0.599747
v -0.707969 1.713093 -0.606926
v -0.707969 1.721274 -0.613209
v -0.707969 1.730083 -0.618577
v -0.707969 1.739497 -0.623011
v -0.707969 1.749496 -0.626492
v -0.707969 1.760059 -0.629002
v -0.707969 1.771165 -0.630522
v -0.707969 1.782793 -0.631033
v -0.707969 1.799968 -0.629967
v -0.707969 1.815956 -0.626816
v -0.707969 1.830700 -0.621651
v -0.707969 1.844139 -0.614543
v -0.707969 1.856217 -0.605564
v -0.707969 1.866874 -0.594784
v -0.707969 1.876052 -0.582274
v -0.707969 1.883692 -0.568105
v -0.707969 1.889737 -0.552348
v -0.707969 1.894127 -0.535075
v -0.707969 1.896803 -0.516357
v -0.707969 1.897709 -0.496263
v -0.707969 1.847170 -0.451741
v -0.707969 1.847170 -0.489645
v -0.707969 1.846686 -0.503226
v -0.707969 1.845254 -0.515421
v -0.707969 1.842902 -0.526270
v -0.707969 1.839660 -0.535816
v -0.707969 1.835558 -0.544100
v -0.707969 1.830624 -0.551164
v -0.707969 1.824889 -0.557049
v -0.707969 1.818380 -0.561798
v -0.707969 1.811127 -0.565453
v -0.707969 1.803160 -0.568054
v -0.707969 1.794508 -0.569645
v -0.707969 1.785200 -0.570266
v -0.707969 1.776682 -0.570012
v -0.707969 1.768345 -0.568890
v -0.707969 1.760297 -0.566806
v -0.707969 1.752644 -0.563670
v -0.707969 1.745492 -0.559389
v -0.707969 1.738948 -0.553871
v -0.707969 1.733118 -0.547024
v -0.707969 1.728110 -0.538757
v -0.707969 1.724029 -0.528978
v -0.707969 1.720982 -0.517594
v -0.707969 1.719076 -0.504513
v -0.707969 1.718417 -0.489645
v -0.707969 1.718417 -0.451741
v -0.707968 1.897709 -0.323589
v -0.707968 1.897709 -0.090750
v -0.707968 1.487382 -0.090750
v -0.707968 1.487382 -0.329004
v -0.707968 1.540328 -0.329004
v -0.707968 1.540328 -0.149712
v -0.707968 1.667878 -0.149712
v -0.707968 1.667878 -0.317573
v -0.707968 1.720823 -0.317573
v -0.707968 1.720823 -0.149712
v -0.707968 1.844764 -0.149712
v -0.707968 1.844764 -0.323589
v -0.707968 1.897709 -0.028178
v -0.707968 1.897709 0.190823
v -0.707968 1.487382 0.190823
v -0.707968 1.487382 0.131861
v -0.707968 1.678106 0.131861
v -0.707968 1.678106 -0.028178
v -0.707968 1.731051 -0.028178
v -0.707968 1.731051 0.131861
v -0.707968 1.844764 0.131861
v -0.707968 1.844764 -0.028178
v -0.707968 1.900115 0.587312
v -0.707968 1.900115 0.628826
v -0.707968 1.487382 0.805110
v -0.707968 1.487382 0.744944
v -0.707968 1.608314 0.693202
v -0.707968 1.608314 0.518723
v -0.707968 1.487382 0.463973
v -0.707968 1.487382 0.403808
v -0.707968 1.809868 0.608971
v -0.707968 1.661260 0.542789
v -0.707968 1.661260 0.670340
v -0.707968 1.897709 0.850835
v -0.707968 1.897709 0.909797
v -0.707968 1.487382 0.909797
v -0.707968 1.487382 0.850835
v -0.707968 1.897709 1.146847
v -0.707968 1.897709 1.205809
v -0.707968 1.487382 1.205809
v -0.707968 1.487382 0.961539
v -0.707968 1.540328 0.961539
v -0.707968 1.540328 1.146847
v -0.707968 1.897709 1.286431
v -0.707968 1.897709 1.345392
v -0.707968 1.658853 1.345392
v -0.707968 1.649402 1.345499
v -0.707968 1.640305 1.345847
v -0.707968 1.631562 1.346474
v -0.707968 1.623177 1.347420
v -0.707968 1.615151 1.348726
v -0.707968 1.607487 1.350431
v -0.707968 1.600186 1.352575
v -0.707968 1.593251 1.355197
v -0.707968 1.586683 1.358337
v -0.707968 1.580485 1.362035
v -0.707968 1.574659 1.366331
v -0.707968 1.569207 1.371264
v -0.707968 1.564638 1.376214
v -0.707968 1.560280 1.381737
v -0.707968 1.556168 1.387828
v -0.707968 1.552338 1.394483
v -0.707968 1.548826 1.401698
v -0.707968 1.545667 1.409468
v -0.707968 1.542897 1.417790
v -0.707968 1.540550 1.426660
v -0.707968 1.538664 1.436073
v -0.707968 1.537272 1.446024
v -0.707968 1.536411 1.456511
v -0.707968 1.536116 1.467528
v -0.707968 1.536355 1.476277
v -0.707968 1.537071 1.484775
v -0.707968 1.538269 1.493023
v -0.707968 1.539949 1.501020
v -0.707968 1.542113 1.508766
v -0.707968 1.544765 1.516261
v -0.707968 1.547905 1.523506
v -0.707968 1.551536 1.530501
v -0.707968 1.555660 1.537244
v -0.707968 1.560280 1.543737
v -0.707968 1.565396 1.549979
v -0.707968 1.571012 1.555970
v -0.707968 1.575702 1.560374
v -0.707968 1.580510 1.564274
v -0.707968 1.585527 1.567693
v -0.707968 1.590844 1.570655
v -0.707968 1.596554 1.573183
v -0.707968 1.602749 1.575299
v -0.707968 1.609520 1.577026
v -0.707968 1.616960 1.578387
v -0.707968 1.625161 1.579407
v -0.707968 1.634213 1.580106
v -0.707968 1.644210 1.580509
v -0.707968 1.655243 1.580638
v -0.707968 1.897709 1.580638
v -0.707968 1.897709 1.639600
v -0.707968 1.642608 1.639600
v -0.707968 1.615939 1.637893
v -0.707968 1.591852 1.632960
v -0.707968 1.570297 1.625085
v -0.707968 1.551224 1.614554
v -0.707968 1.534583 1.601649
v -0.707968 1.520323 1.586655
v -0.707968 1.508394 1.569856
v -0.707968 1.498747 1.551536
v -0.707968 1.491331 1.531980
v -0.707968 1.486095 1.511471
v -0.707968 1.482991 1.490293
v -0.707968 1.481967 1.468731
v -0.707968 1.483328 1.439487
v -0.707968 1.487335 1.412819
v -0.707968 1.493878 1.388721
v -0.707968 1.502847 1.367186
v -0.707968 1.514130 1.348207
v -0.707968 1.527618 1.331780
v -0.707968 1.543198 1.317897
v -0.707968 1.560761 1.306553
v -0.707968 1.580196 1.297740
v -0.707968 1.601393 1.291453
v -0.707968 1.624239 1.287685
v -0.707968 1.648625 1.286431
v -0.707968 1.897709 1.722026
v -0.707968 1.897709 1.780988
v -0.707968 1.487382 1.780988
v -0.707968 1.487382 1.722026
v -0.707968 1.689537 1.867024
v -0.707968 1.689537 2.004802
v -0.707968 1.636592 2.004802
v -0.707968 1.636592 1.925986
v -0.707968 1.552361 1.925986
v -0.707968 1.550145 1.933069
v -0.707968 1.548024 1.940186
v -0.707968 1.546015 1.947345
v -0.707968 1.544138 1.954553
v -0.707968 1.542412 1.961821
v -0.707968 1.540854 1.969155
v -0.707968 1.539485 1.976564
v -0.707968 1.538322 1.984057
v -0.707968 1.537385 1.991641
v -0.707968 1.536693 1.999326
v -0.707968 1.536263 2.007120
v -0.707968 1.536116 2.015031
v -0.707968 1.537436 2.038773
v -0.707968 1.541308 2.061174
v -0.707968 1.547604 2.082096
v -0.707968 1.556193 2.101401
v -0.707968 1.566947 2.118951
v -0.707968 1.579736 2.134609
v -0.707968 1.594430 2.148236
v -0.707968 1.610899 2.159694
v -0.707968 1.629015 2.168847
v -0.707968 1.648647 2.175555
v -0.707968 1.669667 2.179681
v -0.707968 1.691944 2.181086
v -0.707968 1.713739 2.179673
v -0.707968 1.734494 2.175549
v -0.707968 1.754046 2.168884
v -0.707968 1.772231 2.159850
v -0.707968 1.788887 2.148619
v -0.707968 1.803851 2.135361
v -0.707968 1.816960 2.120248
v -0.707968 1.828051 2.103451
v -0.707968 1.836961 2.085142
v -0.707968 1.843527 2.065491
v -0.707968 1.847586 2.044671
v -0.707968 1.848975 2.022852
v -0.707968 1.848687 2.010507
v -0.707968 1.847827 1.998145
v -0.707968 1.846399 1.985775
v -0.707968 1.844407 1.973405
v -0.707968 1.841855 1.961044
v -0.707968 1.838747 1.948699
v -0.707968 1.835088 1.936379
v -0.707968 1.830881 1.924092
v -0.707968 1.826131 1.911847
v -0.707968 1.820842 1.899653
v -0.707968 1.815019 1.887517
v -0.707968 1.808664 1.875448
v -0.707968 1.868228 1.875448
v -0.707968 1.874602 1.890929
v -0.707968 1.880213 1.905288
v -0.707968 1.885102 1.918682
v -0.707968 1.889308 1.931267
v -0.707968 1.892870 1.943201
v -0.707968 1.895828 1.954640
v -0.707968 1.898223 1.965740
v -0.707968 1.900093 1.976659
v -0.707968 1.901478 1.987552
v -0.707968 1.902419 1.998577
v -0.707968 1.902954 2.009890
v -0.707968 1.903124 2.021649
v -0.707968 1.901242 2.052270
v -0.707968 1.895745 2.081413
v -0.707968 1.886851 2.108851
v -0.707968 1.874779 2.134358
v -0.707968 1.859749 2.157710
v -0.707968 1.841981 2.178680
v -0.707968 1.821693 2.197043
v -0.707968 1.799105 2.212573
v -0.707968 1.774436 2.225044
v -0.707968 1.747906 2.234232
v -0.707968 1.719734 2.239910
v -0.707968 1.690139 2.241853
v -0.707968 1.660765 2.239958
v -0.707968 1.632937 2.234408
v -0.707968 1.606848 2.225411
v -0.707968 1.582688 2.213175
v -0.707968 1.560652 2.197904
v -0.707968 1.540929 2.179808
v -0.707968 1.523714 2.159092
v -0.707968 1.509198 2.135963
v -0.707968 1.497573 2.110627
v -0.707968 1.489031 2.083293
v -0.707968 1.483765 2.054166
v -0.707968 1.481967 2.023454
v -0.707968 1.482171 2.009414
v -0.707968 1.482792 1.995822
v -0.707968 1.483848 1.982598
v -0.707968 1.485354 1.969662
v -0.707968 1.487329 1.956934
v -0.707968 1.489789 1.944337
v -0.707968 1.492750 1.931789
v -0.707968 1.496229 1.919212
v -0.707968 1.500243 1.906527
v -0.707968 1.504808 1.893653
v -0.707968 1.509941 1.880512
v -0.707968 1.515660 1.867024
v -0.587523 4.601668 -3.357043
v -0.587523 4.491113 -3.406278
v -0.587523 4.451725 -3.424181
v -0.587523 4.491113 -3.311389
v -0.587523 4.361760 -3.509671
v -0.587523 4.451725 -3.294380
v -0.587523 4.361760 -3.255888
v -0.587523 4.361760 -3.464912
v -0.587523 4.361760 -3.211128
v -0.587523 4.668806 -3.373156
v -0.587523 4.668806 -3.342273
v -0.587523 4.668806 -2.614491
v -0.587523 4.667016 -2.909453
v -0.587523 4.668806 -2.583607
v -0.587523 4.667016 -2.400000
v -0.587523 4.667016 -2.444854
v -0.587523 4.627628 -2.953316
v -0.587523 4.627628 -2.444854
v -0.587523 4.627628 -2.400000
v -0.587523 4.601668 -2.598378
v -0.587523 4.491113 -2.647613
v -0.587523 4.451725 -2.665517
v -0.587523 4.491113 -2.552724
v -0.587523 4.361760 -2.452463
v -0.587523 4.361760 -2.497223
v -0.587523 4.451725 -2.535715
v -0.587523 4.667016 -3.028064
v -0.587523 4.660715 -3.079263
v -0.587523 4.665389 -3.054956
v -0.587523 4.631497 -3.137157
v -0.587523 4.643460 -3.120318
v -0.587523 4.653302 -3.101035
v -0.587523 4.627628 -3.020903
v -0.587523 4.626571 -3.041310
v -0.587523 4.618557 -3.076411
v -0.587523 4.611897 -3.091158
v -0.587523 4.623498 -3.059804
v -0.587523 4.617725 -3.151599
v -0.587523 4.594003 -3.115176
v -0.587523 4.568637 -3.181014
v -0.587523 4.571000 -3.132071
v -0.587523 4.585986 -3.173482
v -0.587523 4.583066 -3.124501
v -0.587523 4.602451 -3.163692
v -0.587523 4.544068 -3.142053
v -0.587523 4.550715 -3.186337
v -0.587523 4.529498 -3.144517
v -0.587523 4.514388 -3.145333
v -0.587523 4.514388 -3.190540
v -0.587523 4.532529 -3.189497
v -0.587523 4.557951 -3.137913
v -0.587523 4.603662 -3.104071
v -0.587523 4.492945 -3.143182
v -0.587523 4.494930 -3.189275
v -0.587523 4.504262 -3.144826
v -0.587523 4.468319 -3.135734
v -0.587523 4.457496 -3.179385
v -0.587523 4.480833 -3.140213
v -0.587523 4.475885 -3.185531
v -0.587523 4.455800 -3.129558
v -0.587523 4.440005 -3.170912
v -0.587523 4.443668 -3.121498
v -0.587523 4.422151 -3.098982
v -0.587523 4.423659 -3.160188
v -0.587523 4.432321 -3.111368
v -0.587523 4.406925 -3.066694
v -0.587523 4.402658 -3.046418
v -0.587523 4.361760 -2.706247
v -0.587523 4.361760 -3.028512
v -0.587523 4.361760 -2.909453
v -0.587523 4.361760 -2.751006
v -0.587523 4.374593 -3.096315
v -0.587523 4.367626 -3.075482
v -0.587523 4.363267 -3.052855
v -0.587523 4.408701 -3.147291
v -0.587523 4.395374 -3.132296
v -0.587523 4.383924 -3.115278
v -0.587523 4.401148 -3.023141
v -0.587523 4.401148 -2.953316
v -0.587523 4.413554 -3.084153
v -0.587522 1.902290 -2.400000
v -0.587522 1.886296 -2.477662
v -0.587522 1.895464 -2.449411
v -0.587522 1.901163 -2.418833
v -0.587522 1.843655 -2.429868
v -0.587522 1.847620 -2.408537
v -0.587522 1.848135 -2.400000
v -0.587522 1.858644 -2.526689
v -0.587522 1.873932 -2.503462
v -0.587522 1.837224 -2.449892
v -0.587522 1.800000 -2.578341
v -0.587522 1.800000 -2.504708
v -0.587522 1.804603 -2.500590
v -0.587522 1.820379 -2.564927
v -0.587522 1.817552 -2.485405
v -0.587522 1.828474 -2.468455
v -0.587522 1.840702 -2.547219
v -0.587522 1.797946 -2.579694
v -0.587522 1.789774 -2.513857
v -0.587522 1.735469 -2.540628
v -0.587522 1.747836 -2.599902
v -0.587522 1.755061 -2.534029
v -0.587522 1.773674 -2.591393
v -0.587522 1.773211 -2.525055
v -0.587522 1.714582 -2.544699
v -0.587522 1.720703 -2.605097
v -0.587522 1.692546 -2.606857
v -0.587522 1.692546 -2.546090
v -0.587522 1.665147 -2.605142
v -0.587522 1.670636 -2.544699
v -0.587522 1.649831 -2.540628
v -0.587522 1.638508 -2.600063
v -0.587522 1.630284 -2.534029
v -0.587522 1.612147 -2.525055
v -0.587522 1.612939 -2.591711
v -0.587522 1.588749 -2.580183
v -0.587522 1.595573 -2.513857
v -0.587522 1.556751 -2.468455
v -0.587522 1.567722 -2.485405
v -0.587522 1.566247 -2.565571
v -0.587522 1.580714 -2.500590
v -0.587522 1.541478 -2.429868
v -0.587522 1.537482 -2.408537
v -0.587522 1.536963 -2.400000
v -0.587522 1.482883 -2.400000
v -0.587522 1.483997 -2.418411
v -0.587522 1.511961 -2.504175
v -0.587522 1.499302 -2.478169
v -0.587522 1.489878 -2.449550
v -0.587522 1.545743 -2.547970
v -0.587522 1.527544 -2.527473
v -0.587522 1.547952 -2.449892
v -0.587523 4.667016 -2.189728
v -0.587523 4.667016 -2.174510
v -0.587522 4.667016 -1.919384
v -0.587522 4.667016 -1.894766
v -0.587522 4.667016 -1.721549
v -0.587522 4.645822 -1.600000
v -0.587522 4.636149 -1.610398
v -0.587522 4.627628 -2.068879
v -0.587522 4.627628 -2.025015
v -0.587522 4.627628 -1.919384
v -0.587522 4.627628 -1.894766
v -0.587522 4.627628 -1.765413
v -0.587522 4.627164 -1.617078
v -0.587522 4.644077 -1.602378
v -0.587522 4.617166 -1.622366
v -0.587522 4.594303 -1.628552
v -0.587522 4.606198 -1.626208
v -0.587522 4.564613 -1.627834
v -0.587522 4.572875 -1.628965
v -0.587522 4.581527 -1.629345
v -0.587522 4.549316 -1.623377
v -0.587522 4.542313 -1.620079
v -0.587522 4.524069 -1.606070
v -0.587522 4.529674 -1.611411
v -0.587522 4.535760 -1.616085
v -0.587522 4.535425 -1.765413
v -0.587522 4.556755 -1.625967
v -0.587522 4.535425 -1.890290
v -0.587522 4.496037 -1.890290
v -0.587522 4.518962 -1.600077
v -0.587522 4.488423 -1.600000
v -0.587522 4.417156 -1.600000
v -0.587522 4.422185 -1.646354
v -0.587522 4.431490 -1.640656
v -0.587522 4.440387 -1.635160
v -0.587522 4.448872 -1.629807
v -0.587522 4.456947 -1.624538
v -0.587522 4.464612 -1.619294
v -0.587522 4.496037 -1.765413
v -0.587522 4.471867 -1.614015
v -0.587522 4.478711 -1.608644
v -0.587522 4.485146 -1.603120
v -0.587522 4.394994 -1.664146
v -0.587522 4.399346 -1.661142
v -0.587522 4.403634 -1.658240
v -0.587522 4.407960 -1.655376
v -0.587522 4.412425 -1.652483
v -0.587522 4.361760 -1.687980
v -0.587522 4.361760 -1.635612
v -0.587522 4.361760 -1.721549
v -0.587522 4.380517 -1.674426
v -0.587522 4.374876 -1.678493
v -0.587522 4.368659 -1.682989
v -0.587522 4.385681 -1.670723
v -0.587522 4.401148 -1.765413
v -0.587522 4.390472 -1.667318
v -0.587522 4.417131 -1.649498
v -0.587523 4.627628 -2.174510
v -0.587523 4.627628 -2.189728
v -0.587523 4.627628 -2.339223
v -0.587523 4.627628 -2.295359
v -0.587522 4.401148 -1.898795
v -0.587522 4.361760 -2.025015
v -0.587522 4.361760 -1.898795
v -0.587523 4.361760 -2.295359
v -0.587522 4.361760 -2.068879
v -0.587523 4.361760 -2.339223
v -0.587522 1.897709 -1.713404
v -0.587522 1.874602 -1.604667
v -0.587522 1.876426 -1.600000
v -0.587522 1.818895 -1.600000
v -0.587522 1.815019 -1.608079
v -0.587522 1.868228 -1.620148
v -0.587522 1.903124 -2.386050
v -0.587522 1.901152 -2.353786
v -0.587522 1.895422 -2.323570
v -0.587522 1.897709 -2.093647
v -0.587522 1.897709 -2.038296
v -0.587522 1.897709 -1.760332
v -0.587522 1.848975 -2.386050
v -0.587522 1.847620 -2.363702
v -0.587522 1.886211 -2.295549
v -0.587522 1.873799 -2.269865
v -0.587522 1.858461 -2.246662
v -0.587522 1.800000 -2.267929
v -0.587522 1.800000 -2.194929
v -0.587522 1.800000 -2.093647
v -0.587522 1.800000 -1.845828
v -0.587522 1.800000 -1.771578
v -0.587522 1.803249 -1.768756
v -0.587522 1.800000 -1.768756
v -0.587522 1.800000 -1.713404
v -0.587522 1.808664 -1.620148
v -0.587522 1.843655 -2.342486
v -0.587522 1.837224 -2.322557
v -0.587522 1.828474 -2.304069
v -0.587522 1.817552 -2.287178
v -0.587522 1.804603 -2.272037
v -0.587522 1.840477 -2.226086
v -0.587522 1.820123 -2.208280
v -0.587522 1.800000 -2.038296
v -0.587522 1.789774 -2.258802
v -0.587522 1.797678 -2.193388
v -0.587522 1.773421 -2.181555
v -0.587522 1.755061 -2.238664
v -0.587522 1.720576 -2.167639
v -0.587522 1.714582 -2.228003
v -0.587522 1.735469 -2.232072
v -0.587522 1.747627 -2.172923
v -0.587522 1.773211 -2.247626
v -0.587522 1.692546 -2.226613
v -0.587522 1.692546 -2.165846
v -0.587522 1.665020 -2.167593
v -0.587522 1.638299 -2.172751
v -0.587522 1.580037 -2.038296
v -0.587522 1.515660 -1.628571
v -0.587522 1.487382 -1.768756
v -0.587522 1.487382 -1.713404
v -0.587522 1.509941 -1.615084
v -0.587522 1.504808 -1.601942
v -0.587522 1.504119 -1.600000
v -0.587522 1.689537 -1.628571
v -0.587522 1.689537 -1.600000
v -0.587522 1.649831 -2.232073
v -0.587522 1.670636 -2.228004
v -0.587522 1.612147 -2.247626
v -0.587522 1.612686 -2.181197
v -0.587522 1.630284 -2.238665
v -0.587522 1.580714 -2.272038
v -0.587522 1.588482 -2.192809
v -0.587522 1.556750 -2.304070
v -0.587522 1.567722 -2.287178
v -0.587522 1.565992 -2.207462
v -0.587522 1.595573 -2.258802
v -0.587522 1.541478 -2.342487
v -0.587522 1.536116 -2.386050
v -0.587522 1.537482 -2.363703
v -0.587522 1.499218 -2.294026
v -0.587522 1.487382 -2.093647
v -0.587522 1.481967 -2.384847
v -0.587522 1.483985 -2.352353
v -0.587522 1.489836 -2.322038
v -0.587522 1.487382 -2.043109
v -0.587522 1.511827 -2.268439
v -0.587522 1.527361 -2.245400
v -0.587522 1.545517 -2.225034
v -0.587522 1.547952 -2.322557
v -0.587522 4.667016 -1.400627
v -0.587522 4.667016 -1.227409
v -0.587522 4.667016 -1.042555
v -0.587522 4.667016 -0.998691
v -0.587522 4.667016 -0.823684
v -0.587522 4.627628 -1.271273
v -0.587522 4.650470 -1.400627
v -0.587522 4.667016 -0.800000
v -0.587522 4.486637 -0.823684
v -0.587522 4.489323 -0.998691
v -0.587522 4.481713 -1.042555
v -0.587522 4.482292 -0.998612
v -0.587522 4.478430 -0.823780
v -0.587522 4.475524 -0.998354
v -0.587522 4.470992 -0.824080
v -0.587522 4.463573 -1.041621
v -0.587522 4.469020 -0.997887
v -0.587522 4.456812 -0.996211
v -0.587522 4.462783 -0.997183
v -0.587522 4.458158 -0.825358
v -0.587522 4.442977 -0.829230
v -0.587522 4.445679 -0.993348
v -0.587522 4.447585 -0.827656
v -0.587522 4.446576 -1.038818
v -0.587522 4.451110 -0.994943
v -0.587522 4.452622 -0.826371
v -0.587522 4.435633 -0.989061
v -0.587522 4.434772 -0.833314
v -0.587522 4.426688 -0.983114
v -0.587522 4.427464 -0.838759
v -0.587522 4.430807 -1.034141
v -0.587522 4.431022 -0.986310
v -0.587522 4.431041 -0.835858
v -0.587522 4.440519 -0.991397
v -0.587522 4.438728 -0.831110
v -0.587522 4.464258 -0.824600
v -0.587522 4.419797 -0.846492
v -0.587522 4.415991 -0.971653
v -0.587522 4.419233 -0.975762
v -0.587522 4.412554 -0.855966
v -0.587522 4.410083 -0.962171
v -0.587522 4.409486 -0.860983
v -0.587522 4.412932 -0.967122
v -0.587522 4.415991 -0.851135
v -0.587522 4.405120 -0.951023
v -0.587522 4.404449 -0.871576
v -0.587522 4.401314 -0.938233
v -0.587522 4.400866 -0.882915
v -0.587522 4.403059 -0.944832
v -0.587522 4.402476 -0.877152
v -0.587522 4.407470 -0.956804
v -0.587522 4.406785 -0.866186
v -0.587522 4.398234 -0.916026
v -0.587522 4.398874 -0.923827
v -0.587522 4.398726 -0.895000
v -0.587522 4.398015 -0.907830
v -0.587522 4.398191 -0.901322
v -0.587522 4.357732 -0.906935
v -0.587522 4.358744 -0.928691
v -0.587522 4.358493 -0.890895
v -0.587522 4.361724 -0.948530
v -0.587522 4.360803 -0.875140
v -0.587522 4.373264 -0.982478
v -0.587522 4.366592 -0.966458
v -0.587522 4.364697 -0.859883
v -0.587522 4.370214 -0.845334
v -0.587522 4.377391 -0.831705
v -0.587522 4.381659 -0.996597
v -0.587522 4.399616 -0.888864
v -0.587522 4.386266 -0.819208
v -0.587522 4.396873 -0.808053
v -0.587522 4.403283 -1.019146
v -0.587522 4.391693 -1.008818
v -0.587522 4.399910 -0.931230
v -0.587522 4.407259 -0.800000
v -0.587522 4.416349 -1.027585
v -0.587522 4.422632 -0.979445
v -0.587522 4.423975 -0.842035
v -0.587522 4.667016 -1.529085
v -0.587522 4.667016 -1.452100
v -0.587522 4.664351 -1.557959
v -0.587522 4.666343 -1.544033
v -0.587522 4.650905 -1.593072
v -0.587522 4.656589 -1.582531
v -0.587522 4.661085 -1.570809
v -0.587522 4.626244 -1.551409
v -0.587522 4.620780 -1.564672
v -0.587522 4.623832 -1.558510
v -0.587522 4.627993 -1.543338
v -0.587522 4.627628 -1.400627
v -0.587522 4.617110 -1.569927
v -0.587522 4.629058 -1.534266
v -0.587522 4.629418 -1.524162
v -0.587522 4.629418 -1.495964
v -0.587522 4.612843 -1.574306
v -0.587522 4.602605 -1.580558
v -0.587522 4.608001 -1.577839
v -0.587522 4.576980 -1.583950
v -0.587522 4.570778 -1.583115
v -0.587522 4.583317 -1.584139
v -0.587522 4.590241 -1.583676
v -0.587522 4.596678 -1.582493
v -0.587522 4.564791 -1.581565
v -0.587522 4.553777 -1.576047
v -0.587522 4.559097 -1.579232
v -0.587522 4.544572 -1.566849
v -0.587522 4.537809 -1.553424
v -0.587522 4.540846 -1.560699
v -0.587522 4.548908 -1.571942
v -0.587522 4.535425 -1.396151
v -0.587522 4.493426 -1.525289
v -0.587522 4.494069 -1.519841
v -0.587522 4.514367 -1.593445
v -0.587522 4.496782 -1.591379
v -0.587522 4.501986 -1.585044
v -0.587522 4.510301 -1.586188
v -0.587522 4.506779 -1.578320
v -0.587522 4.534124 -1.535224
v -0.587522 4.492148 -1.530750
v -0.587522 4.533634 -1.524162
v -0.587522 4.494246 -1.514315
v -0.587522 4.533634 -1.495964
v -0.587522 4.494246 -1.495964
v -0.587522 4.496037 -1.396151
v -0.587522 4.535425 -1.271273
v -0.587522 4.496037 -1.271273
v -0.587522 4.490069 -1.536313
v -0.587522 4.487020 -1.542069
v -0.587522 4.451352 -1.576895
v -0.587522 4.461768 -1.568823
v -0.587522 4.470375 -1.561395
v -0.587522 4.491169 -1.597385
v -0.587522 4.482833 -1.548108
v -0.587522 4.424422 -1.595329
v -0.587522 4.438960 -1.585700
v -0.587522 4.401148 -1.271273
v -0.587522 4.361760 -1.227409
v -0.587522 4.361760 -1.404655
v -0.587522 4.361760 -1.495964
v -0.587522 4.361760 -1.452100
v -0.587522 4.401148 -1.404655
v -0.587522 4.477341 -1.554520
v -0.587522 4.535542 -1.544955
v -0.587522 1.897709 -0.859661
v -0.587522 1.894127 -0.898473
v -0.587522 1.896803 -0.879754
v -0.587522 1.897709 -0.800000
v -0.587522 1.889737 -0.915746
v -0.587522 1.847170 -0.815138
v -0.587522 1.847170 -0.853042
v -0.587522 1.903124 -1.473947
v -0.587522 1.902419 -1.497018
v -0.587522 1.902954 -1.485705
v -0.587522 1.898223 -1.529856
v -0.587522 1.900093 -1.518937
v -0.587522 1.901478 -1.508044
v -0.587522 1.901242 -1.443325
v -0.587522 1.897709 -1.177934
v -0.587522 1.895745 -1.414183
v -0.587522 1.886851 -1.386745
v -0.587522 1.897709 -1.118972
v -0.587522 1.889308 -1.564328
v -0.587522 1.892870 -1.552394
v -0.587522 1.895828 -1.540956
v -0.587522 1.848687 -1.485088
v -0.587522 1.848975 -1.472744
v -0.587522 1.846399 -1.509820
v -0.587522 1.846686 -0.866624
v -0.587522 1.847827 -1.497450
v -0.587522 1.880213 -1.590308
v -0.587522 1.885102 -1.576914
v -0.587522 1.847586 -1.450925
v -0.587522 1.874779 -1.361237
v -0.587522 1.859749 -1.337886
v -0.587522 1.856217 -0.968962
v -0.587522 1.866874 -0.958181
v -0.587522 1.876052 -0.945671
v -0.587522 1.883692 -0.931503
v -0.587522 1.843527 -1.430105
v -0.587522 1.842902 -0.889668
v -0.587522 1.835558 -0.907497
v -0.587522 1.836961 -1.410454
v -0.587522 1.839660 -0.899213
v -0.587522 1.824889 -0.920447
v -0.587522 1.818380 -0.925196
v -0.587522 1.800000 -1.356823
v -0.587522 1.803851 -1.360235
v -0.587522 1.800000 -1.283638
v -0.587522 1.800000 -1.177934
v -0.587522 1.800000 -1.118972
v -0.587522 1.800000 -0.993358
v -0.587522 1.800000 -0.932033
v -0.587522 1.803160 -0.931452
v -0.587522 1.800000 -0.815138
v -0.587522 1.820842 -1.595943
v -0.587522 1.826131 -1.583748
v -0.587522 1.816960 -1.375348
v -0.587522 1.821693 -1.298553
v -0.587522 1.815956 -0.990213
v -0.587522 1.811127 -0.928850
v -0.587522 1.830881 -1.571504
v -0.587522 1.835088 -1.559217
v -0.587522 1.838747 -1.546897
v -0.587522 1.841855 -1.534552
v -0.587522 1.828051 -1.392145
v -0.587522 1.841981 -1.316916
v -0.587522 1.830700 -0.985048
v -0.587522 1.844139 -0.977941
v -0.587522 1.830624 -0.914561
v -0.587522 1.844407 -1.522190
v -0.587522 1.845254 -0.878818
v -0.587522 1.799105 -1.283023
v -0.587522 1.794508 -0.933042
v -0.587522 1.785200 -0.933664
v -0.587522 1.782793 -0.994430
v -0.587522 1.776682 -0.933410
v -0.587522 1.788887 -1.346977
v -0.587522 1.771165 -0.993919
v -0.587522 1.768345 -0.932287
v -0.587522 1.760059 -0.992400
v -0.587522 1.752644 -0.927068
v -0.587522 1.739497 -0.986408
v -0.587522 1.745492 -0.922787
v -0.587522 1.754046 -1.326711
v -0.587522 1.774436 -1.270551
v -0.587522 1.747906 -1.261363
v -0.587522 1.760297 -0.930204
v -0.587522 1.749496 -0.989890
v -0.587522 1.772231 -1.335745
v -0.587522 1.728110 -0.902155
v -0.587522 1.733118 -0.910422
v -0.587522 1.720982 -0.880991
v -0.587522 1.734494 -1.320047
v -0.587522 1.719734 -1.255685
v -0.587522 1.724029 -0.892375
v -0.587522 1.713739 -1.315922
v -0.587522 1.691944 -1.314509
v -0.587522 1.669667 -1.315915
v -0.587522 1.690139 -1.253742
v -0.587522 1.675875 -0.934881
v -0.587522 1.687052 -0.936418
v -0.587522 1.682317 -0.925842
v -0.587522 1.668881 -0.943397
v -0.587522 1.692518 -0.946173
v -0.587522 1.730083 -0.981974
v -0.587522 1.721274 -0.976607
v -0.587522 1.713093 -0.970324
v -0.587522 1.738948 -0.917269
v -0.587522 1.705559 -0.963144
v -0.587522 1.698694 -0.955088
v -0.587522 1.719076 -0.867911
v -0.587522 1.718417 -0.853042
v -0.587522 1.718417 -0.815138
v -0.587522 1.665233 -0.847234
v -0.587522 1.662651 -0.861898
v -0.587522 1.664368 -0.854557
v -0.587522 1.648647 -1.320041
v -0.587522 1.660765 -1.255638
v -0.587522 1.655757 -0.877113
v -0.587522 1.659856 -0.869376
v -0.587522 1.665471 -0.839806
v -0.587522 1.610899 -1.335901
v -0.587522 1.629015 -1.326749
v -0.587522 1.606848 -1.270184
v -0.587522 1.632937 -1.261188
v -0.587522 1.625637 -0.980919
v -0.587522 1.607813 -0.923925
v -0.587522 1.635389 -0.973824
v -0.587522 1.621814 -0.913076
v -0.587522 1.644589 -0.966604
v -0.587522 1.653238 -0.959179
v -0.587522 1.633383 -0.903091
v -0.587522 1.661335 -0.951469
v -0.587522 1.650129 -0.885230
v -0.587522 1.604479 -0.995051
v -0.587522 1.591155 -0.935761
v -0.587522 1.568605 -1.017293
v -0.587522 1.571614 -0.948705
v -0.587522 1.581115 -1.009634
v -0.587522 1.593072 -1.002246
v -0.587522 1.532055 -1.041209
v -0.587522 1.537906 -1.037171
v -0.587522 1.487382 -0.815138
v -0.587522 1.487382 -1.002854
v -0.587522 1.487382 -0.800000
v -0.587522 1.487382 -1.073247
v -0.587522 1.487382 -1.118972
v -0.587522 1.487382 -1.177934
v -0.587522 1.505014 -1.060495
v -0.587522 1.496656 -1.066539
v -0.587522 1.525978 -1.045473
v -0.587522 1.519537 -1.050050
v -0.587522 1.512595 -1.055028
v -0.587522 1.582688 -1.282421
v -0.587522 1.543670 -1.033271
v -0.587522 1.549484 -1.029420
v -0.587522 1.555486 -1.025533
v -0.587522 1.561814 -1.021520
v -0.587522 1.615334 -0.987968
v -0.587522 1.642746 -0.893849
v -0.587522 1.665471 -0.815138
v -0.587522 1.689537 -1.490793
v -0.587522 1.636592 -1.569609
v -0.587522 1.636592 -1.490793
v -0.587522 1.594430 -1.347360
v -0.587522 1.579736 -1.360987
v -0.587522 1.560652 -1.297691
v -0.587522 1.556193 -1.394194
v -0.587522 1.566947 -1.376644
v -0.587522 1.552361 -1.569609
v -0.587522 1.550145 -1.562526
v -0.587522 1.548024 -1.555409
v -0.587522 1.546015 -1.548250
v -0.587522 1.544138 -1.541042
v -0.587522 1.542412 -1.533775
v -0.587522 1.540854 -1.526441
v -0.587522 1.539485 -1.519031
v -0.587522 1.538322 -1.511539
v -0.587522 1.541308 -1.434421
v -0.587522 1.547604 -1.413499
v -0.587522 1.540929 -1.315788
v -0.587522 1.482171 -1.486181
v -0.587522 1.481967 -1.472142
v -0.587522 1.483848 -1.512998
v -0.587522 1.482792 -1.499773
v -0.587522 1.483765 -1.441429
v -0.587522 1.492750 -1.563807
v -0.587522 1.489789 -1.551259
v -0.587522 1.487329 -1.538661
v -0.587522 1.485354 -1.525934
v -0.587522 1.489031 -1.412302
v -0.587522 1.500243 -1.589069
v -0.587522 1.496229 -1.576383
v -0.587522 1.537385 -1.503954
v -0.587522 1.536693 -1.496269
v -0.587522 1.536263 -1.488475
v -0.587522 1.536116 -1.480565
v -0.587522 1.537436 -1.456823
v -0.587522 1.497573 -1.384968
v -0.587522 1.509198 -1.359633
v -0.587522 1.523714 -1.336504
v -0.587522 1.075624 -1.348238
v -0.587522 1.075624 -1.304374
v -0.587522 1.075624 -1.293237
v -0.587522 1.075624 -1.249820
v -0.587522 1.075624 -1.066756
v -0.587522 1.075624 -1.013493
v -0.587522 1.075624 -1.022892
v -0.587522 1.075624 -0.960677
v -0.587522 1.038636 -0.800000
v -0.587522 0.928367 -0.838485
v -0.587522 0.928367 -0.891748
v -0.587522 0.896588 -0.865341
v -0.587522 0.882158 -0.800000
v -0.587522 0.959250 -0.865341
v -0.587522 0.974747 -0.800000
v -0.587522 0.770367 -0.969181
v -0.587522 0.770367 -1.021997
v -0.587522 0.818179 -0.800000
v -0.587522 0.842226 -1.122968
v -0.587522 0.921313 -1.228417
v -0.587522 0.935143 -1.304374
v -0.587522 0.770367 -1.304374
v -0.587522 0.767682 -1.163883
v -0.587522 0.767682 -1.154931
v -0.587522 0.770367 -1.348238
v -0.587522 0.861228 -1.158512
v -0.587522 4.668806 -0.281652
v -0.587522 4.667016 -0.576614
v -0.587522 4.668806 -0.250768
v -0.587522 4.601668 -0.265539
v -0.587522 4.491113 -0.314774
v -0.587522 4.491113 -0.219885
v -0.587522 4.451725 -0.332677
v -0.587522 4.451725 -0.202876
v -0.587522 4.361760 0.000000
v -0.587522 4.361760 -0.115149
v -0.587522 4.361760 -0.119625
v -0.587522 4.361760 -0.164384
v -0.587522 4.401148 -0.115149
v -0.587522 4.401148 0.000000
v -0.587522 4.667016 -0.779820
v -0.587522 4.667016 -0.739536
v -0.587522 4.627628 -0.739536
v -0.587522 4.503646 -0.739536
v -0.587522 4.503646 -0.620478
v -0.587522 4.543034 -0.620478
v -0.587522 4.543034 -0.739536
v -0.587522 4.627628 -0.620478
v -0.587522 4.439479 -0.784759
v -0.587522 4.423443 -0.790618
v -0.587522 4.457397 -0.781090
v -0.587522 4.361760 -0.620478
v -0.587522 4.409254 -0.798453
v -0.587522 4.361760 -0.418167
v -0.587522 4.361760 -0.576614
v -0.587522 4.361760 -0.373408
v -0.587522 4.477238 -0.779820
v -0.587522 1.897709 -0.090750
v -0.587522 1.897709 -0.028178
v -0.587522 1.844764 0.000000
v -0.587522 1.844764 -0.028178
v -0.587522 1.897709 0.000000
v -0.587522 1.897709 -0.756176
v -0.587522 1.897709 -0.496263
v -0.587522 1.897709 -0.392779
v -0.587522 1.897709 -0.323589
v -0.587522 1.889737 -0.552349
v -0.587522 1.894127 -0.535075
v -0.587522 1.896803 -0.516357
v -0.587522 1.856217 -0.605564
v -0.587522 1.866874 -0.594784
v -0.587522 1.876052 -0.582274
v -0.587522 1.883692 -0.568105
v -0.587522 1.845254 -0.515421
v -0.587522 1.846686 -0.503226
v -0.587522 1.847170 -0.489645
v -0.587522 1.847170 -0.451741
v -0.587522 1.842902 -0.526270
v -0.587522 1.835558 -0.544100
v -0.587522 1.830624 -0.551164
v -0.587522 1.839660 -0.535816
v -0.587522 1.818380 -0.561798
v -0.587522 1.803160 -0.568054
v -0.587522 1.815956 -0.626816
v -0.587522 1.811127 -0.565453
v -0.587522 1.800000 -0.756176
v -0.587522 1.800000 -0.629961
v -0.587522 1.800000 -0.568635
v -0.587522 1.800000 -0.451741
v -0.587522 1.830700 -0.621651
v -0.587522 1.844139 -0.614543
v -0.587522 1.824889 -0.557049
v -0.587522 1.844764 -0.323589
v -0.587522 1.800000 -0.392779
v -0.587522 1.800000 -0.149712
v -0.587522 1.844764 -0.149712
v -0.587522 1.800000 -0.090750
v -0.587522 1.785200 -0.570266
v -0.587522 1.794508 -0.569645
v -0.587522 1.776682 -0.570013
v -0.587522 1.771165 -0.630522
v -0.587522 1.782793 -0.631033
v -0.587522 1.760059 -0.629002
v -0.587522 1.768345 -0.568890
v -0.587522 1.760297 -0.566806
v -0.587522 1.739497 -0.623011
v -0.587522 1.752644 -0.563670
v -0.587522 1.745492 -0.559389
v -0.587522 1.733118 -0.547024
v -0.587522 1.730083 -0.618577
v -0.587522 1.738948 -0.553871
v -0.587522 1.724029 -0.528978
v -0.587522 1.720982 -0.517594
v -0.587522 1.721274 -0.613209
v -0.587522 1.728110 -0.538758
v -0.587522 1.749496 -0.626492
v -0.587522 1.719076 -0.504513
v -0.587522 1.718417 -0.489645
v -0.587522 1.718417 -0.451741
v -0.587522 1.720823 -0.317573
v -0.587522 1.720823 -0.149712
v -0.587522 1.731051 -0.028178
v -0.587522 1.731051 0.000000
v -0.587522 1.665233 -0.483837
v -0.587522 1.698694 -0.591690
v -0.587522 1.692518 -0.582776
v -0.587522 1.668881 -0.579998
v -0.587522 1.675875 -0.571483
v -0.587522 1.687052 -0.573021
v -0.587522 1.682317 -0.562445
v -0.587522 1.667878 -0.317573
v -0.587522 1.678106 -0.028178
v -0.587522 1.678106 0.000000
v -0.587522 1.662651 -0.498500
v -0.587522 1.659856 -0.505978
v -0.587522 1.650129 -0.521833
v -0.587522 1.655757 -0.513715
v -0.587522 1.621814 -0.549678
v -0.587522 1.633383 -0.539693
v -0.587522 1.487382 -0.329004
v -0.587522 1.487382 -0.090750
v -0.587522 1.540328 -0.149712
v -0.587522 1.540328 -0.329004
v -0.587522 1.653238 -0.595781
v -0.587522 1.661335 -0.588072
v -0.587522 1.642746 -0.530452
v -0.587522 1.713093 -0.606926
v -0.587522 1.705559 -0.599747
v -0.587522 1.664368 -0.491160
v -0.587522 1.665471 -0.476408
v -0.587522 1.665471 -0.451741
v -0.587522 1.667878 -0.149712
v -0.587522 1.635389 -0.610426
v -0.587522 1.644589 -0.603206
v -0.587522 1.625637 -0.617521
v -0.587522 1.607813 -0.560528
v -0.587522 1.615334 -0.624571
v -0.587522 1.604479 -0.631653
v -0.587522 1.591155 -0.572364
v -0.587522 1.571614 -0.585307
v -0.587522 1.568605 -0.653896
v -0.587522 1.581115 -0.646237
v -0.587522 1.593072 -0.638849
v -0.587522 1.555486 -0.662136
v -0.587522 1.561814 -0.658122
v -0.587522 1.537906 -0.673773
v -0.587522 1.543670 -0.669873
v -0.587522 1.549484 -0.666023
v -0.587522 1.532055 -0.677812
v -0.587522 1.505014 -0.697098
v -0.587522 1.487382 -0.756176
v -0.587522 1.496656 -0.703141
v -0.587522 1.487382 -0.392779
v -0.587522 1.487382 -0.709850
v -0.587522 1.487382 -0.639456
v -0.587522 1.487382 -0.451741
v -0.587522 1.525978 -0.682075
v -0.587522 1.519537 -0.686652
v -0.587522 1.512595 -0.691631
v -0.587522 1.075624 -0.452663
v -0.587522 1.075624 -0.399399
v -0.587522 1.075624 -0.356878
v -0.587522 1.075624 -0.316148
v -0.587522 1.075624 -0.113389
v -0.587522 1.075624 -0.072211
v -0.587522 1.008038 -0.313014
v -0.587522 1.008038 -0.312119
v -0.587522 1.008038 -0.116970
v -0.587522 1.008038 -0.116075
v -0.587522 1.075624 -0.007311
v -0.587522 1.075624 0.000000
v -0.587522 0.889874 -0.218125
v -0.587522 0.950299 -0.214545
v -0.587522 0.889874 -0.210964
v -0.587521 0.770367 0.000000
v -0.587521 0.770367 -0.007311
v -0.587522 0.770367 -0.116075
v -0.587522 0.770367 -0.072211
v -0.587522 1.075624 -0.769556
v -0.587522 1.075624 -0.716293
v -0.587522 1.075624 -0.696599
v -0.587522 1.075624 -0.643784
v -0.587522 0.959250 -0.548447
v -0.587522 0.928367 -0.521591
v -0.587522 0.928367 -0.574855
v -0.587522 0.896588 -0.548447
v -0.587522 0.770367 -0.760157
v -0.587522 0.770367 -0.706894
v -0.587522 0.770367 -0.390000
v -0.587522 0.770367 -0.356878
v -0.587522 0.770367 -0.313014
v -0.587522 0.770367 -0.705103
v -0.587522 0.770367 -0.652288
v -0.587522 0.770367 -0.443263
v -0.587522 4.667016 0.242028
v -0.587522 4.667016 0.285892
v -0.587522 4.667016 0.336022
v -0.587522 4.667016 0.509239
v -0.587522 4.667016 0.644412
v -0.587522 4.655014 0.589590
v -0.587522 4.660107 0.601100
v -0.587522 4.663875 0.614060
v -0.587522 4.666214 0.628491
v -0.587522 4.667016 0.739748
v -0.587522 4.641280 0.799110
v -0.587522 4.642042 0.800000
v -0.587522 4.627628 0.336022
v -0.587522 4.632849 0.791828
v -0.587522 4.627628 0.465375
v -0.587522 4.632849 0.563557
v -0.587522 4.641280 0.570839
v -0.587522 4.648704 0.579509
v -0.587522 4.627140 0.635022
v -0.587522 4.627628 0.644412
v -0.587522 4.627628 0.695884
v -0.587522 4.625734 0.626734
v -0.587522 4.620533 0.613246
v -0.587522 4.623502 0.619493
v -0.587522 4.612746 0.603513
v -0.587522 4.608108 0.599918
v -0.587522 4.623517 0.557645
v -0.587522 4.616918 0.607937
v -0.587522 4.597794 0.595001
v -0.587522 4.602571 0.549848
v -0.587522 4.603094 0.597099
v -0.587522 4.602571 0.778119
v -0.587522 4.586697 0.592752
v -0.587522 4.591169 0.547922
v -0.587522 4.579288 0.547284
v -0.587522 4.581079 0.592491
v -0.587522 4.592298 0.593570
v -0.587522 4.591169 0.776193
v -0.587522 4.613389 0.553082
v -0.587522 4.613389 0.781353
v -0.587522 4.623517 0.785916
v -0.587522 4.573743 0.592924
v -0.587522 4.567546 0.547960
v -0.587522 4.566963 0.594200
v -0.587522 4.555135 0.599155
v -0.587522 4.556327 0.549999
v -0.587522 4.560756 0.596288
v -0.587522 4.567546 0.776231
v -0.587522 4.541955 0.612100
v -0.587522 4.545719 0.607094
v -0.587522 4.536389 0.624025
v -0.587522 4.538839 0.617755
v -0.587522 4.545726 0.781696
v -0.587522 4.540389 0.784306
v -0.587522 4.535425 0.465375
v -0.587522 4.545726 0.553425
v -0.587522 4.540389 0.556034
v -0.587522 4.535839 0.558259
v -0.587522 4.550118 0.602768
v -0.587522 4.556327 0.778270
v -0.587522 4.533547 0.638281
v -0.587522 4.526536 0.739748
v -0.587522 4.526760 0.792794
v -0.587522 4.511406 0.581426
v -0.587522 4.526536 0.509239
v -0.587522 4.518584 0.572238
v -0.587522 4.519123 0.800000
v -0.587522 4.526760 0.564523
v -0.587522 4.361760 0.695884
v -0.587522 4.361760 0.739748
v -0.587522 4.493799 0.650230
v -0.587522 4.493799 0.695884
v -0.587522 4.496037 0.465375
v -0.587522 4.505321 0.592110
v -0.587522 4.500422 0.604310
v -0.587522 4.496805 0.618049
v -0.587522 4.494566 0.633349
v -0.587522 4.534621 0.630878
v -0.587522 4.533187 0.646202
v -0.587522 4.533187 0.695884
v -0.587522 4.535839 0.786530
v -0.587522 4.579288 0.775555
v -0.587522 4.667016 0.022709
v -0.587522 4.667016 0.066573
v -0.587522 4.535425 0.340498
v -0.587522 4.401148 0.242028
v -0.587522 4.496037 0.340498
v -0.587522 4.401148 0.331993
v -0.587522 4.401148 0.104170
v -0.587522 4.361760 0.331993
v -0.587522 4.361760 0.509239
v -0.587522 4.361760 0.066573
v -0.587522 4.361760 0.104170
v -0.587522 4.361760 0.285892
v -0.587522 4.401148 0.022709
v -0.587522 4.401148 0.465375
v -0.587521 1.900115 0.587312
v -0.587521 1.900115 0.628825
v -0.587522 1.897709 0.190823
v -0.587522 1.800000 0.131861
v -0.587521 1.800000 0.190823
v -0.587522 1.844764 0.131861
v -0.587521 1.800000 0.542800
v -0.587521 1.800000 0.604577
v -0.587521 1.809868 0.608971
v -0.587521 1.800000 0.613046
v -0.587521 1.800000 0.671586
v -0.587522 1.731051 0.131861
v -0.587521 1.661260 0.542789
v -0.587521 1.608314 0.693202
v -0.587521 1.608314 0.518723
v -0.587521 1.661260 0.670340
v -0.587521 1.487382 0.800000
v -0.587521 1.487382 0.744944
v -0.587521 1.487382 0.463973
v -0.587521 1.499344 0.800000
v -0.587522 1.678106 0.131861
v -0.587521 1.487382 0.131861
v -0.587521 1.487382 0.403808
v -0.587521 1.487382 0.190823
v -0.587521 1.075624 0.236178
v -0.587521 1.075624 0.277357
v -0.587521 1.075624 0.715547
v -0.587521 1.061909 0.642576
v -0.587521 1.069322 0.664348
v -0.587521 1.073997 0.688656
v -0.587521 1.075624 0.800000
v -0.587521 1.032106 0.683808
v -0.587521 1.035179 0.702302
v -0.587521 1.040105 0.606455
v -0.587521 1.052067 0.623294
v -0.587521 1.036236 0.722709
v -0.587521 1.036236 0.790295
v -0.587521 1.020504 0.652454
v -0.587521 1.002611 0.628435
v -0.587521 1.011059 0.579920
v -0.587521 1.026333 0.592012
v -0.587521 1.012270 0.639541
v -0.587521 0.977245 0.562597
v -0.587521 0.979608 0.611541
v -0.587521 0.941137 0.554115
v -0.587521 0.938105 0.599095
v -0.587521 0.952675 0.601559
v -0.587521 0.959323 0.557274
v -0.587521 0.966559 0.605699
v -0.587521 0.994594 0.570130
v -0.587521 0.991674 0.619111
v -0.587521 1.027165 0.667201
v -0.587521 0.912869 0.598785
v -0.587521 0.922996 0.598279
v -0.587521 0.922996 0.553072
v -0.587521 0.901553 0.600430
v -0.587521 0.903538 0.554337
v -0.587521 0.889440 0.603398
v -0.587521 0.876927 0.607877
v -0.587521 0.866103 0.564227
v -0.587521 0.840929 0.632243
v -0.587521 0.848613 0.572700
v -0.587521 0.852276 0.622113
v -0.587521 0.864408 0.614053
v -0.587521 0.884492 0.558081
v -0.587521 0.822162 0.659459
v -0.587521 0.811265 0.697193
v -0.587521 0.815533 0.676918
v -0.587521 0.770367 0.715100
v -0.587521 0.770367 0.800000
v -0.587521 0.776234 0.668130
v -0.587521 0.771875 0.690756
v -0.587521 0.803982 0.611316
v -0.587521 0.792531 0.628334
v -0.587521 0.783201 0.647297
v -0.587521 0.809755 0.790295
v -0.587521 0.830759 0.644629
v -0.587521 0.809755 0.720471
v -0.587521 0.832267 0.583423
v -0.587521 0.817308 0.596321
v -0.587521 1.075624 0.033420
v -0.587521 1.008038 0.036553
v -0.587521 1.008038 0.233493
v -0.587521 1.008038 0.232598
v -0.587521 1.008038 0.037448
v -0.587521 0.889874 0.131442
v -0.587521 0.950299 0.135023
v -0.587521 0.889874 0.138604
v -0.587521 0.820050 0.483696
v -0.587521 0.819804 0.480064
v -0.587521 0.819804 0.487327
v -0.587521 0.819086 0.476578
v -0.587521 0.935143 0.277357
v -0.587521 0.817931 0.473268
v -0.587521 0.817931 0.494123
v -0.587521 0.814435 0.467311
v -0.587521 0.814435 0.500080
v -0.587521 0.816370 0.470169
v -0.587521 0.816370 0.497223
v -0.587521 0.809579 0.462454
v -0.587521 0.809579 0.504937
v -0.587521 0.803622 0.458959
v -0.587521 0.803622 0.508432
v -0.587521 0.806722 0.460520
v -0.587521 0.806722 0.506871
v -0.587521 0.812161 0.464729
v -0.587521 0.812161 0.502662
v -0.587521 0.770367 0.277357
v -0.587521 0.819086 0.490814
v -0.587521 0.796826 0.457087
v -0.587521 0.796826 0.510305
v -0.587521 0.789563 0.457087
v -0.587521 0.789563 0.510305
v -0.587521 0.793195 0.456840
v -0.587521 0.793195 0.510551
v -0.587521 0.782767 0.458959
v -0.587521 0.782767 0.508432
v -0.587521 0.776810 0.462454
v -0.587521 0.776810 0.504937
v -0.587521 0.779667 0.460520
v -0.587521 0.779667 0.506871
v -0.587521 0.786077 0.457804
v -0.587521 0.786077 0.509587
v -0.587521 0.771953 0.467311
v -0.587521 0.771953 0.500080
v -0.587521 0.770019 0.470169
v -0.587521 0.770019 0.497223
v -0.587521 0.768458 0.473268
v -0.587521 0.767303 0.490814
v -0.587521 0.766339 0.483696
v -0.587521 0.766585 0.480064
v -0.587521 0.766585 0.487327
v -0.587521 0.767303 0.476578
v -0.587521 0.768458 0.494123
v -0.587521 0.770367 0.036553
v -0.587521 0.770367 0.233493
v -0.587521 0.774228 0.502662
v -0.587521 0.774228 0.464729
v -0.587521 0.800313 0.509587
v -0.587521 0.800313 0.457804
v -0.587521 4.670885 1.418056
v -0.587521 4.671044 1.425904
v -0.587521 4.669583 1.402174
v -0.587521 4.670400 1.410157
v -0.587521 4.669652 1.449601
v -0.587521 4.662832 1.368751
v -0.587521 4.668806 1.166749
v -0.587521 4.665058 1.377396
v -0.587521 4.668806 1.135865
v -0.587521 4.666920 1.385827
v -0.587521 4.668426 1.394075
v -0.587521 4.665574 1.472028
v -0.587521 4.630555 1.417572
v -0.587521 4.630761 1.426351
v -0.587521 4.645980 1.321168
v -0.587521 4.650140 1.331374
v -0.587521 4.653897 1.341204
v -0.587521 4.657260 1.350688
v -0.587521 4.660236 1.359859
v -0.587521 4.629930 1.408893
v -0.587521 4.629745 1.443414
v -0.587521 4.658959 1.493035
v -0.587521 4.649958 1.512471
v -0.587521 4.638719 1.530185
v -0.587521 4.628880 1.400286
v -0.587521 4.625471 1.383168
v -0.587521 4.627396 1.391721
v -0.587521 4.626770 1.459614
v -0.587521 4.620265 1.365982
v -0.587521 4.613200 1.348492
v -0.587521 4.616969 1.357290
v -0.587521 4.623096 1.374599
v -0.587521 4.621949 1.474831
v -0.587521 4.607216 1.501846
v -0.587521 4.586441 1.523515
v -0.587521 4.560517 1.538892
v -0.587521 4.554173 1.587648
v -0.587521 4.574366 1.580805
v -0.587521 4.574067 1.532049
v -0.587521 4.593064 1.571487
v -0.587521 4.597528 1.513407
v -0.587521 4.610123 1.559843
v -0.587521 4.598982 1.321168
v -0.587521 4.604215 1.330460
v -0.587521 4.608952 1.339558
v -0.587521 4.615394 1.488947
v -0.587521 4.625390 1.546026
v -0.587521 4.601668 1.151978
v -0.587521 4.545906 1.543926
v -0.587521 4.513941 1.548096
v -0.587521 4.509912 1.593302
v -0.587521 4.530343 1.547034
v -0.587521 4.532640 1.591864
v -0.587521 4.497273 1.547067
v -0.587521 4.493472 1.592250
v -0.587521 4.481575 1.544043
v -0.587521 4.476415 1.589059
v -0.587521 4.453449 1.532380
v -0.587521 4.441206 1.523929
v -0.587521 4.442011 1.576062
v -0.587521 4.427100 1.326712
v -0.587521 4.417652 1.344373
v -0.587521 4.422155 1.335499
v -0.587521 4.420815 1.502252
v -0.587521 4.430297 1.513855
v -0.587521 4.425444 1.566157
v -0.587521 4.457131 1.257158
v -0.587521 4.432479 1.318035
v -0.587521 4.466936 1.539116
v -0.587521 4.459131 1.583679
v -0.587521 4.413597 1.353311
v -0.587521 4.409996 1.362294
v -0.587521 4.406855 1.371298
v -0.587521 4.401977 1.389284
v -0.587521 4.399014 1.407096
v -0.587521 4.400253 1.398223
v -0.587521 4.401846 1.459200
v -0.587521 4.404179 1.380302
v -0.587521 4.406498 1.474831
v -0.587521 4.398015 1.424561
v -0.587521 4.357961 1.416926
v -0.587521 4.357732 1.428589
v -0.587521 4.358633 1.405854
v -0.587521 4.361213 1.385306
v -0.587521 4.359725 1.395328
v -0.587521 4.359503 1.455901
v -0.587521 4.398265 1.415883
v -0.587521 4.364559 1.480576
v -0.587521 4.372509 1.502666
v -0.587521 4.382962 1.522219
v -0.587521 4.395529 1.539285
v -0.587521 4.398988 1.442412
v -0.587521 4.412851 1.489213
v -0.587521 4.409820 1.553915
v -0.587521 4.667016 0.872683
v -0.587521 4.667016 0.968019
v -0.587522 4.663875 0.842331
v -0.587521 4.666214 0.856762
v -0.587522 4.648704 0.807780
v -0.587522 4.655014 0.817861
v -0.587522 4.660107 0.829371
v -0.587521 4.625734 0.855005
v -0.587521 4.627140 0.863293
v -0.587521 4.620533 0.841517
v -0.587521 4.612746 0.831784
v -0.587521 4.616918 0.836208
v -0.587521 4.623502 0.847764
v -0.587522 4.608108 0.828189
v -0.587521 4.627628 0.872683
v -0.587521 4.627628 0.924155
v -0.587522 4.603094 0.825370
v -0.587522 4.592298 0.821841
v -0.587522 4.597794 0.823273
v -0.587522 4.573743 0.821195
v -0.587522 4.581079 0.820762
v -0.587522 4.586697 0.821023
v -0.587521 4.560756 0.824560
v -0.587521 4.555135 0.827426
v -0.587521 4.545719 0.835365
v -0.587521 4.536389 0.852296
v -0.587521 4.538839 0.846026
v -0.587521 4.541955 0.840371
v -0.587521 4.550118 0.831039
v -0.587521 4.566963 0.822472
v -0.587521 4.533547 0.866552
v -0.587521 4.451725 1.214641
v -0.587521 4.491113 1.197633
v -0.587521 4.451725 1.084840
v -0.587521 4.491113 1.102744
v -0.587521 4.496805 0.846320
v -0.587521 4.534621 0.859149
v -0.587521 4.494566 0.861620
v -0.587521 4.533187 0.874473
v -0.587521 4.493799 0.878501
v -0.587521 4.533187 0.924155
v -0.587521 4.493799 0.924155
v -0.587521 4.526536 0.968019
v -0.587521 4.503064 1.062175
v -0.587521 4.384586 1.318035
v -0.587521 4.380768 1.325595
v -0.587521 4.377158 1.333311
v -0.587521 4.373782 1.341225
v -0.587521 4.370662 1.349383
v -0.587521 4.367822 1.357826
v -0.587521 4.361760 1.297893
v -0.587521 4.361760 0.999350
v -0.587521 4.361760 1.044109
v -0.587521 4.361760 1.253134
v -0.587521 4.361760 0.924155
v -0.587521 4.361760 0.968019
v -0.587521 4.365285 1.366598
v -0.587521 4.363074 1.375744
v -0.587522 4.518584 0.800509
v -0.587521 4.511406 0.809697
v -0.587521 4.505321 0.820381
v -0.587521 4.500422 0.832581
v -0.587521 1.897709 1.580638
v -0.587521 1.897709 1.600000
v -0.587521 1.897709 0.850835
v -0.587521 1.897709 0.909797
v -0.587521 1.897709 1.146847
v -0.587521 1.897709 1.205809
v -0.587521 1.897709 1.286431
v -0.587521 1.897709 1.345392
v -0.587521 1.800000 1.345392
v -0.587521 1.800000 1.580638
v -0.587521 1.800000 0.850835
v -0.587521 1.800000 0.909797
v -0.587521 1.800000 1.146847
v -0.587521 1.800000 1.205809
v -0.587521 1.800000 1.286431
v -0.587521 1.655243 1.580638
v -0.587521 1.658853 1.345392
v -0.587521 1.648625 1.286431
v -0.587521 1.649402 1.345499
v -0.587521 1.644210 1.580509
v -0.587521 1.640305 1.345847
v -0.587521 1.634213 1.580106
v -0.587521 1.624239 1.287685
v -0.587521 1.631562 1.346474
v -0.587521 1.615151 1.348726
v -0.587521 1.623177 1.347420
v -0.587521 1.625161 1.579407
v -0.587521 1.601393 1.291453
v -0.587521 1.607487 1.350431
v -0.587521 1.609520 1.577026
v -0.587521 1.596554 1.573183
v -0.587521 1.600186 1.352575
v -0.587521 1.593251 1.355197
v -0.587521 1.590844 1.570655
v -0.587521 1.602749 1.575299
v -0.587521 1.580485 1.362035
v -0.587521 1.580510 1.564274
v -0.587521 1.569207 1.371264
v -0.587521 1.571012 1.555970
v -0.587521 1.586683 1.358337
v -0.587521 1.574659 1.366331
v -0.587521 1.575702 1.560374
v -0.587521 1.580196 1.297740
v -0.587521 1.585527 1.567693
v -0.587521 1.616960 1.578387
v -0.587521 1.560280 1.381737
v -0.587521 1.560280 1.543737
v -0.587521 1.548826 1.401698
v -0.587521 1.552338 1.394483
v -0.587521 1.551536 1.530501
v -0.587521 1.556168 1.387828
v -0.587521 1.555660 1.537244
v -0.587521 1.544765 1.516261
v -0.587521 1.542897 1.417790
v -0.587521 1.542113 1.508766
v -0.587521 1.538269 1.493023
v -0.587521 1.538664 1.436073
v -0.587521 1.540550 1.426660
v -0.587521 1.539949 1.501020
v -0.587521 1.545667 1.409468
v -0.587521 1.547905 1.523506
v -0.587521 1.536116 1.467528
v -0.587521 1.536411 1.456511
v -0.587521 1.536355 1.476277
v -0.587521 1.502847 1.367186
v -0.587521 1.493878 1.388721
v -0.587521 1.481967 1.468731
v -0.587521 1.482991 1.490293
v -0.587521 1.487335 1.412819
v -0.587521 1.483328 1.439487
v -0.587521 1.486095 1.511471
v -0.587521 1.491331 1.531980
v -0.587521 1.498747 1.551536
v -0.587521 1.527618 1.331780
v -0.587521 1.514130 1.348207
v -0.587521 1.537272 1.446024
v -0.587521 1.537071 1.484775
v -0.587521 1.508394 1.569856
v -0.587521 1.520323 1.586655
v -0.587521 1.533015 1.600000
v -0.587521 1.540328 1.146847
v -0.587521 1.560761 1.306553
v -0.587521 1.543198 1.317897
v -0.587521 1.564638 1.376214
v -0.587521 1.565396 1.549979
v -0.587521 1.540328 0.961539
v -0.587521 1.487382 0.850835
v -0.587521 1.487382 1.205809
v -0.587521 1.487382 0.961539
v -0.587521 1.487382 0.909797
v -0.587521 1.487382 0.805109
v -0.587521 1.077414 1.133596
v -0.587521 1.010276 1.118826
v -0.587521 1.077414 1.102713
v -0.587521 1.075624 0.834159
v -0.587521 0.899721 1.069591
v -0.587521 0.911672 1.029023
v -0.587521 0.860333 1.051687
v -0.587521 0.899721 1.164480
v -0.587521 0.935143 0.834159
v -0.587521 0.820050 0.917410
v -0.587521 0.819804 0.913779
v -0.587521 0.819804 0.921042
v -0.587521 0.817931 0.927838
v -0.587521 0.819086 0.910293
v -0.587521 0.819086 0.924528
v -0.587521 0.817931 0.906983
v -0.587521 0.860333 1.181489
v -0.587521 0.816370 0.903883
v -0.587521 0.812161 0.898444
v -0.587521 0.812161 0.936377
v -0.587521 0.814435 0.901026
v -0.587521 0.814435 0.933795
v -0.587521 0.806722 0.894235
v -0.587521 0.806722 0.940586
v -0.587521 0.800313 0.891519
v -0.587521 0.800313 0.943302
v -0.587521 0.803622 0.892674
v -0.587521 0.803622 0.942147
v -0.587521 0.809579 0.896169
v -0.587521 0.809579 0.938652
v -0.587521 0.816370 0.930938
v -0.587521 0.793195 0.890555
v -0.587521 0.793195 0.944266
v -0.587521 0.786077 0.891519
v -0.587521 0.786077 0.943302
v -0.587521 0.789563 0.890801
v -0.587521 0.789563 0.944020
v -0.587521 0.779667 0.894235
v -0.587521 0.779667 0.940586
v -0.587521 0.774228 0.898444
v -0.587521 0.774228 0.936377
v -0.587521 0.776810 0.896169
v -0.587521 0.776810 0.938652
v -0.587521 0.782767 0.892674
v -0.587521 0.782767 0.942147
v -0.587521 0.770367 0.834159
v -0.587521 0.771953 0.901026
v -0.587521 0.771953 0.933795
v -0.587521 0.770367 0.966198
v -0.587521 0.770019 0.903883
v -0.587521 0.770019 0.930938
v -0.587521 0.768458 0.906983
v -0.587521 0.767303 0.924528
v -0.587521 0.766339 0.917410
v -0.587521 0.766585 0.913779
v -0.587521 0.766585 0.921042
v -0.587521 0.767303 0.910293
v -0.587521 0.768458 0.927838
v -0.587521 0.770367 1.010957
v -0.587521 0.770367 1.219981
v -0.587521 0.770367 1.264740
v -0.587521 0.796826 0.890801
v -0.587521 0.796826 0.944019
v -0.587521 4.670979 2.400000
v -0.587521 4.669702 2.385117
v -0.587521 4.670448 2.390916
v -0.587521 4.670896 2.396728
v -0.587521 4.668806 1.875732
v -0.587521 4.668806 1.906615
v -0.587521 4.667016 2.045368
v -0.587521 4.667315 2.373581
v -0.587521 4.668657 2.379337
v -0.587521 4.665673 2.367857
v -0.587521 4.667016 2.300495
v -0.587521 4.658959 2.350932
v -0.587521 4.661496 2.356526
v -0.587521 4.663733 2.362170
v -0.587521 4.648890 2.300495
v -0.587521 4.649560 2.334512
v -0.587521 4.652991 2.339919
v -0.587521 4.656125 2.345394
v -0.587521 4.631421 2.400000
v -0.587521 4.631012 2.395475
v -0.587521 4.628888 2.384177
v -0.587521 4.630153 2.389901
v -0.587521 4.624999 2.372333
v -0.587521 4.627182 2.378317
v -0.587521 4.619058 2.360041
v -0.587521 4.601668 1.891845
v -0.587521 4.532404 2.388446
v -0.587521 4.599877 2.334512
v -0.587521 4.538984 2.400000
v -0.587521 4.605674 2.340981
v -0.587521 4.610779 2.347400
v -0.587521 4.615229 2.353758
v -0.587521 4.627628 2.300495
v -0.587521 4.622742 2.334512
v -0.587521 4.622303 2.366236
v -0.587521 4.627628 2.045368
v -0.587521 4.627628 2.151000
v -0.587521 4.627628 2.194863
v -0.587521 4.497463 2.343058
v -0.587521 4.474524 2.383789
v -0.587521 4.463118 2.372938
v -0.587521 4.481660 2.332207
v -0.587521 4.486665 2.400000
v -0.587521 4.484980 2.397390
v -0.587521 4.510824 2.356659
v -0.587521 4.522288 2.372094
v -0.587521 4.450301 2.365755
v -0.587521 4.462866 2.325024
v -0.587521 4.435612 2.363157
v -0.587521 4.440536 2.322427
v -0.587521 4.422422 2.366136
v -0.587521 4.431282 2.363485
v -0.587521 4.428845 2.323168
v -0.587521 4.426855 2.364475
v -0.587521 4.409987 2.375242
v -0.587521 4.413898 2.371511
v -0.587521 4.403319 2.384840
v -0.587521 4.398789 2.397348
v -0.587521 4.398344 2.400000
v -0.587521 4.400742 2.390726
v -0.587521 4.397782 2.333649
v -0.587521 4.406431 2.379682
v -0.587521 4.358202 2.400000
v -0.587521 4.358446 2.395891
v -0.587521 4.360539 2.384488
v -0.587521 4.361760 2.194863
v -0.587521 4.363935 2.373787
v -0.587521 4.389018 2.339625
v -0.587521 4.381174 2.346708
v -0.587521 4.374328 2.354817
v -0.587521 4.368556 2.363870
v -0.587521 4.417772 2.325340
v -0.587521 4.407393 2.328861
v -0.587521 4.418073 2.368479
v -0.587521 4.451725 1.954507
v -0.587521 4.491113 1.937499
v -0.587521 4.491113 1.842610
v -0.587521 4.451725 1.824706
v -0.587521 4.361760 1.739217
v -0.587521 4.361760 1.783976
v -0.587521 4.361760 1.993000
v -0.587521 4.361760 2.037759
v -0.587521 4.361760 2.151000
v -0.587521 1.902954 2.009890
v -0.587521 1.903124 2.021649
v -0.587521 1.901478 1.987552
v -0.587521 1.902419 1.998577
v -0.587521 1.901242 2.052270
v -0.587521 1.897709 1.780988
v -0.587521 1.895828 1.954640
v -0.587521 1.898223 1.965740
v -0.587521 1.897709 1.639600
v -0.587521 1.897709 1.722026
v -0.587521 1.900093 1.976659
v -0.587521 1.868228 1.875448
v -0.587521 1.874602 1.890929
v -0.587521 1.880213 1.905288
v -0.587521 1.885102 1.918682
v -0.587521 1.889308 1.931267
v -0.587521 1.892870 1.943201
v -0.587521 1.848687 2.010507
v -0.587521 1.848975 2.022852
v -0.587521 1.895745 2.081413
v -0.587521 1.886851 2.108851
v -0.587521 1.847827 1.998145
v -0.587521 1.844407 1.973405
v -0.587521 1.846399 1.985775
v -0.587521 1.847586 2.044671
v -0.587521 1.838747 1.948699
v -0.587521 1.835088 1.936379
v -0.587521 1.836961 2.085142
v -0.587521 1.841855 1.961044
v -0.587521 1.843527 2.065491
v -0.587521 1.826131 1.911847
v -0.587521 1.820842 1.899653
v -0.587521 1.800000 1.780988
v -0.587521 1.800000 2.138773
v -0.587521 1.808664 1.875448
v -0.587521 1.803851 2.135361
v -0.587521 1.800000 2.211957
v -0.587521 1.815019 1.887517
v -0.587521 1.816960 2.120248
v -0.587521 1.821693 2.197043
v -0.587521 1.830881 1.924092
v -0.587521 1.828051 2.103451
v -0.587521 1.841981 2.178680
v -0.587521 1.800000 1.639600
v -0.587521 1.800000 1.722026
v -0.587521 1.874779 2.134358
v -0.587521 1.859749 2.157710
v -0.587521 1.788887 2.148619
v -0.587521 1.799105 2.212573
v -0.587521 1.774436 2.225044
v -0.587521 1.754046 2.168884
v -0.587521 1.747906 2.234232
v -0.587521 1.734494 2.175549
v -0.587521 1.713739 2.179673
v -0.587521 1.719734 2.239910
v -0.587521 1.772231 2.159850
v -0.587521 1.691944 2.181086
v -0.587521 1.689537 2.004802
v -0.587521 1.690139 2.241853
v -0.587521 1.669667 2.179681
v -0.587521 1.660765 2.239958
v -0.587521 1.648647 2.175555
v -0.587521 1.632937 2.234408
v -0.587521 1.629015 2.168847
v -0.587521 1.606848 2.225411
v -0.587521 1.636592 1.925986
v -0.587521 1.636592 2.004802
v -0.587521 1.610899 2.159694
v -0.587521 1.689537 1.867024
v -0.587521 1.579736 2.134609
v -0.587521 1.560652 2.197904
v -0.587521 1.594430 2.148236
v -0.587521 1.548024 1.940186
v -0.587521 1.540929 2.179808
v -0.587521 1.483765 2.054166
v -0.587521 1.489031 2.083293
v -0.587521 1.497573 2.110627
v -0.587521 1.536116 2.015031
v -0.587521 1.509198 2.135963
v -0.587521 1.523714 2.159092
v -0.587521 1.540854 1.969155
v -0.587521 1.539485 1.976564
v -0.587521 1.538322 1.984057
v -0.587521 1.537385 1.991641
v -0.587521 1.536693 1.999326
v -0.587521 1.536263 2.007120
v -0.587521 1.537436 2.038773
v -0.587521 1.546015 1.947345
v -0.587521 1.544138 1.954553
v -0.587521 1.542412 1.961821
v -0.587521 1.541308 2.061174
v -0.587521 1.547604 2.082096
v -0.587521 1.556193 2.101401
v -0.587521 1.566947 2.118951
v -0.587521 1.582688 2.213175
v -0.587521 1.642608 1.639600
v -0.587521 1.615939 1.637893
v -0.587521 1.591852 1.632960
v -0.587521 1.552361 1.925986
v -0.587521 1.550145 1.933069
v -0.587521 1.534583 1.601649
v -0.587521 1.551224 1.614554
v -0.587521 1.515660 1.867024
v -0.587521 1.509941 1.880512
v -0.587521 1.570297 1.625085
v -0.587521 1.492750 1.931789
v -0.587521 1.487382 1.780988
v -0.587521 1.489789 1.944337
v -0.587521 1.504808 1.893653
v -0.587521 1.500243 1.906527
v -0.587521 1.496229 1.919212
v -0.587521 1.481967 2.023454
v -0.587521 1.482171 2.009414
v -0.587521 1.487329 1.956934
v -0.587521 1.485354 1.969662
v -0.587521 1.483848 1.982598
v -0.587521 1.482792 1.995822
v -0.587521 1.487382 1.722026
v -0.587521 4.667480 3.200001
v -0.587521 4.667016 2.703326
v -0.587521 4.667016 2.763750
v -0.587521 4.667016 2.807614
v -0.587521 4.667016 2.982622
v -0.587521 4.650090 3.151479
v -0.587521 4.667016 3.026486
v -0.587521 4.659016 3.170092
v -0.587521 4.625838 3.119137
v -0.587521 4.638977 3.134439
v -0.587521 4.665590 3.190113
v -0.587521 4.625547 3.200001
v -0.587521 4.627628 2.659462
v -0.587521 4.621746 3.188674
v -0.587521 4.615062 3.175069
v -0.587521 4.596912 3.151531
v -0.587521 4.606744 3.162651
v -0.587521 4.585691 3.141819
v -0.587521 4.575876 3.085302
v -0.587521 4.573205 3.133625
v -0.587521 4.594125 3.094403
v -0.587521 4.610833 3.105736
v -0.587521 4.544921 3.122235
v -0.587521 4.556246 3.078597
v -0.587521 4.513493 3.073035
v -0.587521 4.513045 3.118242
v -0.587521 4.529371 3.119258
v -0.587521 4.535398 3.074453
v -0.587521 4.497712 3.119232
v -0.587521 4.495267 3.074126
v -0.587521 4.478430 2.982526
v -0.587521 4.477238 3.026486
v -0.587521 4.486637 2.982622
v -0.587521 4.477605 3.077322
v -0.587521 4.485733 3.075851
v -0.587521 4.482922 3.122137
v -0.587521 4.470992 2.982226
v -0.587521 4.468108 3.025901
v -0.587521 4.468824 3.126858
v -0.587521 4.458158 2.980947
v -0.587521 4.457397 3.025215
v -0.587521 4.464258 2.981705
v -0.587521 4.460642 3.082511
v -0.587521 4.452622 2.979934
v -0.587521 4.442977 2.977075
v -0.587521 4.447585 2.978649
v -0.587521 4.444514 3.089579
v -0.587521 4.455571 3.133294
v -0.587521 4.559573 3.127060
v -0.587521 4.431041 2.970448
v -0.587521 4.434772 2.972992
v -0.587521 4.439479 3.021546
v -0.587521 4.429356 3.098413
v -0.587521 4.432199 3.150916
v -0.587521 4.419797 2.959813
v -0.587521 4.423975 2.964271
v -0.587521 4.423443 3.015688
v -0.587521 4.415303 3.108898
v -0.587521 4.427464 2.967546
v -0.587521 4.438728 2.975195
v -0.587521 4.422382 3.161902
v -0.587521 4.412554 2.950339
v -0.587521 4.406785 2.940120
v -0.587521 4.409486 2.945323
v -0.587521 4.407239 3.187730
v -0.587521 4.404449 2.934730
v -0.587521 4.386266 2.987098
v -0.587521 4.391052 3.134372
v -0.587521 4.414012 3.174207
v -0.587521 4.415991 2.955169
v -0.587521 4.396873 2.998252
v -0.587521 4.409254 3.007853
v -0.587521 4.402490 3.120922
v -0.587521 4.403028 3.200001
v -0.587521 4.366344 3.182135
v -0.587521 4.355932 3.187195
v -0.587521 4.361250 3.200001
v -0.587521 4.339828 3.086015
v -0.587521 4.338821 3.134187
v -0.587521 4.381125 3.149132
v -0.587521 4.340938 3.143483
v -0.587521 4.343707 3.153352
v -0.587521 4.372844 3.165091
v -0.587521 4.347129 3.163875
v -0.587521 4.351204 3.175129
v -0.587521 4.336387 3.108947
v -0.587521 4.336881 3.101152
v -0.587521 4.299545 3.124060
v -0.587521 4.301111 3.138610
v -0.587521 4.303532 3.152729
v -0.587521 4.306748 3.166435
v -0.587521 4.310701 3.179744
v -0.587521 4.315332 3.192674
v -0.587521 4.338028 3.093535
v -0.587521 4.338485 3.084672
v -0.587521 4.336545 3.116998
v -0.587521 4.337357 3.125385
v -0.587521 4.318392 3.200001
v -0.587521 4.377391 2.974601
v -0.587521 4.443313 3.141346
v -0.587521 4.671044 2.402545
v -0.587521 4.670391 2.416121
v -0.587521 4.668460 2.428835
v -0.587521 4.665303 2.440625
v -0.587521 4.667016 2.530108
v -0.587521 4.660966 2.451432
v -0.587521 4.655497 2.461194
v -0.587521 4.641357 2.477343
v -0.587521 4.632784 2.483608
v -0.587521 4.630463 2.419497
v -0.587521 4.631353 2.413000
v -0.587521 4.631501 2.400887
v -0.587521 4.631656 2.406126
v -0.587521 4.629013 2.425575
v -0.587521 4.648945 2.469851
v -0.587521 4.627031 2.431191
v -0.587521 4.621585 2.440870
v -0.587521 4.618177 2.444849
v -0.587521 4.624546 2.436303
v -0.587521 4.614349 2.448199
v -0.587521 4.623271 2.488587
v -0.587521 4.627628 2.530108
v -0.587521 4.605547 2.452843
v -0.587521 4.610130 2.450878
v -0.587521 4.612868 2.492218
v -0.587521 4.601623 2.494442
v -0.587521 4.600628 2.454053
v -0.587521 4.581892 2.451867
v -0.587521 4.589583 2.495196
v -0.587521 4.595402 2.454466
v -0.587521 4.570316 2.444685
v -0.587521 4.570176 2.492598
v -0.587521 4.560126 2.433834
v -0.587521 4.539089 2.474565
v -0.587521 4.553498 2.485416
v -0.587521 4.496037 2.534584
v -0.587521 4.515238 2.445529
v -0.587521 4.526490 2.460964
v -0.587521 4.535425 2.534584
v -0.587521 4.535425 2.659462
v -0.587521 4.496037 2.659462
v -0.587521 4.494944 2.412825
v -0.587521 4.504876 2.429177
v -0.587521 4.541717 2.404798
v -0.587521 4.550776 2.420233
v -0.587521 4.482292 2.807694
v -0.587521 4.481713 2.763750
v -0.587521 4.489323 2.807614
v -0.587521 4.475524 2.807952
v -0.587521 4.469020 2.808418
v -0.587521 4.463573 2.764683
v -0.587521 4.462783 2.809123
v -0.587521 4.456812 2.810094
v -0.587521 4.446576 2.767486
v -0.587521 4.451110 2.811363
v -0.587521 4.440519 2.814908
v -0.587521 4.435633 2.817244
v -0.587521 4.445679 2.812958
v -0.587521 4.434541 2.487692
v -0.587521 4.441431 2.493406
v -0.587521 4.426688 2.823191
v -0.587521 4.419233 2.830543
v -0.587521 4.422632 2.826861
v -0.587521 4.412932 2.839183
v -0.587521 4.408533 2.455976
v -0.587521 4.407470 2.849501
v -0.587521 4.412578 2.462692
v -0.587521 4.410083 2.844134
v -0.587521 4.415889 2.493406
v -0.587521 4.417211 2.469236
v -0.587521 4.422422 2.475593
v -0.587521 4.428202 2.481750
v -0.587521 4.431022 2.819995
v -0.587521 4.416349 2.778720
v -0.587521 4.415991 2.834652
v -0.587521 4.402242 2.442082
v -0.587521 4.403059 2.861474
v -0.587521 4.402476 2.929153
v -0.587521 4.399910 2.875074
v -0.587521 4.398726 2.911306
v -0.587521 4.398874 2.882478
v -0.587521 4.399616 2.917442
v -0.587521 4.400015 2.434932
v -0.587521 4.401314 2.868072
v -0.587521 4.400866 2.923391
v -0.587521 4.405085 2.449101
v -0.587521 4.403283 2.787159
v -0.587521 4.405120 2.855283
v -0.587521 4.398015 2.898475
v -0.587521 4.397120 2.412840
v -0.587521 4.397444 2.420297
v -0.587521 4.385929 2.493406
v -0.587521 4.379887 2.526080
v -0.587521 4.362491 2.446411
v -0.587521 4.361760 2.526080
v -0.587521 4.364614 2.453514
v -0.587521 4.361724 2.857775
v -0.587521 4.361760 2.703326
v -0.587521 4.357732 2.407916
v -0.587521 4.357919 2.416069
v -0.587521 4.357732 2.899370
v -0.587521 4.358483 2.423978
v -0.587521 4.359431 2.431659
v -0.587521 4.358744 2.877614
v -0.587521 4.358493 2.915411
v -0.587521 4.360765 2.439131
v -0.587521 4.360803 2.931165
v -0.587521 4.364697 2.946423
v -0.587521 4.397552 2.404716
v -0.587521 4.367136 2.460459
v -0.587521 4.370065 2.467263
v -0.587521 4.373404 2.473943
v -0.587521 4.377158 2.480515
v -0.587521 4.381331 2.486997
v -0.587521 4.391693 2.797487
v -0.587521 4.381659 2.809708
v -0.587521 4.373264 2.823827
v -0.587521 4.366592 2.839848
v -0.587521 4.398191 2.904984
v -0.587521 4.370214 2.960972
v -0.587521 4.398413 2.427666
v -0.587521 4.401148 2.526080
v -0.587521 4.401148 2.659462
v -0.587521 4.398234 2.890279
v -0.587521 4.430807 2.772164
v -0.587521 4.671044 3.233720
v -0.587521 4.669654 3.211377
v -0.587521 4.669723 3.257811
v -0.587521 4.665843 3.280532
v -0.587521 4.659533 3.301747
v -0.587521 4.650919 3.321315
v -0.587521 4.640130 3.339099
v -0.587521 4.630761 3.235510
v -0.587521 4.629719 3.219005
v -0.587521 4.629343 3.257078
v -0.587521 4.618991 3.292984
v -0.587521 4.626673 3.203356
v -0.587521 4.625309 3.276199
v -0.587521 4.610719 3.307539
v -0.587521 4.627293 3.354961
v -0.587521 4.612535 3.368762
v -0.587521 4.589639 3.330399
v -0.587521 4.600825 3.319975
v -0.587521 4.595982 3.380363
v -0.587521 4.564717 3.345650
v -0.587521 4.577764 3.389628
v -0.587521 4.551642 3.350695
v -0.587521 4.558007 3.396417
v -0.587521 4.577493 3.338922
v -0.587521 4.538601 3.354163
v -0.587521 4.536839 3.400591
v -0.587521 4.525924 3.356164
v -0.587521 4.514388 3.402014
v -0.587521 4.513941 3.356807
v -0.587521 4.498684 3.355958
v -0.587521 4.483906 3.353413
v -0.587521 4.477656 3.397784
v -0.587521 4.495674 3.400939
v -0.587521 4.469769 3.349170
v -0.587521 4.456433 3.343230
v -0.587521 4.460453 3.392649
v -0.587521 4.432815 3.326259
v -0.587521 4.444061 3.335593
v -0.587521 4.428963 3.376843
v -0.587521 4.444182 3.385635
v -0.587521 4.407442 3.288074
v -0.587521 4.414343 3.302500
v -0.587521 4.399090 3.218034
v -0.587521 4.402215 3.202372
v -0.587521 4.402312 3.271951
v -0.587521 4.422854 3.315228
v -0.587521 4.402147 3.354329
v -0.587521 4.414911 3.366374
v -0.587521 4.361724 3.200150
v -0.587521 4.362207 3.200150
v -0.587521 4.339450 3.240944
v -0.587521 4.320581 3.205242
v -0.587521 4.326390 3.217465
v -0.587521 4.332699 3.229360
v -0.587521 4.346583 3.252235
v -0.587521 4.398015 3.234615
v -0.587521 4.354039 3.263249
v -0.587521 4.361760 3.274003
v -0.587521 4.366319 3.292412
v -0.587521 4.372755 3.309750
v -0.587521 4.380950 3.325917
v -0.587521 4.390787 3.340810
v -0.587521 4.399116 3.254132
v -0.707969 1.075624 -1.348238
v -0.707969 1.075624 -1.304374
v -0.707969 0.770367 -1.304374
v -0.707969 0.770367 -1.348238
v -0.707969 1.075624 -1.293237
v -0.707969 1.075624 -1.249820
v -0.707969 0.861228 -1.158512
v -0.707969 1.075624 -1.066756
v -0.707969 1.075624 -1.022892
v -0.707969 0.767682 -1.154931
v -0.707969 0.767682 -1.163883
v -0.707969 1.075624 -1.013493
v -0.707969 1.075624 -0.960677
v -0.707969 0.959250 -0.865341
v -0.707969 1.075624 -0.769556
v -0.707969 1.075624 -0.716293
v -0.707969 0.928367 -0.838485
v -0.707969 0.770367 -0.706894
v -0.707969 0.770367 -0.760157
v -0.707969 0.896588 -0.865341
v -0.707969 0.770367 -0.969181
v -0.707969 0.770367 -1.021997
v -0.707969 0.928367 -0.891748
v -0.707969 1.075624 -0.696599
v -0.707969 1.075624 -0.643783
v -0.707968 0.959250 -0.548447
v -0.707968 1.075624 -0.452663
v -0.707968 1.075624 -0.399399
v -0.707968 0.928367 -0.521591
v -0.707968 0.770367 -0.390000
v -0.707968 0.770367 -0.443263
v -0.707968 0.896588 -0.548447
v -0.707969 0.770367 -0.652288
v -0.707969 0.770367 -0.705103
v -0.707969 0.928367 -0.574854
v -0.707968 1.075624 -0.356878
v -0.707968 1.075624 -0.316148
v -0.707968 0.950299 -0.214545
v -0.707968 1.075624 -0.113389
v -0.707968 1.075624 -0.072211
v -0.707968 0.770367 -0.072211
v -0.707968 0.770367 -0.116075
v -0.707968 1.008038 -0.116075
v -0.707968 1.008038 -0.116970
v -0.707968 0.889874 -0.210964
v -0.707968 0.889874 -0.218125
v -0.707968 1.008038 -0.312119
v -0.707968 1.008038 -0.313014
v -0.707968 0.770367 -0.313014
v -0.707968 0.770367 -0.356878
v -0.707968 1.075624 -0.007311
v -0.707968 1.075624 0.033420
v -0.707968 0.950299 0.135023
v -0.707968 1.075624 0.236179
v -0.707968 1.075624 0.277357
v -0.707968 0.770367 0.277357
v -0.707968 0.770367 0.233493
v -0.707968 1.008038 0.233493
v -0.707968 1.008038 0.232598
v -0.707968 0.889874 0.138604
v -0.707968 0.889874 0.131442
v -0.707968 1.008038 0.037449
v -0.707968 1.008038 0.036553
v -0.707968 0.770367 0.036553
v -0.707968 0.770367 -0.007311
v -0.707968 0.820050 0.483696
v -0.707968 0.819804 0.487327
v -0.707968 0.819086 0.490814
v -0.707968 0.817931 0.494123
v -0.707968 0.816370 0.497223
v -0.707968 0.814435 0.500080
v -0.707968 0.812161 0.502662
v -0.707968 0.809579 0.504937
v -0.707968 0.806722 0.506871
v -0.707968 0.803622 0.508432
v -0.707968 0.800313 0.509588
v -0.707968 0.796826 0.510305
v -0.707968 0.793195 0.510551
v -0.707968 0.789563 0.510305
v -0.707968 0.786077 0.509588
v -0.707968 0.782767 0.508432
v -0.707968 0.779667 0.506871
v -0.707968 0.776810 0.504937
v -0.707968 0.774228 0.502662
v -0.707968 0.771953 0.500080
v -0.707968 0.770019 0.497223
v -0.707968 0.768458 0.494123
v -0.707968 0.767303 0.490814
v -0.707968 0.766585 0.487327
v -0.707968 0.766339 0.483696
v -0.707968 0.766585 0.480065
v -0.707968 0.767303 0.476578
v -0.707968 0.768458 0.473268
v -0.707968 0.770019 0.470169
v -0.707968 0.771953 0.467311
v -0.707968 0.774228 0.464729
v -0.707968 0.776810 0.462455
v -0.707968 0.779667 0.460521
v -0.707968 0.782767 0.458959
v -0.707968 0.786077 0.457804
v -0.707968 0.789563 0.457087
v -0.707968 0.793195 0.456840
v -0.707968 0.796826 0.457087
v -0.707968 0.800313 0.457804
v -0.707968 0.803622 0.458959
v -0.707968 0.806722 0.460521
v -0.707968 0.809579 0.462455
v -0.707968 0.812161 0.464729
v -0.707968 0.814435 0.467311
v -0.707968 0.816370 0.470169
v -0.707968 0.817931 0.473268
v -0.707968 0.819086 0.476578
v -0.707968 0.819804 0.480065
v -0.707968 0.770367 0.834159
v -0.707968 0.776234 0.668130
v -0.707968 0.783201 0.647297
v -0.707968 0.792531 0.628334
v -0.707968 0.803982 0.611316
v -0.707968 0.817308 0.596321
v -0.707968 0.832267 0.583423
v -0.707968 0.848613 0.572700
v -0.707968 0.866103 0.564227
v -0.707968 0.884492 0.558081
v -0.707968 0.903538 0.554337
v -0.707968 0.922996 0.553072
v -0.707968 0.941137 0.554115
v -0.707968 0.959323 0.557274
v -0.707968 0.977245 0.562597
v -0.707968 0.994594 0.570130
v -0.707968 1.011059 0.579920
v -0.707968 1.026333 0.592012
v -0.707968 1.040105 0.606455
v -0.707968 1.052067 0.623294
v -0.707968 1.061909 0.642576
v -0.707968 1.069322 0.664348
v -0.707968 1.073997 0.688656
v -0.707968 1.075624 0.715548
v -0.707968 1.075624 0.834159
v -0.707968 1.036236 0.790295
v -0.707968 1.036236 0.722709
v -0.707968 1.035179 0.702302
v -0.707968 1.032106 0.683808
v -0.707968 1.027165 0.667201
v -0.707968 1.020504 0.652454
v -0.707968 1.012270 0.639541
v -0.707968 1.002611 0.628435
v -0.707968 0.991674 0.619111
v -0.707968 0.979608 0.611541
v -0.707968 0.966559 0.605699
v -0.707968 0.952675 0.601559
v -0.707968 0.938105 0.599095
v -0.707968 0.922996 0.598279
v -0.707968 0.912869 0.598785
v -0.707968 0.901553 0.600430
v -0.707968 0.889440 0.603398
v -0.707968 0.876927 0.607877
v -0.707968 0.864408 0.614053
v -0.707968 0.852276 0.622113
v -0.707968 0.840929 0.632243
v -0.707968 0.830759 0.644629
v -0.707968 0.822162 0.659459
v -0.707968 0.815533 0.676918
v -0.707968 0.811265 0.697193
v -0.707968 0.809755 0.720471
v -0.707968 0.809755 0.790295
v -0.707968 0.820050 0.917410
v -0.707968 0.819804 0.921042
v -0.707968 0.819086 0.924528
v -0.707968 0.817931 0.927838
v -0.707968 0.816370 0.930938
v -0.707968 0.814435 0.933795
v -0.707968 0.812161 0.936377
v -0.707968 0.809579 0.938652
v -0.707968 0.806722 0.940586
v -0.707968 0.803622 0.942147
v -0.707968 0.800313 0.943302
v -0.707968 0.796826 0.944020
v -0.707968 0.793195 0.944266
v -0.707968 0.789563 0.944020
v -0.707968 0.786077 0.943302
v -0.707968 0.782767 0.942147
v -0.707968 0.779667 0.940586
v -0.707968 0.776810 0.938652
v -0.707968 0.774228 0.936377
v -0.707968 0.771953 0.933795
v -0.707968 0.770019 0.930938
v -0.707968 0.768458 0.927838
v -0.707968 0.767303 0.924528
v -0.707968 0.766585 0.921042
v -0.707968 0.766339 0.917410
v -0.707968 0.766585 0.913779
v -0.707968 0.767303 0.910293
v -0.707968 0.768458 0.906983
v -0.707968 0.770019 0.903883
v -0.707968 0.771953 0.901026
v -0.707968 0.774228 0.898444
v -0.707968 0.776810 0.896169
v -0.707968 0.779667 0.894235
v -0.707968 0.782767 0.892674
v -0.707968 0.786077 0.891519
v -0.707968 0.789563 0.890801
v -0.707968 0.793195 0.890555
v -0.707968 0.796826 0.890801
v -0.707968 0.800313 0.891519
v -0.707968 0.803622 0.892674
v -0.707968 0.806722 0.894235
v -0.707968 0.809579 0.896169
v -0.707968 0.812161 0.898444
v -0.707968 0.814435 0.901026
v -0.707968 0.816370 0.903883
v -0.707968 0.817931 0.906983
v -0.707968 0.819086 0.910293
v -0.707968 0.819804 0.913779
v -0.707968 1.077414 1.102713
v -0.707968 1.077414 1.133596
v -0.707968 0.770367 1.264740
v -0.707968 0.770367 1.219981
v -0.707968 0.860333 1.181489
v -0.707968 0.860333 1.051687
v -0.707968 0.770367 1.010957
v -0.707968 0.770367 0.966198
v -0.707968 1.010276 1.118826
v -0.707968 0.899721 1.069591
v -0.707968 0.899721 1.164480
v -0.707970 4.668806 -3.373156
v -0.707970 4.668806 -3.342273
v -0.707970 4.361760 -3.211128
v -0.707970 4.361760 -3.255888
v -0.707970 4.451725 -3.294380
v -0.707970 4.451725 -3.424181
v -0.707970 4.361760 -3.464912
v -0.707970 4.361760 -3.509671
v -0.707970 4.601668 -3.357043
v -0.707970 4.491113 -3.406278
v -0.707970 4.491113 -3.311389
v -0.707970 4.361760 -2.909453
v -0.707970 4.361760 -3.028512
v -0.707970 4.363267 -3.052855
v -0.707970 4.367626 -3.075482
v -0.707970 4.374593 -3.096315
v -0.707970 4.383924 -3.115278
v -0.707970 4.395374 -3.132296
v -0.707970 4.408701 -3.147291
v -0.707970 4.423659 -3.160188
v -0.707970 4.440005 -3.170912
v -0.707970 4.457496 -3.179385
v -0.707970 4.475885 -3.185531
v -0.707970 4.494930 -3.189275
v -0.707970 4.514388 -3.190540
v -0.707970 4.532529 -3.189497
v -0.707970 4.550715 -3.186337
v -0.707970 4.568637 -3.181014
v -0.707970 4.585986 -3.173482
v -0.707970 4.602451 -3.163692
v -0.707970 4.617725 -3.151599
v -0.707970 4.631497 -3.137157
v -0.707970 4.643460 -3.120318
v -0.707970 4.653302 -3.101035
v -0.707970 4.660715 -3.079263
v -0.707970 4.665389 -3.054956
v -0.707970 4.667016 -3.028064
v -0.707970 4.667016 -2.909453
v -0.707970 4.627628 -2.953316
v -0.707970 4.627628 -3.020903
v -0.707970 4.626571 -3.041310
v -0.707970 4.623498 -3.059804
v -0.707970 4.618557 -3.076411
v -0.707970 4.611897 -3.091158
v -0.707970 4.603662 -3.104071
v -0.707970 4.594003 -3.115176
v -0.707970 4.583066 -3.124501
v -0.707970 4.571000 -3.132071
v -0.707970 4.557951 -3.137913
v -0.707970 4.544068 -3.142053
v -0.707970 4.529498 -3.144517
v -0.707970 4.514388 -3.145333
v -0.707970 4.504262 -3.144826
v -0.707970 4.492945 -3.143182
v -0.707970 4.480833 -3.140213
v -0.707970 4.468319 -3.135734
v -0.707970 4.455800 -3.129558
v -0.707970 4.443668 -3.121498
v -0.707970 4.432321 -3.111368
v -0.707970 4.422151 -3.098982
v -0.707970 4.413554 -3.084153
v -0.707970 4.406925 -3.066694
v -0.707970 4.402658 -3.046418
v -0.707970 4.401148 -3.023141
v -0.707970 4.401148 -2.953316
v -0.707969 4.668806 -2.614491
v -0.707969 4.668806 -2.583607
v -0.707969 4.361760 -2.452463
v -0.707969 4.361760 -2.497223
v -0.707969 4.451725 -2.535715
v -0.707969 4.451725 -2.665517
v -0.707970 4.361760 -2.706247
v -0.707970 4.361760 -2.751006
v -0.707969 4.601668 -2.598378
v -0.707969 4.491113 -2.647613
v -0.707969 4.491113 -2.552724
v -0.707969 4.667016 -2.444854
v -0.707969 4.667016 -2.189728
v -0.707969 4.627628 -2.189728
v -0.707969 4.627628 -2.295359
v -0.707969 4.361760 -2.295359
v -0.707969 4.361760 -2.339223
v -0.707969 4.627628 -2.339223
v -0.707969 4.627628 -2.444854
v -0.707969 4.667016 -2.174510
v -0.707969 4.667016 -1.919384
v -0.707969 4.627628 -1.919384
v -0.707969 4.627628 -2.025015
v -0.707969 4.361760 -2.025015
v -0.707969 4.361760 -2.068879
v -0.707969 4.627628 -2.068879
v -0.707969 4.627628 -2.174510
v -0.707969 4.667016 -1.894766
v -0.707969 4.667016 -1.721549
v -0.707969 4.361760 -1.721549
v -0.707969 4.361760 -1.898795
v -0.707969 4.401148 -1.898795
v -0.707969 4.401148 -1.765413
v -0.707969 4.496037 -1.765413
v -0.707969 4.496037 -1.890290
v -0.707969 4.535425 -1.890290
v -0.707969 4.535425 -1.765413
v -0.707969 4.627628 -1.765413
v -0.707969 4.627628 -1.894766
v -0.707969 4.667016 -1.452100
v -0.707969 4.361760 -1.452100
v -0.707969 4.361760 -1.495964
v -0.707969 4.494246 -1.495964
v -0.707969 4.494246 -1.514315
v -0.707969 4.494069 -1.519841
v -0.707969 4.493426 -1.525289
v -0.707969 4.492148 -1.530750
v -0.707969 4.490069 -1.536313
v -0.707969 4.487020 -1.542069
v -0.707969 4.482833 -1.548108
v -0.707969 4.477341 -1.554520
v -0.707969 4.470375 -1.561395
v -0.707969 4.461768 -1.568823
v -0.707969 4.451352 -1.576895
v -0.707969 4.438960 -1.585700
v -0.707969 4.424422 -1.595329
v -0.707969 4.361760 -1.635612
v -0.707969 4.368659 -1.682989
v -0.707969 4.374876 -1.678493
v -0.707969 4.380517 -1.674426
v -0.707969 4.385681 -1.670723
v -0.707969 4.390472 -1.667318
v -0.707969 4.394994 -1.664146
v -0.707969 4.399346 -1.661142
v -0.707969 4.403634 -1.658240
v -0.707969 4.407960 -1.655376
v -0.707969 4.412425 -1.652483
v -0.707969 4.417131 -1.649498
v -0.707969 4.422185 -1.646354
v -0.707969 4.431490 -1.640656
v -0.707969 4.440387 -1.635160
v -0.707969 4.448872 -1.629807
v -0.707969 4.456947 -1.624538
v -0.707969 4.464612 -1.619294
v -0.707969 4.471867 -1.614015
v -0.707969 4.478711 -1.608644
v -0.707969 4.485146 -1.603120
v -0.707969 4.491169 -1.597385
v -0.707969 4.496782 -1.591379
v -0.707969 4.501986 -1.585044
v -0.707969 4.506779 -1.578320
v -0.707969 4.510301 -1.586188
v -0.707969 4.514367 -1.593445
v -0.707969 4.518962 -1.600077
v -0.707969 4.524069 -1.606070
v -0.707969 4.529674 -1.611411
v -0.707969 4.535760 -1.616085
v -0.707969 4.542313 -1.620079
v -0.707969 4.549316 -1.623377
v -0.707969 4.556755 -1.625967
v -0.707969 4.564613 -1.627834
v -0.707969 4.572875 -1.628965
v -0.707969 4.581527 -1.629345
v -0.707969 4.594303 -1.628552
v -0.707969 4.606198 -1.626208
v -0.707969 4.617166 -1.622366
v -0.707969 4.627164 -1.617078
v -0.707969 4.636149 -1.610398
v -0.707969 4.644077 -1.602378
v -0.707969 4.650905 -1.593072
v -0.707969 4.656589 -1.582531
v -0.707969 4.661085 -1.570809
v -0.707969 4.664351 -1.557959
v -0.707969 4.666343 -1.544033
v -0.707969 4.667016 -1.529085
v -0.707969 4.629418 -1.495964
v -0.707969 4.629418 -1.524162
v -0.707969 4.629058 -1.534266
v -0.707969 4.627993 -1.543338
v -0.707969 4.626244 -1.551409
v -0.707969 4.623832 -1.558510
v -0.707969 4.620780 -1.564672
v -0.707969 4.617110 -1.569927
v -0.707969 4.612843 -1.574306
v -0.707969 4.608001 -1.577839
v -0.707969 4.602605 -1.580558
v -0.707969 4.596678 -1.582493
v -0.707969 4.590241 -1.583676
v -0.707969 4.583317 -1.584139
v -0.707969 4.576980 -1.583950
v -0.707969 4.570778 -1.583115
v -0.707969 4.564791 -1.581565
v -0.707969 4.559097 -1.579232
v -0.707969 4.553777 -1.576047
v -0.707969 4.548908 -1.571942
v -0.707969 4.544572 -1.566849
v -0.707969 4.540846 -1.560699
v -0.707969 4.537809 -1.553424
v -0.707969 4.535542 -1.544955
v -0.707969 4.534124 -1.535224
v -0.707969 4.533634 -1.524162
v -0.707969 4.533634 -1.495964
v -0.707969 4.667016 -1.400627
v -0.707969 4.667016 -1.227409
v -0.707969 4.361760 -1.227409
v -0.707969 4.361760 -1.404655
v -0.707969 4.401148 -1.404655
v -0.707969 4.401148 -1.271273
v -0.707969 4.496037 -1.271273
v -0.707969 4.496037 -1.396151
v -0.707969 4.535425 -1.396151
v -0.707969 4.535425 -1.271273
v -0.707969 4.627628 -1.271273
v -0.707969 4.627628 -1.400627
v -0.707969 4.667016 -1.042555
v -0.707969 4.667016 -0.998691
v -0.707969 4.489323 -0.998691
v -0.707969 4.482292 -0.998612
v -0.707969 4.475524 -0.998354
v -0.707969 4.469020 -0.997887
v -0.707969 4.462783 -0.997183
v -0.707969 4.456812 -0.996211
v -0.707969 4.451110 -0.994943
v -0.707969 4.445679 -0.993348
v -0.707969 4.440519 -0.991397
v -0.707969 4.435633 -0.989061
v -0.707969 4.431022 -0.986310
v -0.707969 4.426688 -0.983114
v -0.707969 4.422632 -0.979445
v -0.707969 4.419233 -0.975762
v -0.707969 4.415991 -0.971653
v -0.707969 4.412932 -0.967122
v -0.707969 4.410083 -0.962171
v -0.707969 4.407470 -0.956803
v -0.707969 4.405120 -0.951023
v -0.707969 4.403059 -0.944831
v -0.707969 4.401314 -0.938233
v -0.707969 4.399910 -0.931230
v -0.707969 4.398874 -0.923827
v -0.707969 4.398234 -0.916026
v -0.707969 4.398015 -0.907830
v -0.707969 4.398191 -0.901322
v -0.707969 4.398726 -0.895000
v -0.707969 4.399616 -0.888864
v -0.707969 4.400866 -0.882915
v -0.707969 4.402476 -0.877152
v -0.707969 4.404449 -0.871576
v -0.707969 4.406785 -0.866186
v -0.707969 4.409486 -0.860983
v -0.707969 4.412554 -0.855966
v -0.707969 4.415991 -0.851135
v -0.707969 4.419797 -0.846492
v -0.707969 4.423975 -0.842034
v -0.707969 4.427464 -0.838759
v -0.707969 4.431041 -0.835858
v -0.707969 4.434772 -0.833314
v -0.707969 4.438728 -0.831110
v -0.707969 4.442977 -0.829230
v -0.707969 4.447585 -0.827656
v -0.707969 4.452622 -0.826371
v -0.707969 4.458158 -0.825358
v -0.707969 4.464258 -0.824600
v -0.707969 4.470992 -0.824080
v -0.707969 4.478430 -0.823780
v -0.707969 4.486637 -0.823684
v -0.707969 4.667016 -0.823684
v -0.707969 4.667016 -0.779820
v -0.707969 4.477238 -0.779820
v -0.707969 4.457397 -0.781090
v -0.707969 4.439479 -0.784759
v -0.707969 4.423443 -0.790618
v -0.707969 4.409254 -0.798452
v -0.707969 4.396873 -0.808053
v -0.707969 4.386266 -0.819208
v -0.707969 4.377391 -0.831705
v -0.707969 4.370214 -0.845334
v -0.707969 4.364697 -0.859882
v -0.707969 4.360803 -0.875140
v -0.707969 4.358493 -0.890895
v -0.707969 4.357732 -0.906935
v -0.707969 4.358744 -0.928691
v -0.707969 4.361724 -0.948530
v -0.707969 4.366592 -0.966458
v -0.707969 4.373264 -0.982478
v -0.707969 4.381659 -0.996597
v -0.707969 4.391693 -1.008818
v -0.707969 4.403283 -1.019146
v -0.707969 4.416349 -1.027585
v -0.707969 4.430807 -1.034141
v -0.707969 4.446576 -1.038818
v -0.707969 4.463573 -1.041621
v -0.707969 4.481713 -1.042555
v -0.707969 4.667016 -0.739536
v -0.707969 4.667016 -0.576614
v -0.707969 4.361760 -0.576614
v -0.707969 4.361760 -0.620478
v -0.707969 4.503646 -0.620478
v -0.707969 4.503646 -0.739536
v -0.707969 4.543034 -0.739536
v -0.707969 4.543034 -0.620478
v -0.707969 4.627628 -0.620478
v -0.707969 4.627628 -0.739536
v -0.707969 4.668806 -0.281652
v -0.707969 4.668806 -0.250768
v -0.707969 4.361760 -0.119625
v -0.707969 4.361760 -0.164384
v -0.707969 4.451725 -0.202876
v -0.707969 4.451725 -0.332677
v -0.707969 4.361760 -0.373408
v -0.707969 4.361760 -0.418167
v -0.707969 4.601668 -0.265539
v -0.707969 4.491113 -0.314774
v -0.707969 4.491113 -0.219885
v -0.707969 4.667016 0.022709
v -0.707969 4.667016 0.066573
v -0.707969 4.361760 0.066573
v -0.707969 4.361760 -0.115149
v -0.707969 4.401148 -0.115149
v -0.707969 4.401148 0.022709
v -0.707969 4.667016 0.242028
v -0.707969 4.667016 0.285892
v -0.707969 4.361760 0.285892
v -0.707969 4.361760 0.104170
v -0.707969 4.401148 0.104170
v -0.707969 4.401148 0.242028
v -0.707969 4.667016 0.336022
v -0.707968 4.667016 0.509239
v -0.707968 4.361760 0.509239
v -0.707969 4.361760 0.331993
v -0.707969 4.401148 0.331993
v -0.707968 4.401148 0.465375
v -0.707968 4.496037 0.465375
v -0.707969 4.496037 0.340498
v -0.707969 4.535425 0.340498
v -0.707968 4.535425 0.465375
v -0.707969 4.627628 0.465375
v -0.707969 4.627628 0.336022
v -0.707968 4.667016 0.739748
v -0.707968 4.361760 0.739748
v -0.707968 4.361760 0.695884
v -0.707968 4.493799 0.695884
v -0.707968 4.494566 0.633349
v -0.707968 4.496805 0.618049
v -0.707968 4.500422 0.604310
v -0.707968 4.505321 0.592110
v -0.707968 4.511406 0.581427
v -0.707968 4.518584 0.572238
v -0.707968 4.526760 0.564523
v -0.707968 4.535839 0.558259
v -0.707968 4.545726 0.553425
v -0.707968 4.556327 0.549999
v -0.707968 4.567546 0.547960
v -0.707968 4.579288 0.547284
v -0.707968 4.591169 0.547922
v -0.707968 4.602571 0.549848
v -0.707968 4.613389 0.553082
v -0.707968 4.623517 0.557645
v -0.707968 4.632849 0.563557
v -0.707968 4.641280 0.570839
v -0.707968 4.648704 0.579509
v -0.707968 4.655014 0.589590
v -0.707968 4.660107 0.601100
v -0.707968 4.663875 0.614060
v -0.707968 4.666214 0.628491
v -0.707968 4.667016 0.644412
v -0.707968 4.627628 0.695884
v -0.707968 4.627628 0.644412
v -0.707968 4.627140 0.635022
v -0.707968 4.625734 0.626734
v -0.707968 4.623502 0.619493
v -0.707968 4.620533 0.613246
v -0.707968 4.616918 0.607937
v -0.707968 4.612746 0.603513
v -0.707968 4.608108 0.599918
v -0.707968 4.603094 0.597099
v -0.707968 4.597794 0.595002
v -0.707968 4.592298 0.593571
v -0.707968 4.586697 0.592752
v -0.707968 4.581079 0.592491
v -0.707968 4.573743 0.592924
v -0.707968 4.566963 0.594201
v -0.707968 4.560756 0.596289
v -0.707968 4.555135 0.599155
v -0.707968 4.550118 0.602768
v -0.707968 4.545719 0.607094
v -0.707968 4.541955 0.612100
v -0.707968 4.538839 0.617755
v -0.707968 4.536389 0.624025
v -0.707968 4.534621 0.630878
v -0.707968 4.533547 0.638281
v -0.707968 4.533187 0.646202
v -0.707968 4.533187 0.695884
v -0.707968 4.667016 0.968019
v -0.707968 4.361760 0.968019
v -0.707968 4.361760 0.924155
v -0.707968 4.493799 0.924155
v -0.707968 4.494566 0.861620
v -0.707968 4.496805 0.846320
v -0.707968 4.500422 0.832581
v -0.707968 4.505321 0.820381
v -0.707968 4.511406 0.809698
v -0.707968 4.518584 0.800509
v -0.707968 4.526760 0.792794
v -0.707968 4.535839 0.786530
v -0.707968 4.545726 0.781696
v -0.707968 4.556327 0.778271
v -0.707968 4.567546 0.776231
v -0.707968 4.579288 0.775556
v -0.707968 4.591169 0.776193
v -0.707968 4.602571 0.778119
v -0.707968 4.613389 0.781353
v -0.707968 4.623517 0.785916
v -0.707968 4.632849 0.791829
v -0.707968 4.641280 0.799110
v -0.707968 4.648704 0.807781
v -0.707968 4.655014 0.817861
v -0.707968 4.660107 0.829371
v -0.707968 4.663875 0.842331
v -0.707968 4.666214 0.856762
v -0.707968 4.667016 0.872683
v -0.707968 4.627628 0.924155
v -0.707968 4.627628 0.872683
v -0.707968 4.627140 0.863293
v -0.707968 4.625734 0.855005
v -0.707968 4.623502 0.847764
v -0.707968 4.620533 0.841517
v -0.707968 4.616918 0.836208
v -0.707968 4.612746 0.831784
v -0.707968 4.608108 0.828189
v -0.707968 4.603094 0.825370
v -0.707968 4.597794 0.823273
v -0.707968 4.592298 0.821842
v -0.707968 4.586697 0.821023
v -0.707968 4.581079 0.820762
v -0.707968 4.573743 0.821195
v -0.707968 4.566963 0.822472
v -0.707968 4.560756 0.824560
v -0.707968 4.555135 0.827426
v -0.707968 4.550118 0.831039
v -0.707968 4.545719 0.835365
v -0.707968 4.541955 0.840371
v -0.707968 4.538839 0.846026
v -0.707968 4.536389 0.852296
v -0.707968 4.534621 0.859149
v -0.707968 4.533547 0.866552
v -0.707968 4.533187 0.874473
v -0.707968 4.533187 0.924155
v -0.707968 4.668806 1.135865
v -0.707968 4.668806 1.166749
v -0.707968 4.361760 1.297893
v -0.707968 4.361760 1.253134
v -0.707968 4.451725 1.214641
v -0.707968 4.451725 1.084840
v -0.707968 4.361760 1.044109
v -0.707968 4.361760 0.999351
v -0.707968 4.601668 1.151978
v -0.707968 4.491113 1.102744
v -0.707968 4.491113 1.197633
v -0.707968 4.645980 1.321168
v -0.707968 4.650140 1.331374
v -0.707968 4.653897 1.341204
v -0.707968 4.657260 1.350688
v -0.707968 4.660236 1.359859
v -0.707968 4.662832 1.368751
v -0.707968 4.665058 1.377396
v -0.707968 4.666920 1.385827
v -0.707968 4.668426 1.394075
v -0.707968 4.669583 1.402174
v -0.707968 4.670400 1.410157
v -0.707968 4.670885 1.418056
v -0.707968 4.671044 1.425904
v -0.707968 4.669652 1.449601
v -0.707968 4.665574 1.472028
v -0.707968 4.658959 1.493035
v -0.707968 4.649958 1.512471
v -0.707968 4.638719 1.530185
v -0.707968 4.625390 1.546026
v -0.707968 4.610123 1.559843
v -0.707968 4.593064 1.571487
v -0.707968 4.574366 1.580805
v -0.707968 4.554173 1.587648
v -0.707968 4.532640 1.591864
v -0.707968 4.509912 1.593302
v -0.707968 4.493472 1.592250
v -0.707968 4.476415 1.589059
v -0.707968 4.459131 1.583679
v -0.707968 4.442011 1.576062
v -0.707968 4.425444 1.566157
v -0.707968 4.409820 1.553915
v -0.707968 4.395529 1.539285
v -0.707968 4.382962 1.522219
v -0.707968 4.372509 1.502666
v -0.707968 4.364559 1.480576
v -0.707968 4.359503 1.455901
v -0.707968 4.357732 1.428589
v -0.707968 4.358633 1.405854
v -0.707968 4.359725 1.395328
v -0.707968 4.363074 1.375744
v -0.707968 4.365285 1.366598
v -0.707968 4.367822 1.357826
v -0.707968 4.370662 1.349383
v -0.707968 4.373782 1.341225
v -0.707968 4.377158 1.333311
v -0.707968 4.380768 1.325595
v -0.707968 4.384586 1.318035
v -0.707968 4.432479 1.318035
v -0.707968 4.427100 1.326712
v -0.707968 4.422155 1.335499
v -0.707968 4.417652 1.344373
v -0.707968 4.413597 1.353311
v -0.707968 4.409996 1.362294
v -0.707968 4.406855 1.371298
v -0.707968 4.404179 1.380302
v -0.707968 4.401977 1.389284
v -0.707968 4.400253 1.398223
v -0.707968 4.399014 1.407096
v -0.707968 4.398265 1.415883
v -0.707968 4.398015 1.424561
v -0.707968 4.398988 1.442412
v -0.707968 4.401846 1.459200
v -0.707968 4.406498 1.474831
v -0.707968 4.412851 1.489213
v -0.707968 4.420815 1.502252
v -0.707968 4.430297 1.513855
v -0.707968 4.441206 1.523929
v -0.707968 4.453449 1.532380
v -0.707968 4.466936 1.539116
v -0.707968 4.481575 1.544043
v -0.707968 4.497273 1.547067
v -0.707968 4.513941 1.548096
v -0.707968 4.530343 1.547034
v -0.707968 4.545906 1.543926
v -0.707968 4.560517 1.538892
v -0.707968 4.574067 1.532049
v -0.707968 4.586441 1.523515
v -0.707968 4.597528 1.513407
v -0.707968 4.607216 1.501846
v -0.707968 4.615394 1.488947
v -0.707968 4.621949 1.474831
v -0.707968 4.626770 1.459614
v -0.707968 4.630761 1.426351
v -0.707968 4.630555 1.417572
v -0.707968 4.629930 1.408893
v -0.707968 4.628880 1.400286
v -0.707968 4.627396 1.391721
v -0.707968 4.625471 1.383168
v -0.707968 4.623096 1.374599
v -0.707968 4.620265 1.365982
v -0.707968 4.616969 1.357290
v -0.707968 4.613200 1.348492
v -0.707968 4.608952 1.339558
v -0.707968 4.604215 1.330460
v -0.707968 4.598982 1.321168
v -0.707968 4.668806 1.875732
v -0.707968 4.668806 1.906615
v -0.707968 4.361760 2.037759
v -0.707968 4.361760 1.993000
v -0.707968 4.451725 1.954507
v -0.707968 4.451725 1.824706
v -0.707968 4.361760 1.783976
v -0.707968 4.361760 1.739217
v -0.707968 4.601668 1.891845
v -0.707968 4.491113 1.842610
v -0.707968 4.491113 1.937499
v -0.707968 4.667016 2.045368
v -0.707968 4.667016 2.300495
v -0.707968 4.627628 2.300495
v -0.707968 4.627628 2.194863
v -0.707968 4.361760 2.194863
v -0.707968 4.361760 2.151000
v -0.707968 4.627628 2.151000
v -0.707968 4.627628 2.045368
v -0.707968 4.649560 2.334512
v -0.707968 4.652991 2.339919
v -0.707968 4.656125 2.345394
v -0.707968 4.658959 2.350932
v -0.707968 4.661496 2.356526
v -0.707968 4.663733 2.362170
v -0.707968 4.665673 2.367857
v -0.707968 4.667315 2.373581
v -0.707968 4.668657 2.379337
v -0.707968 4.669702 2.385117
v -0.707968 4.670448 2.390916
v -0.707968 4.670896 2.396728
v -0.707968 4.671044 2.402545
v -0.707968 4.670391 2.416121
v -0.707968 4.668460 2.428835
v -0.707968 4.665303 2.440625
v -0.707968 4.660966 2.451432
v -0.707968 4.655497 2.461194
v -0.707968 4.648945 2.469851
v -0.707968 4.641357 2.477343
v -0.707968 4.632784 2.483608
v -0.707968 4.623271 2.488587
v -0.707968 4.612868 2.492218
v -0.707968 4.601623 2.494442
v -0.707968 4.589583 2.495196
v -0.707968 4.570176 2.492598
v -0.707968 4.553498 2.485416
v -0.707968 4.539089 2.474565
v -0.707968 4.526490 2.460964
v -0.707968 4.515238 2.445529
v -0.707968 4.504876 2.429177
v -0.707968 4.494944 2.412825
v -0.707968 4.484980 2.397390
v -0.707968 4.474524 2.383789
v -0.707968 4.463118 2.372938
v -0.707968 4.450301 2.365755
v -0.707968 4.435612 2.363157
v -0.707968 4.431282 2.363485
v -0.707968 4.426855 2.364475
v -0.707968 4.422422 2.366136
v -0.707968 4.418073 2.368479
v -0.707968 4.413898 2.371511
v -0.707968 4.409987 2.375242
v -0.707968 4.406431 2.379682
v -0.707968 4.403319 2.384840
v -0.707968 4.400742 2.390726
v -0.707968 4.398789 2.397348
v -0.707968 4.397552 2.404716
v -0.707968 4.397120 2.412840
v -0.707968 4.397444 2.420297
v -0.707968 4.398413 2.427666
v -0.707968 4.400015 2.434932
v -0.707968 4.402242 2.442082
v -0.707968 4.405085 2.449101
v -0.707968 4.408533 2.455976
v -0.707968 4.412578 2.462692
v -0.707968 4.417211 2.469236
v -0.707968 4.422422 2.475593
v -0.707968 4.428202 2.481750
v -0.707968 4.434541 2.487692
v -0.707968 4.441431 2.493406
v -0.707968 4.385929 2.493406
v -0.707968 4.381331 2.486997
v -0.707968 4.377158 2.480515
v -0.707968 4.373404 2.473943
v -0.707968 4.370065 2.467263
v -0.707968 4.367136 2.460459
v -0.707968 4.364614 2.453514
v -0.707968 4.362491 2.446411
v -0.707968 4.360765 2.439131
v -0.707968 4.359431 2.431659
v -0.707968 4.358483 2.423978
v -0.707968 4.357919 2.416069
v -0.707968 4.357732 2.407916
v -0.707968 4.358446 2.395891
v -0.707968 4.360539 2.384488
v -0.707968 4.363935 2.373787
v -0.707968 4.368556 2.363870
v -0.707968 4.374328 2.354817
v -0.707968 4.381174 2.346708
v -0.707968 4.389018 2.339625
v -0.707968 4.397782 2.333649
v -0.707968 4.407393 2.328861
v -0.707968 4.417772 2.325340
v -0.707968 4.428845 2.323168
v -0.707968 4.440536 2.322427
v -0.707968 4.462866 2.325024
v -0.707968 4.481660 2.332207
v -0.707968 4.497463 2.343058
v -0.707968 4.510824 2.356659
v -0.707968 4.522288 2.372094
v -0.707968 4.532404 2.388446
v -0.707968 4.541717 2.404798
v -0.707968 4.550776 2.420233
v -0.707968 4.560126 2.433834
v -0.707968 4.570316 2.444685
v -0.707968 4.581892 2.451867
v -0.707968 4.595402 2.454466
v -0.707968 4.600628 2.454053
v -0.707968 4.605547 2.452843
v -0.707968 4.610130 2.450878
v -0.707968 4.614349 2.448199
v -0.707968 4.618177 2.444849
v -0.707968 4.621585 2.440870
v -0.707968 4.624546 2.436303
v -0.707968 4.627031 2.431191
v -0.707968 4.629013 2.425575
v -0.707968 4.630463 2.419497
v -0.707968 4.631353 2.413000
v -0.707968 4.631656 2.406126
v -0.707968 4.631501 2.400887
v -0.707968 4.631012 2.395475
v -0.707968 4.630153 2.389901
v -0.707968 4.628888 2.384177
v -0.707968 4.627182 2.378317
v -0.707968 4.624999 2.372333
v -0.707968 4.622303 2.366236
v -0.707968 4.619058 2.360041
v -0.707968 4.615229 2.353758
v -0.707968 4.610779 2.347400
v -0.707968 4.605674 2.340981
v -0.707968 4.599877 2.334512
v -0.707968 4.667016 2.530108
v -0.707968 4.667016 2.703326
v -0.707968 4.361760 2.703326
v -0.707968 4.361760 2.526080
v -0.707968 4.401148 2.526080
v -0.707968 4.401148 2.659462
v -0.707968 4.496037 2.659462
v -0.707968 4.496037 2.534584
v -0.707968 4.535425 2.534584
v -0.707968 4.535425 2.659462
v -0.707968 4.627628 2.659462
v -0.707968 4.627628 2.530108
v -0.707968 4.667016 2.763750
v -0.707968 4.667016 2.807614
v -0.707968 4.489323 2.807614
v -0.707968 4.482292 2.807694
v -0.707968 4.475524 2.807952
v -0.707968 4.469020 2.808418
v -0.707968 4.462783 2.809123
v -0.707968 4.456812 2.810094
v -0.707968 4.451110 2.811363
v -0.707968 4.445679 2.812958
v -0.707968 4.440519 2.814908
v -0.707968 4.435633 2.817244
v -0.707968 4.431022 2.819995
v -0.707968 4.426688 2.823191
v -0.707968 4.422632 2.826861
v -0.707968 4.419233 2.830543
v -0.707968 4.415991 2.834652
v -0.707968 4.412932 2.839183
v -0.707968 4.410083 2.844134
v -0.707968 4.407470 2.849501
v -0.707968 4.405120 2.855283
v -0.707968 4.403059 2.861474
v -0.707968 4.401314 2.868072
v -0.707968 4.399910 2.875074
v -0.707968 4.398874 2.882478
v -0.707968 4.398234 2.890279
v -0.707968 4.398015 2.898475
v -0.707968 4.398191 2.904984
v -0.707968 4.398726 2.911306
v -0.707968 4.399616 2.917442
v -0.707968 4.400866 2.923391
v -0.707968 4.402476 2.929153
v -0.707968 4.404449 2.934730
v -0.707968 4.406785 2.940120
v -0.707968 4.409486 2.945323
v -0.707968 4.412554 2.950339
v -0.707968 4.415991 2.955169
v -0.707968 4.419797 2.959813
v -0.707968 4.423975 2.964271
v -0.707968 4.427464 2.967546
v -0.707968 4.431041 2.970448
v -0.707968 4.434772 2.972992
v -0.707968 4.438728 2.975195
v -0.707968 4.442977 2.977075
v -0.707968 4.447585 2.978649
v -0.707968 4.452622 2.979934
v -0.707968 4.458158 2.980947
v -0.707968 4.464258 2.981705
v -0.707968 4.470992 2.982226
v -0.707968 4.478430 2.982526
v -0.707968 4.486637 2.982622
v -0.707968 4.667016 2.982622
v -0.707968 4.667016 3.026486
v -0.707968 4.477238 3.026486
v -0.707968 4.457397 3.025215
v -0.707968 4.439479 3.021546
v -0.707968 4.423443 3.015688
v -0.707968 4.409254 3.007853
v -0.707968 4.396873 2.998252
v -0.707968 4.386266 2.987098
v -0.707968 4.377391 2.974601
v -0.707968 4.370214 2.960972
v -0.707968 4.364697 2.946423
v -0.707968 4.360803 2.931165
v -0.707968 4.358493 2.915411
v -0.707968 4.357732 2.899370
v -0.707968 4.358744 2.877614
v -0.707968 4.361724 2.857775
v -0.707968 4.366592 2.839848
v -0.707968 4.373264 2.823827
v -0.707968 4.381659 2.809708
v -0.707968 4.391693 2.797487
v -0.707968 4.403283 2.787159
v -0.707968 4.416349 2.778720
v -0.707968 4.430807 2.772164
v -0.707968 4.446576 2.767486
v -0.707968 4.463573 2.764683
v -0.707968 4.481713 2.763750
v -0.707968 4.366344 3.182135
v -0.707968 4.372844 3.165091
v -0.707968 4.381125 3.149132
v -0.707968 4.391052 3.134372
v -0.707968 4.402490 3.120922
v -0.707968 4.415303 3.108898
v -0.707968 4.429356 3.098413
v -0.707968 4.444514 3.089579
v -0.707968 4.460642 3.082511
v -0.707968 4.477605 3.077322
v -0.707968 4.495267 3.074126
v -0.707968 4.513493 3.073035
v -0.707968 4.535398 3.074453
v -0.707968 4.556246 3.078597
v -0.707968 4.575876 3.085302
v -0.707968 4.594125 3.094403
v -0.707968 4.610833 3.105736
v -0.707968 4.625838 3.119137
v -0.707968 4.638977 3.134439
v -0.707968 4.650090 3.151479
v -0.707968 4.659016 3.170092
v -0.707968 4.665590 3.190113
v -0.707968 4.669654 3.211377
v -0.707968 4.671044 3.233720
v -0.707968 4.669723 3.257811
v -0.707968 4.665843 3.280532
v -0.707968 4.659533 3.301747
v -0.707968 4.650919 3.321315
v -0.707968 4.640130 3.339099
v -0.707968 4.627293 3.354961
v -0.707968 4.612535 3.368762
v -0.707968 4.595982 3.380363
v -0.707968 4.577764 3.389628
v -0.707968 4.558007 3.396417
v -0.707968 4.536839 3.400591
v -0.707968 4.514388 3.402014
v -0.707968 4.495674 3.400939
v -0.707968 4.477656 3.397784
v -0.707968 4.460453 3.392649
v -0.707968 4.444182 3.385635
v -0.707968 4.428963 3.376843
v -0.707968 4.414911 3.366374
v -0.707968 4.402147 3.354329
v -0.707968 4.390787 3.340810
v -0.707968 4.380950 3.325917
v -0.707968 4.372755 3.309750
v -0.707968 4.366319 3.292412
v -0.707968 4.361760 3.274003
v -0.707968 4.354039 3.263249
v -0.707968 4.346583 3.252235
v -0.707968 4.339450 3.240944
v -0.707968 4.332699 3.229360
v -0.707968 4.326390 3.217465
v -0.707968 4.320581 3.205242
v -0.707968 4.315332 3.192674
v -0.707968 4.310701 3.179744
v -0.707968 4.306748 3.166435
v -0.707968 4.303532 3.152729
v -0.707968 4.301111 3.138610
v -0.707968 4.299545 3.124060
v -0.707968 4.338485 3.084672
v -0.707968 4.338028 3.093535
v -0.707968 4.336881 3.101152
v -0.707968 4.336387 3.108947
v -0.707968 4.336545 3.116998
v -0.707968 4.337357 3.125385
v -0.707968 4.338821 3.134187
v -0.707968 4.340938 3.143483
v -0.707968 4.343707 3.153352
v -0.707968 4.347129 3.163875
v -0.707968 4.351204 3.175129
v -0.707968 4.355932 3.187195
v -0.707968 4.361312 3.200150
v -0.707968 4.362207 3.200150
v -0.707968 4.630761 3.235510
v -0.707968 4.629719 3.219005
v -0.707968 4.626673 3.203356
v -0.707968 4.621746 3.188674
v -0.707968 4.615062 3.175069
v -0.707968 4.606744 3.162651
v -0.707968 4.596912 3.151531
v -0.707968 4.585691 3.141819
v -0.707968 4.573205 3.133625
v -0.707968 4.559573 3.127060
v -0.707968 4.544921 3.122235
v -0.707968 4.529371 3.119258
v -0.707968 4.513045 3.118242
v -0.707968 4.497712 3.119232
v -0.707968 4.482922 3.122137
v -0.707968 4.468824 3.126858
v -0.707968 4.455571 3.133294
v -0.707968 4.443313 3.141346
v -0.707968 4.432199 3.150916
v -0.707968 4.422382 3.161902
v -0.707968 4.414012 3.174207
v -0.707968 4.407239 3.187730
v -0.707968 4.402215 3.202372
v -0.707968 4.399090 3.218034
v -0.707968 4.398015 3.234615
v -0.707968 4.399116 3.254132
v -0.707968 4.402312 3.271951
v -0.707968 4.407442 3.288074
v -0.707968 4.414343 3.302500
v -0.707968 4.422854 3.315228
v -0.707968 4.432815 3.326259
v -0.707968 4.444061 3.335593
v -0.707968 4.456433 3.343230
v -0.707968 4.469769 3.349170
v -0.707968 4.483906 3.353413
v -0.707968 4.498684 3.355958
v -0.707968 4.513941 3.356807
v -0.707968 4.525924 3.356164
v -0.707968 4.538601 3.354163
v -0.707968 4.551642 3.350695
v -0.707968 4.564717 3.345650
v -0.707968 4.577493 3.338922
v -0.707968 4.589639 3.330399
v -0.707968 4.600825 3.319975
v -0.707968 4.610719 3.307539
v -0.707968 4.618991 3.292984
v -0.707968 4.625309 3.276199
v -0.707968 4.629343 3.257078
v -0.707969 1.692546 -2.165846
v -0.707969 1.665020 -2.167593
v -0.707969 1.638299 -2.172751
v -0.707969 1.612686 -2.181197
v -0.707969 1.588482 -2.192809
v -0.707969 1.565992 -2.207462
v -0.707969 1.545517 -2.225034
v -0.707969 1.527361 -2.245400
v -0.707969 1.511827 -2.268439
v -0.707969 1.499218 -2.294026
v -0.707969 1.489836 -2.322038
v -0.707969 1.483985 -2.352353
v -0.707969 1.483997 -2.418411
v -0.707969 1.489878 -2.449550
v -0.707969 1.499302 -2.478169
v -0.707969 1.511961 -2.504175
v -0.707969 1.527544 -2.527473
v -0.707969 1.545743 -2.547970
v -0.707969 1.566247 -2.565571
v -0.707969 1.588749 -2.580183
v -0.707969 1.612939 -2.591711
v -0.707969 1.638508 -2.600063
v -0.707969 1.665147 -2.605142
v -0.707969 1.692546 -2.606857
v -0.707969 1.720703 -2.605097
v -0.707969 1.747836 -2.599902
v -0.707969 1.773674 -2.591393
v -0.707969 1.797946 -2.579694
v -0.707969 1.820379 -2.564927
v -0.707969 1.840702 -2.547219
v -0.707969 1.858644 -2.526689
v -0.707969 1.873932 -2.503462
v -0.707969 1.886296 -2.477662
v -0.707969 1.895464 -2.449411
v -0.707969 1.901163 -2.418833
v -0.707969 1.901152 -2.353786
v -0.707969 1.895422 -2.323570
v -0.707969 1.886211 -2.295549
v -0.707969 1.873799 -2.269865
v -0.707969 1.858461 -2.246662
v -0.707969 1.840477 -2.226086
v -0.707969 1.820123 -2.208280
v -0.707969 1.797678 -2.193388
v -0.707969 1.773421 -2.181555
v -0.707969 1.747627 -2.172923
v -0.707969 1.720576 -2.167639
v -0.707969 1.692546 -2.226613
v -0.707969 1.714582 -2.228003
v -0.707969 1.735469 -2.232072
v -0.707969 1.755061 -2.238664
v -0.707969 1.773211 -2.247626
v -0.707969 1.789774 -2.258802
v -0.707969 1.804603 -2.272037
v -0.707969 1.817552 -2.287178
v -0.707969 1.828474 -2.304069
v -0.707969 1.837224 -2.322557
v -0.707969 1.843655 -2.342486
v -0.707969 1.847620 -2.363702
v -0.707969 1.848975 -2.386050
v -0.707969 1.847620 -2.408537
v -0.707969 1.843655 -2.429868
v -0.707969 1.837224 -2.449892
v -0.707969 1.828474 -2.468455
v -0.707969 1.817552 -2.485405
v -0.707969 1.804603 -2.500590
v -0.707969 1.789774 -2.513857
v -0.707969 1.773211 -2.525055
v -0.707969 1.755061 -2.534029
v -0.707969 1.735469 -2.540628
v -0.707969 1.714582 -2.544699
v -0.707969 1.692546 -2.546090
v -0.707969 1.670636 -2.544699
v -0.707969 1.649831 -2.540628
v -0.707969 1.630284 -2.534029
v -0.707969 1.612147 -2.525055
v -0.707969 1.595573 -2.513857
v -0.707969 1.580714 -2.500590
v -0.707969 1.567722 -2.485405
v -0.707969 1.556751 -2.468455
v -0.707969 1.547952 -2.449892
v -0.707969 1.541478 -2.429868
v -0.707969 1.537482 -2.408537
v -0.707969 1.536116 -2.386050
v -0.707969 1.537482 -2.363703
v -0.707969 1.541478 -2.342487
v -0.707969 1.547952 -2.322557
v -0.707969 1.556750 -2.304070
v -0.707969 1.567722 -2.287178
v -0.707969 1.580714 -2.272038
v -0.707969 1.595573 -2.258802
v -0.707969 1.612147 -2.247626
v -0.707969 1.630284 -2.238665
v -0.707969 1.649831 -2.232073
v -0.707969 1.670636 -2.228004
v -0.707969 1.897709 -2.093647
v -0.707969 1.897709 -2.038296
v -0.707969 1.580037 -2.038296
v -0.707969 1.897709 -1.760332
v -0.707969 1.897709 -1.713404
v -0.707969 1.487382 -1.713404
v -0.707969 1.487382 -1.768756
v -0.707969 1.803249 -1.768756
v -0.707969 1.487382 -2.043109
v -0.707969 1.487382 -2.093647
v -0.707969 1.689537 -1.628571
v -0.707969 1.689537 -1.490793
v -0.707969 1.636592 -1.490793
v -0.707969 1.636592 -1.569609
v -0.707969 1.552361 -1.569609
v -0.707969 1.550145 -1.562526
v -0.707969 1.548024 -1.555409
v -0.707969 1.546015 -1.548250
v -0.707969 1.544138 -1.541042
v -0.707969 1.542412 -1.533775
v -0.707969 1.540854 -1.526441
v -0.707969 1.539485 -1.519031
v -0.707969 1.538322 -1.511539
v -0.707969 1.537385 -1.503954
v -0.707969 1.536693 -1.496269
v -0.707969 1.536263 -1.488475
v -0.707969 1.536116 -1.480565
v -0.707969 1.537436 -1.456823
v -0.707969 1.541308 -1.434421
v -0.707969 1.547604 -1.413499
v -0.707969 1.556193 -1.394194
v -0.707969 1.566947 -1.376644
v -0.707969 1.579736 -1.360987
v -0.707969 1.594430 -1.347360
v -0.707969 1.610899 -1.335901
v -0.707969 1.629015 -1.326749
v -0.707969 1.648647 -1.320041
v -0.707969 1.669667 -1.315915
v -0.707969 1.691944 -1.314509
v -0.707969 1.713739 -1.315922
v -0.707969 1.734494 -1.320047
v -0.707969 1.754046 -1.326711
v -0.707969 1.772231 -1.335745
v -0.707969 1.788887 -1.346977
v -0.707969 1.803851 -1.360235
v -0.707969 1.816960 -1.375348
v -0.707969 1.828051 -1.392145
v -0.707969 1.836961 -1.410454
v -0.707969 1.843527 -1.430105
v -0.707969 1.847586 -1.450925
v -0.707969 1.848975 -1.472744
v -0.707969 1.848687 -1.485088
v -0.707969 1.847827 -1.497450
v -0.707969 1.846399 -1.509820
v -0.707969 1.844407 -1.522190
v -0.707969 1.841855 -1.534552
v -0.707969 1.838747 -1.546897
v -0.707969 1.835088 -1.559217
v -0.707969 1.830881 -1.571504
v -0.707969 1.826131 -1.583748
v -0.707969 1.820842 -1.595943
v -0.707969 1.815019 -1.608079
v -0.707969 1.808664 -1.620148
v -0.707969 1.868228 -1.620148
v -0.707969 1.874602 -1.604667
v -0.707969 1.880213 -1.590308
v -0.707969 1.885102 -1.576914
v -0.707969 1.889308 -1.564328
v -0.707969 1.892870 -1.552394
v -0.707969 1.895828 -1.540956
v -0.707969 1.898223 -1.529856
v -0.707969 1.900093 -1.518937
v -0.707969 1.901478 -1.508044
v -0.707969 1.901242 -1.443325
v -0.707969 1.895745 -1.414183
v -0.707969 1.886851 -1.386745
v -0.707969 1.874779 -1.361237
v -0.707969 1.859749 -1.337886
v -0.707969 1.841981 -1.316916
v -0.707969 1.821693 -1.298553
v -0.707969 1.799105 -1.283023
v -0.707969 1.774436 -1.270551
v -0.707969 1.747906 -1.261363
v -0.707969 1.719734 -1.255685
v -0.707969 1.690139 -1.253742
v -0.707969 1.660765 -1.255638
v -0.707969 1.632937 -1.261188
v -0.707969 1.606848 -1.270184
v -0.707969 1.582688 -1.282421
v -0.707969 1.560652 -1.297691
v -0.707969 1.540929 -1.315788
v -0.707969 1.523714 -1.336504
v -0.707969 1.509198 -1.359633
v -0.707969 1.497573 -1.384968
v -0.707969 1.489031 -1.412302
v -0.707969 1.483765 -1.441429
v -0.707969 1.481967 -1.472142
v -0.707969 1.482792 -1.499773
v -0.707969 1.483848 -1.512998
v -0.707969 1.485354 -1.525934
v -0.707969 1.487329 -1.538661
v -0.707969 1.492750 -1.563807
v -0.707969 1.496229 -1.576383
v -0.707969 1.500243 -1.589069
v -0.707969 1.504808 -1.601942
v -0.707969 1.509941 -1.615084
v -0.707969 1.515660 -1.628571
v -0.707969 1.897709 -1.177934
v -0.707969 1.897709 -1.118972
v -0.707969 1.487382 -1.118972
v -0.707969 1.487382 -1.177934
v -0.707969 1.897709 -0.756176
v -0.707969 1.487382 -0.756176
v -0.707969 1.487382 -0.815138
v -0.707969 1.665471 -0.815138
v -0.707969 1.665471 -0.839806
v -0.707969 1.665233 -0.847234
v -0.707969 1.659856 -0.869376
v -0.707969 1.655757 -0.877113
v -0.707969 1.650129 -0.885230
v -0.707969 1.642746 -0.893849
v -0.707969 1.633383 -0.903091
v -0.707969 1.621814 -0.913076
v -0.707969 1.607813 -0.923925
v -0.707969 1.591155 -0.935761
v -0.707969 1.571614 -0.948705
v -0.707969 1.487382 -1.002854
v -0.707969 1.487382 -1.073247
v -0.707969 1.496656 -1.066539
v -0.707969 1.505014 -1.060495
v -0.707969 1.512595 -1.055028
v -0.707969 1.519537 -1.050050
v -0.707969 1.525978 -1.045473
v -0.707969 1.532055 -1.041209
v -0.707969 1.537906 -1.037171
v -0.707969 1.543670 -1.033271
v -0.707969 1.549484 -1.029420
v -0.707969 1.555486 -1.025533
v -0.707969 1.561814 -1.021520
v -0.707969 1.568605 -1.017293
v -0.707969 1.581115 -1.009634
v -0.707969 1.593072 -1.002246
v -0.707969 1.604479 -0.995051
v -0.707969 1.615334 -0.987968
v -0.707969 1.625637 -0.980919
v -0.707969 1.635389 -0.973824
v -0.707969 1.644589 -0.966604
v -0.707969 1.653238 -0.959179
v -0.707969 1.661335 -0.951469
v -0.707969 1.668881 -0.943396
v -0.707969 1.675875 -0.934881
v -0.707969 1.682317 -0.925842
v -0.707969 1.687052 -0.936418
v -0.707969 1.692518 -0.946173
v -0.707969 1.698694 -0.955088
v -0.707969 1.705559 -0.963144
v -0.707969 1.713093 -0.970324
v -0.707969 1.721274 -0.976606
v -0.707969 1.730083 -0.981974
v -0.707969 1.739497 -0.986408
v -0.707969 1.749496 -0.989890
v -0.707969 1.760059 -0.992400
v -0.707969 1.771165 -0.993919
v -0.707969 1.782793 -0.994430
v -0.707969 1.799968 -0.993364
v -0.707969 1.815956 -0.990213
v -0.707969 1.830700 -0.985048
v -0.707969 1.844139 -0.977941
v -0.707969 1.856217 -0.968962
v -0.707969 1.866874 -0.958181
v -0.707969 1.876052 -0.945671
v -0.707969 1.883692 -0.931502
v -0.707969 1.889737 -0.915746
v -0.707969 1.894127 -0.898473
v -0.707969 1.896803 -0.879754
v -0.707969 1.897709 -0.859661
v -0.707969 1.847170 -0.815138
v -0.707969 1.847170 -0.853042
v -0.707969 1.845254 -0.878818
v -0.707969 1.842902 -0.889668
v -0.707969 1.839660 -0.899213
v -0.707969 1.835558 -0.907497
v -0.707969 1.830624 -0.914561
v -0.707969 1.824889 -0.920447
v -0.707969 1.818380 -0.925196
v -0.707969 1.811127 -0.928850
v -0.707969 1.803160 -0.931452
v -0.707969 1.794508 -0.933042
v -0.707969 1.785200 -0.933664
v -0.707969 1.776682 -0.933410
v -0.707969 1.768345 -0.932287
v -0.707969 1.760297 -0.930204
v -0.707969 1.752644 -0.927068
v -0.707969 1.745492 -0.922787
v -0.707969 1.738948 -0.917269
v -0.707969 1.733118 -0.910422
v -0.707969 1.728110 -0.902155
v -0.707969 1.720982 -0.880991
v -0.707969 1.718417 -0.853042
v -0.707969 1.718417 -0.815138
v -0.707969 1.897709 -0.392779
v -0.707968 1.487382 -0.392779
v -0.707969 1.487382 -0.451741
v -0.707969 1.665471 -0.451741
v -0.707969 1.665471 -0.476408
v -0.707969 1.665233 -0.483837
v -0.707969 1.662651 -0.498500
v -0.707969 1.659856 -0.505978
v -0.707969 1.655757 -0.513715
v -0.707969 1.650129 -0.521833
v -0.707969 1.642746 -0.530452
v -0.707969 1.633383 -0.539693
v -0.707969 1.621814 -0.549677
v -0.707969 1.607813 -0.560528
v -0.707969 1.591155 -0.572364
v -0.707969 1.571614 -0.585307
v -0.707969 1.487382 -0.639456
v -0.707969 1.487382 -0.709849
v -0.707969 1.496656 -0.703141
v -0.707969 1.505014 -0.697098
v -0.707969 1.512595 -0.691630
v -0.707969 1.519537 -0.686652
v -0.707969 1.525978 -0.682075
v -0.707969 1.532055 -0.677812
v -0.707969 1.537906 -0.673773
v -0.707969 1.543670 -0.669873
v -0.707969 1.549484 -0.666023
v -0.707969 1.555486 -0.662135
v -0.707969 1.561814 -0.658122
v -0.707969 1.568605 -0.653895
v -0.707969 1.581115 -0.646237
v -0.707969 1.593072 -0.638849
v -0.707969 1.604479 -0.631653
v -0.707969 1.615334 -0.624570
v -0.707969 1.625637 -0.617521
v -0.707969 1.635389 -0.610426
v -0.707969 1.644589 -0.603206
v -0.707969 1.653238 -0.595780
v -0.707969 1.661335 -0.588071
v -0.707969 1.668881 -0.579998
v -0.707969 1.675875 -0.571483
v -0.707969 1.682317 -0.562445
v -0.707969 1.687052 -0.573021
v -0.707969 1.692518 -0.582775
v -0.707969 1.698694 -0.591690
v -0.707969 1.705559 -0.599747
v -0.707969 1.713093 -0.606926
v -0.707969 1.721274 -0.613209
v -0.707969 1.730083 -0.618577
v -0.707969 1.739497 -0.623011
v -0.707969 1.749496 -0.626492
v -0.707969 1.760059 -0.629002
v -0.707969 1.771165 -0.630522
v -0.707969 1.782793 -0.631033
v -0.707969 1.799968 -0.629967
v -0.707969 1.815956 -0.626816
v -0.707969 1.830700 -0.621651
v -0.707969 1.844139 -0.614543
v -0.707969 1.856217 -0.605564
v -0.707969 1.866874 -0.594784
v -0.707969 1.876052 -0.582274
v -0.707969 1.883692 -0.568105
v -0.707969 1.889737 -0.552348
v -0.707969 1.894127 -0.535075
v -0.707969 1.896803 -0.516357
v -0.707969 1.897709 -0.496263
v -0.707969 1.847170 -0.451741
v -0.707969 1.847170 -0.489645
v -0.707969 1.842902 -0.526270
v -0.707969 1.839660 -0.535816
v -0.707969 1.835558 -0.544100
v -0.707969 1.830624 -0.551164
v -0.707969 1.824889 -0.557049
v -0.707969 1.818380 -0.561798
v -0.707969 1.811127 -0.565453
v -0.707969 1.803160 -0.568054
v -0.707969 1.794508 -0.569645
v -0.707969 1.785200 -0.570266
v -0.707969 1.776682 -0.570012
v -0.707969 1.768345 -0.568890
v -0.707969 1.760297 -0.566806
v -0.707969 1.752644 -0.563670
v -0.707969 1.745492 -0.559389
v -0.707969 1.738948 -0.553871
v -0.707969 1.733118 -0.547024
v -0.707969 1.728110 -0.538757
v -0.707969 1.720982 -0.517594
v -0.707969 1.718417 -0.489645
v -0.707969 1.718417 -0.451741
v -0.707968 1.897709 -0.323589
v -0.707968 1.897709 -0.090750
v -0.707968 1.487382 -0.090750
v -0.707968 1.487382 -0.329004
v -0.707968 1.540328 -0.329004
v -0.707968 1.540328 -0.149712
v -0.707968 1.667878 -0.149712
v -0.707968 1.667878 -0.317573
v -0.707968 1.720823 -0.317573
v -0.707968 1.720823 -0.149712
v -0.707968 1.844764 -0.149712
v -0.707968 1.844764 -0.323589
v -0.707968 1.897709 -0.028178
v -0.707968 1.897709 0.190823
v -0.707968 1.487382 0.190823
v -0.707968 1.487382 0.131861
v -0.707968 1.678106 0.131861
v -0.707968 1.678106 -0.028178
v -0.707968 1.731051 -0.028178
v -0.707968 1.731051 0.131861
v -0.707968 1.844764 0.131861
v -0.707968 1.844764 -0.028178
v -0.707968 1.900115 0.587312
v -0.707968 1.900115 0.628826
v -0.707968 1.487382 0.805110
v -0.707968 1.487382 0.744944
v -0.707968 1.608314 0.693202
v -0.707968 1.608314 0.518723
v -0.707968 1.487382 0.463973
v -0.707968 1.487382 0.403808
v -0.707968 1.809868 0.608971
v -0.707968 1.661260 0.542789
v -0.707968 1.661260 0.670340
v -0.707968 1.897709 0.850835
v -0.707968 1.897709 0.909797
v -0.707968 1.487382 0.909797
v -0.707968 1.487382 0.850835
v -0.707968 1.897709 1.146847
v -0.707968 1.897709 1.205809
v -0.707968 1.487382 1.205809
v -0.707968 1.487382 0.961539
v -0.707968 1.540328 0.961539
v -0.707968 1.540328 1.146847
v -0.707968 1.897709 1.286431
v -0.707968 1.897709 1.345392
v -0.707968 1.658853 1.345392
v -0.707968 1.649402 1.345499
v -0.707968 1.640305 1.345847
v -0.707968 1.631562 1.346474
v -0.707968 1.623177 1.347420
v -0.707968 1.615151 1.348726
v -0.707968 1.607487 1.350431
v -0.707968 1.600186 1.352575
v -0.707968 1.593251 1.355197
v -0.707968 1.586683 1.358337
v -0.707968 1.580485 1.362035
v -0.707968 1.574659 1.366331
v -0.707968 1.569207 1.371264
v -0.707968 1.564638 1.376214
v -0.707968 1.560280 1.381737
v -0.707968 1.556168 1.387828
v -0.707968 1.552338 1.394483
v -0.707968 1.548826 1.401698
v -0.707968 1.545667 1.409468
v -0.707968 1.542897 1.417790
v -0.707968 1.540550 1.426660
v -0.707968 1.538664 1.436073
v -0.707968 1.537272 1.446024
v -0.707968 1.536411 1.456511
v -0.707968 1.536116 1.467528
v -0.707968 1.536355 1.476277
v -0.707968 1.537071 1.484775
v -0.707968 1.538269 1.493023
v -0.707968 1.539949 1.501020
v -0.707968 1.542113 1.508766
v -0.707968 1.544765 1.516261
v -0.707968 1.547905 1.523506
v -0.707968 1.551536 1.530501
v -0.707968 1.555660 1.537244
v -0.707968 1.560280 1.543737
v -0.707968 1.565396 1.549979
v -0.707968 1.571012 1.555970
v -0.707968 1.575702 1.560374
v -0.707968 1.580510 1.564274
v -0.707968 1.585527 1.567693
v -0.707968 1.590844 1.570655
v -0.707968 1.596554 1.573183
v -0.707968 1.602749 1.575299
v -0.707968 1.609520 1.577026
v -0.707968 1.616960 1.578387
v -0.707968 1.625161 1.579407
v -0.707968 1.634213 1.580106
v -0.707968 1.644210 1.580509
v -0.707968 1.655243 1.580638
v -0.707968 1.897709 1.580638
v -0.707968 1.897709 1.639600
v -0.707968 1.642608 1.639600
v -0.707968 1.615939 1.637893
v -0.707968 1.591852 1.632960
v -0.707968 1.570297 1.625085
v -0.707968 1.551224 1.614554
v -0.707968 1.534583 1.601649
v -0.707968 1.520323 1.586655
v -0.707968 1.508394 1.569856
v -0.707968 1.498747 1.551536
v -0.707968 1.491331 1.531980
v -0.707968 1.486095 1.511471
v -0.707968 1.482991 1.490293
v -0.707968 1.481967 1.468731
v -0.707968 1.483328 1.439487
v -0.707968 1.487335 1.412819
v -0.707968 1.493878 1.388721
v -0.707968 1.502847 1.367186
v -0.707968 1.514130 1.348207
v -0.707968 1.527618 1.331780
v -0.707968 1.543198 1.317897
v -0.707968 1.560761 1.306553
v -0.707968 1.580196 1.297740
v -0.707968 1.601393 1.291453
v -0.707968 1.624239 1.287685
v -0.707968 1.648625 1.286431
v -0.707968 1.897709 1.722026
v -0.707968 1.897709 1.780988
v -0.707968 1.487382 1.780988
v -0.707968 1.487382 1.722026
v -0.707968 1.689537 1.867024
v -0.707968 1.689537 2.004802
v -0.707968 1.636592 2.004802
v -0.707968 1.636592 1.925986
v -0.707968 1.552361 1.925986
v -0.707968 1.550145 1.933069
v -0.707968 1.548024 1.940186
v -0.707968 1.546015 1.947345
v -0.707968 1.544138 1.954553
v -0.707968 1.542412 1.961821
v -0.707968 1.540854 1.969155
v -0.707968 1.539485 1.976564
v -0.707968 1.538322 1.984057
v -0.707968 1.537385 1.991641
v -0.707968 1.536693 1.999326
v -0.707968 1.536263 2.007120
v -0.707968 1.536116 2.015031
v -0.707968 1.537436 2.038773
v -0.707968 1.541308 2.061174
v -0.707968 1.547604 2.082096
v -0.707968 1.556193 2.101401
v -0.707968 1.566947 2.118951
v -0.707968 1.579736 2.134609
v -0.707968 1.594430 2.148236
v -0.707968 1.610899 2.159694
v -0.707968 1.629015 2.168847
v -0.707968 1.648647 2.175555
v -0.707968 1.669667 2.179681
v -0.707968 1.691944 2.181086
v -0.707968 1.713739 2.179673
v -0.707968 1.734494 2.175549
v -0.707968 1.754046 2.168884
v -0.707968 1.772231 2.159850
v -0.707968 1.788887 2.148619
v -0.707968 1.803851 2.135361
v -0.707968 1.816960 2.120248
v -0.707968 1.828051 2.103451
v -0.707968 1.836961 2.085142
v -0.707968 1.843527 2.065491
v -0.707968 1.847586 2.044671
v -0.707968 1.848975 2.022852
v -0.707968 1.848687 2.010507
v -0.707968 1.847827 1.998145
v -0.707968 1.846399 1.985775
v -0.707968 1.844407 1.973405
v -0.707968 1.841855 1.961044
v -0.707968 1.838747 1.948699
v -0.707968 1.835088 1.936379
v -0.707968 1.830881 1.924092
v -0.707968 1.826131 1.911847
v -0.707968 1.820842 1.899653
v -0.707968 1.815019 1.887517
v -0.707968 1.808664 1.875448
v -0.707968 1.868228 1.875448
v -0.707968 1.874602 1.890929
v -0.707968 1.880213 1.905288
v -0.707968 1.885102 1.918682
v -0.707968 1.889308 1.931267
v -0.707968 1.892870 1.943201
v -0.707968 1.895828 1.954640
v -0.707968 1.898223 1.965740
v -0.707968 1.900093 1.976659
v -0.707968 1.901478 1.987552
v -0.707968 1.902419 1.998577
v -0.707968 1.902954 2.009890
v -0.707968 1.903124 2.021649
v -0.707968 1.901242 2.052270
v -0.707968 1.895745 2.081413
v -0.707968 1.886851 2.108851
v -0.707968 1.874779 2.134358
v -0.707968 1.859749 2.157710
v -0.707968 1.841981 2.178680
v -0.707968 1.821693 2.197043
v -0.707968 1.799105 2.212573
v -0.707968 1.774436 2.225044
v -0.707968 1.747906 2.234232
v -0.707968 1.719734 2.239910
v -0.707968 1.690139 2.241853
v -0.707968 1.660765 2.239958
v -0.707968 1.632937 2.234408
v -0.707968 1.606848 2.225411
v -0.707968 1.582688 2.213175
v -0.707968 1.560652 2.197904
v -0.707968 1.540929 2.179808
v -0.707968 1.523714 2.159092
v -0.707968 1.509198 2.135963
v -0.707968 1.497573 2.110627
v -0.707968 1.489031 2.083293
v -0.707968 1.483765 2.054166
v -0.707968 1.481967 2.023454
v -0.707968 1.482792 1.995822
v -0.707968 1.483848 1.982598
v -0.707968 1.485354 1.969662
v -0.707968 1.487329 1.956934
v -0.707968 1.489789 1.944337
v -0.707968 1.492750 1.931789
v -0.707968 1.496229 1.919212
v -0.707968 1.500243 1.906527
v -0.707968 1.504808 1.893653
v -0.707968 1.509941 1.880512
v -0.707968 1.515660 1.867024
v -0.587522 1.008038 -0.313014
v -0.587522 1.008038 -0.312119
v -0.587522 1.008038 -0.116970
v -0.587522 1.008038 -0.116075
v -0.632549 5.921463 -3.116227
v -0.632549 5.337171 -3.895284
v -0.632549 4.752878 -3.895284
v -0.632549 4.168585 -3.895284
v -0.632549 3.584293 -3.895284
v -0.632549 3.000000 -3.895284
v -0.632549 2.415707 -3.895284
v -0.632548 1.831415 -3.895284
v -0.632548 1.247122 -3.895284
v -0.632548 0.662829 -3.895284
v -0.632548 0.078537 -3.116227
v -0.632548 5.921463 -2.337171
v -0.632548 0.078537 -2.337171
v -0.632548 5.921463 -1.558113
v -0.632548 0.078537 -1.558113
v -0.632548 5.921463 -0.779057
v -0.632547 0.078537 -0.779057
v -0.632547 5.921463 0.000000
v -0.632547 0.078537 0.000000
v -0.632547 5.921463 0.779057
v -0.632547 0.078537 0.779057
v -0.632547 5.921463 1.558114
v -0.632547 0.078537 1.558114
v -0.632547 5.921463 2.337171
v -0.632546 0.078537 2.337171
v -0.632546 5.921463 3.116228
v -0.632546 0.078537 3.116228
v -0.632546 5.337171 3.895285
v -0.632546 4.752878 3.895285
v -0.632546 4.168585 3.895285
v -0.632546 3.584293 3.895285
v -0.632546 3.000000 3.895285
v -0.632546 2.415707 3.895285
v -0.632546 1.831415 3.895285
v -0.632546 1.247122 3.895285
v -0.632546 0.662829 3.895285
v -0.632548 0.220626 -3.116227
v -0.632548 0.662829 -3.705832
v -0.632549 4.752878 -3.790033
v -0.632549 5.274020 -3.790033
v -0.632549 5.337171 -3.705832
v -0.632549 4.168585 -3.790033
v -0.632549 4.705515 -3.790033
v -0.632549 3.584293 -3.790033
v -0.632549 4.137010 -3.790033
v -0.632549 3.000000 -3.790033
v -0.632549 3.568505 -3.790033
v -0.632548 2.431495 -3.790033
v -0.632548 2.415707 -3.790033
v -0.632548 1.862990 -3.790033
v -0.632548 1.831415 -3.790033
v -0.632548 1.294485 -3.790033
v -0.632548 1.247122 -3.790033
v -0.632548 0.725980 -3.790033
v -0.632546 5.779374 3.116228
v -0.632546 5.337171 3.705832
v -0.632548 5.842525 -3.032026
v -0.632549 5.779374 -3.116227
v -0.632548 5.842525 -2.337171
v -0.632548 0.157475 -3.032026
v -0.632548 0.157475 -2.337171
v -0.632548 5.842525 -2.274020
v -0.632548 5.842525 -1.558113
v -0.632548 0.157475 -2.274020
v -0.632548 0.157475 -1.558113
v -0.632548 5.842525 -1.516013
v -0.632548 5.842525 -0.779057
v -0.632548 0.157475 -1.516013
v -0.632547 0.157475 -0.779057
v -0.632548 5.842525 -0.758006
v -0.632547 0.157475 -0.758006
v -0.632547 0.157475 0.000000
v -0.632547 5.842525 0.000000
v -0.632547 5.842525 0.758007
v -0.632547 5.842525 0.779057
v -0.632547 0.157475 0.779057
v -0.632547 0.157475 0.758007
v -0.632547 5.842525 1.558114
v -0.632547 5.842525 1.516013
v -0.632547 0.157475 1.558114
v -0.632547 0.157475 1.516013
v -0.632547 5.842525 2.337171
v -0.632547 5.842525 2.274020
v -0.632546 0.157475 2.337171
v -0.632546 0.157475 2.274020
v -0.632546 5.842525 3.032027
v -0.632546 0.157475 3.032027
v -0.632546 0.220626 3.116228
v -0.632546 0.662829 3.705832
v -0.632546 4.752878 3.790033
v -0.632546 5.274020 3.790033
v -0.632546 4.168585 3.790033
v -0.632546 4.705515 3.790033
v -0.632546 3.584293 3.790033
v -0.632546 4.137010 3.790033
v -0.632546 3.000000 3.790033
v -0.632546 3.568505 3.790033
v -0.632546 2.431495 3.790033
v -0.632546 2.415707 3.790033
v -0.632546 1.862990 3.790033
v -0.632546 1.831415 3.790033
v -0.632546 1.294485 3.790033
v -0.632546 1.247122 3.790033
v -0.632546 0.725980 3.790033
v -0.550549 1.008038 -0.116970
v -0.550549 1.008038 -0.116075
v -0.670996 1.075624 -1.348238
v -0.670996 0.770367 -1.304374
v -0.670996 1.075624 -1.304374
v -0.670996 0.770367 -1.348238
v -0.670996 1.075624 -1.022892
v -0.670996 0.767682 -1.154931
v -0.670996 1.075624 -1.293237
v -0.670996 0.861228 -1.158512
v -0.670996 1.075624 -1.249820
v -0.670996 0.767682 -1.163883
v -0.670996 1.075624 -0.960677
v -0.670996 0.959250 -0.865341
v -0.670996 0.770367 -0.652288
v -0.670996 0.770367 -0.705103
v -0.670996 1.075624 -0.316148
v -0.670996 0.950299 -0.214545
v -0.670996 0.770367 -0.313014
v -0.670996 0.770367 -0.356878
v -0.670995 0.770367 0.233493
v -0.670995 1.008038 0.233493
v -0.670995 0.889874 0.131442
v -0.670995 1.008038 0.037449
v -0.670995 0.817931 0.494123
v -0.670995 0.819086 0.476578
v -0.670995 0.817931 0.473268
v -0.670995 0.816370 0.497223
v -0.670995 0.814435 0.467311
v -0.670995 0.816370 0.470169
v -0.670995 0.809579 0.504937
v -0.670995 0.812161 0.464729
v -0.670995 0.809579 0.462455
v -0.670995 0.806722 0.506871
v -0.670995 0.796826 0.510305
v -0.670995 0.800313 0.457804
v -0.670995 0.796826 0.457087
v -0.670995 0.793195 0.456840
v -0.670995 0.793195 0.510551
v -0.670995 0.782767 0.508432
v -0.670995 0.786077 0.457804
v -0.670995 0.782767 0.458959
v -0.670995 0.779667 0.506871
v -0.670995 0.776810 0.462455
v -0.670995 0.779667 0.460520
v -0.670995 0.771953 0.500080
v -0.670995 0.774228 0.464729
v -0.670995 0.771953 0.467311
v -0.670995 0.770019 0.497223
v -0.670995 0.768458 0.473268
v -0.670995 0.770019 0.470169
v -0.670995 0.766585 0.487327
v -0.670995 0.767303 0.476578
v -0.670995 0.766585 0.480064
v -0.670995 0.766339 0.483696
v -0.670995 1.073997 0.688656
v -0.670995 1.036236 0.790295
v -0.670995 1.075624 0.715548
v -0.670995 1.040105 0.606455
v -0.670995 1.052067 0.623294
v -0.670995 1.036236 0.722709
v -0.670995 1.035179 0.702302
v -0.670995 1.020504 0.652454
v -0.670995 1.012270 0.639541
v -0.670995 0.979608 0.611541
v -0.670995 0.966559 0.605699
v -0.670995 0.922996 0.598279
v -0.670995 0.912869 0.598785
v -0.670995 0.776234 0.668130
v -0.670995 0.783201 0.647297
v -0.670995 0.819086 0.910293
v -0.670995 0.819804 0.913779
v -0.670995 0.812161 0.898444
v -0.670995 0.814435 0.901026
v -0.670995 0.800313 0.943302
v -0.670995 0.803622 0.892674
v -0.670995 0.800313 0.891519
v -0.670995 0.796826 0.944020
v -0.670995 0.786077 0.891519
v -0.670995 0.789563 0.890801
v -0.670995 0.774228 0.936377
v -0.670995 0.776810 0.896169
v -0.670995 0.774228 0.898444
v -0.670995 0.771953 0.933795
v -0.670995 0.767303 0.910293
v -0.670995 0.768458 0.906983
v -0.670995 0.770367 1.264740
v -0.670995 1.010276 1.118826
v -0.670995 0.899721 1.164480
v -0.670995 0.860333 1.181489
v -0.670995 0.770367 1.219981
v -0.670995 0.770367 1.010957
v -0.670995 0.770367 0.966198
v -0.670997 4.361760 -3.509671
v -0.670997 4.601668 -3.357043
v -0.670997 4.491113 -3.406278
v -0.670997 4.361760 -2.909453
v -0.670997 4.667016 -2.909453
v -0.670997 4.627628 -2.953316
v -0.670997 4.665389 -3.054956
v -0.670997 4.667016 -3.028064
v -0.670997 4.631497 -3.137157
v -0.670997 4.643460 -3.120318
v -0.670997 4.627628 -3.020903
v -0.670997 4.626571 -3.041310
v -0.670997 4.401148 -2.953316
v -0.670997 4.568637 -3.181014
v -0.670997 4.583066 -3.124501
v -0.670997 4.585986 -3.173482
v -0.670997 4.571000 -3.132071
v -0.670997 4.557951 -3.137913
v -0.670997 4.514388 -3.145333
v -0.670997 4.504262 -3.144826
v -0.670997 4.494930 -3.189275
v -0.670997 4.514388 -3.190540
v -0.670997 4.492945 -3.143182
v -0.670997 4.423659 -3.160188
v -0.670997 4.432321 -3.111368
v -0.670997 4.440005 -3.170912
v -0.670997 4.422151 -3.098982
v -0.670997 4.401148 -3.023141
v -0.670997 4.395374 -3.132296
v -0.670997 4.383924 -3.115278
v -0.670997 4.374593 -3.096315
v -0.670997 4.367626 -3.075482
v -0.670997 4.363267 -3.052855
v -0.670997 4.361760 -3.028512
v -0.670997 4.361760 -2.452463
v -0.670997 4.601668 -2.598378
v -0.670997 4.491113 -2.552724
v -0.670997 4.451725 -2.535715
v -0.670997 4.361760 -2.497223
v -0.670997 4.361760 -2.706247
v -0.670997 4.361760 -2.751006
v -0.670996 4.661085 -1.570809
v -0.670996 4.629418 -1.495964
v -0.670996 4.664351 -1.557959
v -0.670996 4.629418 -1.524162
v -0.670996 4.533634 -1.495964
v -0.670996 4.626244 -1.551409
v -0.670996 4.623832 -1.558510
v -0.670996 4.612843 -1.574306
v -0.670996 4.608001 -1.577839
v -0.670996 4.590241 -1.583676
v -0.670996 4.583317 -1.584139
v -0.670996 4.556755 -1.625967
v -0.670996 4.559097 -1.579232
v -0.670996 4.564613 -1.627834
v -0.670996 4.553777 -1.576047
v -0.670996 4.534124 -1.535224
v -0.670996 4.533634 -1.524162
v -0.670996 4.510301 -1.586188
v -0.670996 4.514367 -1.593445
v -0.670996 4.492148 -1.530750
v -0.670996 4.491169 -1.597385
v -0.670996 4.490069 -1.536313
v -0.670996 4.477341 -1.554520
v -0.670996 4.478711 -1.608644
v -0.670996 4.471867 -1.614015
v -0.670996 4.470375 -1.561395
v -0.670996 4.464612 -1.619294
v -0.670996 4.390472 -1.667318
v -0.670996 4.394994 -1.664146
v -0.670996 4.368659 -1.682989
v -0.670996 4.374876 -1.678493
v -0.670996 4.535425 -1.271273
v -0.670996 4.627628 -1.271273
v -0.670996 4.401148 -1.271273
v -0.670996 4.496037 -1.271273
v -0.670996 4.667016 -0.998691
v -0.670996 4.489323 -0.998691
v -0.670996 4.478430 -0.823780
v -0.670996 4.477238 -0.779820
v -0.670996 4.486637 -0.823684
v -0.670996 4.469020 -0.997887
v -0.670996 4.463573 -1.041621
v -0.670996 4.445679 -0.993348
v -0.670996 4.446576 -1.038818
v -0.670996 4.430807 -1.034141
v -0.670996 4.440519 -0.991397
v -0.670996 4.419797 -0.846492
v -0.670996 4.423443 -0.790618
v -0.670996 4.409254 -0.798452
v -0.670996 4.403283 -1.019146
v -0.670996 4.416349 -1.027585
v -0.670996 4.412932 -0.967122
v -0.670996 4.396873 -0.808053
v -0.670996 4.399616 -0.888864
v -0.670996 4.400866 -0.882915
v -0.670996 4.398234 -0.916026
v -0.670996 4.391693 -1.008818
v -0.670996 4.358493 -0.890895
v -0.670996 4.358744 -0.928691
v -0.670996 4.357732 -0.906935
v -0.670996 4.361760 -0.576614
v -0.670996 4.627628 -0.620478
v -0.670996 4.543034 -0.620478
v -0.670996 4.503646 -0.620478
v -0.670996 4.361760 -0.620478
v -0.670996 4.668806 -0.281652
v -0.670996 4.361760 -0.119625
v -0.670996 4.668806 -0.250768
v -0.670996 4.601668 -0.265539
v -0.670996 4.361760 -0.418167
v -0.670996 4.491113 -0.219885
v -0.670996 4.491113 -0.314774
v -0.670996 4.667016 0.509239
v -0.670996 4.361760 0.509239
v -0.670996 4.627628 0.465375
v -0.670996 4.535425 0.465375
v -0.670996 4.632849 0.563557
v -0.670996 4.627628 0.695884
v -0.670996 4.641280 0.570839
v -0.670996 4.627628 0.644412
v -0.670996 4.533187 0.695884
v -0.670996 4.608108 0.599918
v -0.670996 4.603094 0.597099
v -0.670996 4.560756 0.596289
v -0.670996 4.555135 0.599155
v -0.670996 4.545726 0.553425
v -0.670996 4.556327 0.549999
v -0.670996 4.550118 0.602768
v -0.670996 4.545719 0.607094
v -0.670996 4.533547 0.638281
v -0.670996 4.533187 0.646202
v -0.670996 4.494566 0.633349
v -0.670996 4.496805 0.618049
v -0.670996 4.632849 0.791829
v -0.670995 4.627628 0.924155
v -0.670996 4.641280 0.799110
v -0.670995 4.627628 0.872683
v -0.670995 4.533187 0.924155
v -0.670996 4.608108 0.828189
v -0.670996 4.603094 0.825370
v -0.670995 4.560756 0.824560
v -0.670995 4.555135 0.827426
v -0.670996 4.545726 0.781696
v -0.670996 4.556327 0.778271
v -0.670995 4.550118 0.831039
v -0.670995 4.545719 0.835365
v -0.670995 4.533547 0.866552
v -0.670995 4.533187 0.874473
v -0.670995 4.494566 0.861620
v -0.670995 4.496805 0.846320
v -0.670995 4.451725 1.084840
v -0.670995 4.491113 1.102744
v -0.670995 4.361760 0.999351
v -0.670995 4.361760 1.044109
v -0.670995 4.670400 1.410157
v -0.670995 4.669652 1.449601
v -0.670995 4.670885 1.418056
v -0.670995 4.653897 1.341204
v -0.670995 4.649958 1.512471
v -0.670995 4.657260 1.350688
v -0.670995 4.625471 1.383168
v -0.670995 4.623096 1.374599
v -0.670995 4.625390 1.546026
v -0.670995 4.630761 1.426351
v -0.670995 4.626770 1.459614
v -0.670995 4.621949 1.474831
v -0.670995 4.610123 1.559843
v -0.670995 4.530343 1.547034
v -0.670995 4.545906 1.543926
v -0.670995 4.476415 1.589059
v -0.670995 4.481575 1.544043
v -0.670995 4.466936 1.539116
v -0.670995 4.459131 1.583679
v -0.670995 4.420815 1.502252
v -0.670995 4.430297 1.513855
v -0.670995 4.427100 1.326712
v -0.670995 4.422155 1.335499
v -0.670995 4.400253 1.398223
v -0.670995 4.399014 1.407096
v -0.670995 4.364559 1.480576
v -0.670995 4.370662 1.349383
v -0.670995 4.367822 1.357826
v -0.670995 4.365285 1.366598
v -0.670995 4.363074 1.375744
v -0.670995 4.359503 1.455901
v -0.670995 4.668806 1.875732
v -0.670995 4.361760 2.037759
v -0.670995 4.668806 1.906615
v -0.670995 4.601668 1.891845
v -0.670995 4.361760 1.739217
v -0.670995 4.491113 1.937499
v -0.670995 4.491113 1.842610
v -0.670995 4.361760 2.151000
v -0.670995 4.627628 2.151000
v -0.670995 4.670391 2.416121
v -0.670995 4.668460 2.428835
v -0.670995 4.663733 2.362170
v -0.670995 4.665303 2.440625
v -0.670995 4.665673 2.367857
v -0.670995 4.660966 2.451432
v -0.670995 4.619058 2.360041
v -0.670995 4.615229 2.353758
v -0.670995 4.631656 2.406126
v -0.670995 4.631501 2.400887
v -0.670995 4.623271 2.488587
v -0.670995 4.631353 2.413000
v -0.670995 4.630463 2.419497
v -0.670995 4.629013 2.425575
v -0.670995 4.627031 2.431191
v -0.670995 4.624546 2.436303
v -0.670995 4.621585 2.440870
v -0.670995 4.612868 2.492218
v -0.670995 4.614349 2.448199
v -0.670995 4.618177 2.444849
v -0.670995 4.550776 2.420233
v -0.670995 4.560126 2.433834
v -0.670995 4.515238 2.445529
v -0.670995 4.522288 2.372094
v -0.670995 4.510824 2.356659
v -0.670995 4.504876 2.429177
v -0.670995 4.440536 2.322427
v -0.670995 4.462866 2.325024
v -0.670995 4.431282 2.363485
v -0.670995 4.428845 2.323168
v -0.670995 4.426855 2.364475
v -0.670995 4.405085 2.449101
v -0.670995 4.385929 2.493406
v -0.670995 4.408533 2.455976
v -0.670995 4.400742 2.390726
v -0.670995 4.397782 2.333649
v -0.670995 4.398789 2.397348
v -0.670995 4.389018 2.339625
v -0.670995 4.381174 2.346708
v -0.670995 4.381331 2.486997
v -0.670995 4.368556 2.363870
v -0.670995 4.374328 2.354817
v -0.670995 4.360765 2.439131
v -0.670995 4.360539 2.384488
v -0.670995 4.359431 2.431659
v -0.670995 4.361760 2.526080
v -0.670995 4.401148 2.526080
v -0.670995 4.464258 2.981705
v -0.670995 4.457397 3.025215
v -0.670995 4.470992 2.982226
v -0.670995 4.456812 2.810094
v -0.670995 4.446576 2.767486
v -0.670995 4.451110 2.811363
v -0.670995 4.439479 3.021546
v -0.670995 4.423443 3.015688
v -0.670995 4.427464 2.967546
v -0.670995 4.431041 2.970448
v -0.670995 4.419233 2.830543
v -0.670995 4.416349 2.778720
v -0.670995 4.415991 2.834652
v -0.670995 4.402476 2.929153
v -0.670995 4.396873 2.998252
v -0.670995 4.404449 2.934730
v -0.670995 4.391693 2.797487
v -0.670995 4.403283 2.787159
v -0.670995 4.399910 2.875074
v -0.670995 4.398874 2.882478
v -0.670995 4.360803 2.931165
v -0.670995 4.361724 2.857775
v -0.670995 4.358744 2.877614
v -0.670995 4.669723 3.257811
v -0.670995 4.665843 3.280532
v -0.670995 4.610833 3.105736
v -0.670995 4.621746 3.188674
v -0.670995 4.625838 3.119137
v -0.670995 4.618991 3.292984
v -0.670995 4.625309 3.276199
v -0.670995 4.615062 3.175069
v -0.670995 4.606744 3.162651
v -0.670995 4.596912 3.151531
v -0.670995 4.577764 3.389628
v -0.670995 4.589639 3.330399
v -0.670995 4.577493 3.338922
v -0.670995 4.558007 3.396417
v -0.670995 4.525924 3.356164
v -0.670995 4.538601 3.354163
v -0.670995 4.497712 3.119232
v -0.670995 4.482922 3.122137
v -0.670995 4.460642 3.082511
v -0.670995 4.468824 3.126858
v -0.670995 4.477605 3.077322
v -0.670995 4.455571 3.133294
v -0.670995 4.428963 3.376843
v -0.670995 4.444061 3.335593
v -0.670995 4.432815 3.326259
v -0.670995 4.422854 3.315228
v -0.670995 4.414911 3.366374
v -0.670995 4.366344 3.182135
v -0.670995 4.372755 3.309750
v -0.670995 4.372844 3.165091
v -0.670995 4.366319 3.292412
v -0.670995 4.362207 3.200150
v -0.670995 4.354039 3.263249
v -0.670995 4.361312 3.200150
v -0.670995 4.355932 3.187195
v -0.670995 4.351204 3.175129
v -0.670995 4.346583 3.252235
v -0.670995 4.336387 3.108947
v -0.670995 4.336545 3.116998
v -0.670995 4.306748 3.166435
v -0.670995 4.299545 3.124060
v -0.670995 4.303532 3.152729
v -0.670996 1.901152 -2.353786
v -0.670996 1.895422 -2.323570
v -0.670996 1.847620 -2.408537
v -0.670996 1.843655 -2.429868
v -0.670996 1.820379 -2.564927
v -0.670996 1.837224 -2.449892
v -0.670996 1.840702 -2.547219
v -0.670996 1.828474 -2.468455
v -0.670996 1.817552 -2.485405
v -0.670996 1.789774 -2.258802
v -0.670996 1.804603 -2.272037
v -0.670996 1.773421 -2.181555
v -0.670996 1.773211 -2.247626
v -0.670996 1.747627 -2.172923
v -0.670996 1.755061 -2.534029
v -0.670996 1.735469 -2.540628
v -0.670996 1.630284 -2.238665
v -0.670996 1.649831 -2.232073
v -0.670996 1.612939 -2.591711
v -0.670996 1.630284 -2.534029
v -0.670996 1.638508 -2.600063
v -0.670996 1.612147 -2.525055
v -0.670996 1.595573 -2.513857
v -0.670996 1.580714 -2.500590
v -0.670996 1.565992 -2.207462
v -0.670996 1.580714 -2.272038
v -0.670996 1.567722 -2.287178
v -0.670996 1.556750 -2.304070
v -0.670996 1.545517 -2.225034
v -0.670996 1.537482 -2.363703
v -0.670996 1.541478 -2.342487
v -0.670996 1.483997 -2.418411
v -0.670996 1.489878 -2.449550
v -0.670996 1.487382 -1.713404
v -0.670996 1.803249 -1.768756
v -0.670996 1.487382 -1.768756
v -0.670996 1.895828 -1.540956
v -0.670996 1.895745 -1.414183
v -0.670996 1.898223 -1.529856
v -0.670996 1.886851 -1.386745
v -0.670996 1.846399 -1.509820
v -0.670996 1.868228 -1.620148
v -0.670996 1.844407 -1.522190
v -0.670996 1.815019 -1.608079
v -0.670996 1.808664 -1.620148
v -0.670996 1.816960 -1.375348
v -0.670996 1.821693 -1.298553
v -0.670996 1.828051 -1.392145
v -0.670996 1.799105 -1.283023
v -0.670996 1.747906 -1.261363
v -0.670996 1.719734 -1.255685
v -0.670996 1.669667 -1.315915
v -0.670996 1.690139 -1.253742
v -0.670996 1.691944 -1.314509
v -0.670996 1.660765 -1.255638
v -0.670996 1.636592 -1.569609
v -0.670996 1.515660 -1.628571
v -0.670996 1.552361 -1.569609
v -0.670996 1.547604 -1.413499
v -0.670996 1.540929 -1.315788
v -0.670996 1.556193 -1.394194
v -0.670996 1.523714 -1.336504
v -0.670996 1.539485 -1.519031
v -0.670996 1.538322 -1.511539
v -0.670996 1.504808 -1.601942
v -0.670996 1.509941 -1.615084
v -0.670996 1.487382 -0.756176
v -0.670996 1.847170 -0.815138
v -0.670996 1.896803 -0.879754
v -0.670996 1.897709 -0.859661
v -0.670996 1.718417 -0.815138
v -0.670996 1.830700 -0.985048
v -0.670996 1.842902 -0.889668
v -0.670996 1.844139 -0.977941
v -0.670996 1.839660 -0.899213
v -0.670996 1.835558 -0.907497
v -0.670996 1.830624 -0.914561
v -0.670996 1.776682 -0.933410
v -0.670996 1.768345 -0.932287
v -0.670996 1.730083 -0.981974
v -0.670996 1.738948 -0.917269
v -0.670996 1.739497 -0.986408
v -0.670996 1.733118 -0.910422
v -0.670996 1.728110 -0.902155
v -0.670996 1.665471 -0.815138
v -0.670996 1.675875 -0.934881
v -0.670996 1.682317 -0.925842
v -0.670996 1.487382 -0.815138
v -0.670996 1.655757 -0.877113
v -0.670996 1.653238 -0.959179
v -0.670996 1.650129 -0.885230
v -0.670996 1.604479 -0.995051
v -0.670996 1.615334 -0.987968
v -0.670996 1.487382 -1.002854
v -0.670996 1.568605 -1.017293
v -0.670996 1.561814 -1.021520
v -0.670996 1.555486 -1.025533
v -0.670996 1.549484 -1.029420
v -0.670996 1.543670 -1.033271
v -0.670996 1.537906 -1.037171
v -0.670996 1.532055 -1.041209
v -0.670996 1.525978 -1.045473
v -0.670996 1.519537 -1.050050
v -0.670996 1.512595 -1.055028
v -0.670996 1.505014 -1.060495
v -0.670996 1.496656 -1.066539
v -0.670996 1.487382 -1.073247
v -0.670996 1.856217 -0.605564
v -0.670996 1.847170 -0.451741
v -0.670996 1.866874 -0.594784
v -0.670996 1.847170 -0.489645
v -0.670996 1.718417 -0.451741
v -0.670996 1.824889 -0.557049
v -0.670996 1.818380 -0.561798
v -0.670996 1.749496 -0.626492
v -0.670996 1.752644 -0.563670
v -0.670996 1.760059 -0.629002
v -0.670996 1.745492 -0.559389
v -0.670996 1.665471 -0.451741
v -0.670996 1.718417 -0.489645
v -0.670996 1.713093 -0.606926
v -0.670996 1.705559 -0.599747
v -0.670996 1.698694 -0.591690
v -0.670996 1.692518 -0.582775
v -0.670996 1.687052 -0.573021
v -0.670996 1.682317 -0.562445
v -0.670996 1.675875 -0.571483
v -0.670996 1.668881 -0.579998
v -0.670996 1.642746 -0.530452
v -0.670996 1.644589 -0.603206
v -0.670996 1.635389 -0.610426
v -0.670996 1.633383 -0.539693
v -0.670996 1.625637 -0.617521
v -0.670996 1.549484 -0.666023
v -0.670996 1.555486 -0.662135
v -0.670996 1.496656 -0.703141
v -0.670996 1.505014 -0.697098
v -0.670996 1.540328 -0.149712
v -0.670996 1.667878 -0.149712
v -0.670995 1.897709 0.190823
v -0.670995 1.487382 0.190823
v -0.670995 1.844764 0.131861
v -0.670995 1.487382 0.403808
v -0.670995 1.809868 0.608971
v -0.670995 1.661260 0.542789
v -0.670995 1.897709 1.146847
v -0.670995 1.487382 1.205809
v -0.670995 1.897709 1.205809
v -0.670995 1.540328 1.146847
v -0.670995 1.655243 1.580638
v -0.670995 1.642608 1.639600
v -0.670995 1.897709 1.580638
v -0.670995 1.658853 1.345392
v -0.670995 1.648625 1.286431
v -0.670995 1.649402 1.345499
v -0.670995 1.580196 1.297740
v -0.670995 1.601393 1.291453
v -0.670995 1.593251 1.355197
v -0.670995 1.590844 1.570655
v -0.670995 1.591852 1.632960
v -0.670995 1.596554 1.573183
v -0.670995 1.586683 1.358337
v -0.670995 1.570297 1.625085
v -0.670995 1.552338 1.394483
v -0.670995 1.543198 1.317897
v -0.670995 1.551536 1.530501
v -0.670995 1.551224 1.614554
v -0.670995 1.555660 1.537244
v -0.670995 1.548826 1.401698
v -0.670995 1.536116 1.467528
v -0.670995 1.527618 1.331780
v -0.670995 1.534583 1.601649
v -0.670995 1.536355 1.476277
v -0.670995 1.520323 1.586655
v -0.670995 1.483328 1.439487
v -0.670995 1.487335 1.412819
v -0.670995 1.902954 2.009890
v -0.670995 1.901242 2.052270
v -0.670995 1.903124 2.021649
v -0.670995 1.885102 1.918682
v -0.670995 1.886851 2.108851
v -0.670995 1.889308 1.931267
v -0.670995 1.874779 2.134358
v -0.670995 1.830881 1.924092
v -0.670995 1.868228 1.875448
v -0.670995 1.826131 1.911847
v -0.670995 1.848975 2.022852
v -0.670995 1.841981 2.178680
v -0.670995 1.859749 2.157710
v -0.670995 1.848687 2.010507
v -0.670995 1.821693 2.197043
v -0.670995 1.799105 2.212573
v -0.670995 1.772231 2.159850
v -0.670995 1.774436 2.225044
v -0.670995 1.788887 2.148619
v -0.670995 1.747906 2.234232
v -0.670995 1.689537 1.867024
v -0.670995 1.636592 2.004802
v -0.670995 1.689537 2.004802
v -0.670995 1.636592 1.925986
v -0.670995 1.515660 1.867024
v -0.670995 1.610899 2.159694
v -0.670995 1.606848 2.225411
v -0.670995 1.629015 2.168847
v -0.670995 1.582688 2.213175
v -0.670995 1.544138 1.954553
v -0.670995 1.536116 2.015031
v -0.670995 1.523714 2.159092
v -0.670995 1.537436 2.038773
v -0.670995 1.492750 1.931789
v -0.670995 1.496229 1.919212
v -0.670995 1.483765 2.054166
v -0.670995 1.487329 1.956934
v -0.670995 1.485354 1.969662
v -0.670995 1.483848 1.982598
v -0.670995 1.482792 1.995822
v -0.670995 1.481967 2.023454
v -0.670996 0.928367 -0.838485
v -0.670996 0.928367 -0.891748
v -0.670996 0.770367 -0.706894
v -0.670996 0.770367 -0.969181
v -0.670996 0.770367 -1.021997
v -0.670996 1.075624 -0.643783
v -0.670996 0.959250 -0.548447
v -0.670996 0.928367 -0.521591
v -0.670996 0.928367 -0.574854
v -0.670996 0.770367 -0.390000
v -0.670995 0.770367 -0.072211
v -0.670995 1.008038 -0.116075
v -0.670995 0.770367 -0.116075
v -0.670995 0.889874 -0.210964
v -0.670996 0.889874 -0.218125
v -0.670995 0.950299 0.135023
v -0.670995 1.008038 0.232598
v -0.670995 1.075624 0.236179
v -0.670995 0.889874 0.138604
v -0.670995 0.806722 0.460520
v -0.670995 0.803622 0.508432
v -0.670995 0.977245 0.562597
v -0.670995 0.991674 0.619111
v -0.670995 0.994594 0.570130
v -0.670995 0.903538 0.554337
v -0.670995 0.922996 0.553072
v -0.670995 0.901553 0.600430
v -0.670995 0.876927 0.607877
v -0.670995 0.864408 0.614053
v -0.670995 0.832267 0.583423
v -0.670995 0.840929 0.632243
v -0.670995 0.848613 0.572700
v -0.670995 0.830759 0.644629
v -0.670995 0.822162 0.659459
v -0.670995 0.809755 0.720471
v -0.670995 0.809755 0.790295
v -0.670995 0.819086 0.924528
v -0.670995 0.817931 0.927838
v -0.670995 0.812161 0.936377
v -0.670995 0.809579 0.938652
v -0.670995 0.786077 0.943302
v -0.670995 0.782767 0.942147
v -0.670995 0.767303 0.924528
v -0.670995 0.766585 0.921042
v -0.670997 4.361760 -3.255888
v -0.670997 4.451725 -3.294380
v -0.670997 4.611897 -3.091158
v -0.670997 4.603662 -3.104071
v -0.670997 4.413554 -3.084153
v -0.670997 4.627628 -2.295359
v -0.670996 4.361760 -2.295359
v -0.670997 4.627628 -2.339223
v -0.670996 4.627628 -2.025015
v -0.670996 4.361760 -2.025015
v -0.670996 4.627628 -2.068879
v -0.670996 4.496037 -1.890290
v -0.670996 4.535425 -1.890290
v -0.670996 4.361760 -1.898795
v -0.670996 4.401148 -1.898795
v -0.670996 4.636149 -1.610398
v -0.670996 4.644077 -1.602378
v -0.670996 4.594303 -1.628552
v -0.670996 4.602605 -1.580558
v -0.670996 4.606198 -1.626208
v -0.670996 4.596678 -1.582493
v -0.670996 4.564791 -1.581565
v -0.670996 4.544572 -1.566849
v -0.670996 4.540846 -1.560699
v -0.670996 4.529674 -1.611411
v -0.670996 4.535542 -1.544955
v -0.670996 4.535760 -1.616085
v -0.670996 4.494246 -1.495964
v -0.670996 4.524069 -1.606070
v -0.670996 4.518962 -1.600077
v -0.670996 4.506779 -1.578320
v -0.670996 4.501986 -1.585044
v -0.670996 4.496782 -1.591379
v -0.670996 4.494246 -1.514315
v -0.670996 4.438960 -1.585700
v -0.670996 4.448872 -1.629807
v -0.670996 4.440387 -1.635160
v -0.670996 4.431490 -1.640656
v -0.670996 4.424422 -1.595329
v -0.670996 4.407960 -1.655376
v -0.670996 4.412425 -1.652483
v -0.670996 4.667016 -1.227409
v -0.670996 4.361760 -1.227409
v -0.670996 4.457397 -0.781090
v -0.670996 4.452622 -0.826371
v -0.670996 4.458158 -0.825358
v -0.670996 4.439479 -0.784759
v -0.670996 4.434772 -0.833314
v -0.670996 4.438728 -0.831110
v -0.670996 4.426688 -0.983114
v -0.670996 4.406785 -0.866186
v -0.670996 4.409486 -0.860983
v -0.670996 4.403059 -0.944831
v -0.670996 4.401314 -0.938233
v -0.670996 4.667016 0.242028
v -0.670996 4.361760 0.285892
v -0.670996 4.667016 0.285892
v -0.670996 4.401148 0.242028
v -0.670996 4.627628 0.336022
v -0.670996 4.496037 0.465375
v -0.670996 4.401148 0.465375
v -0.670996 4.401148 0.331993
v -0.670996 4.361760 0.331993
v -0.670996 4.648704 0.579509
v -0.670996 4.627140 0.635022
v -0.670996 4.597794 0.595002
v -0.670996 4.566963 0.594201
v -0.670996 4.567546 0.547960
v -0.670996 4.500422 0.604310
v -0.670996 4.648704 0.807781
v -0.670995 4.627140 0.863293
v -0.670996 4.597794 0.823273
v -0.670995 4.566963 0.822472
v -0.670996 4.567546 0.776231
v -0.670995 4.500422 0.832581
v -0.670995 4.671044 1.425904
v -0.670995 4.658959 1.493035
v -0.670995 4.660236 1.359859
v -0.670995 4.620265 1.365982
v -0.670995 4.615394 1.488947
v -0.670995 4.607216 1.501846
v -0.670995 4.593064 1.571487
v -0.670995 4.560517 1.538892
v -0.670995 4.453449 1.532380
v -0.670995 4.442011 1.576062
v -0.670995 4.441206 1.523929
v -0.670995 4.417652 1.344373
v -0.670995 4.398265 1.415883
v -0.670995 4.359725 1.395328
v -0.670995 4.358633 1.405854
v -0.670995 4.357732 1.428589
v -0.670995 4.667315 2.373581
v -0.670995 4.610779 2.347400
v -0.670995 4.631012 2.395475
v -0.670995 4.610130 2.450878
v -0.670995 4.601623 2.494442
v -0.670995 4.570316 2.444685
v -0.670995 4.497463 2.343058
v -0.670995 4.494944 2.412825
v -0.670995 4.481660 2.332207
v -0.670995 4.417772 2.325340
v -0.670995 4.422422 2.366136
v -0.670995 4.412578 2.462692
v -0.670995 4.397552 2.404716
v -0.670995 4.377158 2.480515
v -0.670995 4.358446 2.395891
v -0.670995 4.358483 2.423978
v -0.670995 4.401148 2.659462
v -0.670995 4.667016 2.763750
v -0.670995 4.489323 2.807614
v -0.670995 4.667016 2.807614
v -0.670995 4.481713 2.763750
v -0.670995 4.477238 3.026486
v -0.670995 4.478430 2.982526
v -0.670995 4.445679 2.812958
v -0.670995 4.434772 2.972992
v -0.670995 4.409254 3.007853
v -0.670995 4.412932 2.839183
v -0.670995 4.406785 2.940120
v -0.670995 4.398234 2.890279
v -0.670995 4.358493 2.915411
v -0.670995 4.357732 2.899370
v -0.670995 4.659533 3.301747
v -0.670995 4.630761 3.235510
v -0.670995 4.638977 3.134439
v -0.670995 4.629719 3.219005
v -0.670995 4.626673 3.203356
v -0.670995 4.629343 3.257078
v -0.670995 4.585691 3.141819
v -0.670995 4.564717 3.345650
v -0.670995 4.551642 3.350695
v -0.670995 4.536839 3.400591
v -0.670995 4.495267 3.074126
v -0.670995 4.414343 3.302500
v -0.670995 4.402147 3.354329
v -0.670995 4.402215 3.202372
v -0.670995 4.399090 3.218034
v -0.670995 4.380950 3.325917
v -0.670995 4.381125 3.149132
v -0.670995 4.347129 3.163875
v -0.670995 4.343707 3.153352
v -0.670995 4.339450 3.240944
v -0.670995 4.337357 3.125385
v -0.670995 4.301111 3.138610
v -0.670996 1.886211 -2.295549
v -0.670996 1.858461 -2.246662
v -0.670996 1.858644 -2.526689
v -0.670996 1.848975 -2.386050
v -0.670996 1.817552 -2.287178
v -0.670996 1.755061 -2.238664
v -0.670996 1.735469 -2.232072
v -0.670996 1.720576 -2.167639
v -0.670996 1.714582 -2.544699
v -0.670996 1.670636 -2.228004
v -0.670996 1.649831 -2.540628
v -0.670996 1.665147 -2.605142
v -0.670996 1.567722 -2.485405
v -0.670996 1.547952 -2.322557
v -0.670996 1.527361 -2.245400
v -0.670996 1.499302 -2.478169
v -0.670996 1.900093 -1.518937
v -0.670996 1.874779 -1.361237
v -0.670996 1.841855 -1.534552
v -0.670996 1.836961 -1.410454
v -0.670996 1.713739 -1.315922
v -0.670996 1.560652 -1.297691
v -0.670996 1.566947 -1.376644
v -0.670996 1.550145 -1.562526
v -0.670996 1.537385 -1.503954
v -0.670996 1.509198 -1.359633
v -0.670996 1.483848 -1.512998
v -0.670996 1.485354 -1.525934
v -0.670996 1.847170 -0.853042
v -0.670996 1.856217 -0.968962
v -0.670996 1.845254 -0.878818
v -0.670996 1.824889 -0.920447
v -0.670996 1.760297 -0.930204
v -0.670996 1.745492 -0.922787
v -0.670996 1.749496 -0.989890
v -0.670996 1.687052 -0.936418
v -0.670996 1.644589 -0.966604
v -0.670996 1.642746 -0.893849
v -0.670996 1.625637 -0.980919
v -0.670996 1.876052 -0.582274
v -0.670996 1.811127 -0.565453
v -0.670996 1.768345 -0.568890
v -0.670996 1.771165 -0.630522
v -0.670996 1.760297 -0.566806
v -0.670996 1.665471 -0.476408
v -0.670996 1.665233 -0.483837
v -0.670996 1.621814 -0.549677
v -0.670996 1.561814 -0.658122
v -0.670996 1.512595 -0.691630
v -0.670996 1.720823 -0.149712
v -0.670996 1.720823 -0.317573
v -0.670996 1.667878 -0.317573
v -0.670995 1.731051 0.131861
v -0.670995 1.678106 0.131861
v -0.670995 1.487382 0.131861
v -0.670995 1.900115 0.587312
v -0.670995 1.487382 0.805110
v -0.670995 1.900115 0.628826
v -0.670995 1.661260 0.670340
v -0.670995 1.897709 1.639600
v -0.670995 1.640305 1.345847
v -0.670995 1.624239 1.287685
v -0.670995 1.602749 1.575299
v -0.670995 1.580485 1.362035
v -0.670995 1.560280 1.543737
v -0.670995 1.545667 1.409468
v -0.670995 1.537071 1.484775
v -0.670995 1.514130 1.348207
v -0.670995 1.508394 1.569856
v -0.670995 1.493878 1.388721
v -0.670995 1.892870 1.943201
v -0.670995 1.820842 1.899653
v -0.670995 1.847827 1.998145
v -0.670995 1.803851 2.135361
v -0.670995 1.632937 2.234408
v -0.670995 1.648647 2.175555
v -0.670995 1.560652 2.197904
v -0.670995 1.542412 1.961821
v -0.670995 1.540854 1.969155
v -0.670995 1.540929 2.179808
v -0.670995 1.541308 2.061174
v -0.670995 1.500243 1.906527
v -0.670996 1.075624 -0.769556
v -0.670996 0.896588 -0.865341
v -0.670996 0.770367 -0.760157
v -0.670996 1.075624 -0.452663
v -0.670996 0.896588 -0.548447
v -0.670996 0.770367 -0.443263
v -0.670996 1.008038 -0.312119
v -0.670995 0.770367 0.277357
v -0.670995 1.075624 0.277357
v -0.670995 1.008038 0.036553
v -0.670995 0.814435 0.500080
v -0.670995 0.789563 0.510305
v -0.670995 0.776810 0.504937
v -0.670995 0.768458 0.494123
v -0.670995 0.770367 0.834159
v -0.670995 1.075624 0.834159
v -0.670995 1.061909 0.642576
v -0.670995 1.002611 0.628435
v -0.670995 0.952675 0.601559
v -0.670995 0.803982 0.611316
v -0.670995 0.792531 0.628334
v -0.670995 0.809579 0.896169
v -0.670995 0.806722 0.940586
v -0.670995 0.796826 0.890801
v -0.670995 0.793195 0.890555
v -0.670995 0.793195 0.944266
v -0.670995 0.771953 0.901026
v -0.670995 0.770019 0.930938
v -0.670997 4.653302 -3.101035
v -0.670997 4.623498 -3.059804
v -0.670997 4.594003 -3.115176
v -0.670997 4.602451 -3.163692
v -0.670997 4.544068 -3.142053
v -0.670997 4.529498 -3.144517
v -0.670997 4.532529 -3.189497
v -0.670997 4.455800 -3.129558
v -0.670997 4.457496 -3.179385
v -0.670997 4.443668 -3.121498
v -0.670996 4.667016 -2.174510
v -0.670996 4.627628 -1.919384
v -0.670996 4.667016 -1.919384
v -0.670996 4.627628 -2.174510
v -0.670996 4.667016 -1.894766
v -0.670996 4.627628 -1.765413
v -0.670996 4.667016 -1.721549
v -0.670996 4.627628 -1.894766
v -0.670996 4.650905 -1.593072
v -0.670996 4.629058 -1.534266
v -0.670996 4.620780 -1.564672
v -0.670996 4.617110 -1.569927
v -0.670996 4.617166 -1.622366
v -0.670996 4.570778 -1.583115
v -0.670996 4.572875 -1.628965
v -0.670996 4.542313 -1.620079
v -0.670996 4.537809 -1.553424
v -0.670996 4.485146 -1.603120
v -0.670996 4.487020 -1.542069
v -0.670996 4.399346 -1.661142
v -0.670996 4.380517 -1.674426
v -0.670996 4.535425 -1.396151
v -0.670996 4.496037 -1.396151
v -0.670996 4.462783 -0.997183
v -0.670996 4.456812 -0.996211
v -0.670996 4.435633 -0.989061
v -0.670996 4.423975 -0.842034
v -0.670996 4.427464 -0.838759
v -0.670996 4.412554 -0.855966
v -0.670996 4.402476 -0.877152
v -0.670996 4.398015 -0.907830
v -0.670996 4.398191 -0.901322
v -0.670996 4.386266 -0.819208
v -0.670996 4.361724 -0.948530
v -0.670996 4.543034 -0.739536
v -0.670996 4.503646 -0.739536
v -0.670996 4.451725 -0.202876
v -0.670996 4.361760 -0.164384
v -0.670996 4.655014 0.589590
v -0.670996 4.625734 0.626734
v -0.670996 4.592298 0.593571
v -0.670996 4.573743 0.592924
v -0.670996 4.579288 0.547284
v -0.670996 4.505321 0.592110
v -0.670996 4.655014 0.817861
v -0.670995 4.625734 0.855005
v -0.670996 4.592298 0.821842
v -0.670996 4.573743 0.821195
v -0.670996 4.579288 0.775556
v -0.670995 4.505321 0.820381
v -0.670995 4.601668 1.151978
v -0.670995 4.662832 1.368751
v -0.670995 4.616969 1.357290
v -0.670995 4.597528 1.513407
v -0.670995 4.586441 1.523515
v -0.670995 4.574366 1.580805
v -0.670995 4.574067 1.532049
v -0.670995 4.425444 1.566157
v -0.670995 4.413597 1.353311
v -0.670995 4.398015 1.424561
v -0.670995 4.373782 1.341225
v -0.670995 4.451725 1.954507
v -0.670995 4.361760 1.993000
v -0.670995 4.668657 2.379337
v -0.670995 4.605674 2.340981
v -0.670995 4.630153 2.389901
v -0.670995 4.605547 2.452843
v -0.670995 4.600628 2.454053
v -0.670995 4.589583 2.495196
v -0.670995 4.581892 2.451867
v -0.670995 4.484980 2.397390
v -0.670995 4.417211 2.469236
v -0.670995 4.397120 2.412840
v -0.670995 4.373404 2.473943
v -0.670995 4.357919 2.416069
v -0.670995 4.496037 2.659462
v -0.670995 4.486637 2.982622
v -0.670995 4.430807 2.772164
v -0.670995 4.440519 2.814908
v -0.670995 4.438728 2.975195
v -0.670995 4.410083 2.844134
v -0.670995 4.409486 2.945323
v -0.670995 4.398015 2.898475
v -0.670995 4.650919 3.321315
v -0.670995 4.640130 3.339099
v -0.670995 4.650090 3.151479
v -0.670995 4.627293 3.354961
v -0.670995 4.573205 3.133625
v -0.670995 4.514388 3.402014
v -0.670995 4.513045 3.118242
v -0.670995 4.513493 3.073035
v -0.670995 4.456433 3.343230
v -0.670995 4.407442 3.288074
v -0.670995 4.402312 3.271951
v -0.670995 4.399116 3.254132
v -0.670995 4.390787 3.340810
v -0.670995 4.398015 3.234615
v -0.670995 4.391052 3.134372
v -0.670995 4.340938 3.143483
v -0.670995 4.338821 3.134187
v -0.670995 4.332699 3.229360
v -0.670996 1.873799 -2.269865
v -0.670996 1.873932 -2.503462
v -0.670996 1.828474 -2.304069
v -0.670996 1.714582 -2.228003
v -0.670996 1.692546 -2.546090
v -0.670996 1.670636 -2.544699
v -0.670996 1.692546 -2.606857
v -0.670996 1.556751 -2.468455
v -0.670996 1.536116 -2.386050
v -0.670996 1.527544 -2.527473
v -0.670996 1.511961 -2.504175
v -0.670996 1.511827 -2.268439
v -0.670996 1.487382 -2.043109
v -0.670996 1.901242 -1.443325
v -0.670996 1.901478 -1.508044
v -0.670996 1.859749 -1.337886
v -0.670996 1.874602 -1.604667
v -0.670996 1.838747 -1.546897
v -0.670996 1.841981 -1.316916
v -0.670996 1.843527 -1.430105
v -0.670996 1.734494 -1.320047
v -0.670996 1.579736 -1.360987
v -0.670996 1.497573 -1.384968
v -0.670996 1.487329 -1.538661
v -0.670996 1.866874 -0.958181
v -0.670996 1.818380 -0.925196
v -0.670996 1.752644 -0.927068
v -0.670996 1.760059 -0.992400
v -0.670996 1.718417 -0.853042
v -0.670996 1.713093 -0.970324
v -0.670996 1.705559 -0.963144
v -0.670996 1.698694 -0.955088
v -0.670996 1.692518 -0.946173
v -0.670996 1.668881 -0.943396
v -0.670996 1.665471 -0.839806
v -0.670996 1.635389 -0.973824
v -0.670996 1.633383 -0.903091
v -0.670996 1.883692 -0.568105
v -0.670996 1.803160 -0.568054
v -0.670996 1.776682 -0.570012
v -0.670996 1.782793 -0.631033
v -0.670996 1.738948 -0.553871
v -0.670996 1.661335 -0.588071
v -0.670996 1.653238 -0.595780
v -0.670996 1.615334 -0.624570
v -0.670996 1.607813 -0.560528
v -0.670996 1.568605 -0.653895
v -0.670996 1.519537 -0.686652
v -0.670995 1.540328 0.961539
v -0.670995 1.487382 0.961539
v -0.670995 1.631562 1.346474
v -0.670995 1.609520 1.577026
v -0.670995 1.574659 1.366331
v -0.670995 1.565396 1.549979
v -0.670995 1.542897 1.417790
v -0.670995 1.538269 1.493023
v -0.670995 1.502847 1.367186
v -0.670995 1.498747 1.551536
v -0.670995 1.895745 2.081413
v -0.670995 1.895828 1.954640
v -0.670995 1.846399 1.985775
v -0.670995 1.815019 1.887517
v -0.670995 1.816960 2.120248
v -0.670995 1.660765 2.239958
v -0.670995 1.669667 2.179681
v -0.670995 1.547604 2.082096
v -0.670995 1.539485 1.976564
v -0.670995 1.504808 1.893653
v -0.670995 1.008038 -0.116970
v -0.670995 1.075624 -0.113389
v -0.670995 0.820050 0.483696
v -0.670995 0.819804 0.487327
v -0.670995 0.819804 0.480064
v -0.670995 0.812161 0.502662
v -0.670995 1.032106 0.683808
v -0.670995 1.011059 0.579920
v -0.670995 0.938105 0.599095
v -0.670995 0.941137 0.554115
v -0.670995 0.866103 0.564227
v -0.670995 0.852276 0.622113
v -0.670995 0.817931 0.906983
v -0.670995 0.816370 0.930938
v -0.670995 0.816370 0.903883
v -0.670995 0.806722 0.894235
v -0.670995 0.782767 0.892674
v -0.670995 0.779667 0.940586
v -0.670995 0.779667 0.894235
v -0.670995 0.770019 0.903883
v -0.670995 0.766585 0.913779
v -0.670995 0.766339 0.917410
v -0.670995 0.899721 1.069591
v -0.670997 4.668806 -3.373156
v -0.670997 4.361760 -3.211128
v -0.670997 4.668806 -3.342273
v -0.670997 4.491113 -3.311389
v -0.670997 4.451725 -3.424181
v -0.670997 4.491113 -2.647613
v -0.670997 4.667016 -2.444854
v -0.670996 4.627628 -2.189728
v -0.670996 4.667016 -2.189728
v -0.670997 4.627628 -2.444854
v -0.670997 4.361760 -2.339223
v -0.670996 4.361760 -2.068879
v -0.670996 4.535425 -1.765413
v -0.670996 4.401148 -1.765413
v -0.670996 4.667016 -1.452100
v -0.670996 4.361760 -1.452100
v -0.670996 4.667016 -1.529085
v -0.670996 4.666343 -1.544033
v -0.670996 4.576980 -1.583950
v -0.670996 4.494069 -1.519841
v -0.670996 4.461768 -1.568823
v -0.670996 4.422185 -1.646354
v -0.670996 4.361760 -1.635612
v -0.670996 4.417131 -1.649498
v -0.670996 4.627628 -1.400627
v -0.670996 4.401148 -1.404655
v -0.670996 4.361760 -1.404655
v -0.670996 4.667016 -0.823684
v -0.670996 4.481713 -1.042555
v -0.670996 4.482292 -0.998612
v -0.670996 4.464258 -0.824600
v -0.670996 4.442977 -0.829230
v -0.670996 4.422632 -0.979445
v -0.670996 4.419233 -0.975762
v -0.670996 4.410083 -0.962171
v -0.670996 4.407470 -0.956803
v -0.670996 4.399910 -0.931230
v -0.670996 4.381659 -0.996597
v -0.670996 4.377391 -0.831705
v -0.670996 4.366592 -0.966458
v -0.670996 4.667016 0.022709
v -0.670996 4.361760 0.066573
v -0.670996 4.667016 0.066573
v -0.670996 4.401148 0.022709
v -0.670996 4.401148 0.104170
v -0.670996 4.361760 0.104170
v -0.670996 4.667016 0.739748
v -0.670996 4.361760 0.739748
v -0.670996 4.667016 0.644412
v -0.670996 4.660107 0.601100
v -0.670996 4.623502 0.619493
v -0.670996 4.586697 0.592752
v -0.670996 4.591169 0.547922
v -0.670996 4.581079 0.592491
v -0.670996 4.541955 0.612100
v -0.670996 4.511406 0.581427
v -0.670995 4.667016 0.968019
v -0.670995 4.361760 0.968019
v -0.670995 4.667016 0.872683
v -0.670996 4.660107 0.829371
v -0.670995 4.623502 0.847764
v -0.670996 4.586697 0.821023
v -0.670996 4.591169 0.776193
v -0.670996 4.581079 0.820762
v -0.670995 4.541955 0.840371
v -0.670995 4.511406 0.809698
v -0.670995 4.668806 1.135865
v -0.670995 4.361760 1.297893
v -0.670995 4.668806 1.166749
v -0.670995 4.491113 1.197633
v -0.670995 4.665574 1.472028
v -0.670995 4.665058 1.377396
v -0.670995 4.613200 1.348492
v -0.670995 4.630555 1.417572
v -0.670995 4.554173 1.587648
v -0.670995 4.409820 1.553915
v -0.670995 4.409996 1.362294
v -0.670995 4.377158 1.333311
v -0.670995 4.667016 2.045368
v -0.670995 4.627628 2.300495
v -0.670995 4.667016 2.300495
v -0.670995 4.627628 2.045368
v -0.670995 4.669702 2.385117
v -0.670995 4.655497 2.461194
v -0.670995 4.649560 2.334512
v -0.670995 4.648945 2.469851
v -0.670995 4.652991 2.339919
v -0.670995 4.628888 2.384177
v -0.670995 4.627182 2.378317
v -0.670995 4.624999 2.372333
v -0.670995 4.622303 2.366236
v -0.670995 4.599877 2.334512
v -0.670995 4.595402 2.454466
v -0.670995 4.570176 2.492598
v -0.670995 4.474524 2.383789
v -0.670995 4.422422 2.475593
v -0.670995 4.418073 2.368479
v -0.670995 4.413898 2.371511
v -0.670995 4.397444 2.420297
v -0.670995 4.370065 2.467263
v -0.670995 4.357732 2.407916
v -0.670995 4.535425 2.659462
v -0.670995 4.535425 2.534584
v -0.670995 4.496037 2.534584
v -0.670995 4.667016 2.982622
v -0.670995 4.482292 2.807694
v -0.670995 4.442977 2.977075
v -0.670995 4.435633 2.817244
v -0.670995 4.412554 2.950339
v -0.670995 4.407470 2.849501
v -0.670995 4.398191 2.904984
v -0.670995 4.386266 2.987098
v -0.670995 4.659016 3.170092
v -0.670995 4.559573 3.127060
v -0.670995 4.529371 3.119258
v -0.670995 4.535398 3.074453
v -0.670995 4.513941 3.356807
v -0.670995 4.495674 3.400939
v -0.670995 4.469769 3.349170
v -0.670995 4.443313 3.141346
v -0.670995 4.402490 3.120922
v -0.670995 4.338028 3.093535
v -0.670995 4.338485 3.084672
v -0.670995 4.336881 3.101152
v -0.670995 4.326390 3.217465
v -0.670996 1.886296 -2.477662
v -0.670996 1.837224 -2.322557
v -0.670996 1.720703 -2.605097
v -0.670996 1.692546 -2.165846
v -0.670996 1.692546 -2.226613
v -0.670996 1.665020 -2.167593
v -0.670996 1.547952 -2.449892
v -0.670996 1.499218 -2.294026
v -0.670996 1.897709 -2.093647
v -0.670996 1.580037 -2.038296
v -0.670996 1.897709 -2.038296
v -0.670996 1.487382 -2.093647
v -0.670996 1.880213 -1.590308
v -0.670996 1.835088 -1.559217
v -0.670996 1.847586 -1.450925
v -0.670996 1.754046 -1.326711
v -0.670996 1.632937 -1.261188
v -0.670996 1.582688 -1.282421
v -0.670996 1.594430 -1.347360
v -0.670996 1.548024 -1.555409
v -0.670996 1.546015 -1.548250
v -0.670996 1.536693 -1.496269
v -0.670996 1.536263 -1.488475
v -0.670996 1.500243 -1.589069
v -0.670996 1.496229 -1.576383
v -0.670996 1.489031 -1.412302
v -0.670996 1.897709 -1.177934
v -0.670996 1.487382 -1.118972
v -0.670996 1.897709 -1.118972
v -0.670996 1.487382 -1.177934
v -0.670996 1.876052 -0.945671
v -0.670996 1.811127 -0.928850
v -0.670996 1.771165 -0.993919
v -0.670996 1.665233 -0.847234
v -0.670996 1.621814 -0.913076
v -0.670996 1.889737 -0.552348
v -0.670996 1.794508 -0.569645
v -0.670996 1.799968 -0.629967
v -0.670996 1.785200 -0.570266
v -0.670996 1.733118 -0.547024
v -0.670996 1.604479 -0.631653
v -0.670996 1.591155 -0.572364
v -0.670996 1.581115 -0.646237
v -0.670996 1.525978 -0.682075
v -0.670996 1.897709 -0.323589
v -0.670996 1.844764 -0.149712
v -0.670996 1.897709 -0.090750
v -0.670996 1.844764 -0.323589
v -0.670996 1.731051 -0.028178
v -0.670995 1.678106 -0.028178
v -0.670995 1.608314 0.693202
v -0.670995 1.487382 0.744944
v -0.670995 1.615939 1.637893
v -0.670995 1.623177 1.347420
v -0.670995 1.616960 1.578387
v -0.670995 1.560761 1.306553
v -0.670995 1.569207 1.371264
v -0.670995 1.571012 1.555970
v -0.670995 1.540550 1.426660
v -0.670995 1.539949 1.501020
v -0.670995 1.491331 1.531980
v -0.670995 1.898223 1.965740
v -0.670995 1.844407 1.973405
v -0.670995 1.808664 1.875448
v -0.670995 1.828051 2.103451
v -0.670995 1.719734 2.239910
v -0.670995 1.690139 2.241853
v -0.670995 1.691944 2.181086
v -0.670995 1.552361 1.925986
v -0.670995 1.556193 2.101401
v -0.670995 1.538322 1.984057
v -0.670995 1.509941 1.880512
v -0.670995 0.770367 -0.007311
v -0.670995 0.770367 0.036553
v -0.670995 0.819086 0.490814
v -0.670995 0.803622 0.458959
v -0.670995 0.800313 0.509588
v -0.670995 0.789563 0.457087
v -0.670995 0.786077 0.509588
v -0.670995 0.774228 0.502662
v -0.670995 0.767303 0.490814
v -0.670995 1.069322 0.664348
v -0.670995 1.027165 0.667201
v -0.670995 0.803622 0.942147
v -0.670995 0.789563 0.944020
v -0.670995 0.768458 0.927838
v -0.670995 1.077414 1.102713
v -0.670995 1.077414 1.133596
v -0.670995 0.860333 1.051687
v -0.670997 4.361760 -3.464912
v -0.670997 4.660715 -3.079263
v -0.670997 4.618557 -3.076411
v -0.670997 4.617725 -3.151599
v -0.670997 4.550715 -3.186337
v -0.670997 4.480833 -3.140213
v -0.670997 4.468319 -3.135734
v -0.670997 4.475885 -3.185531
v -0.670997 4.406925 -3.066694
v -0.670997 4.408701 -3.147291
v -0.670997 4.402658 -3.046418
v -0.670997 4.451725 -2.665517
v -0.670996 4.656589 -1.582531
v -0.670996 4.627993 -1.543338
v -0.670996 4.548908 -1.571942
v -0.670996 4.549316 -1.623377
v -0.670996 4.482833 -1.548108
v -0.670996 4.456947 -1.624538
v -0.670996 4.385681 -1.670723
v -0.670996 4.475524 -0.998354
v -0.670996 4.470992 -0.824080
v -0.670996 4.451110 -0.994943
v -0.670996 4.431041 -0.835858
v -0.670996 4.415991 -0.971653
v -0.670996 4.415991 -0.851135
v -0.670996 4.404449 -0.871576
v -0.670996 4.398874 -0.923827
v -0.670996 4.398726 -0.895000
v -0.670996 4.373264 -0.982478
v -0.670996 4.370214 -0.845334
v -0.670996 4.451725 -0.332677
v -0.670996 4.663875 0.614060
v -0.670996 4.620533 0.613246
v -0.670996 4.602571 0.549848
v -0.670996 4.538839 0.617755
v -0.670996 4.493799 0.695884
v -0.670996 4.518584 0.572238
v -0.670996 4.361760 0.695884
v -0.670996 4.663875 0.842331
v -0.670995 4.620533 0.841517
v -0.670996 4.602571 0.778119
v -0.670995 4.538839 0.846026
v -0.670995 4.493799 0.924155
v -0.670996 4.518584 0.800509
v -0.670995 4.361760 0.924155
v -0.670995 4.666920 1.385827
v -0.670995 4.608952 1.339558
v -0.670995 4.532640 1.591864
v -0.670995 4.412851 1.489213
v -0.670995 4.406498 1.474831
v -0.670995 4.406855 1.371298
v -0.670995 4.395529 1.539285
v -0.670995 4.398988 1.442412
v -0.670995 4.401846 1.459200
v -0.670995 4.380768 1.325595
v -0.670995 4.451725 1.824706
v -0.670995 4.670448 2.390916
v -0.670995 4.656125 2.345394
v -0.670995 4.553498 2.485416
v -0.670995 4.463118 2.372938
v -0.670995 4.428202 2.481750
v -0.670995 4.407393 2.328861
v -0.670995 4.398413 2.427666
v -0.670995 4.367136 2.460459
v -0.670995 4.667016 3.026486
v -0.670995 4.475524 2.807952
v -0.670995 4.463573 2.764683
v -0.670995 4.447585 2.978649
v -0.670995 4.431022 2.819995
v -0.670995 4.415991 2.955169
v -0.670995 4.405120 2.855283
v -0.670995 4.398726 2.911306
v -0.670995 4.381659 2.809708
v -0.670995 4.377391 2.974601
v -0.670995 4.366592 2.839848
v -0.670995 4.665590 3.190113
v -0.670995 4.544921 3.122235
v -0.670995 4.556246 3.078597
v -0.670995 4.498684 3.355958
v -0.670995 4.483906 3.353413
v -0.670995 4.477656 3.397784
v -0.670995 4.432199 3.150916
v -0.670995 4.414012 3.174207
v -0.670995 4.415303 3.108898
v -0.670995 4.407239 3.187730
v -0.670995 4.320581 3.205242
v -0.670996 1.895464 -2.449411
v -0.670996 1.840477 -2.226086
v -0.670996 1.843655 -2.342486
v -0.670996 1.804603 -2.500590
v -0.670996 1.747836 -2.599902
v -0.670996 1.638299 -2.172751
v -0.670996 1.541478 -2.429868
v -0.670996 1.545743 -2.547970
v -0.670996 1.537482 -2.408537
v -0.670996 1.489836 -2.322038
v -0.670996 1.885102 -1.576914
v -0.670996 1.830881 -1.571504
v -0.670996 1.848975 -1.472744
v -0.670996 1.772231 -1.335745
v -0.670996 1.606848 -1.270184
v -0.670996 1.610899 -1.335901
v -0.670996 1.544138 -1.541042
v -0.670996 1.492750 -1.563807
v -0.670996 1.483765 -1.441429
v -0.670996 1.883692 -0.931502
v -0.670996 1.803160 -0.931452
v -0.670996 1.782793 -0.994430
v -0.670996 1.661335 -0.951469
v -0.670996 1.607813 -0.923925
v -0.670996 1.894127 -0.535075
v -0.670996 1.842902 -0.526270
v -0.670996 1.839660 -0.535816
v -0.670996 1.815956 -0.626816
v -0.670996 1.720982 -0.517594
v -0.670996 1.721274 -0.613209
v -0.670996 1.662651 -0.498500
v -0.670996 1.659856 -0.505978
v -0.670996 1.593072 -0.638849
v -0.670996 1.571614 -0.585307
v -0.670996 1.532055 -0.677812
v -0.670996 1.487382 -0.090750
v -0.670995 1.897709 0.850835
v -0.670995 1.487382 0.909797
v -0.670995 1.897709 0.909797
v -0.670995 1.487382 0.850835
v -0.670995 1.625161 1.579407
v -0.670995 1.615151 1.348726
v -0.670995 1.575702 1.560374
v -0.670995 1.564638 1.376214
v -0.670995 1.542113 1.508766
v -0.670995 1.538664 1.436073
v -0.670995 1.486095 1.511471
v -0.670995 1.897709 1.722026
v -0.670995 1.487382 1.780988
v -0.670995 1.897709 1.780988
v -0.670995 1.487382 1.722026
v -0.670995 1.900093 1.976659
v -0.670995 1.841855 1.961044
v -0.670995 1.836961 2.085142
v -0.670995 1.713739 2.179673
v -0.670995 1.566947 2.118951
v -0.670995 1.550145 1.933069
v -0.670995 1.537385 1.991641
v -0.670995 1.509198 2.135963
v -0.670996 1.075624 -1.066756
v -0.670996 1.075624 -0.716293
v -0.670996 1.075624 -0.399399
v -0.670995 1.075624 -0.072211
v -0.670996 1.008038 -0.313014
v -0.670995 1.075624 -0.007311
v -0.670995 1.075624 0.033420
v -0.670995 1.026333 0.592012
v -0.670995 0.959323 0.557274
v -0.670995 0.889440 0.603398
v -0.670995 0.884492 0.558081
v -0.670995 0.815533 0.676918
v -0.670995 0.811265 0.697193
v -0.670995 0.820050 0.917410
v -0.670995 0.819804 0.921042
v -0.670995 0.814435 0.933795
v -0.670995 0.776810 0.938652
v -0.670997 4.668806 -2.614491
v -0.670997 4.668806 -2.583607
v -0.670996 4.361760 -1.721549
v -0.670996 4.496037 -1.765413
v -0.670996 4.627164 -1.617078
v -0.670996 4.581527 -1.629345
v -0.670996 4.361760 -1.495964
v -0.670996 4.493426 -1.525289
v -0.670996 4.451352 -1.576895
v -0.670996 4.403634 -1.658240
v -0.670996 4.667016 -0.779820
v -0.670996 4.447585 -0.827656
v -0.670996 4.431022 -0.986310
v -0.670996 4.364697 -0.859882
v -0.670996 4.361760 -0.373408
v -0.670996 4.401148 -0.115149
v -0.670996 4.361760 -0.115149
v -0.670996 4.535425 0.340498
v -0.670996 4.496037 0.340498
v -0.670996 4.666214 0.628491
v -0.670996 4.616918 0.607937
v -0.670996 4.612746 0.603513
v -0.670996 4.613389 0.553082
v -0.670996 4.536389 0.624025
v -0.670996 4.526760 0.564523
v -0.670995 4.666214 0.856762
v -0.670995 4.616918 0.836208
v -0.670995 4.612746 0.831784
v -0.670996 4.613389 0.781353
v -0.670995 4.536389 0.852296
v -0.670996 4.526760 0.792794
v -0.670995 4.451725 1.214641
v -0.670995 4.361760 1.253134
v -0.670995 4.668426 1.394075
v -0.670995 4.629930 1.408893
v -0.670995 4.628880 1.400286
v -0.670995 4.604215 1.330460
v -0.670995 4.509912 1.593302
v -0.670995 4.497273 1.547067
v -0.670995 4.404179 1.380302
v -0.670995 4.384586 1.318035
v -0.670995 4.382962 1.522219
v -0.670995 4.361760 1.783976
v -0.670995 4.670896 2.396728
v -0.670995 4.658959 2.350932
v -0.670995 4.641357 2.477343
v -0.670995 4.539089 2.474565
v -0.670995 4.532404 2.388446
v -0.670995 4.450301 2.365755
v -0.670995 4.434541 2.487692
v -0.670995 4.409987 2.375242
v -0.670995 4.406431 2.379682
v -0.670995 4.400015 2.434932
v -0.670995 4.363935 2.373787
v -0.670995 4.364614 2.453514
v -0.670995 4.667016 2.530108
v -0.670995 4.627628 2.659462
v -0.670995 4.667016 2.703326
v -0.670995 4.627628 2.530108
v -0.670995 4.469020 2.808418
v -0.670995 4.452622 2.979934
v -0.670995 4.426688 2.823191
v -0.670995 4.419797 2.959813
v -0.670995 4.403059 2.861474
v -0.670995 4.399616 2.917442
v -0.670995 4.373264 2.823827
v -0.670995 4.370214 2.960972
v -0.670995 4.669654 3.211377
v -0.670995 4.612535 3.368762
v -0.670995 4.600825 3.319975
v -0.670995 4.575876 3.085302
v -0.670995 4.460453 3.392649
v -0.670995 4.422382 3.161902
v -0.670995 4.429356 3.098413
v -0.670995 4.315332 3.192674
v -0.670996 1.901163 -2.418833
v -0.670996 1.847620 -2.363702
v -0.670996 1.820123 -2.208280
v -0.670996 1.789774 -2.513857
v -0.670996 1.773211 -2.525055
v -0.670996 1.773674 -2.591393
v -0.670996 1.612686 -2.181197
v -0.670996 1.595573 -2.258802
v -0.670996 1.566247 -2.565571
v -0.670996 1.483985 -2.352353
v -0.670996 1.897709 -1.760332
v -0.670996 1.889308 -1.564328
v -0.670996 1.826131 -1.583748
v -0.670996 1.848687 -1.485088
v -0.670996 1.774436 -1.270551
v -0.670996 1.788887 -1.346977
v -0.670996 1.689537 -1.628571
v -0.670996 1.636592 -1.490793
v -0.670996 1.689537 -1.490793
v -0.670996 1.629015 -1.326749
v -0.670996 1.536116 -1.480565
v -0.670996 1.537436 -1.456823
v -0.670996 1.482792 -1.499773
v -0.670996 1.481967 -1.472142
v -0.670996 1.889737 -0.915746
v -0.670996 1.794508 -0.933042
v -0.670996 1.799968 -0.993364
v -0.670996 1.785200 -0.933664
v -0.670996 1.591155 -0.935761
v -0.670996 1.581115 -1.009634
v -0.670996 1.897709 -0.392779
v -0.670996 1.487382 -0.392779
v -0.670996 1.897709 -0.496263
v -0.670996 1.896803 -0.516357
v -0.670996 1.835558 -0.544100
v -0.670996 1.830624 -0.551164
v -0.670996 1.830700 -0.621651
v -0.670996 1.728110 -0.538757
v -0.670996 1.730083 -0.618577
v -0.670996 1.655757 -0.513715
v -0.670996 1.487382 -0.639456
v -0.670996 1.537906 -0.673773
v -0.670996 1.540328 -0.329004
v -0.670996 1.487382 -0.329004
v -0.670995 1.608314 0.518723
v -0.670995 1.634213 1.580106
v -0.670995 1.607487 1.350431
v -0.670995 1.580510 1.564274
v -0.670995 1.560280 1.381737
v -0.670995 1.544765 1.516261
v -0.670995 1.537272 1.446024
v -0.670995 1.482991 1.490293
v -0.670995 1.901478 1.987552
v -0.670995 1.874602 1.890929
v -0.670995 1.838747 1.948699
v -0.670995 1.843527 2.065491
v -0.670995 1.734494 2.175549
v -0.670995 1.579736 2.134609
v -0.670995 1.548024 1.940186
v -0.670995 1.536693 1.999326
v -0.670995 1.497573 2.110627
v -0.550549 1.008038 -0.312119
v -0.550549 1.008038 -0.313014
v -0.670996 1.075624 -0.696599
v -0.670995 0.817308 0.596321
v -0.670996 4.667016 -1.042555
v -0.670996 4.360803 -0.875140
v -0.670996 4.667016 -0.739536
v -0.670996 4.667016 -0.576614
v -0.670996 4.627628 -0.739536
v -0.670996 4.623517 0.557645
v -0.670996 4.534621 0.630878
v -0.670996 4.535839 0.558259
v -0.670996 4.623517 0.785916
v -0.670995 4.534621 0.859149
v -0.670996 4.535839 0.786530
v -0.670995 4.669583 1.402174
v -0.670995 4.645980 1.321168
v -0.670995 4.650140 1.331374
v -0.670995 4.638719 1.530185
v -0.670995 4.627396 1.391721
v -0.670995 4.598982 1.321168
v -0.670995 4.513941 1.548096
v -0.670995 4.493472 1.592250
v -0.670995 4.432479 1.318035
v -0.670995 4.401977 1.389284
v -0.670995 4.372509 1.502666
v -0.670995 4.627628 2.194863
v -0.670995 4.361760 2.194863
v -0.670995 4.671044 2.402545
v -0.670995 4.661496 2.356526
v -0.670995 4.632784 2.483608
v -0.670995 4.541717 2.404798
v -0.670995 4.526490 2.460964
v -0.670995 4.435612 2.363157
v -0.670995 4.441431 2.493406
v -0.670995 4.403319 2.384840
v -0.670995 4.402242 2.442082
v -0.670995 4.362491 2.446411
v -0.670995 4.361760 2.703326
v -0.670995 4.462783 2.809123
v -0.670995 4.458158 2.980947
v -0.670995 4.422632 2.826861
v -0.670995 4.423975 2.964271
v -0.670995 4.401314 2.868072
v -0.670995 4.400866 2.923391
v -0.670995 4.364697 2.946423
v -0.670995 4.671044 3.233720
v -0.670995 4.610719 3.307539
v -0.670995 4.595982 3.380363
v -0.670995 4.594125 3.094403
v -0.670995 4.444182 3.385635
v -0.670995 4.444514 3.089579
v -0.670995 4.361760 3.274003
v -0.670995 4.310701 3.179744
v -0.670996 1.797678 -2.193388
v -0.670996 1.797946 -2.579694
v -0.670996 1.612147 -2.247626
v -0.670996 1.588482 -2.192809
v -0.670996 1.588749 -2.580183
v -0.670996 1.897709 -1.713404
v -0.670996 1.892870 -1.552394
v -0.670996 1.820842 -1.595943
v -0.670996 1.803851 -1.360235
v -0.670996 1.648647 -1.320041
v -0.670996 1.542412 -1.533775
v -0.670996 1.540854 -1.526441
v -0.670996 1.894127 -0.898473
v -0.670996 1.815956 -0.990213
v -0.670996 1.720982 -0.880991
v -0.670996 1.721274 -0.976606
v -0.670996 1.593072 -1.002246
v -0.670996 1.571614 -0.948705
v -0.670996 1.844139 -0.614543
v -0.670996 1.739497 -0.623011
v -0.670996 1.487382 -0.451741
v -0.670996 1.650129 -0.521833
v -0.670996 1.543670 -0.669873
v -0.670996 1.487382 -0.709849
v -0.670995 1.487382 0.463973
v -0.670995 1.897709 1.286431
v -0.670995 1.897709 1.345392
v -0.670995 1.644210 1.580509
v -0.670995 1.600186 1.352575
v -0.670995 1.585527 1.567693
v -0.670995 1.556168 1.387828
v -0.670995 1.547905 1.523506
v -0.670995 1.536411 1.456511
v -0.670995 1.481967 1.468731
v -0.670995 1.902419 1.998577
v -0.670995 1.880213 1.905288
v -0.670995 1.835088 1.936379
v -0.670995 1.847586 2.044671
v -0.670995 1.754046 2.168884
v -0.670995 1.594430 2.148236
v -0.670995 1.546015 1.947345
v -0.670995 1.536263 2.007120
v -0.670995 1.489031 2.083293
v -0.670995 1.489789 1.944337
v -0.670996 1.075624 -1.013493
v -0.670996 1.075624 -0.356878
v -0.670996 4.667016 -1.400627
v -0.670996 4.405120 -0.951023
v -0.670996 4.667016 0.336022
v -0.670996 1.847827 -1.497450
v -0.670996 1.541308 -1.434421
v -0.670996 1.897709 -0.756176
v -0.670996 1.659856 -0.869376
v -0.670996 1.897709 -0.028178
v -0.670996 1.844764 -0.028178
v -0.595575 0.220626 -3.116227
v -0.595575 0.662829 -3.705832
v -0.595576 2.431495 -3.790033
v -0.595576 2.415707 -3.790033
v -0.595575 0.157475 -3.032026
v -0.595573 3.000000 3.790033
v -0.595573 3.568505 3.790033
v -0.595573 2.415707 3.790033
v -0.595573 1.862990 3.790033
v -0.595573 1.831415 3.790033
v -0.595573 1.294485 3.790033
v -0.595573 1.247122 3.790033
v -0.595573 0.725980 3.790033
v -0.595575 0.078537 -3.116227
v -0.595575 0.078537 -2.337171
v -0.595574 0.157475 -0.758006
v -0.595574 0.157475 0.000000
v -0.595575 5.842525 0.000000
v -0.595574 5.842525 0.758007
v -0.595574 0.078537 0.779057
v -0.595574 0.157475 0.779057
v -0.595574 5.842525 0.779057
v -0.595574 5.842525 1.516013
v -0.595574 0.078537 1.558114
v -0.595574 5.842525 2.337171
v -0.595574 5.842525 2.274020
v -0.595574 5.842525 3.032027
v -0.595573 1.247122 3.895285
v -0.595573 0.662829 3.895285
v -0.595576 3.584293 -3.790033
v -0.595576 4.137010 -3.790033
v -0.595576 3.568505 -3.790033
v -0.595576 2.415707 -3.895284
v -0.595576 1.862990 -3.790033
v -0.595576 1.831415 -3.895284
v -0.595576 5.842525 -3.032026
v -0.595575 5.842525 -2.337171
v -0.595576 5.779374 -3.116227
v -0.595576 5.921463 -3.116227
v -0.595575 5.921463 -2.337171
v -0.595575 0.157475 -2.337171
v -0.595575 0.157475 -2.274020
v -0.595575 0.078537 -1.558113
v -0.595575 0.157475 -1.558113
v -0.595575 5.842525 -1.558113
v -0.595575 5.842525 -1.516013
v -0.595575 0.157475 -1.516013
v -0.595574 0.078537 -0.779057
v -0.595574 0.078537 0.000000
v -0.595573 0.157475 3.032027
v -0.595573 0.220626 3.116228
v -0.595573 3.584293 3.895285
v -0.595573 3.584293 3.790033
v -0.595573 3.000000 3.895285
v -0.595573 2.415707 3.895285
v -0.595573 1.831415 3.895285
v -0.595573 0.662829 3.705832
v -0.595576 5.337171 -3.895284
v -0.595576 5.274020 -3.790033
v -0.595576 5.337171 -3.705832
v -0.595576 4.752878 -3.895284
v -0.595576 4.752878 -3.790033
v -0.595576 4.168585 -3.895284
v -0.595576 3.584293 -3.895284
v -0.595576 3.000000 -3.895284
v -0.595576 1.247122 -3.895284
v -0.595575 1.247122 -3.790033
v -0.595575 0.662829 -3.895284
v -0.595573 5.337171 3.895285
v -0.595573 5.337171 3.705832
v -0.595574 5.779374 3.116228
v -0.595574 5.921463 3.116228
v -0.595575 5.842525 -0.779057
v -0.595575 5.842525 -0.758006
v -0.595574 0.157475 -0.779057
v -0.595574 5.921463 0.779057
v -0.595574 5.921463 1.558114
v -0.595574 5.842525 1.558114
v -0.595574 5.921463 2.337171
v -0.595573 4.752878 3.895285
v -0.595576 4.168585 -3.790033
v -0.595576 4.705515 -3.790033
v -0.595576 3.000000 -3.790033
v -0.595576 1.831415 -3.790033
v -0.595576 1.294485 -3.790033
v -0.595575 0.725980 -3.790033
v -0.595575 5.842525 -2.274020
v -0.595575 5.921463 0.000000
v -0.595573 4.168585 3.895285
v -0.595573 4.168585 3.790033
v -0.595575 5.921463 -0.779057
v -0.595573 2.431495 3.790033
v -0.595574 0.157475 1.558114
v -0.595574 0.157475 1.516013
v -0.595573 0.157475 2.274020
v -0.595573 4.752878 3.790033
v -0.595573 5.274020 3.790033
v -0.595573 4.705515 3.790033
v -0.595573 4.137010 3.790033
v -0.595575 5.921463 -1.558113
v -0.595574 0.157475 0.758007
v -0.595573 0.157475 2.337171
v -0.595573 0.078537 2.337171
v -0.595573 0.078537 3.116228
vn 1.0000 -0.0000 -0.0000
vn -1.0000 -0.0000 -0.0000
vn -0.0000 1.0000 -0.0000
vn -0.0000 -1.0000 -0.0000
vn -0.0000 -0.0000 1.0000
vn -0.0000 -0.0000 -1.0000
vn 0.0003 -0.0000 1.0000
vn 0.0005 -0.0000 -1.0000
vn -0.0000 -0.8000 -0.6000
vn 0.0001 -0.8000 0.6000
vn -0.0000 0.8000 0.6000
vn -0.0000 0.8000 -0.6000
vn -0.0000 -0.8000 0.6000
vn 1.0000 -0.0002 -0.0000
vn 1.0000 -0.0004 -0.0000
vn 1.0000 0.0001 -0.0000
vn 1.0000 -0.0001 -0.0000
vn 1.0000 -0.0015 -0.0000
vn 1.0000 -0.0003 -0.0000
vn 1.0000 0.0008 -0.0000
vn 1.0000 0.0002 -0.0000
vn -0.0000 -0.6660 -0.7459
vn -0.0000 -0.8667 -0.4988
vn -0.0000 -0.5136 -0.8580
vn -0.0000 -0.6651 0.7467
vn -0.0000 -0.8531 0.5218
vn -0.0000 0.3288 0.9444
vn -0.0000 -0.8991 -0.4377
vn -0.0000 -0.6446 -0.7645
vn -0.0000 0.5446 0.8387
vn -0.0000 0.5459 -0.8379
vn -0.0000 -0.8875 0.4607
vn -0.0000 0.4261 0.9047
vn -0.0000 0.3934 0.9194
vn -0.0000 -0.7598 -0.6501
vn -0.0000 0.6128 -0.7902
vn -0.0000 -0.7614 -0.6483
vn -0.0000 0.4124 -0.9110
vn -0.0000 -0.9264 -0.3766
vn -0.0000 -0.8553 -0.5182
vn -0.0000 -0.7589 0.6512
vn -0.0000 -0.8395 -0.5434
vn -0.0000 -0.9175 0.3977
vn -0.0000 0.5204 0.8539
vn -0.0000 -0.9488 -0.3159
vn -0.0000 -0.9229 -0.3852
vn -0.0000 -0.8386 0.5447
vn -0.0000 -0.9660 -0.2585
vn -0.0000 0.6513 0.7588
vn -0.0000 -0.9428 0.3335
vn -0.0000 0.6513 -0.7589
vn -0.0000 0.6653 0.7466
vn -0.0000 0.6091 0.7931
vn -0.0000 -0.9036 -0.4283
vn -0.0000 -0.9667 -0.2557
vn -0.0000 -0.9895 -0.1442
vn -0.0000 -0.9990 -0.0443
vn -0.0000 -0.9030 0.4297
vn -0.0000 -0.9631 0.2691
vn -0.0000 -0.9988 -0.0481
vn -0.0000 -0.9515 -0.3076
vn -0.0000 -0.9805 -0.1966
vn -0.0000 -0.9997 0.0255
vn -0.0000 -0.9511 0.3089
vn -0.0000 -0.9786 0.2056
vn -0.0000 -0.9970 0.0768
vn -0.0000 -0.9904 -0.1385
vn -0.0000 0.7478 0.6639
vn -0.0000 -0.9918 0.1277
vn -0.0000 0.7465 -0.6654
vn -0.0000 0.6898 0.7240
vn -0.0000 -0.9887 -0.1501
vn -0.0000 -0.9896 0.1437
vn -0.0000 -0.9829 -0.1841
vn -0.0000 -0.9966 -0.0818
vn -0.0000 0.7611 0.6486
vn -0.0000 -0.9841 0.1777
vn -0.0000 0.8220 0.5695
vn -0.0000 -0.9827 0.1851
vn -0.0000 -0.9965 0.0841
vn -0.0000 -0.9738 0.2272
vn -0.0000 -0.9982 -0.0606
vn -0.0000 -0.9996 -0.0268
vn -0.0000 0.8724 0.4888
vn -0.0000 -0.9660 -0.2587
vn -0.0000 0.9127 0.4086
vn -0.0000 -0.9981 0.0610
vn -0.0000 -0.9996 0.0272
vn -0.0000 -0.9613 0.2755
vn -0.0000 -0.8143 0.5804
vn -0.0000 0.7246 -0.6891
vn -0.0000 -0.9464 0.3229
vn -0.0000 0.8312 0.5560
vn -0.0000 -0.7727 0.6347
vn -0.0000 -0.9280 -0.3725
vn -0.0000 0.8291 -0.5590
vn -0.0000 0.7729 0.6346
vn -0.0000 0.8154 -0.5790
vn -0.0000 0.9995 -0.0321
vn -0.0000 -0.9296 0.3686
vn -0.0000 0.8991 0.4377
vn -0.0000 0.8970 -0.4420
vn -0.0000 -0.9107 0.4130
vn -0.0000 0.8596 0.5110
vn -0.0000 -0.7306 0.6828
vn -0.0000 -0.8724 -0.4887
vn -0.0000 0.8848 -0.4659
vn -0.0000 0.9498 0.3128
vn -0.0000 0.9482 -0.3176
vn -0.0000 0.9931 -0.1172
vn -0.0000 -0.8902 0.4556
vn -0.0000 0.9231 0.3845
vn -0.0000 0.9350 -0.3546
vn -0.0000 0.9737 -0.2279
vn -0.0000 -0.8679 0.4967
vn -0.0000 0.9826 0.1856
vn -0.0000 -0.7974 -0.6035
vn -0.0000 0.9819 -0.1895
vn -0.0000 0.9367 -0.3501
vn -0.0000 0.9651 0.2620
vn -0.0000 0.9981 -0.0620
vn -0.0000 0.9689 -0.2473
vn -0.0000 -0.8443 0.5358
vn -0.0000 0.9982 0.0604
vn -0.0000 -0.6896 0.7242
vn -0.0000 0.8837 -0.4681
vn -0.0000 0.9889 0.1486
vn -0.0000 0.9601 -0.2795
vn -0.0000 0.9894 -0.1450
vn -0.0000 0.8218 -0.5697
vn -0.0000 0.9394 -0.3428
vn -0.0000 0.9989 -0.0474
vn -0.0000 0.9989 0.0465
vn -0.0000 -0.6514 0.7588
vn -0.0000 0.9146 -0.4044
vn -0.0000 -0.6585 0.7526
vn -0.0000 0.7595 -0.6506
vn -0.0000 0.8858 -0.4640
vn -0.0000 -0.6174 0.7867
vn -0.0000 0.8539 -0.5204
vn -0.0000 0.7025 -0.7117
vn -0.0000 -0.9981 -0.0613
vn -0.0000 0.8193 -0.5734
vn -0.0000 -0.9999 0.0144
vn -0.0000 -0.5883 0.8086
vn -0.0000 0.7827 -0.6224
vn 0.0001 0.6558 -0.7550
vn -0.0000 0.6534 -0.7570
vn -0.0000 -0.9989 0.0472
vn -0.0000 0.7448 -0.6673
vn -0.0000 -0.9964 0.0850
vn -0.0000 -0.5647 0.8253
vn -0.0000 -0.7026 -0.7116
vn -0.0000 0.6126 -0.7904
vn -0.0000 -0.9920 0.1262
vn -0.0000 -0.9827 -0.1854
vn -0.0000 0.9883 -0.1523
vn -0.0000 -0.5465 0.8375
vn -0.0000 0.5792 -0.8152
vn -0.0000 0.9764 -0.2158
vn -0.0000 -0.9856 0.1688
vn -0.0000 -0.5900 -0.8074
vn -0.0000 -0.9775 0.2109
vn -0.0000 -0.5335 0.8458
vn -0.0000 0.9996 -0.0295
vn -0.0000 -0.9681 0.2504
vn -0.0000 -0.5256 0.8507
vn -0.0000 -0.9513 -0.3084
vn -0.0000 0.5522 -0.8337
vn -0.0000 0.9960 -0.0896
vn -0.0000 -0.4637 -0.8860
vn -0.0000 -0.9582 0.2860
vn -0.0000 -0.5222 0.8528
vn -0.0000 0.5408 -0.8412
vn -0.0000 0.9990 0.0440
vn -0.0000 -0.9484 0.3169
vn -0.0000 -0.9039 -0.4278
vn -0.0000 0.9907 0.1358
vn -0.0000 -0.5283 0.8490
vn -0.0000 0.9727 0.2320
vn -0.0000 -0.9394 0.3429
vn -0.0000 -0.5356 0.8445
vn -0.0000 0.9430 0.3328
vn -0.0000 -0.9314 0.3640
vn -0.0000 -0.5437 0.8393
vn -0.0000 -0.8409 -0.5412
vn -0.0000 0.8994 0.4372
vn -0.0000 -0.5521 0.8338
vn -0.0000 0.8391 0.5440
vn -0.0000 -0.9247 0.3807
vn -0.0000 -0.5605 0.8282
vn -0.0000 -0.3296 -0.9441
vn -0.0000 -0.5680 0.8230
vn -0.0000 0.9934 -0.1147
vn -0.0000 0.7595 0.6505
vn -0.0000 -0.5743 0.8186
vn -0.0000 0.9873 -0.1590
vn -0.0000 0.6585 0.7525
vn -0.0000 -0.5793 0.8151
vn -0.0000 0.9793 -0.2022
vn -0.0000 0.5359 0.8443
vn -0.0000 -0.5827 0.8127
vn -0.0000 -0.1939 -0.9810
vn -0.0000 0.9697 -0.2441
vn -0.0000 -0.5849 0.8111
vn -0.0000 0.9586 -0.2847
vn -0.0000 0.3941 0.9191
vn -0.0000 -0.5859 0.8104
vn -0.0000 0.9461 -0.3239
vn -0.0000 0.2389 0.9710
vn -0.0000 -0.5861 0.8102
vn -0.0000 -0.0625 -0.9980
vn -0.0000 0.9323 -0.3616
vn -0.0000 0.0787 0.9969
vn -0.0000 0.9174 -0.3979
vn -0.0000 0.9016 -0.4326
vn -0.0000 -0.1889 0.9820
vn -0.0000 0.1327 -0.9912
vn -0.0000 0.9323 -0.3617
vn -0.0000 0.8849 -0.4659
vn -0.0000 -0.7629 -0.6465
vn -0.0000 -0.5272 0.8497
vn -0.0000 0.3941 -0.9191
vn -0.0000 0.9016 -0.4327
vn -0.0000 -0.7289 0.6846
vn -0.0000 0.9997 -0.0233
vn -0.0000 0.3955 -0.9184
vn -0.0000 0.9976 -0.0694
vn -0.0000 -0.3935 0.9193
vn -0.0000 -0.8241 0.5665
vn -0.0000 -0.3918 -0.9200
vn -0.0000 0.9980 0.0635
vn -0.0000 0.6015 -0.7988
vn -0.0000 0.9815 0.1914
vn -0.0000 -0.8624 0.5062
vn -0.0000 0.3873 0.9220
vn -0.0000 0.9485 0.3169
vn -0.0000 -0.6711 -0.7414
vn -0.0000 -0.8690 0.4949
vn -0.0000 0.6386 -0.7696
vn -0.0000 0.7336 -0.6796
vn -0.0000 0.8992 0.4376
vn -0.0000 -0.8504 0.5261
vn -0.0000 -0.6355 0.7721
vn -0.0000 0.8345 0.5510
vn -0.0000 0.8081 -0.5891
vn -0.0000 -0.6337 -0.7736
vn -0.0000 -0.5665 -0.8240
vn -0.0000 -0.8028 0.5963
vn -0.0000 0.7554 0.6552
vn -0.0000 0.8447 -0.5353
vn -0.0000 0.6372 0.7707
vn -0.0000 -0.0113 -0.9999
vn -0.0000 0.6632 0.7485
vn -0.0000 -0.6400 -0.7684
vn -0.0000 -0.5666 -0.8240
vn -0.0000 -0.4512 -0.8924
vn -0.0000 -0.7134 0.7008
vn -0.0000 0.8547 -0.5192
vn -0.0000 -0.0117 0.9999
vn -0.0000 -0.0381 -0.9993
vn -0.0000 0.5591 0.8291
vn -0.0000 -0.3273 -0.9449
vn -0.0000 -0.5660 0.8244
vn -0.0000 -0.6361 0.7716
vn -0.0000 0.8402 -0.5423
vn -0.0000 0.0514 0.9987
vn -0.0000 0.6402 0.7682
vn -0.0000 0.4449 0.8956
vn -0.0000 0.7928 -0.6094
vn -0.0000 0.6353 -0.7722
vn -0.0000 -0.0403 0.9992
vn -0.0000 0.0639 -0.9980
vn -0.0000 0.3227 0.9465
vn -0.0000 -0.3272 -0.9449
vn -0.0000 -0.1976 -0.9803
vn -0.0000 -0.3570 0.9341
vn -0.0000 -0.0716 -0.9974
vn -0.0000 0.6892 -0.7245
vn -0.0000 0.1949 0.9808
vn -0.0000 0.4889 -0.8724
vn -0.0000 -0.0771 0.9970
vn -0.0000 -0.0655 -0.9979
vn -0.0000 0.3226 0.9465
vn -0.0000 -0.1122 -0.9937
vn -0.0000 -0.1156 0.9933
vn -0.0000 0.0647 0.9979
vn -0.0000 0.1742 -0.9847
vn -0.0000 -0.1233 0.9924
vn -0.0000 -0.0630 0.9980
vn -0.0000 0.1627 0.9867
vn -0.0000 0.0644 -0.9979
vn -0.0000 -0.1606 -0.9870
vn -0.0000 -0.6383 0.7698
vn -0.0000 0.0633 0.9980
vn -0.0000 -0.1800 0.9837
vn -0.0000 -0.0755 -0.9971
vn -0.0000 0.2006 -0.9797
vn -0.0000 -0.2172 -0.9761
vn -0.0000 -0.6839 0.7296
vn -0.0000 -0.2183 -0.9759
vn -0.0000 -0.2471 0.9690
vn -0.0000 -0.1926 0.9813
vn -0.0000 -0.2817 -0.9595
vn -0.0000 0.1956 -0.9807
vn -0.0000 0.1924 0.9813
vn -0.0000 -0.7291 0.6844
vn -0.0000 -0.3233 0.9463
vn -0.0000 -0.3509 -0.9364
vn -0.0000 0.2844 0.9587
vn -0.0000 -0.3537 -0.9354
vn -0.0000 0.3260 -0.9454
vn -0.0000 -0.7734 0.6339
vn -0.0000 -0.4742 -0.8804
vn -0.0000 -0.6281 0.7781
vn -0.0000 -0.6298 -0.7768
vn -0.0000 -0.4047 0.9144
vn -0.0000 -0.4509 0.8926
vn -0.0000 -0.5877 -0.8091
vn -0.0000 -0.4314 -0.9022
vn -0.0000 -0.5711 0.8209
vn -0.0000 0.3431 -0.9393
vn -0.0000 0.4518 -0.8921
vn -0.0000 0.3212 0.9470
vn -0.0000 -0.8161 0.5778
vn -0.0000 -0.4866 0.8736
vn -0.0000 -0.6800 0.7332
vn -0.0000 -0.6903 -0.7235
vn -0.0000 -0.5123 -0.8588
vn -0.0000 0.5696 -0.8219
vn -0.0000 -0.8566 0.5160
vn -0.0000 -0.5632 0.8263
vn -0.0000 -0.7745 0.6326
vn -0.0000 -0.7805 -0.6251
vn -0.0000 0.6225 -0.7826
vn -0.0000 -0.6300 0.7766
vn -0.0000 -0.8527 0.5225
vn -0.0000 -0.5934 -0.8049
vn -0.0000 0.6761 -0.7368
vn -0.0000 -0.8938 0.4484
vn -0.0000 0.6225 0.7826
vn -0.0000 0.4460 0.8950
vn -0.0000 0.4130 0.9107
vn -0.0000 -0.9136 0.4065
vn -0.0000 -0.8562 -0.5166
vn -0.0000 -0.9544 -0.2985
vn -0.0000 -0.6844 0.7291
vn -0.0000 -0.6709 -0.7416
vn -0.0000 -0.9583 -0.2856
vn -0.0000 -0.9269 0.3753
vn -0.0000 -0.9160 -0.4011
vn -0.0000 -0.9628 -0.2702
vn -0.0000 -0.7296 0.6838
vn -0.0000 0.4834 -0.8754
vn -0.0000 -0.9547 0.2974
vn -0.0000 -0.9576 0.2882
vn -0.0000 -0.9592 -0.2828
vn -0.0000 -0.9583 -0.2857
vn -0.0000 -0.7349 -0.6782
vn -0.0000 -0.9677 -0.2520
vn -0.0000 -0.9628 -0.2701
vn -0.0000 -0.9729 -0.2311
vn -0.0000 -0.9765 0.2153
vn -0.0000 -0.9862 -0.1656
vn -0.0000 -0.7850 -0.6195
vn -0.0000 -0.9782 -0.2077
vn -0.0000 -0.9915 0.1303
vn -0.0000 0.5426 0.8400
vn -0.0000 -0.9854 0.1703
vn -0.0000 0.7691 -0.6391
vn -0.0000 0.5633 0.8262
vn -0.0000 -0.8148 0.5797
vn -0.0000 -0.9986 -0.0532
vn -0.0000 -0.8289 -0.5595
vn -0.0000 -0.9833 -0.1817
vn -0.0000 -0.9882 -0.1533
vn -0.0000 -0.9991 0.0435
vn -0.0000 -0.9925 -0.1226
vn -0.0000 -0.8531 0.5217
vn -0.0000 0.6702 0.7422
vn -0.0000 0.8125 -0.5829
vn -0.0000 -0.9985 0.0555
vn -0.0000 -0.9960 -0.0898
vn -0.0000 0.8408 -0.5414
vn -0.0000 -0.9977 -0.0675
vn -0.0000 -0.9985 -0.0550
vn -0.0000 0.7641 0.6451
vn -0.0000 -0.9977 0.0677
vn -0.0000 -0.9998 -0.0186
vn -0.0000 0.8683 -0.4960
vn -0.0000 -0.9795 -0.2014
vn -0.0000 0.8470 -0.5316
vn -0.0000 0.8432 0.5376
vn -0.0000 -0.9795 0.2015
vn -0.0000 0.8945 -0.4471
vn -0.0000 -0.9441 -0.3296
vn -0.0000 0.9207 0.3903
vn -0.0000 0.9185 -0.3954
vn -0.0000 -0.9441 0.3297
vn -0.0000 0.9314 0.3639
vn -0.0000 -0.8931 -0.4499
vn -0.0000 0.9089 -0.4170
vn -0.0000 0.9064 0.4224
vn -0.0000 -0.9668 -0.2557
vn -0.0000 0.9399 -0.3415
vn -0.0000 -0.8931 0.4498
vn -0.0000 0.9425 0.3342
vn -0.0000 0.9581 -0.2863
vn -0.0000 -0.8281 -0.5605
vn -0.0000 -0.9805 -0.1965
vn -0.0000 0.9534 0.3017
vn -0.0000 0.9545 -0.2983
vn -0.0000 0.9532 0.3024
vn -0.0000 -0.8281 0.5606
vn -0.0000 0.9730 -0.2307
vn -0.0000 -0.7503 -0.6610
vn -0.0000 -0.9786 0.2055
vn -0.0000 0.9638 0.2666
vn -0.0000 0.9844 -0.1758
vn -0.0000 -0.7504 0.6609
vn -0.0000 0.9733 0.2297
vn -0.0000 -0.6610 -0.7504
vn -0.0000 0.9836 0.1805
vn -0.0000 0.9815 0.1916
vn -0.0000 0.9925 -0.1224
vn -0.0000 0.9840 -0.1779
vn -0.0000 -0.6610 0.7504
vn -0.0000 0.9975 -0.0712
vn -0.0000 -0.5606 -0.8281
vn -0.0000 -0.9996 -0.0267
vn -0.0000 0.9882 0.1533
vn -0.0000 0.9997 -0.0230
vn -0.0000 0.9982 0.0593
vn -0.0000 -0.5605 0.8281
vn -0.0000 0.9933 0.1157
vn -0.0000 -0.4498 -0.8931
vn -0.0000 0.9968 0.0796
vn -0.0000 0.9983 -0.0584
vn -0.0000 -0.4498 0.8931
vn -0.0000 0.9882 0.1534
vn -0.0000 0.9999 0.0145
vn -0.0000 0.9990 0.0457
vn -0.0000 0.8153 -0.5790
vn -0.0000 -0.3296 0.9441
vn -0.0000 -0.2015 -0.9795
vn -0.0000 -0.2015 0.9795
vn -0.0000 -0.0677 0.9977
vn -0.0000 -0.0677 -0.9977
vn -0.0000 0.0677 -0.9977
vn -0.0000 0.0677 0.9977
vn -0.0000 0.2015 -0.9795
vn -0.0000 0.9894 -0.1451
vn -0.0000 0.2015 0.9795
vn -0.0000 -0.9990 0.0450
vn -0.0000 0.3296 -0.9441
vn -0.0000 -0.9899 0.1416
vn -0.0000 0.3296 0.9441
vn -0.0000 -0.9692 0.2463
vn -0.0000 0.4498 -0.8931
vn -0.0000 -0.9337 0.3582
vn -0.0000 0.4498 0.8931
vn -0.0000 -0.8802 0.4746
vn -0.0000 0.5606 -0.8281
vn -0.0000 -0.8063 0.5915
vn -0.0000 0.5605 0.8281
vn -0.0000 -0.7112 0.7030
vn -0.0000 0.6610 -0.7504
vn -0.0000 0.6609 0.7504
vn -0.0000 -0.5966 0.8025
vn -0.0000 0.7504 -0.6610
vn -0.0000 0.9994 -0.0356
vn -0.0000 -0.0715 -0.9974
vn -0.0000 0.7504 0.6610
vn -0.0000 -0.3928 -0.9196
vn -0.0000 0.8281 -0.5605
vn -0.0000 0.9932 -0.1167
vn -0.0000 0.9773 -0.2118
vn -0.0000 0.8281 0.5606
vn -0.0000 0.8931 -0.4498
vn -0.0000 -0.4675 0.8840
vn -0.0000 -0.4063 0.9138
vn -0.0000 0.9469 -0.3215
vn -0.0000 0.8931 0.4498
vn -0.0000 0.3817 0.9243
vn -0.0000 0.9441 -0.3297
vn -0.0000 0.8961 -0.4438
vn -0.0000 0.4068 -0.9135
vn -0.0000 0.8198 -0.5726
vn -0.0000 0.9441 0.3296
vn -0.0000 0.9795 -0.2015
vn -0.0000 -0.3306 0.9438
vn -0.0000 0.7162 -0.6979
vn -0.0000 -0.2171 -0.9761
vn -0.0000 0.9795 0.2015
vn -0.0000 0.9977 -0.0677
vn -0.0000 0.5894 -0.8078
vn -0.0000 0.9977 0.0675
vn -0.0000 -0.2472 0.9690
vn -0.0000 0.4500 -0.8930
vn -0.0000 -0.2818 -0.9595
vn -0.0000 -0.1934 0.9811
vn -0.0000 0.3104 -0.9506
vn -0.0000 -0.9982 0.0604
vn -0.0000 0.1808 -0.9835
vn -0.0000 -0.9820 0.1888
vn -0.0000 -0.0622 0.9981
vn -0.0000 -0.9466 0.3223
vn -0.0000 0.0666 -0.9978
vn -0.0000 -0.4313 -0.9022
vn -0.0000 -0.8907 0.4546
vn -0.0000 -0.0298 -0.9996
vn -0.0000 -0.8152 0.5791
vn -0.0000 0.0439 0.9990
vn -0.0000 -0.1335 -0.9911
vn -0.0000 0.9987 -0.0517
vn -0.0000 0.1355 0.9908
vn -0.0000 -0.5633 0.8263
vn -0.0000 -0.7237 0.6901
vn -0.0000 -0.2506 -0.9681
vn -0.0000 -0.3792 -0.9253
vn -0.0000 -0.5935 -0.8049
vn -0.0000 0.9865 -0.1639
vn -0.0000 0.9585 -0.2852
vn -0.0000 0.2312 0.9729
vn -0.0000 0.9113 -0.4116
vn -0.0000 -0.6207 0.7840
vn -0.0000 0.8432 -0.5376
vn -0.0000 0.7545 -0.6563
vn -0.0000 -0.7348 -0.6782
vn -0.0000 -0.5111 0.8595
vn -0.0000 0.6488 -0.7610
vn -0.0000 -0.3983 0.9173
vn -0.0000 -0.9229 -0.3851
vn -0.0000 0.5314 -0.8471
vn -0.0000 -0.9660 -0.2586
vn -0.0000 0.4086 -0.9127
vn -0.0000 -0.8148 0.5798
vn -0.0000 -0.8288 -0.5595
vn -0.0000 -0.2847 0.9586
vn -0.0000 0.2858 -0.9583
vn -0.0000 -0.9987 0.0504
vn -0.0000 -0.1712 0.9852
vn -0.0000 -0.9871 0.1600
vn -0.0000 0.1668 -0.9860
vn -0.0000 -0.9602 0.2792
vn -0.0000 -0.8875 0.4608
vn -0.0000 -0.0574 0.9984
vn -0.0000 -0.9145 0.4046
vn -0.0000 0.0539 -0.9985
vn -0.0000 0.6899 0.7239
vn -0.0000 -0.8476 0.5306
vn -0.0000 -0.0500 -0.9988
vn -0.0000 -0.7596 0.6503
vn -0.0000 0.0649 0.9979
vn -0.0000 -0.6536 0.7568
vn -0.0000 -0.1438 -0.9896
vn -0.0000 0.1929 0.9812
vn -0.0000 -0.5352 0.8447
vn -0.0000 -0.2380 -0.9713
vn -0.0000 -0.3370 -0.9415
vn -0.0000 0.9986 -0.0519
vn -0.0000 -0.7728 0.6347
vn -0.0000 0.9859 -0.1672
vn -0.0000 0.3170 0.9484
vn -0.0000 -0.4424 -0.8968
vn -0.0000 0.9995 -0.0320
vn -0.0000 0.9556 -0.2946
vn -0.0000 0.4360 0.9000
vn -0.0000 -0.7305 0.6829
vn -0.0000 -0.4108 0.9117
vn -0.0000 -0.5534 -0.8329
vn -0.0000 0.9032 -0.4293
vn -0.0000 -0.6660 -0.7460
vn -0.0000 0.9931 -0.1173
vn -0.0000 0.8265 -0.5629
vn -0.0000 0.9737 -0.2278
vn -0.0000 0.7276 -0.6860
vn -0.0000 0.5485 0.8361
vn -0.0000 -0.7729 -0.6346
vn -0.0000 -0.2865 0.9581
vn -0.0000 0.6125 -0.7904
vn -0.0000 0.6530 0.7574
vn -0.0000 -0.8651 -0.5015
vn -0.0000 0.4901 -0.8717
vn -0.0000 -0.9349 -0.3550
vn -0.0000 0.8218 -0.5698
vn -0.0000 0.3680 -0.9298
vn -0.0000 0.7475 0.6643
vn -0.0000 -0.6514 0.7587
vn -0.0000 -0.1665 0.9860
vn -0.0000 -0.9786 -0.2059
vn -0.0000 0.2520 -0.9677
vn -0.0000 -0.9979 -0.0647
vn -0.0000 0.1446 -0.9895
vn -0.0000 0.8595 0.5111
vn -0.0000 -0.0536 0.9986
vn -0.0000 0.0464 -0.9989
vn -0.0000 0.8297 0.5583
vn -0.0000 -0.0589 -0.9983
vn -0.0000 0.8973 0.4415
vn -0.0000 0.0574 0.9983
vn -0.0000 0.9484 0.3172
vn -0.0000 -0.1851 -0.9827
vn -0.0000 0.9819 0.1892
vn -0.0000 0.1789 0.9839
vn -0.0000 0.9981 0.0618
vn -0.0000 -0.3188 -0.9478
vn -0.0000 -0.4544 -0.8908
vn -0.0000 -0.9985 -0.0548
vn -0.0000 0.3075 0.9515
vn -0.0000 -0.5843 -0.8115
vn -0.0000 -0.9981 0.0621
vn -0.0000 -0.9857 -0.1683
vn -0.0000 -0.7012 -0.7130
vn -0.0000 -0.9822 0.1877
vn -0.0000 0.4392 0.8984
vn -0.0000 -0.9585 -0.2851
vn -0.0000 -0.7993 -0.6010
vn -0.0000 -0.5284 0.8490
vn -0.0000 -0.8759 -0.4825
vn -0.0000 -0.9501 0.3120
vn -0.0000 -0.9153 -0.4029
vn -0.0000 -0.9314 -0.3640
vn -0.0000 -0.5436 0.8393
vn -0.0000 -0.9683 -0.2499
vn -0.0000 -0.9017 0.4324
vn -0.0000 -0.8281 0.5605
vn -0.0000 -0.5521 0.8337
vn -0.0000 -0.8550 -0.5187
vn -0.0000 -0.7504 -0.6610
vn -0.0000 -0.5604 0.8282
vn -0.0000 0.5679 0.8231
vn -0.0000 -0.9897 -0.1435
vn -0.0000 -0.8376 0.5463
vn -0.0000 -0.7504 0.6610
vn -0.0000 -0.7773 -0.6291
vn -0.0000 -0.9990 -0.0455
vn -0.0000 -0.5744 0.8186
vn -0.0000 -0.5792 0.8152
vn -0.0000 -0.7587 0.6514
vn -0.0000 -0.5828 0.8126
vn -0.0000 0.9978 0.0656
vn -0.0000 0.9980 -0.0630
vn -0.0000 0.6863 0.7273
vn -0.0000 -0.5860 0.8103
vn -0.0000 0.9816 -0.1911
vn -0.0000 0.7880 0.6157
vn -0.0000 0.8689 0.4949
vn -0.0000 0.9785 0.2064
vn -0.0000 -0.6830 -0.7304
vn -0.0000 0.9280 0.3726
vn -0.0000 0.9481 -0.3181
vn -0.0000 0.9671 0.2545
vn -0.0000 0.9895 0.1448
vn -0.0000 -0.6661 0.7459
vn -0.0000 0.9990 0.0454
vn -0.0000 0.9359 0.3523
vn -0.0000 0.8975 -0.4410
vn -0.0000 0.8694 0.4941
vn -0.0000 0.8308 -0.5566
vn -0.0000 -0.5740 -0.8189
vn -0.0000 -0.5614 0.8276
vn -0.0000 0.7825 0.6226
vn -0.0000 0.7492 -0.6623
vn -0.0000 0.6818 0.7316
vn -0.0000 0.6544 -0.7561
vn -0.0000 -0.7597 0.6503
vn -0.0000 -0.4533 -0.8914
vn -0.0000 -0.4463 0.8949
vn -0.0000 0.5744 0.8186
vn -0.0000 0.5486 -0.8361
vn -0.0000 -0.3250 -0.9457
vn -0.0000 0.4660 0.8848
vn -0.0000 -0.3232 0.9463
vn -0.0000 0.7161 -0.6980
vn -0.0000 0.4339 -0.9010
vn -0.0000 0.8281 0.5605
vn -0.0000 0.3600 0.9330
vn -0.0000 0.3128 -0.9498
vn -0.0000 -0.1935 -0.9811
vn -0.0000 -0.1950 0.9808
vn -0.0000 0.2570 0.9664
vn -0.0000 0.1880 -0.9822
vn -0.0000 0.1559 0.9878
vn -0.0000 -0.0632 -0.9980
vn -0.0000 -0.0646 0.9979
vn -0.0000 -0.1334 -0.9911
vn -0.0000 0.0622 -0.9981
vn -0.0000 0.1356 0.9908
vn -0.0000 0.0536 0.9986
vn -0.0000 0.0573 -0.9984
vn -0.0000 -0.0555 0.9985
vn -0.0000 0.0597 0.9982
vn -0.0000 -0.0645 -0.9979
vn -0.0000 -0.1698 0.9855
vn -0.0000 -0.1928 -0.9812
vn -0.0000 0.1725 -0.9850
vn -0.0000 0.1781 0.9840
vn -0.0000 -0.2875 0.9578
vn -0.0000 -0.3175 -0.9483
vn -0.0000 0.2860 -0.9582
vn -0.0000 -0.7992 -0.6010
vn -0.0000 0.2925 0.9563
vn -0.0000 -0.4069 0.9135
vn -0.0000 -0.4369 -0.8995
vn -0.0000 0.4014 0.9159
vn -0.0000 0.3959 -0.9183
vn -0.0000 -0.5253 0.8509
vn -0.0000 -0.5490 -0.8358
vn -0.0000 0.5035 0.8640
vn -0.0000 0.5002 -0.8659
vn -0.0000 -0.6386 0.7695
vn -0.0000 -0.6525 -0.7578
vn -0.0000 0.6864 0.7273
vn -0.0000 -0.7422 0.6701
vn -0.0000 -0.7457 -0.6663
vn -0.0000 0.5980 0.8015
vn -0.0000 0.5974 -0.8019
vn -0.0000 -0.8313 0.5559
vn -0.0000 -0.8268 -0.5624
vn -0.0000 0.6843 0.7292
vn -0.0000 0.6863 -0.7273
vn -0.0000 -0.9021 0.4316
vn -0.0000 -0.8941 -0.4478
vn -0.0000 -0.6895 0.7243
vn -0.0000 -0.9529 0.3032
vn -0.0000 -0.9459 -0.3245
vn -0.0000 0.8432 -0.5377
vn -0.0000 0.7618 0.6478
vn -0.0000 -0.9843 0.1766
vn -0.0000 -0.9807 -0.1957
vn -0.0000 -0.5110 0.8596
vn -0.0000 0.7656 -0.6433
vn -0.0000 -0.9984 0.0563
vn -0.0000 0.6533 -0.7571
vn -0.0000 -0.9983 -0.0586
vn -0.0000 -0.9998 0.0203
vn -0.0000 0.8298 0.5580
vn -0.0000 0.8344 -0.5511
vn -0.0000 -0.9981 0.0613
vn -0.0000 -0.9948 0.1018
vn -0.0000 0.8876 0.4606
vn -0.0000 -0.9839 -0.1789
vn -0.0000 0.8919 -0.4521
vn -0.0000 -0.9899 0.1415
vn -0.0000 0.9344 0.3563
vn -0.0000 0.9375 -0.3480
vn -0.0000 -0.9837 0.1796
vn -0.0000 -0.0499 -0.9988
vn -0.0000 -0.9765 0.2156
vn -0.0000 -0.9538 -0.3004
vn 0.0003 0.9687 0.2484
vn -0.0000 0.9707 -0.2404
vn -0.0000 -0.9684 0.2493
vn -0.0000 -0.9599 0.2803
vn -0.0012 -0.3016 0.9534
vn -0.0000 0.8123 -0.5832
vn -0.0000 -0.9512 0.3087
vn -0.0000 -0.9074 -0.4203
vn -0.0000 -0.9235 0.3835
vn -0.0000 -0.9425 0.3342
vn -0.0000 -0.9311 0.3648
vn -0.0000 0.8281 -0.5606
vn -0.0000 -0.9341 0.3571
vn -0.0000 -0.9260 0.3774
vn -0.0000 -0.9403 0.3405
vn -0.0000 -0.8444 -0.5358
vn -0.0000 -0.9510 0.3093
vn -0.0000 0.8454 -0.5341
vn -0.0000 0.9926 -0.1212
vn -0.0000 -0.9628 0.2702
vn -0.0000 0.9853 -0.1707
vn -0.0000 -0.9750 0.2220
vn -0.0000 0.9756 -0.2196
vn -0.0000 -0.9725 -0.2328
vn -0.0000 0.6530 0.7573
vn -0.0000 0.9637 -0.2670
vn -0.0000 -0.7071 0.7071
vn -0.0000 0.8640 -0.5035
vn -0.0000 0.9500 -0.3121
vn -0.0000 0.9350 -0.3545
vn -0.0000 -0.9864 0.1641
vn -0.0000 0.9192 -0.3937
vn -0.0000 0.7111 0.7031
vn -0.0000 -0.9786 -0.2060
vn -0.0000 -0.9889 -0.1489
vn -0.0000 0.9031 -0.4295
vn -0.0000 0.8870 -0.4618
vn -0.0000 -0.9954 0.0963
vn -0.0000 -0.9980 -0.0632
vn -0.0000 0.8713 -0.4907
vn -0.0000 -0.7652 -0.6438
vn -0.0000 -0.9998 0.0196
vn -0.0000 0.8297 0.5582
vn -0.0000 0.8834 -0.4686
vn -0.0000 0.9997 -0.0235
vn -0.0000 0.9032 -0.4292
vn -0.0000 0.9974 -0.0717
vn -0.0000 0.9228 -0.3854
vn -0.0000 0.9982 0.0594
vn -0.0000 0.9414 -0.3372
vn -0.0000 0.9836 0.1806
vn -0.0000 0.9533 0.3020
vn -0.0000 -0.6710 -0.7414
vn -0.0000 0.9735 -0.2285
vn -0.0000 0.9856 -0.1690
vn -0.0000 0.9070 0.4211
vn -0.0000 0.9943 -0.1070
vn -0.0000 -0.9981 -0.0610
vn -0.0000 0.8446 0.5355
vn -0.0000 -0.5638 -0.8259
vn -0.0000 -0.9982 0.0597
vn -0.0000 -0.9831 0.1832
vn -0.0000 0.7665 0.6423
vn -0.0000 -0.9825 -0.1863
vn -0.0000 0.6737 0.7390
vn -0.0000 -0.4460 -0.8950
vn -0.0000 -0.9500 -0.3123
vn -0.0000 0.5678 0.8232
vn -0.0000 -0.3209 -0.9471
vn -0.0000 -0.9018 0.4322
vn -0.0000 -0.9004 -0.4351
vn -0.0000 0.4508 0.8926
vn -0.0000 -0.8353 0.5498
vn -0.0000 0.3258 0.9455
vn -0.0000 -0.8342 -0.5514
vn -0.0000 -0.1921 -0.9814
vn -0.0000 -0.7530 0.6580
vn -0.0000 0.1958 0.9806
vn -0.0000 -0.7529 -0.6581
vn -0.0000 0.0646 0.9979
vn -0.0000 0.9982 0.0605
vn -0.0000 -0.0616 0.9981
vn -0.0000 0.9982 -0.0601
vn -0.0000 0.9832 -0.1828
vn -0.0000 -0.1892 0.9819
vn -0.0000 0.1839 -0.9829
vn -0.0000 0.9830 0.1837
vn -0.0000 0.9521 -0.3058
vn -0.0000 -0.3190 0.9478
vn -0.0000 0.2972 -0.9548
vn -0.0000 0.9517 0.3071
vn -0.0000 -0.6569 0.7539
vn -0.0000 -0.4468 0.8946
vn -0.0000 -0.6584 -0.7526
vn -0.0000 0.4065 -0.9137
vn -0.0000 0.9045 -0.4264
vn -0.0000 -0.5681 0.8230
vn -0.0000 0.5131 -0.8583
vn -0.0000 0.9039 0.4278
vn -0.0000 0.8406 -0.5417
vn -0.0000 -0.6784 0.7347
vn -0.0000 -0.8500 -0.5269
vn -0.0000 0.8397 0.5430
vn -0.0000 -0.5498 0.8353
vn -0.0000 -0.5529 -0.8333
vn -0.0000 -0.7743 0.6328
vn -0.0000 -0.8715 -0.4904
vn -0.0000 0.7609 -0.6489
vn -0.0000 0.6168 -0.7871
vn -0.0000 0.7600 0.6499
vn -0.0000 -0.8918 -0.4525
vn -0.0000 0.6668 -0.7453
vn -0.0000 -0.8534 0.5212
vn -0.0000 0.6659 0.7461
vn -0.0000 -0.9107 -0.4131
vn -0.0000 -0.4342 0.9008
vn -0.0000 -0.9282 -0.3721
vn -0.0000 -0.4384 -0.8988
vn -0.0000 0.5601 -0.8284
vn -0.0000 -0.9147 0.4041
vn -0.0000 -0.9442 -0.3294
vn -0.0000 0.5593 0.8289
vn -0.0000 0.7153 -0.6988
vn -0.0000 -0.3128 0.9498
vn -0.0000 -0.0770 0.9970
vn -0.0000 -0.9586 -0.2848
vn -0.0000 -0.3173 -0.9483
vn -0.0000 0.4432 -0.8964
vn -0.0000 -0.9585 0.2852
vn -0.0000 -0.9337 0.3581
vn -0.0000 -0.9712 -0.2381
vn -0.0000 0.4427 0.8967
vn -0.0000 -0.9819 -0.1894
vn -0.0000 0.3192 -0.9477
vn -0.0000 -0.9858 0.1679
vn -0.0000 0.3189 0.9478
vn -0.0000 -0.9904 -0.1383
vn -0.0000 -0.1881 0.9822
vn -0.0000 -0.9964 -0.0848
vn -0.0000 -0.1917 -0.9815
vn -0.0000 0.1913 -0.9815
vn -0.0000 -0.9985 0.0544
vn -0.0000 -0.9996 -0.0289
vn -0.0000 0.1912 0.9816
vn -0.0000 0.8052 -0.5929
vn -0.0000 -0.0624 0.9981
vn -0.0000 -0.0638 -0.9980
vn -0.0000 0.8926 0.4509
vn -0.0000 0.0630 -0.9980
vn -0.0000 -0.3536 -0.9354
vn -0.0000 0.8819 -0.4715
vn -0.0000 0.0630 0.9980
vn -0.0000 -0.4048 0.9144
vn -0.0000 0.9058 0.4237
vn -0.0000 0.0633 -0.9980
vn -0.0000 0.9198 0.3924
vn -0.0000 0.8199 -0.5726
vn -0.0000 -0.0634 0.9980
vn -0.0000 0.9340 0.3572
vn -0.0000 -0.0634 -0.9980
vn -0.0000 0.9409 -0.3386
vn -0.0000 -0.5124 -0.8588
vn -0.0000 0.0624 0.9980
vn -0.0000 0.9478 0.3188
vn -0.0000 -0.1919 0.9814
vn -0.0000 0.9606 0.2778
vn -0.0000 -0.1920 -0.9814
vn -0.0000 0.9720 0.2350
vn -0.0000 0.9796 -0.2007
vn -0.0000 0.1873 0.9823
vn -0.0000 0.1895 -0.9819
vn -0.0000 0.9816 0.1911
vn -0.0000 -0.3196 0.9476
vn -0.0000 0.9892 0.1469
vn -0.0000 -0.3199 -0.9475
vn -0.0000 -0.0620 0.9981
vn -0.0000 0.9947 0.1031
vn -0.0000 0.9979 -0.0647
vn -0.0000 0.3105 0.9506
vn -0.0000 -0.7296 0.6839
vn -0.0000 0.3132 -0.9497
vn -0.0000 0.9998 0.0196
vn -0.0000 0.9982 0.0606
vn -0.0000 -0.4435 -0.8963
vn -0.0000 -0.4430 0.8965
vn -0.0000 0.4302 0.9027
vn -0.0000 0.4325 -0.9016
vn -0.0000 -0.5598 -0.8286
vn -0.0000 -0.5591 0.8291
vn -1.0000 0.0003 -0.0000
vn -1.0000 0.0001 -0.0000
vn -1.0000 -0.0001 -0.0000
vn -1.0000 -0.0002 -0.0000
vn -1.0000 0.0002 -0.0000
vn -1.0000 0.0020 -0.0000
vn 1.0000 0.0005 -0.0000
vn -0.0000 0.4544 0.8908
vn -0.0000 0.9631 -0.2691
vn -0.0000 0.9980 -0.0625
vn -0.0000 -0.0464 0.9989
vn -0.0000 -0.3075 -0.9515
vn -0.0000 0.8759 0.4825
vn -0.0000 0.9996 -0.0272
vn -0.0000 -0.7880 -0.6157
vn -0.0000 0.9990 0.0455
vn -0.0000 -0.7246 0.6891
vn -0.0000 -0.9895 -0.1448
vn -0.0000 -0.9889 -0.1486
vn -0.0000 0.6536 -0.7568
vn -0.0000 0.9987 -0.0504
vn -0.0000 0.9602 -0.2792
vn -0.0000 0.4108 -0.9117
vn -0.0000 -0.9032 0.4293
vn -0.0000 -0.4901 0.8717
vn -0.0000 0.1665 -0.9860
vn -0.0000 -0.7276 0.6860
vn -0.0000 0.1851 0.9827
vn -0.0000 0.9683 0.2499
vn -0.0000 0.8476 -0.5307
vn -0.0000 -0.5679 -0.8231
vn -0.0000 -0.9859 0.1672
vn -0.0000 -0.2520 0.9677
vn -0.0000 0.3928 0.9196
vn -0.0000 -0.0574 -0.9983
vn -0.0000 -0.4124 0.9110
vn -0.0000 0.7012 0.7130
vn -0.0000 0.9765 -0.2156
vn -0.0000 0.9981 -0.0613
vn -0.0000 -0.9280 -0.3726
vn -0.0000 0.9538 0.3004
vn -0.0000 0.9425 -0.3342
vn -0.0000 -0.9031 0.4295
vn -0.0000 -0.9637 0.2670
vn -0.0000 -0.6737 -0.7390
vn -0.0000 -0.9990 -0.0448
vn -0.0000 0.9999 0.0160
vn -0.0000 -0.9999 -0.0123
vn -0.0000 -0.9533 -0.3020
vn -0.0000 0.1921 0.9814
vn -0.0000 0.6710 0.7414
vn -0.0000 0.3190 -0.9478
vn -0.0000 -0.1958 -0.9806
vn -0.0000 -0.2972 0.9548
vn -0.0000 0.9983 0.0587
vn -0.0000 0.9442 0.3294
vn -0.0000 0.7744 -0.6328
vn -0.0000 -0.7153 0.6988
vn -0.0000 0.8715 0.4904
vn -0.0000 0.9599 -0.2803
vn -0.0000 0.9858 -0.1679
vn -0.0000 0.9904 0.1383
vn -0.0000 -0.9351 0.3545
vn -0.0000 -0.9058 -0.4237
vn -0.0000 -0.9947 -0.1031
vn -0.0000 -1.0000 -0.0064
vn -0.0000 -0.9606 -0.2778
vn -0.0000 0.9999 -0.0142
vn -0.0000 -0.4508 -0.8926
vn -0.0000 -0.9796 0.2007
vn -0.0000 0.9918 -0.1276
vn -0.0000 0.5681 -0.8230
vn -0.0000 -0.5131 0.8583
vn -0.0000 0.4063 -0.9138
vn -0.0000 0.9107 0.4131
vn -0.0000 0.8679 -0.4967
vn -0.0000 -0.3817 -0.9243
vn -0.0000 0.9996 0.0289
vn -0.0000 0.7974 0.6035
vn -0.0000 -0.4068 0.9135
vn -0.0000 -0.9340 -0.3573
vn -0.0000 -0.9992 -0.0396
vn -0.0000 -0.9601 0.2796
vn -0.0000 0.9887 0.1501
vn -0.0000 -0.3934 -0.9194
vn -0.0000 -0.9430 -0.3328
vn -0.0000 -0.0787 -0.9969
vn -0.0000 0.9465 -0.3228
vn -0.0000 0.9899 -0.1415
vn -0.0000 -0.8539 0.5204
vn -0.0000 0.9260 -0.3774
vn -0.0000 -0.9996 0.0296
vn -0.0000 0.8444 0.5357
vn -0.0000 0.9738 -0.2272
vn -0.0000 -0.3956 0.9184
vn -0.0000 0.8028 -0.5963
vn -0.0000 0.9280 0.3725
vn -0.0000 -0.7827 0.6224
vn -0.0000 -0.9853 0.1707
vn -0.0000 -0.9883 0.1523
vn -0.0000 -0.6892 0.7245
vn -0.0000 -0.8391 -0.5440
vn -0.0000 0.7291 -0.6844
vn -0.0000 -0.6585 -0.7525
vn -0.0000 -0.9886 0.1508
vn -0.0000 0.8241 -0.5665
vn -0.0000 0.0625 0.9980
vn -0.0000 0.5272 -0.8497
vn -0.0000 0.9915 -0.1303
vn -0.0000 -0.8447 0.5353
vn -0.0000 0.1156 -0.9933
vn -0.0000 -0.8713 0.4907
vn -0.0000 0.5660 -0.8244
vn -0.0000 -0.9185 0.3953
vn -0.0000 -0.8401 0.5424
vn -0.0000 -0.9982 -0.0593
vn -0.0000 0.2182 0.9759
vn -0.0000 -0.8446 -0.5355
vn -0.0000 -0.9936 0.1132
vn -0.0000 0.8938 -0.4484
vn -0.0000 0.8162 -0.5778
vn -0.0000 0.9592 0.2828
vn -0.0000 0.0616 -0.9981
vn -0.0000 0.0381 0.9993
vn -0.0000 -0.0639 0.9980
vn -0.0000 0.9986 0.0532
vn -0.0000 -0.1627 -0.9867
vn -0.0000 -0.6702 -0.7422
vn -0.0000 -0.8125 0.5829
vn -0.0000 0.3233 -0.9463
vn -0.0000 -0.8432 -0.5376
vn -0.0000 -0.8683 0.4960
vn -0.0000 0.5124 0.8588
vn -0.0000 -0.9844 0.1758
vn -0.0000 -0.9975 0.0712
vn -0.0000 0.8148 -0.5798
vn -0.0000 0.9147 -0.4041
vn -0.0000 0.0771 -0.9970
vn -0.0000 0.9264 0.3766
vn -0.0000 0.2171 0.9761
vn -0.0000 0.9712 0.2381
vn -0.0000 0.0117 -0.9999
vn -0.0000 0.9965 -0.0841
vn -0.0000 -0.3431 0.9393
vn -0.0000 0.6300 -0.7766
vn -0.0000 0.3537 0.9354
vn -0.0000 -0.8153 0.5790
vn -0.0000 -0.9651 -0.2620
vn -0.0000 0.7850 0.6195
vn -0.0000 0.4866 -0.8736
vn -0.0000 -1.0000 -0.0080
vn -0.0000 -0.4130 -0.9107
vn -0.0000 0.9501 -0.3120
vn -0.0000 0.9428 -0.3335
vn -0.0000 0.9999 -0.0112
vn -0.0000 -0.6653 -0.7466
vn -0.0000 -0.8819 0.4715
vn -0.0000 0.8667 0.4988
vn -0.0000 0.7773 0.6291
vn -0.0000 -0.9816 0.1911
vn -0.0000 0.9904 0.1385
vn -0.0000 0.8875 -0.4607
vn -0.0000 -0.5744 -0.8186
vn -0.0000 -0.6128 0.7903
vn -0.0000 -0.9993 0.0384
vn -0.0000 0.9857 0.1683
vn -0.0000 0.9997 -0.0256
vn -0.0000 0.1950 -0.9808
vn -0.0000 0.9996 0.0267
vn -0.0000 0.6661 -0.7459
vn -0.0000 0.9107 -0.4130
vn -0.0000 -0.9989 -0.0465
vn -0.0000 -0.9359 -0.3523
vn -0.0000 0.9153 0.4029
vn -0.0000 -0.9146 0.4044
vn -0.0000 0.8376 -0.5463
vn -0.0000 -0.1725 0.9850
vn -0.0000 -0.7492 0.6623
vn -0.0000 0.5900 0.8074
vn -0.0000 0.2875 -0.9578
vn -0.0000 0.6525 0.7578
vn -0.0000 -0.5486 0.8361
vn -0.0000 0.3250 0.9457
vn -0.0000 -0.9907 -0.1358
vn -0.0000 -0.3600 -0.9330
vn -0.0000 -0.6843 -0.7292
vn -0.0000 -0.1559 -0.9878
vn -0.0000 -0.3941 -0.9191
vn -0.0000 -0.9975 0.0709
vn -0.0000 0.1928 0.9812
vn -0.0000 1.0000 0.0034
vn -0.0000 0.9843 -0.1765
vn -0.0000 -0.2925 -0.9563
vn -0.0000 0.0632 0.9980
vn -0.0000 -0.8919 0.4521
vn -0.0000 0.8690 -0.4949
vn -0.0000 0.9987 0.0515
vn -0.0000 -0.7336 0.6796
vn -0.0000 -0.0597 -0.9982
vn -0.0000 0.7422 -0.6702
vn -0.0000 -0.1742 0.9847
vn -0.0000 0.4368 0.8995
vn -0.0000 0.9512 -0.3087
vn -0.0000 -0.5974 0.8019
vn -0.0000 0.5253 -0.8509
vn -0.0000 0.6383 -0.7698
vn -0.0000 0.7529 0.6581
vn -0.0000 -0.9344 -0.3563
vn -0.0000 -0.1924 -0.9813
vn -0.0000 -0.9517 -0.3071
vn -0.0000 -0.9746 -0.2238
vn -0.0000 -0.7609 0.6489
vn -0.0000 0.8562 0.5166
vn -0.0000 -0.7656 0.6433
vn -0.0000 0.9979 0.0647
vn -0.0000 0.1881 -0.9822
vn -0.0000 0.9235 -0.3835
vn -0.0000 0.9547 -0.2974
vn -0.0000 -0.8298 -0.5580
vn -0.0000 -0.1912 -0.9816
vn -0.0000 -0.9581 0.2863
vn -0.0000 0.9998 -0.0196
vn -0.0000 -0.9532 -0.3024
vn -0.0000 -0.9988 -0.0485
vn -0.0000 0.9999 0.0153
vn -0.0000 -0.9736 0.2285
vn -0.0000 0.1920 0.9814
vn -0.0000 0.9825 0.1863
vn -0.0000 -0.8640 0.5035
vn -0.0000 -0.1895 0.9819
vn -0.0000 -0.9832 0.1828
vn -0.0000 0.9864 -0.1641
vn -0.0000 0.7589 -0.6512
vn -0.0000 -0.9943 0.1070
vn -0.0000 0.9515 0.3076
vn -0.0000 0.6569 -0.7539
vn -0.0000 0.1122 0.9937
vn -0.0000 0.9004 0.4351
vn -0.0000 -0.7478 -0.6639
vn -0.0000 0.1800 -0.9837
vn -0.0000 0.8353 -0.5498
vn -0.0000 -0.6659 -0.7461
vn -0.0000 -0.9046 0.4264
vn -0.0000 -0.8397 -0.5430
vn -0.0000 0.3173 0.9483
vn -0.0000 0.6709 0.7415
vn -0.0000 -0.9482 0.3176
vn -0.0000 -0.3192 0.9477
vn -0.0000 0.3196 -0.9476
vn -0.0000 0.7296 -0.6838
vn -0.0000 0.9394 -0.3429
vn -0.0000 -0.3105 -0.9506
vn -0.0000 -0.0624 -0.9980
vn -0.0000 -0.9461 0.3239
vn -0.0000 0.6660 0.7459
vn -0.0000 0.9668 0.2557
vn -0.0000 0.8395 0.5434
vn -0.0000 0.9029 -0.4297
vn -0.0000 -0.9980 -0.0635
vn -0.0000 0.9786 -0.2056
vn -0.0000 0.6711 0.7414
vn -0.0000 -0.8596 -0.5110
vn -0.0000 -0.6513 0.7589
vn -0.0000 -0.4449 -0.8956
vn -0.0000 0.9827 -0.1851
vn -0.0000 -0.3260 0.9454
vn -0.0000 -0.9826 -0.1856
vn -0.0000 -0.9350 0.3546
vn -0.0000 -0.8291 0.5590
vn -0.0000 0.5711 -0.8209
vn -0.0000 0.9981 -0.0621
vn -0.0000 -0.6558 0.7550
vn -0.0000 0.9775 -0.2109
vn -0.0000 0.9677 0.2520
vn -0.0000 0.9513 0.3084
vn -0.0000 0.9920 -0.1262
vn -0.0000 -0.9894 0.1455
vn -0.0000 -0.8975 0.4409
vn -0.0000 -0.9873 0.1590
vn -0.0000 0.8409 0.5412
vn -0.0000 -0.9997 -0.0245
vn -0.0000 0.5740 0.8189
vn -0.0000 0.9999 -0.0135
vn -0.0000 -0.8849 0.4659
vn -0.0000 -0.7825 -0.6226
vn -0.0000 0.9247 -0.3807
vn -0.0000 -0.9840 0.1779
vn -0.0000 -0.8345 -0.5510
vn -0.0000 0.4463 -0.8949
vn -0.0000 -0.9697 0.2441
vn -0.0000 0.8802 -0.4746
vn -0.0000 0.1976 0.9803
vn -0.0000 -0.9485 -0.3169
vn -0.0000 -0.3104 0.9506
vn -0.0000 0.0555 -0.9985
vn -0.0000 -0.0439 -0.9990
vn -0.0000 -0.1949 -0.9808
vn -0.0000 -0.3959 0.9183
vn -0.0000 0.6446 0.7645
vn -0.0000 -0.0644 0.9979
vn -0.0000 -0.7611 -0.6486
vn -0.0000 -0.5035 -0.8640
vn -0.0000 0.9136 -0.4065
vn -0.0000 0.7745 -0.6326
vn -0.0000 -0.9993 0.0374
vn -0.0000 -0.7691 0.6391
vn -0.0000 -0.8864 0.4628
vn -0.0000 0.6514 -0.7587
vn -0.0000 0.9772 -0.2125
vn -0.0000 0.8268 0.5625
vn -0.0000 -0.9851 0.1717
vn -0.0000 0.9021 -0.4316
vn -0.0000 -0.9315 -0.3639
vn -0.0000 -0.6125 0.7904
vn -0.0000 -0.9707 0.2404
vn -0.0000 0.5284 -0.8490
vn -0.0000 0.9403 -0.3405
vn -0.0000 -0.9089 0.4170
vn -0.0000 0.5828 -0.8126
vn -0.0000 0.9990 -0.0450
vn -0.0000 0.9889 0.1489
vn -0.0000 0.9692 -0.2463
vn -0.0000 -0.9414 0.3372
vn -0.0000 0.7112 -0.7030
vn -0.0000 -0.9469 0.3215
vn -0.0000 0.4675 -0.8840
vn -0.0000 1.0000 0.0002
vn -0.0000 0.1934 -0.9811
vn -0.0000 -0.8198 0.5726
vn -0.0000 -0.5894 0.8078
vn -0.0000 0.5529 0.8333
vn -0.0000 0.3792 0.9253
vn -0.0000 -0.0666 0.9978
vn -0.0000 0.1335 0.9911
vn -0.0000 -0.9961 0.0880
vn -0.0000 0.4342 -0.9008
vn -0.0000 -0.2312 -0.9729
vn -0.0000 -0.6091 -0.7931
vn -0.0000 -0.5601 0.8284
vn -0.0000 -0.4261 -0.9047
vn -0.0000 0.9990 -0.0453
vn -0.0000 -0.9991 0.0424
vn -0.0000 0.7306 -0.6829
vn -0.0000 -0.4427 -0.8967
vn -0.0000 0.9997 0.0247
vn -0.0000 0.9999 -0.0147
vn -0.0000 -0.9367 0.3502
vn -0.0000 0.8143 -0.5804
vn -0.0000 0.4435 0.8963
vn -0.0000 -0.4325 0.9016
vn -0.0000 -0.8218 0.5698
vn -0.0000 0.5591 -0.8291
vn -0.0000 0.5256 -0.8507
vn -0.0000 0.5465 -0.8375
vn -0.0000 -0.8724 -0.4888
vn -0.0000 -0.5522 0.8337
vn -0.0000 -0.5446 -0.8387
vn -0.0000 0.5743 -0.8186
vn -0.0000 -1.0000 -0.0002
vn -0.0000 0.5604 -0.8282
vn -0.0000 -0.7025 0.7117
vn -0.0000 0.5883 -0.8086
vn -0.0000 0.5436 -0.8393
vn -0.0000 0.9582 -0.2860
vn -0.0000 0.5860 -0.8103
vn -0.0000 -0.9174 0.3979
vn -0.0000 0.9972 -0.0749
vn -0.0000 0.1233 -0.9924
vn -0.0000 -0.6632 -0.7485
vn -0.0000 0.1606 0.9870
vn -0.0000 0.4512 0.8924
vn -0.0000 -0.2006 0.9797
vn -0.0000 0.6844 -0.7291
vn -0.0000 0.7348 0.6782
vn -0.0000 -0.5696 0.8219
vn -0.0000 0.9624 -0.2716
vn -0.0000 0.9782 0.2077
vn -0.0000 -0.6126 0.7904
vn -0.0000 0.9805 0.1965
vn -0.0000 0.9997 -0.0248
vn -0.0000 -0.9996 -0.0298
vn -0.0000 -0.9689 0.2473
vn -0.0000 0.9856 -0.1688
vn -0.0000 -0.9996 -0.0266
vn -0.0000 -0.9793 0.2022
vn -0.0000 -0.0514 -0.9987
vn -0.0000 0.0716 0.9974
vn -0.0000 0.7305 -0.6829
vn -0.0000 -0.8992 -0.4376
vn -0.0000 0.5859 -0.8104
vn -0.0000 0.2472 -0.9690
vn -0.0000 0.0655 0.9979
vn -0.0000 0.5934 0.8049
vn -0.0000 -0.0647 -0.9979
vn -0.0000 0.7734 -0.6339
vn -0.0000 0.5744 -0.8186
vn -0.0000 0.8527 -0.5225
vn -0.0000 0.9488 0.3159
vn -0.0000 0.9544 0.2985
vn -0.0000 0.9896 -0.1437
vn -0.0000 0.9925 0.1226
vn -0.0000 -0.8848 0.4659
vn -0.0000 -0.8470 0.5316
vn -0.0000 0.0113 0.9999
vn -0.0000 -0.9231 -0.3845
vn -0.0000 -0.9207 -0.3903
vn -0.0000 -0.9980 0.0625
vn -0.0000 -0.2844 -0.9587
vn -0.0000 0.9827 0.1854
vn -0.0000 -0.9933 -0.1157
vn -0.0000 1.0000 0.0011
vn -0.0000 0.1334 0.9911
vn -0.0000 0.9681 -0.2504
vn -0.0000 0.3935 -0.9193
vn -0.0000 0.4048 -0.9144
vn -0.0000 0.4313 0.9022
vn -0.0000 -0.9934 0.1147
vn -0.0000 0.8531 -0.5217
vn -0.0000 -0.9016 0.4326
vn -0.0000 -0.7554 -0.6552
vn -0.0000 0.0397 -0.9992
vn -0.0000 0.3273 0.9449
vn -0.0000 -0.0529 0.9986
vn -0.0000 0.1926 -0.9813
vn -0.0000 -0.6761 0.7368
vn -0.0000 0.9999 -0.0144
vn -0.0000 0.9576 -0.2882
vn -0.0000 0.9484 -0.3169
vn -0.0000 0.9833 0.1817
vn -0.0000 -0.9425 -0.3342
vn -0.0000 -0.9323 0.3617
vn -0.0000 0.6361 -0.7716
vn -0.0000 0.6207 -0.7840
vn -0.0000 0.6281 -0.7782
vn -0.0000 -0.9997 0.0233
vn -0.0000 0.5666 0.8240
vn -0.0000 0.1712 -0.9852
vn -0.0000 -0.5591 -0.8291
vn -0.0000 0.9977 0.0677
vn -0.0000 0.2380 0.9713
vn -0.0000 0.9977 -0.0676
vn -0.0000 -0.3170 -0.9484
vn -0.0000 0.6659 0.7460
vn -0.0000 0.9786 0.2060
vn -0.0000 0.4509 -0.8926
vn -0.0000 -0.4518 0.8921
vn -0.0000 -0.7504 -0.6609
vn -0.0000 0.0403 -0.9992
vn -0.0000 -0.9509 0.3094
vn -0.0000 -0.9865 0.1639
vn -0.0000 0.8931 -0.4499
vn -0.0000 0.9985 -0.0555
vn -0.0000 0.5110 -0.8596
vn -0.0000 0.2817 0.9595
vn -0.0000 -0.9638 -0.2666
vn -0.0000 0.5632 -0.8263
vn -0.0000 0.0574 -0.9984
vn -0.0000 -0.4834 0.8754
vn -0.0000 -0.5426 -0.8400
vn -0.0000 -0.9983 0.0584
vn -0.0000 -0.4360 -0.9000
vn -0.0000 -0.9977 -0.0677
vn -0.0000 0.8288 0.5595
vn -0.0000 0.5534 0.8329
vn -0.0000 0.6400 0.7684
vn -0.0000 0.9175 -0.3977
vn -0.0000 0.6337 0.7736
vn -0.0000 0.9966 0.0818
vn -0.0000 -0.9989 0.0474
vn -0.0000 0.9964 -0.0850
vn -0.0000 0.9314 -0.3640
vn -0.0000 -0.8931 -0.4498
vn -0.0000 -0.9586 0.2847
vn -0.0000 0.7629 0.6465
vn -0.0000 -0.9977 0.0676
vn -0.0000 -0.9815 -0.1914
vn -0.0000 -0.3226 -0.9465
vn -0.0000 -0.1956 0.9807
vn -0.0000 0.3983 -0.9173
vn -0.0000 0.6800 -0.7332
vn -0.0000 -0.0649 -0.9979
vn -0.0000 0.9628 0.2702
vn -0.0000 0.4424 0.8968
vn -0.0000 -0.9981 -0.0618
vn -0.0000 0.9985 0.0550
vn -0.0000 0.9660 0.2585
vn -0.0000 -0.5485 -0.8361
vn -0.0000 0.8651 0.5015
vn -0.0000 -0.9545 0.2983
vn -0.0000 -0.9815 -0.1916
vn -0.0000 -0.9931 0.1172
vn -0.0000 -0.6372 -0.7707
vn -0.0000 -0.6386 0.7696
vn -0.0000 0.6610 0.7504
vn -0.0000 0.3297 -0.9441
vn -0.0000 -0.5522 -0.8337
vn -0.0000 0.5283 -0.8490
vn -0.0000 0.5444 0.8388
vn -0.0000 0.9899 -0.1416
vn -0.0000 0.0298 0.9996
vn -0.0000 -0.6225 0.7826
vn -0.0000 0.5136 0.8580
vn -0.0000 -0.9795 0.2016
vn -0.0000 -0.8220 -0.5695
vn -0.0000 0.5605 -0.8282
vn -0.0000 0.7728 -0.6347
vn -0.0000 -0.8432 0.5377
vn -0.0000 -0.9995 0.0320
vn -0.0000 0.2847 -0.9586
vn -0.0000 0.6174 -0.7866
vn -0.0000 -0.9896 -0.1441
vn -0.0000 -0.6530 -0.7573
vn -0.0000 -0.6534 0.7570
vn -0.0000 -0.9971 0.0766
vn -0.0000 0.5335 -0.8458
vn -0.0000 0.9998 0.0220
vn -0.0000 -0.5408 0.8412
vn -0.0000 0.9441 -0.3296
vn -0.0000 0.5356 -0.8445
vn -0.0000 -0.9114 0.4116
vn -0.0000 -0.5314 0.8471
vn -0.0000 0.8553 0.5182
vn -0.0000 -0.9484 -0.3172
vn -0.0000 0.4047 -0.9144
vn -0.0000 0.9871 -0.1600
vn -0.0000 0.9916 -0.1294
vn -0.0000 -0.8265 0.5629
vn -0.0000 0.7349 0.6782
vn -0.0000 0.9930 -0.1185
vn -0.0000 0.2865 -0.9581
vn -0.0000 0.7306 -0.6828
vn -0.0000 -0.1808 0.9835
vn -0.0000 0.9805 0.1966
vn -0.0000 0.0589 0.9983
vn -0.0000 -0.3288 -0.9444
vn -0.0000 0.9314 0.3640
vn -0.0000 -0.6863 -0.7273
vn -0.0000 0.7614 0.6483
vn -0.0000 -0.6899 -0.7239
vn -0.0000 0.5437 -0.8393
vn -0.0000 -0.9127 -0.4086
vn -0.0000 0.6895 -0.7242
vn -0.0000 0.5646 -0.8253
vn -0.0000 0.5521 -0.8338
vn -0.0000 0.5793 -0.8151
vn -0.0000 0.9968 0.0805
vn -0.0000 -0.9740 0.2264
vn -0.0000 0.9145 -0.4046
vn -0.0000 -0.9556 0.2946
vn -0.0000 -0.1446 0.9895
vn -0.0000 0.0536 -0.9986
vn -0.0000 0.9837 -0.1796
vn -0.0000 0.9074 0.4203
vn -0.0000 -0.9926 0.1212
vn -0.0000 0.7993 0.6010
vn -0.0000 -0.8870 0.4618
vn -0.0000 -0.8689 -0.4949
vn -0.0000 -0.7665 -0.6423
vn -0.0000 0.2471 -0.9690
vn -0.0000 -1.0000 0.0045
vn -0.0000 0.1892 -0.9819
vn -0.0000 0.9996 -0.0270
vn -0.0000 0.9586 0.2848
vn -0.0000 -0.9994 -0.0357
vn -0.0000 -0.9894 0.1451
vn -0.0000 0.9998 0.0217
vn -0.0000 0.7596 -0.6503
vn -0.0000 -0.8052 0.5929
vn -0.0000 -0.9986 0.0520
vn -0.0000 -0.3680 0.9298
vn -0.0000 -0.1789 -0.9839
vn -0.0000 0.9970 -0.0768
vn -0.0000 0.5843 0.8115
vn -0.0000 0.9839 0.1789
vn -0.0000 0.8902 -0.4556
vn -0.0000 -0.9671 -0.2546
vn -0.0000 0.5352 -0.8447
vn -0.0000 0.9684 -0.2493
vn -0.0000 -0.9394 0.3427
vn -0.0000 -0.9192 0.3938
vn -0.0000 0.7026 0.7116
vn -0.0000 -0.9997 0.0235
vn -0.0000 -0.9727 -0.2320
vn -0.0000 0.3188 0.9478
vn -0.0000 -0.5678 -0.8232
vn -0.0000 -0.2389 -0.9710
vn -0.0000 0.3210 0.9471
vn -0.0000 -0.4392 -0.8984
vn -0.0000 0.4468 -0.8946
vn -0.0000 -0.6015 0.7988
vn -0.0000 0.8504 -0.5261
vn -0.0000 -0.6168 0.7871
vn -0.0000 -0.4889 0.8724
vn -0.0000 0.9897 0.1435
vn -0.0000 0.9282 0.3721
vn -0.0000 0.9998 -0.0203
vn -0.0000 -0.9198 -0.3924
vn -0.0000 0.6839 -0.7296
vn -0.0000 -0.3212 -0.9470
vn -0.0000 0.9984 -0.0558
vn -0.0000 0.7805 0.6251
vn -0.0000 -0.9500 0.3122
vn -0.0000 0.9765 -0.2153
vn -0.0000 0.9841 -0.1777
vn -0.0000 0.8724 0.4887
vn -0.0000 0.5638 0.8259
vn -0.0000 -0.9399 0.3415
vn -0.0000 -0.3258 -0.9455
vn -0.0000 0.8443 -0.5358
vn -0.0000 -0.9836 -0.1805
vn -0.0000 -0.4065 0.9136
vn -0.0000 0.6784 -0.7347
vn -0.0000 0.8918 0.4525
vn -0.0000 0.9964 0.0848
vn -0.0000 -0.9478 -0.3188
vn -0.0000 -0.9990 -0.0445
vn -0.0000 1.0000 0.0037
vn -0.0000 -0.7448 0.6673
vn -0.0000 0.0715 0.9974
vn -0.0000 0.9948 -0.1018
vn -0.0000 -0.9979 0.0647
vn -0.0000 -0.9764 0.2158
vn -0.0000 -0.8994 -0.4372
vn -0.0000 0.9341 -0.3571
vn -0.0000 0.5935 0.8049
vn -0.0000 -0.9974 0.0723
vn -0.0000 0.9660 0.2586
vn -0.0000 -0.9756 0.2196
vn -0.0000 0.7652 0.6438
vn -0.0000 0.9613 -0.2756
vn -0.0000 0.1889 -0.9820
vn -0.0000 -0.8193 0.5734
vn -0.0000 -0.1327 0.9912
vn -0.0000 0.9974 -0.0723
vn -0.0000 -0.9959 0.0900
vn -0.0000 0.7134 -0.7008
vn -0.0000 -0.9070 -0.4211
vn -0.0000 -0.0646 -0.9979
vn -0.0000 -0.7928 0.6094
vn -0.0000 -0.7596 -0.6504
vn -0.0000 -0.1839 0.9829
vn -0.0000 1.0000 -0.0070
vn -0.0000 0.8500 0.5269
vn -0.0000 0.1940 0.9810
vn -0.0000 0.5877 0.8091
vn -0.0000 0.8534 -0.5212
vn -0.0000 0.7289 -0.6846
vn -0.0000 -0.5633 -0.8262
vn -0.0000 0.9822 -0.1877
vn -0.0000 0.9819 0.1894
vn -0.0000 -0.8547 0.5192
vn -0.0000 0.9991 -0.0435
vn -0.0000 0.3570 -0.9341
vn -0.0000 0.6830 0.7304
vn -0.0000 -0.9409 0.3386
vn -0.0000 -0.8945 0.4471
vn -0.0000 -0.9481 0.3181
vn -0.0000 0.3509 0.9364
vn -0.0000 -0.6818 -0.7316
vn -0.0000 -0.9997 0.0230
vn -0.0000 0.8566 -0.5159
vn -0.0000 0.3232 -0.9463
vn -0.0000 0.9988 0.0481
vn -0.0000 0.9862 0.1656
vn -0.0000 -0.1880 0.9822
vn -0.0000 0.9296 -0.3686
vn -0.0000 -0.8408 0.5413
vn -0.0000 0.1698 -0.9855
vn -0.0000 -0.8859 0.4639
vn -0.0000 -0.7641 -0.6451
vn -0.0000 0.4637 0.8860
vn -0.0000 -0.2860 0.9582
vn -0.0000 -0.9925 0.1224
vn -0.0000 0.7457 0.6663
vn -0.0000 -0.9990 -0.0441
vn -0.0000 -0.5360 -0.8442
vn -0.0000 -0.5980 -0.8015
vn -0.0000 0.8624 -0.5062
vn -0.0000 0.9529 -0.3032
vn -0.0000 -0.9375 0.3480
vn -0.0000 -0.8081 0.5890
vn -0.0000 0.9510 -0.3092
vn -0.0000 -0.9227 0.3854
vn -0.0000 0.2818 0.9595
vn -0.0000 -0.0633 -0.9980
vn -0.0000 0.9831 -0.1832
vn -0.0000 0.0755 0.9971
vn -0.0000 0.5633 -0.8263
vn -0.0000 -0.9986 -0.0530
vn -0.0000 0.9987 0.0518
vn -0.0000 0.9269 -0.3754
vn -0.0000 0.9160 0.4011
vn -0.0000 -0.9830 -0.1837
vn -0.0000 -0.9064 -0.4224
vn -0.0000 0.9017 -0.4324
vn -0.0000 0.8550 0.5187
vn -0.0000 0.6584 0.7526
vn -0.0000 -0.6668 0.7453
vn -0.0000 -0.9730 0.2307
vn -0.0000 -0.9978 -0.0656
vn -0.0000 -0.9980 0.0630
vn -0.0000 1.0000 0.0066
vn -0.0000 -0.4660 -0.8848
vn -0.0000 -0.4339 0.9010
vn -0.0000 0.9585 0.2851
vn -0.0000 -0.3189 -0.9478
vn -0.0000 0.7587 -0.6514
vn -0.0000 0.0646 -0.9979
vn -0.0000 0.3199 0.9475
vn -0.0000 -0.3132 0.9497
vn -0.0000 -0.9785 -0.2064
vn -0.0000 -0.0573 0.9984
vn -0.0000 0.6651 -0.7467
vn -0.0000 0.4069 -0.9135
vn -0.0000 -0.6544 0.7561
vn -0.0000 0.5490 0.8358
vn -0.0000 -0.6513 -0.7588
vn -0.0000 -0.7618 -0.6478
vn -0.0000 0.9829 0.1841
vn -0.0000 0.1935 0.9811
vn -0.0000 -0.2570 -0.9664
vn -0.0000 0.9984 -0.0563
vn -0.0000 -0.9819 0.1895
vn -0.0000 -0.1781 -0.9840
vn -0.0000 0.3175 0.9483
vn -0.0000 0.6585 -0.7526
vn -0.0000 -0.8344 0.5511
vn -0.0000 0.6386 -0.7695
vn -0.0000 0.9750 -0.2220
vn -0.0000 0.9484 -0.3170
vn -0.0000 -0.6863 0.7273
vn -0.0000 0.9807 0.1957
vn -0.0000 -0.7111 -0.7031
vn -0.0000 0.9985 0.0548
vn -0.0000 -0.8694 -0.4941
vn -0.0000 -0.8876 -0.4606
vn -0.0000 -0.8308 0.5566
vn -0.0000 0.5614 -0.8276
vn -0.0000 -0.8834 0.4685
vn -0.0000 -0.8454 0.5341
vn -0.0000 0.9018 -0.4322
vn -0.0000 0.9954 -0.0963
vn -0.0000 0.8342 0.5514
vn -0.0000 0.4533 0.8914
vn -0.0000 -0.9856 0.1690
vn -0.0000 -0.0536 -0.9986
vn -0.0000 0.9500 0.3123
vn -0.0000 -0.8406 0.5417
vn -0.0000 0.0645 0.9979
vn -0.0000 0.7530 -0.6580
vn -0.0000 0.0624 -0.9981
vn -0.0000 -0.4014 -0.9159
vn -0.0000 0.0638 0.9980
vn -0.0000 -0.9521 0.3058
vn -0.0000 -0.5002 0.8659
vn -0.0000 -0.0630 -0.9980
vn -0.0000 0.9906 -0.1369
vn -0.0000 0.8313 -0.5559
vn -0.0000 -0.7600 -0.6499
vn -0.0000 -0.0633 0.9980
vn -0.0000 0.8941 0.4478
vn -0.0000 0.0634 -0.9980
vn -0.0000 0.0634 0.9980
vn -0.0000 -1.0000 -0.0012
vn -0.0000 -0.8123 0.5832
vn -0.0000 0.1917 0.9815
vn -0.0000 0.8386 -0.5447
vn -0.0000 0.9999 -0.0167
vn -0.0000 0.9311 -0.3648
vn -0.0000 -0.1913 0.9815
vn -0.0000 0.9036 0.4283
vn -0.0000 0.9980 0.0632
vn -0.0000 0.1919 -0.9814
vn -0.0000 -0.8312 -0.5560
vn -0.0000 -0.1873 -0.9823
vn -0.0000 0.9337 -0.3582
vn -0.0000 -0.9982 0.0601
vn -0.0000 -0.8970 0.4420
vn -0.0000 -0.9773 0.2118
vn -0.0000 0.7598 0.6501
vn -0.0000 0.5498 -0.8353
vn -0.0000 0.0619 -0.9981
vn -0.0000 0.9511 -0.3089
vn -0.0000 1.0000 0.0036
vn -0.0000 -0.7465 0.6654
vn -0.0000 -0.9498 -0.3128
vn -0.0000 0.4384 0.8988
vn -0.0000 0.6896 -0.7242
vn -0.0000 -0.5593 -0.8289
vn -0.0000 -0.4432 0.8964
vn -0.0000 0.4430 -0.8965
vn -0.0000 0.5222 -0.8528
vn -0.0000 -0.4302 -0.9027
vn -0.0000 0.5598 0.8286
vn -0.0000 -0.8961 0.4438
vn -0.0000 -0.5459 0.8379
vn -0.0000 0.9981 -0.0610
vn -0.0000 0.9145 -0.4045
vn -0.0000 0.3306 -0.9438
vn -0.0000 0.9628 0.2701
vn -0.0000 0.9876 -0.1570
vn -0.0000 -0.9999 -0.0131
vn -0.0000 -0.9958 0.0914
vn -0.0000 -0.9972 0.0745
vn -0.0000 -0.5204 -0.8539
vn -0.0000 1.0000 0.0031
vn -0.0000 0.7727 -0.6347
vn -0.0000 -0.9997 0.0243
vn -0.0000 -0.8837 0.4681
vn -0.0000 0.5966 -0.8025
vn -0.0000 0.8063 -0.5915
vn -0.0000 0.3272 0.9449
vn -0.0000 -0.4500 0.8930
vn -0.0000 -0.7162 0.6979
vn -0.0000 -0.1355 -0.9908
vn -0.0000 0.2506 0.9681
vn -0.0000 0.5680 -0.8230
vn -0.0000 -1.0000 -0.0032
vn -0.0000 -0.9709 0.2395
vn -0.0000 -0.9995 0.0321
vn -0.0000 0.6174 -0.7867
vn -0.0000 -0.7595 0.6506
vn -0.0000 0.5647 -0.8253
vn -0.0000 0.5521 -0.8337
vn -0.0000 0.5861 -0.8102
vn -0.0000 0.5849 -0.8111
vn -0.0000 0.0770 -0.9970
vn -0.0000 -0.1356 -0.9908
vn -0.0000 -1.0000 0.0038
vn -0.0000 0.9936 0.1128
vn -0.0000 -0.8220 -0.5694
vn -0.0000 0.9995 0.0329
vn -0.0000 0.6895 -0.7243
vn -0.0000 0.9998 0.0180
vn -0.0000 -0.6534 0.7571
vn -0.0000 -0.9894 0.1450
vn -0.0000 0.9999 0.0140
vn -0.0000 -0.7161 0.6980
vn -0.0000 0.9583 0.2857
vn -0.0000 0.7296 -0.6839
vn -0.0000 0.9960 0.0897
vn -0.0000 0.5124 0.8587
vn -0.0000 0.8148 -0.5797
vn -0.0000 0.9667 0.2557
vn -0.0000 0.9981 0.0613
vn -0.0000 -0.3941 0.9191
vn -0.0000 0.8667 0.4987
vn -0.0000 -0.6353 0.7722
vn -0.0000 0.8875 -0.4608
vn -0.0000 -0.3873 -0.9220
vn -0.0000 -0.6128 0.7902
vn -0.0000 -0.9975 0.0703
vn -0.0000 -0.9976 0.0694
vn -0.0000 0.6298 0.7768
vn -0.0000 0.9989 -0.0473
vn -0.0000 -0.6225 -0.7826
vn -0.0000 0.9795 -0.2014
vn -0.0000 0.9441 0.3297
vn -0.0000 0.9854 -0.1703
vn -0.0000 -0.9314 -0.3639
vn -0.0000 -0.9968 -0.0796
vn -0.0000 -0.9534 -0.3017
vn -0.0000 -0.6402 -0.7682
vn -0.0000 0.3918 0.9200
vn -0.0000 0.9998 0.0186
vn -0.0000 0.6355 -0.7721
vn -0.0000 -0.8932 -0.4498
vn -0.0000 -0.9733 -0.2297
vn -0.0000 0.9982 -0.0604
vn -0.0000 0.8152 -0.5791
vn -0.0000 -0.9987 0.0517
vn -0.0000 -0.6609 0.7505
vn -0.0000 0.9820 -0.1888
vn -0.0000 -0.8432 0.5376
vn -0.0000 -0.4086 0.9127
vn -0.0000 0.0500 0.9988
vn -0.0000 0.7237 -0.6901
vn -0.0000 -0.9795 -0.2015
vn -0.0000 0.9466 -0.3223
vn -0.0000 -0.9113 0.4117
vn -0.0000 -0.9585 0.2851
vn -0.0000 -0.6488 0.7610
vn -0.0000 -0.1668 0.9860
vn -0.0000 -0.0539 0.9985
vn -0.0000 -0.8297 -0.5583
vn -0.0000 -0.1929 -0.9812
vn -0.0000 0.3370 0.9415
vn -0.0000 -0.7475 -0.6643
vn -0.0000 -0.9964 0.0845
vn -0.0000 0.9986 -0.0528
vn -0.0000 0.8907 -0.4546
vn -0.0000 -0.7545 0.6563
vn -0.0000 -0.2858 0.9583
vn -0.0000 0.1438 0.9896
vn -0.0000 -0.8973 -0.4415
vn -0.0000 -0.9441 0.3296
vn -0.0000 -0.9994 -0.0353
vn -0.0000 0.0499 0.9988
vn -0.0000 0.5606 0.8281
vn -0.0000 -0.9846 0.1747
vn -0.0000 0.9997 0.0246
vn -0.0000 -0.9706 0.2407
vn -0.0000 0.9994 0.0340
vn -0.0000 0.9999 0.0105
vn -0.0000 -0.9469 0.3216
vn -0.0000 -0.9932 0.1166
vn -0.0000 -0.9342 0.3568
vn -0.0000 -0.8199 0.5726
vn -0.0000 -0.9971 0.0767
vn -0.0000 0.9973 -0.0739
vn -0.0000 0.9990 0.0443
vn -0.0000 -0.8297 -0.5582
vn -0.0000 -0.9367 0.3501
vn -0.0000 -0.8218 0.5697
vn -0.0000 0.6514 -0.7588
vn -0.0000 0.5827 -0.8127
vn -0.0000 -0.9773 0.2119
vn -0.0000 -0.9994 0.0356
vn -0.0000 -0.9923 0.1236
vn -0.0000 0.0620 -0.9981
vn -0.0000 0.2172 0.9761
vn -0.0000 -0.4499 0.8931
vn -0.0000 0.9979 -0.0651
vn -0.0000 0.9895 0.1442
vn -0.0000 -0.9737 0.2278
vn -0.0000 -0.9832 0.1824
vn -0.0000 -0.9978 0.0670
vn -0.0000 -0.7595 0.6505
vn -0.0000 0.9229 0.3851
vn -0.0000 -0.8836 0.4682
vn -0.0000 0.8289 0.5595
vn -0.0000 0.9998 0.0178
vn -0.0000 0.4314 0.9022
vn -0.0000 -0.9999 -0.0103
vn 1.0000 0.0060 -0.0000
vn 1.0000 0.0010 -0.0000
vn 1.0000 -0.0005 -0.0000
vn 1.0000 0.0003 -0.0000
vn 1.0000 -0.0012 -0.0000
vn 1.0000 -0.0007 -0.0000
vn 1.0000 0.0032 -0.0000
vn 1.0000 -0.0008 -0.0000
vn 1.0000 0.0009 -0.0000
vn 1.0000 -0.0009 -0.0000
vn 1.0000 0.0006 -0.0000
vn 0.9996 -0.0290 -0.0000
vn 1.0000 0.0004 -0.0000
vn 1.0000 -0.0006 -0.0000
vn -0.0000 -0.8668 -0.4987
vn -0.0000 -0.7599 -0.6501
vn -0.0000 -0.9997 0.0257
vn -0.0000 -0.9997 0.0256
vn -0.0000 -0.9511 0.3090
vn -0.0000 -0.9970 0.0769
vn -0.0000 -0.9738 0.2273
vn -0.0000 -0.9613 0.2756
vn -0.0000 -0.8143 0.5805
vn -0.0000 0.7246 -0.6892
vn -0.0000 -0.9465 0.3228
vn -0.0000 0.8291 -0.5591
vn -0.0000 -0.8443 0.5359
vn -0.0000 0.9982 0.0603
vn -0.0000 0.8859 -0.4640
vn -0.0000 0.6558 -0.7550
vn -0.0000 -0.9989 0.0473
vn -0.0000 0.7447 -0.6673
vn -0.0000 -0.5646 0.8253
vn -0.0000 0.9959 -0.0901
vn -0.0000 0.6585 0.7526
vn -0.0000 0.5360 0.8442
vn -0.0000 -0.1940 -0.9810
vn -0.0000 0.3956 -0.9184
vn -0.0000 -0.8689 0.4949
vn -0.0000 0.6631 0.7485
vn -0.0000 0.7554 0.6553
vn -0.0000 0.8401 -0.5424
vn -0.0000 -0.6281 0.7782
vn -0.0000 -0.8161 0.5779
vn -0.0000 -0.9729 -0.2312
vn -0.0000 -0.7850 -0.6194
vn -0.0000 -0.9833 -0.1818
vn -0.0000 0.8408 -0.5413
vn -0.0000 -0.8876 0.4607
vn -0.0000 0.6128 -0.7903
vn -0.0000 -0.9977 0.0675
vn -0.0000 -0.9795 0.2014
vn -0.0000 -0.9441 -0.3297
vn -0.0000 0.9315 0.3639
vn -0.0000 -0.8931 0.4499
vn -0.0000 -0.5605 -0.8281
vn -0.0000 -0.5606 0.8281
vn -0.0000 0.9990 0.0456
vn -0.0000 0.5605 -0.8281
vn -0.0000 0.6609 -0.7504
vn -0.0000 0.7503 -0.6610
vn -0.0000 0.7504 0.6609
vn -0.0000 0.9977 -0.0675
vn -0.0000 -0.0619 0.9981
vn -0.0000 0.9113 -0.4117
vn -0.0000 0.9986 -0.0520
vn -0.0000 0.9556 -0.2945
vn -0.0000 -0.6659 -0.7460
vn -0.0000 -0.7729 -0.6345
vn -0.0000 0.8689 0.4950
vn -0.0000 0.9671 0.2546
vn -0.0000 -0.5613 0.8276
vn -0.0000 -0.7596 0.6504
vn -0.0000 0.3599 0.9330
vn -0.0000 0.5975 -0.8019
vn -0.0000 0.9114 -0.4116
vn -0.0000 -0.9459 -0.3246
vn -0.0000 0.6534 -0.7571
vn -0.0000 -0.9983 -0.0587
vn -0.0000 0.8298 0.5581
vn -0.0000 -0.9981 0.0612
vn -0.0000 0.8919 -0.4522
vn -0.0000 -0.9538 -0.3003
vn -0.0000 0.9691 0.2466
vn 0.0012 -0.0000 1.0000
vn -0.0000 -0.9512 0.3086
vn -0.0000 -0.8444 -0.5357
vn -0.0000 -0.7070 0.7072
vn -0.0000 0.9500 -0.3122
vn -0.0000 0.9030 -0.4295
vn -0.0000 0.8870 -0.4617
vn -0.0000 0.9227 -0.3854
vn -0.0000 0.9982 0.0595
vn -0.0000 0.9736 -0.2285
vn -0.0000 -0.3210 -0.9471
vn -0.0000 0.4065 -0.9136
vn -0.0000 0.9046 -0.4264
vn -0.0000 -0.8499 -0.5269
vn -0.0000 0.9932 -0.1166
vn -0.0000 0.9773 -0.2119
vn -0.0000 0.9469 -0.3216
vn -0.0000 0.9340 0.3573
vn -0.0000 -0.5124 -0.8587
vn -0.0000 0.4499 -0.8931
vn -0.0000 0.9947 0.1032
vn -0.0000 0.9998 0.0197
vn -0.0000 0.9631 -0.2692
vn -0.0000 0.9538 0.3003
vn -0.0000 -0.9350 0.3545
vn -0.0000 -0.9996 0.0295
vn -0.0000 0.9739 -0.2272
vn -0.0000 -0.3955 0.9184
vn -0.0000 -0.6585 -0.7526
vn -0.0000 -0.9185 0.3954
vn -0.0000 -0.8402 0.5424
vn -0.0000 0.2183 0.9759
vn -0.0000 0.8161 -0.5779
vn -0.0000 0.9986 0.0531
vn -0.0000 -0.8432 -0.5375
vn -0.0000 0.9843 -0.1766
vn -0.0000 -0.8919 0.4522
vn -0.0000 -0.9032 0.4292
vn -0.0000 0.7422 -0.6701
vn -0.0000 -0.5975 0.8019
vn -0.0000 0.9548 -0.2974
vn -0.0000 -0.8298 -0.5581
vn -0.0000 0.9030 -0.4297
vn -0.0000 -0.8595 -0.5111
vn -0.0000 -0.8975 0.4410
vn -0.0000 0.8268 0.5624
vn -0.0000 0.7111 -0.7030
vn -0.0000 0.9488 0.3158
vn -0.0000 -0.9207 -0.3904
vn -0.0000 -0.7246 0.6892
vn -0.0000 0.9576 -0.2881
vn -0.0000 0.9485 -0.3169
vn -0.0000 -0.6609 -0.7505
vn -0.0000 -0.9323 0.3616
vn -0.0000 0.6281 -0.7781
vn -0.0000 0.5665 0.8240
vn -0.0000 0.9977 0.0676
vn -0.0000 0.6660 0.7460
vn -0.0000 -0.8281 -0.5606
vn -0.0000 -0.9983 0.0585
vn -0.0000 -0.9977 -0.0676
vn -0.0000 0.8931 0.4499
vn -0.0000 -0.3227 -0.9465
vn -0.0000 0.8143 -0.5805
vn -0.0000 0.9795 0.2014
vn -0.0000 0.4047 -0.9145
vn -0.0000 0.5256 -0.8508
vn -0.0000 0.7992 0.6010
vn -0.0000 0.9970 -0.0769
vn -0.0000 -0.9997 0.0234
vn -0.0000 0.3209 0.9471
vn -0.0000 0.9897 0.1434
vn -0.0000 0.9282 0.3722
vn -0.0000 -0.7447 0.6674
vn -0.0000 0.9660 0.2587
vn -0.0000 -0.9959 0.0901
vn -0.0000 -0.9070 -0.4212
vn -0.0000 0.7734 -0.6340
vn -0.0000 0.8499 0.5269
vn -0.0000 0.1939 0.9810
vn -0.0000 0.8566 -0.5160
vn -0.0000 -0.8858 0.4640
vn -0.0000 -0.9990 -0.0440
vn -0.0000 -0.8081 0.5891
vn -0.0000 -0.9986 -0.0531
vn -0.0000 0.9269 -0.3753
vn -0.0000 -0.9830 -0.1838
vn -0.0000 -0.9730 0.2306
vn -0.0000 -0.8834 0.4686
vn -0.0000 0.7530 -0.6581
vn -0.0000 -1.0000 -0.0011
vn -0.0000 -0.7464 0.6654
vn -0.0000 -0.7594 0.6506
vn -0.0000 -0.6533 0.7571
vn -0.0000 0.6709 0.7416
vn -0.0000 0.9667 0.2558
vn -0.0000 -0.8154 0.5790
vn -0.0000 -0.6631 -0.7485
vn -0.0000 0.9989 -0.0472
vn -0.0000 0.3297 0.9441
vn -0.0000 -0.9795 -0.2016
vn -0.0000 0.8932 -0.4498
vn -0.0000 -0.9932 0.1167
vn -0.0000 0.5743 -0.8187
vn -0.0000 -0.9737 0.2279
vt 0.668343 0.288401
vt 0.668339 0.326747
vt 0.707137 0.326751
vt 0.741880 0.326754
vt 0.668346 0.254064
vt 0.668344 0.271189
vt 0.668333 0.399431
vt 0.722572 0.399435
vt 0.732253 0.334364
vt 0.741874 0.399437
vt 0.687292 0.436851
vt 0.682767 0.423458
vt 0.678569 0.436850
vt 0.722566 0.472119
vt 0.696795 0.452521
vt 0.692681 0.452521
vt 0.669352 0.452519
vt 0.681410 0.415325
vt 0.741867 0.472120
vt 0.732248 0.399436
vt 0.732247 0.405145
vt 0.722566 0.479749
vt 0.668327 0.472114
vt 0.722560 0.544802
vt 0.741861 0.544804
vt 0.732242 0.472120
vt 0.732241 0.475925
vt 0.722560 0.548618
vt 0.668321 0.544798
vt 0.722554 0.617486
vt 0.741855 0.617487
vt 0.732235 0.544803
vt 0.732235 0.546706
vt 0.722548 0.686354
vt 0.668314 0.617481
vt 0.722548 0.690169
vt 0.741849 0.690171
vt 0.732229 0.617486
vt 0.732223 0.688267
vt 0.722542 0.755222
vt 0.668308 0.690165
vt 0.722541 0.762853
vt 0.741843 0.762854
vt 0.732223 0.690170
vt 0.732217 0.759048
vt 0.722536 0.824090
vt 0.668302 0.762848
vt 0.722535 0.835536
vt 0.741836 0.835538
vt 0.732217 0.762853
vt 0.732211 0.829828
vt 0.732205 0.900609
vt 0.741830 0.908221
vt 0.732210 0.835537
vt 0.668290 0.908215
vt 0.707088 0.908218
vt 0.668283 0.980898
vt 0.724503 0.908220
vt 0.668286 0.946561
vt 0.660644 0.263577
vt 0.594804 0.263572
vt 0.594799 0.326741
vt 0.652903 0.273139
vt 0.617551 0.436845
vt 0.613027 0.423452
vt 0.608829 0.436844
vt 0.664670 0.445020
vt 0.663484 0.446832
vt 0.614509 0.415319
vt 0.652526 0.415539
vt 0.651868 0.420310
vt 0.660182 0.443970
vt 0.663230 0.432199
vt 0.594787 0.472108
vt 0.594780 0.544792
vt 0.594774 0.617475
vt 0.597508 0.757554
vt 0.604387 0.762843
vt 0.602613 0.760716
vt 0.594768 0.690158
vt 0.604273 0.753887
vt 0.606408 0.755739
vt 0.606255 0.785599
vt 0.606257 0.766088
vt 0.594759 0.794706
vt 0.611323 0.788434
vt 0.609979 0.791160
vt 0.594755 0.835525
vt 0.668296 0.835531
vt 0.594743 0.980892
vt 0.660584 0.971384
vt 0.594749 0.908209
vt 0.594745 0.961816
vt 0.583223 0.273133
vt 0.521258 0.326735
vt 0.594803 0.273134
vt 0.594805 0.254058
vt 0.521264 0.263566
vt 0.589029 0.263571
vt 0.594793 0.399425
vt 0.575462 0.420304
vt 0.574063 0.415533
vt 0.574063 0.420304
vt 0.550610 0.420302
vt 0.548347 0.415530
vt 0.548347 0.420302
vt 0.550610 0.415531
vt 0.521252 0.399419
vt 0.521246 0.472102
vt 0.521240 0.544785
vt 0.521233 0.617469
vt 0.531646 0.762837
vt 0.531647 0.751000
vt 0.523073 0.761786
vt 0.287947 0.306192
vt 0.288283 0.306680
vt 0.288281 0.306192
vt 0.593480 0.756909
vt 0.585944 0.759392
vt 0.582999 0.762283
vt 0.566597 0.800710
vt 0.573870 0.782428
vt 0.573396 0.779191
vt 0.561510 0.789485
vt 0.561512 0.762839
vt 0.543819 0.762838
vt 0.589472 0.794159
vt 0.579930 0.768284
vt 0.581780 0.787605
vt 0.521215 0.835519
vt 0.521202 0.980886
vt 0.594744 0.971378
vt 0.588968 0.971378
vt 0.521204 0.961810
vt 0.583164 0.961815
vt 0.513542 0.273127
vt 0.447718 0.326729
vt 0.521263 0.273128
vt 0.521265 0.254052
vt 0.447723 0.263559
vt 0.517413 0.263565
vt 0.468629 0.445889
vt 0.467853 0.447472
vt 0.486997 0.452504
vt 0.514279 0.420082
vt 0.518202 0.430361
vt 0.519750 0.424828
vt 0.519874 0.435520
vt 0.520457 0.436150
vt 0.519980 0.434512
vt 0.502923 0.420298
vt 0.502510 0.436239
vt 0.503291 0.447734
vt 0.447705 0.472096
vt 0.447699 0.544779
vt 0.447693 0.617463
vt 0.521227 0.690152
vt 0.498867 0.762834
vt 0.515205 0.757765
vt 0.510658 0.756937
vt 0.514774 0.750937
vt 0.515795 0.751227
vt 0.447687 0.690146
vt 0.454926 0.757348
vt 0.449072 0.762830
vt 0.459189 0.760604
vt 0.458967 0.769434
vt 0.455125 0.772402
vt 0.476999 0.800702
vt 0.462994 0.781657
vt 0.463658 0.782772
vt 0.513087 0.794535
vt 0.495484 0.781168
vt 0.451209 0.868419
vt 0.447672 0.862800
vt 0.447671 0.874016
vt 0.468077 0.887560
vt 0.468163 0.850582
vt 0.467299 0.850582
vt 0.493014 0.850584
vt 0.494037 0.867601
vt 0.494038 0.850584
vt 0.498070 0.850584
vt 0.521209 0.908203
vt 0.447662 0.980880
vt 0.521203 0.971372
vt 0.517353 0.971372
vt 0.447664 0.961804
vt 0.513484 0.961809
vt 0.443862 0.273122
vt 0.374182 0.273116
vt 0.447724 0.254046
vt 0.374183 0.263553
vt 0.445798 0.263559
vt 0.374177 0.326723
vt 0.447712 0.399412
vt 0.403104 0.436827
vt 0.398579 0.423434
vt 0.394381 0.436826
vt 0.400061 0.415301
vt 0.447710 0.415522
vt 0.374171 0.399406
vt 0.408492 0.452497
vt 0.389278 0.452496
vt 0.374165 0.472090
vt 0.374159 0.544773
vt 0.374152 0.617457
vt 0.424916 0.751957
vt 0.426364 0.752689
vt 0.443653 0.750993
vt 0.422518 0.757630
vt 0.415667 0.757113
vt 0.426120 0.761480
vt 0.425955 0.768565
vt 0.415666 0.772710
vt 0.422766 0.772031
vt 0.410243 0.800697
vt 0.404381 0.800696
vt 0.374134 0.835507
vt 0.380767 0.887553
vt 0.374801 0.887552
vt 0.447668 0.908197
vt 0.406936 0.887555
vt 0.422079 0.868416
vt 0.410848 0.850577
vt 0.439111 0.887558
vt 0.438168 0.850579
vt 0.445738 0.971366
vt 0.374122 0.971360
vt 0.374123 0.961797
vt 0.443803 0.961803
vt 0.304502 0.273110
vt 0.300637 0.326717
vt 0.374183 0.254039
vt 0.300642 0.263547
vt 0.302567 0.263547
vt 0.319354 0.428384
vt 0.319021 0.422647
vt 0.310200 0.420282
vt 0.300624 0.472084
vt 0.343648 0.452492
vt 0.327354 0.452490
vt 0.320898 0.417730
vt 0.321695 0.418629
vt 0.327358 0.415512
vt 0.300618 0.544767
vt 0.300612 0.617450
vt 0.374146 0.690140
vt 0.568974 0.305765
vt 0.569499 0.307246
vt 0.569975 0.305763
vt 0.374141 0.757401
vt 0.362019 0.762822
vt 0.374140 0.762823
vt 0.316336 0.750691
vt 0.320152 0.750691
vt 0.362018 0.771175
vt 0.374139 0.771176
vt 0.300599 0.762817
vt 0.300596 0.799239
vt 0.312404 0.762818
vt 0.356595 0.800692
vt 0.337016 0.800691
vt 0.318564 0.762819
vt 0.312517 0.779625
vt 0.324242 0.779626
vt 0.301484 0.855339
vt 0.316942 0.877625
vt 0.318833 0.865463
vt 0.348633 0.887550
vt 0.331796 0.883145
vt 0.331940 0.883520
vt 0.328707 0.887780
vt 0.328422 0.887591
vt 0.317934 0.883475
vt 0.302507 0.971354
vt 0.300581 0.980868
vt 0.374128 0.908190
vt 0.300582 0.961791
vt 0.304443 0.961792
vt 0.234821 0.273104
vt 0.227096 0.326711
vt 0.300641 0.273110
vt 0.300643 0.254033
vt 0.227102 0.263541
vt 0.230952 0.263541
vt 0.300631 0.399400
vt 0.258602 0.440931
vt 0.253006 0.449719
vt 0.254857 0.452484
vt 0.285183 0.432526
vt 0.282301 0.452487
vt 0.285181 0.452487
vt 0.227090 0.399394
vt 0.227084 0.472077
vt 0.227703 0.434535
vt 0.268273 0.423423
vt 0.264075 0.436815
vt 0.272797 0.436816
vt 0.298680 0.426809
vt 0.297300 0.421578
vt 0.293782 0.431721
vt 0.227078 0.544761
vt 0.227071 0.617444
vt 0.300606 0.690134
vt 0.263296 0.750978
vt 0.268716 0.750978
vt 0.249802 0.787018
vt 0.229328 0.786706
vt 0.237648 0.794663
vt 0.263292 0.800684
vt 0.251712 0.795809
vt 0.250202 0.797443
vt 0.271283 0.858481
vt 0.267085 0.871874
vt 0.275808 0.871874
vt 0.269926 0.850348
vt 0.227053 0.835495
vt 0.227047 0.908178
vt 0.287350 0.884340
vt 0.287416 0.883917
vt 0.279537 0.870427
vt 0.297451 0.867585
vt 0.292070 0.883517
vt 0.292176 0.883918
vt 0.230892 0.971348
vt 0.227040 0.980861
vt 0.300582 0.971354
vt 0.300587 0.908184
vt 0.227042 0.961785
vt 0.234763 0.961786
vt 0.165141 0.273098
vt 0.153556 0.326704
vt 0.227101 0.273104
vt 0.227102 0.254027
vt 0.153561 0.263535
vt 0.159337 0.263535
vt 0.158059 0.416474
vt 0.158568 0.416817
vt 0.162695 0.415498
vt 0.159568 0.417613
vt 0.162695 0.420270
vt 0.162695 0.417694
vt 0.156933 0.443530
vt 0.154398 0.447754
vt 0.156164 0.446160
vt 0.186147 0.420272
vt 0.176435 0.452478
vt 0.198903 0.415284
vt 0.200260 0.423418
vt 0.196062 0.436810
vt 0.204785 0.436810
vt 0.153543 0.472071
vt 0.153537 0.544755
vt 0.153531 0.617438
vt 0.227065 0.690128
vt 0.210423 0.750973
vt 0.197765 0.752500
vt 0.198996 0.753092
vt 0.190670 0.801234
vt 0.189420 0.801310
vt 0.153512 0.835488
vt 0.159276 0.971342
vt 0.153500 0.980855
vt 0.227041 0.971348
vt 0.153501 0.961779
vt 0.165082 0.961780
vt 0.080018 0.288352
vt 0.153560 0.273097
vt 0.153562 0.254021
vt 0.080021 0.254015
vt 0.087721 0.263529
vt 0.080015 0.326698
vt 0.153549 0.399388
vt 0.080005 0.447470
vt 0.087163 0.437793
vt 0.084462 0.423984
vt 0.091283 0.438437
vt 0.095956 0.438482
vt 0.091418 0.437453
vt 0.117006 0.448847
vt 0.115882 0.450062
vt 0.125662 0.452474
vt 0.149117 0.421877
vt 0.151687 0.429579
vt 0.151197 0.420101
vt 0.144959 0.449547
vt 0.141955 0.447704
vt 0.141955 0.450279
vt 0.080003 0.472065
vt 0.079996 0.544749
vt 0.079990 0.617432
vt 0.153525 0.690122
vt 0.079984 0.690116
vt 0.153518 0.762805
vt 0.079978 0.762799
vt 0.079972 0.835482
vt 0.153506 0.908172
vt 0.087661 0.971336
vt 0.079959 0.980849
vt 0.153501 0.971342
vt 0.079965 0.908166
vt 0.079962 0.946512
vt 0.006475 0.326692
vt 0.023801 0.326694
vt 0.041217 0.326695
vt 0.080009 0.399382
vt 0.025775 0.341955
vt 0.016100 0.334304
vt 0.016094 0.399376
vt 0.016094 0.405085
vt 0.006468 0.399376
vt 0.016088 0.472060
vt 0.025769 0.410823
vt 0.061824 0.438429
vt 0.061534 0.436246
vt 0.066154 0.429466
vt 0.067541 0.442499
vt 0.078347 0.447948
vt 0.016088 0.475865
vt 0.006462 0.472059
vt 0.016082 0.544743
vt 0.025764 0.472061
vt 0.025763 0.479691
vt 0.016082 0.546646
vt 0.006456 0.544742
vt 0.016076 0.617427
vt 0.025757 0.544744
vt 0.025757 0.548559
vt 0.006450 0.617426
vt 0.016070 0.690110
vt 0.016070 0.688207
vt 0.025745 0.686296
vt 0.025751 0.617428
vt 0.006444 0.690109
vt 0.016063 0.762794
vt 0.016064 0.758988
vt 0.025739 0.755164
vt 0.025745 0.690111
vt 0.006437 0.762793
vt 0.016057 0.835477
vt 0.016058 0.829769
vt 0.025733 0.824032
vt 0.025739 0.762794
vt 0.006431 0.835476
vt 0.006425 0.908160
vt 0.016052 0.900549
vt 0.041167 0.908163
vt 0.025732 0.835478
vt 0.023752 0.908161
vt 0.006419 0.980843
vt 0.023606 0.898223
vt 0.080946 0.952563
vt 0.023811 0.952650
vt 0.023401 0.843795
vt 0.080742 0.898136
vt 0.023197 0.789367
vt 0.080537 0.843708
vt 0.022992 0.734939
vt 0.080332 0.789280
vt 0.022787 0.680511
vt 0.080128 0.734852
vt 0.022583 0.626083
vt 0.079923 0.680424
vt 0.022378 0.571656
vt 0.079718 0.625996
vt 0.022173 0.517228
vt 0.079513 0.571569
vt 0.021968 0.462800
vt 0.079309 0.517141
vt 0.021764 0.408372
vt 0.079104 0.462713
vt 0.138082 0.952476
vt 0.137877 0.898049
vt 0.137673 0.843621
vt 0.137468 0.789193
vt 0.137263 0.734765
vt 0.137059 0.680337
vt 0.136854 0.625909
vt 0.136649 0.571482
vt 0.136444 0.517054
vt 0.078899 0.408285
vt 0.136240 0.462626
vt 0.195218 0.952390
vt 0.195013 0.897962
vt 0.194808 0.843534
vt 0.194604 0.789106
vt 0.194399 0.734678
vt 0.194194 0.680250
vt 0.193989 0.625823
vt 0.193785 0.571395
vt 0.193580 0.516967
vt 0.136035 0.408198
vt 0.193375 0.462539
vt 0.252353 0.952303
vt 0.252149 0.897875
vt 0.251944 0.843447
vt 0.251739 0.789019
vt 0.251535 0.734591
vt 0.251330 0.680163
vt 0.251125 0.625736
vt 0.250920 0.571308
vt 0.250716 0.516880
vt 0.193171 0.408111
vt 0.250511 0.462452
vt 0.309489 0.952216
vt 0.309284 0.897788
vt 0.309080 0.843360
vt 0.308875 0.788932
vt 0.308670 0.734504
vt 0.308465 0.680076
vt 0.308261 0.625649
vt 0.308056 0.571221
vt 0.307851 0.516793
vt 0.250306 0.408024
vt 0.307646 0.462365
vt 0.366625 0.952129
vt 0.366420 0.897701
vt 0.366215 0.843273
vt 0.366010 0.788845
vt 0.365806 0.734417
vt 0.365601 0.679990
vt 0.365396 0.625562
vt 0.365192 0.571134
vt 0.364987 0.516706
vt 0.307442 0.407937
vt 0.364782 0.462278
vt 0.423760 0.952042
vt 0.423555 0.897614
vt 0.423351 0.843186
vt 0.423146 0.788758
vt 0.422941 0.734330
vt 0.422737 0.679903
vt 0.422532 0.625475
vt 0.422327 0.571047
vt 0.422123 0.516619
vt 0.364577 0.407850
vt 0.421918 0.462191
vt 0.480896 0.951955
vt 0.480691 0.897527
vt 0.480486 0.843099
vt 0.480282 0.788671
vt 0.480077 0.734243
vt 0.479872 0.679816
vt 0.479668 0.625388
vt 0.479463 0.570960
vt 0.479258 0.516532
vt 0.421713 0.407763
vt 0.479053 0.462104
vt 0.538031 0.951868
vt 0.537827 0.897440
vt 0.537622 0.843012
vt 0.537417 0.788584
vt 0.537213 0.734156
vt 0.537008 0.679729
vt 0.536803 0.625301
vt 0.536598 0.570873
vt 0.536394 0.516445
vt 0.478849 0.407676
vt 0.536189 0.462017
vt 0.595167 0.951781
vt 0.594962 0.897353
vt 0.594758 0.842925
vt 0.594553 0.788497
vt 0.594348 0.734070
vt 0.594143 0.679642
vt 0.593939 0.625214
vt 0.593734 0.570786
vt 0.593529 0.516358
vt 0.535984 0.407589
vt 0.593325 0.461930
vt 0.689075 0.936506
vt 0.783690 0.936362
vt 0.179777 0.240777
vt 0.085162 0.240921
vt 0.971226 0.485417
vt 0.970887 0.395285
vt 0.025410 0.576988
vt 0.025749 0.667119
vt 0.878306 0.936218
vt 0.972921 0.936074
vt 0.215997 0.937226
vt 0.310613 0.937082
vt 0.026766 0.937514
vt 0.121381 0.937370
vt 0.405228 0.936938
vt 0.499844 0.936794
vt 0.026427 0.847382
vt 0.023376 0.036199
vt 0.023715 0.126330
vt 0.747471 0.239913
vt 0.652855 0.240057
vt 0.972582 0.845943
vt 0.972243 0.755811
vt 0.970209 0.215022
vt 0.969870 0.124891
vt 0.024732 0.396725
vt 0.025071 0.486856
vt 0.593120 0.407503
vt 0.971904 0.665680
vt 0.274393 0.240633
vt 0.969531 0.034759
vt 0.971565 0.575548
vt 0.026088 0.757251
vt 0.594459 0.936650
vt 0.024054 0.216462
vt 0.024393 0.306593
vt 0.396284 0.762825
vt 0.379723 0.829799
vt 0.396285 0.759020
vt 0.379765 0.334334
vt 0.396315 0.405116
vt 0.396315 0.399408
vt 0.396291 0.688239
vt 0.379741 0.617457
vt 0.396297 0.617458
vt 0.379753 0.475896
vt 0.396303 0.546678
vt 0.396303 0.544775
vt 0.396273 0.900581
vt 0.396278 0.835509
vt 0.396309 0.472092
vt 0.396291 0.690142
vt 0.379729 0.759018
vt 0.379747 0.546676
vt 0.396279 0.829800
vt 0.379759 0.405115
vt 0.396321 0.334336
vt 0.379717 0.900580
vt 0.396309 0.475897
vt 0.379735 0.688238
vt 0.396327 0.263555
vt 0.396326 0.271166
vt 0.379771 0.263554
vt 0.396322 0.326725
vt 0.396267 0.971362
vt 0.396267 0.963751
vt 0.379710 0.971360
vt 0.396272 0.908192
vt 0.699558 0.936490
vt 0.694330 0.936498
vt 0.396320 0.341986
vt 0.379735 0.686325
vt 0.396309 0.479722
vt 0.396279 0.824063
vt 0.970869 0.390292
vt 0.970878 0.392782
vt 0.970548 0.305154
vt 0.396291 0.686327
vt 0.405228 0.936938
vt 0.970511 0.295167
vt 0.970530 0.300148
vt 0.396285 0.755195
vt 0.396314 0.410854
vt 0.599701 0.936642
vt 0.597087 0.936646
vt 0.970153 0.200042
vt 0.970181 0.207513
vt 0.396273 0.892931
vt 0.026144 0.772231
vt 0.026116 0.764760
vt 0.208114 0.937238
vt 0.200272 0.937250
vt 0.024713 0.391732
vt 0.024723 0.394222
vt 0.379747 0.548589
vt 0.971575 0.578051
vt 0.971584 0.580541
vt 0.402601 0.936942
vt 0.399987 0.936946
vt 0.396303 0.548590
vt 0.888778 0.926190
vt 0.962110 0.855971
vt 0.951691 0.865948
vt 0.036975 0.857378
vt 0.110834 0.927374
vt 0.100340 0.917429
vt 0.379712 0.954148
vt 0.396269 0.946538
vt 0.024829 0.422477
vt 0.026040 0.744375
vt 0.024102 0.229338
vt 0.023860 0.164958
vt 0.023568 0.087217
vt 0.026318 0.818472
vt 0.023632 0.104223
vt 0.307900 0.882775
vt 0.310040 0.882592
vt 0.026638 0.903502
vt 0.026574 0.886496
vt 0.026702 0.920508
vt 0.023888 0.172246
vt 0.026126 0.767454
vt 0.023952 0.189252
vt 0.023824 0.155241
vt 0.026190 0.784460
vt 0.659043 0.445202
vt 0.656075 0.447047
vt 0.657680 0.446244
vt 0.641620 0.452517
vt 0.654802 0.452335
vt 0.656882 0.451807
vt 0.026146 0.772757
vt 0.026110 0.763066
vt 0.026073 0.753374
vt 0.026502 0.867282
vt 0.023420 0.047904
vt 0.026546 0.878987
vt 0.464541 0.444637
vt 0.469231 0.444138
vt 0.464835 0.444112
vt 0.464203 0.445128
vt 0.446845 0.445028
vt 0.451982 0.445470
vt 0.451572 0.444964
vt 0.462615 0.446648
vt 0.463070 0.446303
vt 0.025885 0.703406
vt 0.023596 0.094726
vt 0.025929 0.715111
vt 0.025621 0.633174
vt 0.023640 0.106431
vt 0.025665 0.644879
vt 0.026581 0.888351
vt 0.026519 0.871964
vt 0.026458 0.855576
vt 0.023760 0.138410
vt 0.023725 0.129118
vt 0.026172 0.779551
vt 0.026137 0.770260
vt 0.023830 0.156994
vt 0.023795 0.147702
vt 0.023865 0.166286
vt 0.025683 0.649465
vt 0.024634 0.370708
vt 0.024599 0.361416
vt 0.234236 0.449914
vt 0.252311 0.450182
vt 0.025578 0.621589
vt 0.025333 0.556546
vt 0.025298 0.547254
vt 0.240332 0.452756
vt 0.246821 0.452550
vt 0.247700 0.452325
vt 0.245900 0.452730
vt 0.025508 0.603005
vt 0.025473 0.593713
vt 0.025438 0.584421
vt 0.156443 0.445654
vt 0.160409 0.445691
vt 0.156659 0.445128
vt 0.025589 0.624661
vt 0.024469 0.326705
vt 0.025617 0.632110
vt 0.106165 0.452868
vt 0.109640 0.452838
vt 0.104717 0.452588
vt 0.079787 0.447569
vt 0.087274 0.447536
vt 0.081133 0.446961
vt 0.024699 0.387932
vt 0.026738 0.930186
vt 0.025360 0.563798
vt 0.024864 0.431898
vt 0.024837 0.424570
vt 0.025030 0.475865
vt 0.025085 0.490520
vt 0.025057 0.483193
vt 0.025446 0.586475
vt 0.025517 0.605450
vt 0.025481 0.595963
vt 0.578775 0.757937
vt 0.591425 0.757073
vt 0.026373 0.833151
vt 0.026338 0.823664
vt 0.026302 0.814176
vt 0.024551 0.348536
vt 0.024618 0.366384
vt 0.024584 0.357460
vt 0.024651 0.375308
vt 0.024685 0.384231
vt 0.025390 0.571634
vt 0.025356 0.562710
vt 0.024416 0.312840
vt 0.026565 0.883970
vt 0.023376 0.036199
vt 0.026598 0.892894
vt 0.515131 0.794039
vt 0.523845 0.797281
vt 0.515799 0.793830
vt 0.023980 0.196829
vt 0.026195 0.785807
vt 0.026162 0.776883
vt 0.026397 0.839351
vt 0.026430 0.848275
vt 0.026296 0.812579
vt 0.026330 0.821503
vt 0.026229 0.794731
vt 0.026262 0.803655
vt 0.023880 0.170058
vt 0.023510 0.071895
vt 0.023477 0.062971
vt 0.023846 0.161134
vt 0.023577 0.089742
vt 0.023544 0.080818
vt 0.023611 0.098666
vt 0.023812 0.152210
vt 0.023712 0.125438
vt 0.023678 0.116514
vt 0.023779 0.143286
vt 0.023745 0.134362
vt 0.453806 0.757175
vt 0.464038 0.757484
vt 0.452557 0.757116
vt 0.457070 0.771539
vt 0.464408 0.771301
vt 0.457830 0.770932
vt 0.456171 0.772033
vt 0.463914 0.772368
vt 0.453922 0.772633
vt 0.463337 0.773359
vt 0.452556 0.772713
vt 0.452694 0.779260
vt 0.461603 0.779629
vt 0.452021 0.779156
vt 0.453369 0.779468
vt 0.026474 0.859981
vt 0.025344 0.559543
vt 0.026511 0.869673
vt 0.024251 0.268796
vt 0.024652 0.375403
vt 0.024287 0.278488
vt 0.024214 0.259105
vt 0.430633 0.757481
vt 0.421521 0.757345
vt 0.424806 0.759118
vt 0.431286 0.759109
vt 0.424157 0.758520
vt 0.023704 0.123423
vt 0.024871 0.433553
vt 0.023740 0.133115
vt 0.023558 0.084657
vt 0.024980 0.462628
vt 0.023595 0.094348
vt 0.023522 0.074965
vt 0.025016 0.472319
vt 0.023485 0.065274
vt 0.023449 0.055582
vt 0.025053 0.482011
vt 0.023412 0.045890
vt 0.026657 0.908439
vt 0.026620 0.898748
vt 0.025308 0.549852
vt 0.026547 0.879364
vt 0.026584 0.889056
vt 0.239234 0.794779
vt 0.240247 0.794743
vt 0.193796 0.794012
vt 0.202510 0.797254
vt 0.194464 0.793803
vt 0.023983 0.197487
vt 0.024018 0.206974
vt 0.025973 0.726817
vt 0.026018 0.738522
vt 0.023668 0.113731
vt 0.023715 0.126330
vt 0.023519 0.074149
vt 0.023554 0.083637
vt 0.023519 0.074149
vt 0.025225 0.527825
vt 0.025269 0.539531
vt 0.352024 0.428871
vt 0.396313 0.429776
vt 0.396313 0.428875
vt 0.023631 0.104040
vt 0.351994 0.788412
vt 0.396282 0.791142
vt 0.396282 0.788416
vt 0.026588 0.890076
vt 0.026623 0.899564
vt 0.351993 0.798527
vt 0.396281 0.802597
vt 0.396281 0.798531
vt 0.025313 0.551236
vt 0.352024 0.429772
vt 0.396313 0.430624
vt 0.352023 0.441594
vt 0.396311 0.452496
vt 0.396312 0.441598
vt 0.023947 0.187999
vt 0.351993 0.794974
vt 0.396282 0.792962
vt 0.396282 0.794978
vt 0.352022 0.452492
vt 0.351995 0.775470
vt 0.396283 0.779540
vt 0.396283 0.775474
vt 0.352025 0.420285
vt 0.396314 0.415518
vt 0.396314 0.417713
vt 0.023554 0.083636
vt 0.023590 0.093124
vt 0.023911 0.178512
vt 0.025357 0.562941
vt 0.352024 0.430620
vt 0.396313 0.431418
vt 0.025841 0.691701
vt 0.023626 0.102612
vt 0.025797 0.679995
vt 0.351993 0.791138
vt 0.396282 0.793626
vt 0.025401 0.574647
vt 0.396314 0.420289
vt 0.026552 0.880589
vt 0.351993 0.793930
vt 0.396282 0.795821
vt 0.396282 0.793934
vt 0.352024 0.431414
vt 0.396313 0.432155
vt 0.023876 0.169024
vt 0.351992 0.812882
vt 0.396280 0.816871
vt 0.396280 0.812886
vt 0.024345 0.293717
vt 0.023661 0.112099
vt 0.025445 0.586352
vt 0.026402 0.840678
vt 0.026430 0.848127
vt 0.023840 0.159537
vt 0.025753 0.668290
vt 0.026442 0.851384
vt 0.023697 0.121587
vt 0.025489 0.598058
vt 0.026486 0.863025
vt 0.025709 0.656585
vt 0.351993 0.793622
vt 0.396282 0.795830
vt 0.026514 0.870474
vt 0.351993 0.795849
vt 0.396282 0.793653
vt 0.396282 0.795853
vt 0.025089 0.491702
vt 0.026374 0.833229
vt 0.351997 0.753102
vt 0.396285 0.752357
vt 0.396285 0.753106
vt 0.023804 0.150049
vt 0.352024 0.432830
vt 0.396313 0.433453
vt 0.396313 0.432834
vt 0.026542 0.877923
vt 0.352021 0.472683
vt 0.396309 0.472085
vt 0.352021 0.472081
vt 0.023733 0.131074
vt 0.025533 0.609763
vt 0.025577 0.621468
vt 0.026570 0.885372
vt 0.023769 0.140562
vt 0.023791 0.146447
vt 0.025162 0.511085
vt 0.025199 0.520777
vt 0.025162 0.511085
vt 0.351989 0.839196
vt 0.396278 0.838128
vt 0.396278 0.839200
vt 0.352020 0.473343
vt 0.396309 0.474061
vt 0.396309 0.473346
vt 0.026598 0.892821
vt 0.025235 0.530468
vt 0.025271 0.540160
vt 0.351993 0.796701
vt 0.396282 0.795168
vt 0.026626 0.900269
vt 0.352028 0.387823
vt 0.396316 0.389943
vt 0.396316 0.387827
vt 0.352024 0.435506
vt 0.396312 0.436140
vt 0.396312 0.435509
vt 0.026318 0.818332
vt 0.026346 0.825781
vt 0.352026 0.411357
vt 0.396314 0.413454
vt 0.396314 0.411361
vt 0.351993 0.795818
vt 0.396281 0.797455
vt 0.351996 0.760083
vt 0.396285 0.761613
vt 0.396285 0.760087
vt 0.026654 0.907718
vt 0.352028 0.389940
vt 0.396316 0.392306
vt 0.352026 0.409033
vt 0.396315 0.409036
vt 0.026682 0.915167
vt 0.351998 0.739945
vt 0.396286 0.741673
vt 0.396286 0.739949
vt 0.352024 0.436136
vt 0.396312 0.436820
vt 0.351989 0.841065
vt 0.396278 0.840182
vt 0.396278 0.841069
vt 0.351996 0.758419
vt 0.396285 0.758422
vt 0.352020 0.481540
vt 0.396308 0.485529
vt 0.396308 0.481544
vt 0.352027 0.392302
vt 0.396316 0.394906
vt 0.352024 0.436443
vt 0.396312 0.436447
vt 0.352026 0.406488
vt 0.396315 0.406491
vt 0.026710 0.922616
vt 0.351998 0.741669
vt 0.396286 0.743630
vt 0.351996 0.756642
vt 0.396285 0.756645
vt 0.026738 0.930065
vt 0.352027 0.394903
vt 0.396316 0.397735
vt 0.352025 0.417703
vt 0.396314 0.416913
vt 0.396314 0.417707
vt 0.352026 0.403733
vt 0.396315 0.403737
vt 0.351997 0.743626
vt 0.396286 0.745819
vt 0.352027 0.400781
vt 0.396315 0.400785
vt 0.351996 0.754778
vt 0.396285 0.754782
vt 0.352027 0.397732
vt 0.025381 0.569235
vt 0.025361 0.563962
vt 0.351992 0.800692
vt 0.396285 0.750989
vt 0.026438 0.850290
vt 0.351997 0.745815
vt 0.396286 0.748242
vt 0.023572 0.088341
vt 0.023600 0.095790
vt 0.025636 0.637076
vt 0.351997 0.752854
vt 0.396285 0.752858
vt 0.026401 0.840598
vt 0.023544 0.080892
vt 0.351997 0.750895
vt 0.396285 0.750899
vt 0.351997 0.748238
vt 0.352024 0.437546
vt 0.396312 0.438329
vt 0.396312 0.437549
vt 0.023516 0.073443
vt 0.026013 0.737222
vt 0.025752 0.667878
vt 0.026365 0.830907
vt 0.026389 0.837368
vt 0.351990 0.831875
vt 0.396278 0.832441
vt 0.396278 0.831878
vt 0.351995 0.773908
vt 0.396283 0.779269
vt 0.396283 0.773912
vt 0.352023 0.438325
vt 0.396312 0.439158
vt 0.023460 0.058545
vt 0.023488 0.065994
vt 0.026329 0.821215
vt 0.351990 0.830726
vt 0.396279 0.831307
vt 0.396279 0.830730
vt 0.352022 0.456756
vt 0.396310 0.461788
vt 0.396311 0.456759
vt 0.396284 0.762432
vt 0.352023 0.439154
vt 0.396312 0.440037
vt 0.352025 0.422945
vt 0.396313 0.422330
vt 0.396313 0.422949
vt 0.026292 0.811524
vt 0.023404 0.043648
vt 0.352024 0.427238
vt 0.396313 0.431833
vt 0.396313 0.427242
vt 0.352023 0.440033
vt 0.396312 0.440965
vt 0.352025 0.418622
vt 0.396314 0.418626
vt 0.026256 0.801832
vt 0.024719 0.393155
vt 0.024517 0.339612
vt 0.023628 0.103239
vt 0.023656 0.110688
vt 0.352023 0.440962
vt 0.396312 0.441944
vt 0.026219 0.792140
vt 0.351990 0.834068
vt 0.396278 0.834591
vt 0.396278 0.834071
vt 0.024752 0.402079
vt 0.352025 0.419661
vt 0.396314 0.419665
vt 0.024786 0.411003
vt 0.352023 0.441940
vt 0.396312 0.442971
vt 0.023684 0.118137
vt 0.023712 0.125585
vt 0.024819 0.419927
vt 0.352023 0.442968
vt 0.396312 0.444049
vt 0.024484 0.330688
vt 0.026183 0.782449
vt 0.023656 0.110688
vt 0.023680 0.116917
vt 0.352025 0.420813
vt 0.396314 0.420817
vt 0.024853 0.428851
vt 0.352023 0.444045
vt 0.396312 0.445176
vt 0.026179 0.781325
vt 0.023740 0.133034
vt 0.024886 0.437775
vt 0.024450 0.321764
vt 0.023768 0.140483
vt 0.025672 0.646767
vt 0.025709 0.656459
vt 0.023796 0.147932
vt 0.024920 0.446699
vt 0.352023 0.445785
vt 0.396311 0.446359
vt 0.396311 0.445788
vt 0.023824 0.155381
vt 0.024954 0.455623
vt 0.352023 0.446355
vt 0.396311 0.446900
vt 0.023852 0.162830
vt 0.025782 0.675842
vt 0.025818 0.685533
vt 0.023880 0.170279
vt 0.351993 0.789254
vt 0.396282 0.787851
vt 0.396282 0.789257
vt 0.352023 0.447420
vt 0.396311 0.447943
vt 0.396311 0.447424
vt 0.352025 0.422073
vt 0.396314 0.422077
vt 0.024943 0.452722
vt 0.025855 0.695225
vt 0.025891 0.704916
vt 0.025855 0.695225
vt 0.351993 0.797871
vt 0.396281 0.798999
vt 0.396281 0.797875
vt 0.023908 0.177728
vt 0.352023 0.448467
vt 0.396311 0.449018
vt 0.396311 0.448470
vt 0.351993 0.796747
vt 0.396281 0.796751
vt 0.023936 0.185177
vt 0.024987 0.464547
vt 0.352023 0.449014
vt 0.396311 0.449598
vt 0.351993 0.795624
vt 0.396282 0.795628
vt 0.023964 0.192625
vt 0.352022 0.449595
vt 0.396311 0.450224
vt 0.352025 0.423436
vt 0.396313 0.423439
vt 0.352020 0.480281
vt 0.396308 0.481409
vt 0.396309 0.480285
vt 0.351993 0.794502
vt 0.396282 0.794506
vt 0.352022 0.450220
vt 0.396311 0.450907
vt 0.352020 0.479157
vt 0.396309 0.479161
vt 0.351993 0.793383
vt 0.396282 0.793387
vt 0.023992 0.200074
vt 0.352022 0.450904
vt 0.396311 0.451660
vt 0.352020 0.478034
vt 0.396309 0.478038
vt 0.351993 0.792267
vt 0.396282 0.792270
vt 0.352021 0.464094
vt 0.396309 0.468856
vt 0.396310 0.464098
vt 0.024020 0.207523
vt 0.352022 0.451657
vt 0.352025 0.424894
vt 0.396313 0.424898
vt 0.352020 0.476913
vt 0.396309 0.476916
vt 0.351993 0.791154
vt 0.396282 0.791158
vt 0.352020 0.475793
vt 0.396309 0.475797
vt 0.024048 0.214972
vt 0.351993 0.790046
vt 0.396282 0.790050
vt 0.352020 0.474677
vt 0.396309 0.474681
vt 0.352018 0.505939
vt 0.396308 0.490205
vt 0.396306 0.505943
vt 0.351994 0.788944
vt 0.396282 0.788947
vt 0.024076 0.222421
vt 0.352024 0.427245
vt 0.396313 0.427249
vt 0.352020 0.473564
vt 0.396309 0.473568
vt 0.396314 0.417522
vt 0.351994 0.787847
vt 0.025021 0.473471
vt 0.352019 0.494962
vt 0.396307 0.498950
vt 0.396307 0.494965
vt 0.352021 0.472456
vt 0.396309 0.472460
vt 0.396313 0.431459
vt 0.024383 0.303916
vt 0.024104 0.229870
vt 0.351985 0.887550
vt 0.396277 0.850576
vt 0.351988 0.850572
vt 0.351985 0.887876
vt 0.396275 0.878849
vt 0.352021 0.471354
vt 0.024132 0.237319
vt 0.351993 0.800118
vt 0.396281 0.801243
vt 0.396281 0.800122
vt 0.352024 0.429265
vt 0.396313 0.429269
vt 0.396309 0.470261
vt 0.352021 0.470257
vt 0.024301 0.282012
vt 0.351997 0.754557
vt 0.396285 0.761776
vt 0.396285 0.754560
vt 0.024917 0.445888
vt 0.351993 0.798995
vt 0.352024 0.431455
vt 0.396312 0.436230
vt 0.024160 0.244768
vt 0.351986 0.876544
vt 0.396275 0.876547
vt 0.351992 0.801239
vt 0.396281 0.803226
vt 0.352024 0.431011
vt 0.396313 0.431015
vt 0.352024 0.436226
vt 0.396311 0.447725
vt 0.352020 0.482528
vt 0.396308 0.483653
vt 0.396308 0.482532
vt 0.351992 0.803222
vt 0.396281 0.805117
vt 0.024188 0.252217
vt 0.396275 0.869269
vt 0.352020 0.481405
vt 0.352019 0.489836
vt 0.396308 0.489839
vt 0.351992 0.805113
vt 0.396281 0.806902
vt 0.352017 0.511711
vt 0.396306 0.512528
vt 0.396306 0.511715
vt 0.352023 0.447721
vt 0.024349 0.294992
vt 0.024216 0.259665
vt 0.024197 0.254402
vt 0.351987 0.868411
vt 0.396276 0.862796
vt 0.352020 0.483650
vt 0.396308 0.485636
vt 0.024477 0.328834
vt 0.352024 0.432537
vt 0.396313 0.432541
vt 0.352019 0.485632
vt 0.396308 0.487527
vt 0.352014 0.546605
vt 0.396303 0.542623
vt 0.351992 0.806899
vt 0.396280 0.808566
vt 0.024245 0.267114
vt 0.351987 0.864669
vt 0.396276 0.855056
vt 0.352019 0.487524
vt 0.396308 0.489313
vt 0.352025 0.415514
vt 0.396312 0.437369
vt 0.351992 0.808562
vt 0.396280 0.810092
vt 0.351989 0.839642
vt 0.396278 0.841047
vt 0.396278 0.839645
vt 0.026150 0.773638
vt 0.352024 0.437040
vt 0.396312 0.437043
vt 0.351996 0.762930
vt 0.396285 0.760198
vt 0.352016 0.526719
vt 0.396305 0.522738
vt 0.396305 0.526723
vt 0.024245 0.267114
vt 0.024273 0.274563
vt 0.352019 0.489309
vt 0.396308 0.490976
vt 0.351996 0.760767
vt 0.396284 0.762359
vt 0.396285 0.760771
vt 0.351989 0.838156
vt 0.396278 0.838160
vt 0.396275 0.868414
vt 0.396312 0.437965
vt 0.352019 0.490972
vt 0.396307 0.492502
vt 0.026634 0.902398
vt 0.026678 0.914103
vt 0.351996 0.764168
vt 0.396275 0.874012
vt 0.024316 0.286068
vt 0.024317 0.286422
vt 0.351995 0.765918
vt 0.396284 0.762934
vt 0.396284 0.765922
vt 0.351989 0.836670
vt 0.396278 0.836674
vt 0.352024 0.437365
vt 0.396312 0.438363
vt 0.026590 0.890692
vt 0.025658 0.643025
vt 0.025692 0.651949
vt 0.351995 0.769132
vt 0.396284 0.769136
vt 0.024329 0.289461
vt 0.396278 0.835272
vt 0.352014 0.548391
vt 0.396302 0.553234
vt 0.396303 0.548395
vt 0.024282 0.277144
vt 0.352024 0.437961
vt 0.396312 0.440163
vt 0.351986 0.872260
vt 0.396274 0.887554
vt 0.396274 0.881762
vt 0.025726 0.660873
vt 0.352023 0.438832
vt 0.396312 0.437569
vt 0.396312 0.438836
vt 0.396275 0.872264
vt 0.352023 0.438359
vt 0.396312 0.439264
vt 0.352016 0.524602
vt 0.396304 0.529404
vt 0.396305 0.524606
vt 0.396284 0.766189
vt 0.396284 0.764172
vt 0.024389 0.305423
vt 0.024433 0.317128
vt 0.025759 0.669797
vt 0.024249 0.268221
vt 0.351995 0.772545
vt 0.396284 0.772549
vt 0.024329 0.289461
vt 0.024357 0.296910
vt 0.352023 0.440214
vt 0.396312 0.440218
vt 0.351995 0.766186
vt 0.396284 0.768392
vt 0.025793 0.678720
vt 0.352023 0.441767
vt 0.396312 0.441770
vt 0.352023 0.439260
vt 0.396312 0.440080
vt 0.351995 0.776130
vt 0.396283 0.776134
vt 0.351995 0.768388
vt 0.396284 0.770761
vt 0.024215 0.259297
vt 0.024385 0.304359
vt 0.351995 0.773271
vt 0.396283 0.775915
vt 0.396283 0.773275
vt 0.352023 0.443546
vt 0.396312 0.443550
vt 0.352023 0.440076
vt 0.396312 0.440819
vt 0.351995 0.770757
vt 0.025826 0.687644
vt 0.025860 0.696568
vt 0.352022 0.449565
vt 0.396312 0.442845
vt 0.396311 0.445939
vt 0.024182 0.250373
vt 0.352023 0.440159
vt 0.396312 0.442222
vt 0.351994 0.779688
vt 0.396283 0.779692
vt 0.025085 0.490581
vt 0.025113 0.498030
vt 0.351994 0.782617
vt 0.396283 0.776207
vt 0.396283 0.782620
vt 0.024413 0.311808
vt 0.352023 0.440815
vt 0.396312 0.441489
vt 0.025729 0.661905
vt 0.025757 0.669354
vt 0.351995 0.775911
vt 0.396283 0.778614
vt 0.351993 0.792439
vt 0.396281 0.799603
vt 0.396282 0.792443
vt 0.024148 0.241449
vt 0.352012 0.577182
vt 0.396300 0.582025
vt 0.396300 0.577186
vt 0.026414 0.843871
vt 0.025141 0.505479
vt 0.026732 0.928590
vt 0.352023 0.444607
vt 0.396312 0.444074
vt 0.396312 0.444611
vt 0.352014 0.553393
vt 0.396302 0.558195
vt 0.396302 0.553397
vt 0.024785 0.410771
vt 0.025893 0.705492
vt 0.352020 0.474849
vt 0.396308 0.482014
vt 0.396309 0.474853
vt 0.026370 0.832165
vt 0.351994 0.783059
vt 0.396283 0.783063
vt 0.024441 0.319257
vt 0.025169 0.512927
vt 0.351995 0.776203
vt 0.396281 0.797270
vt 0.352023 0.442096
vt 0.396312 0.442658
vt 0.396312 0.442099
vt 0.025927 0.714416
vt 0.352023 0.445144
vt 0.396312 0.445148
vt 0.351993 0.792820
vt 0.396282 0.792824
vt 0.351994 0.778610
vt 0.396283 0.781160
vt 0.352023 0.442218
vt 0.396312 0.444132
vt 0.024114 0.232525
vt 0.026326 0.820460
vt 0.351994 0.786220
vt 0.396282 0.786224
vt 0.025197 0.520376
vt 0.352023 0.445671
vt 0.396311 0.445674
vt 0.026282 0.808755
vt 0.026524 0.873134
vt 0.351994 0.781156
vt 0.396283 0.783538
vt 0.024873 0.434182
vt 0.024917 0.445888
vt 0.351994 0.783535
vt 0.396282 0.785733
vt 0.352023 0.446176
vt 0.396311 0.446180
vt 0.026665 0.910742
vt 0.025960 0.723340
vt 0.025994 0.732264
vt 0.024081 0.223601
vt 0.351993 0.789147
vt 0.396282 0.789150
vt 0.025225 0.527825
vt 0.352023 0.443168
vt 0.396312 0.443651
vt 0.396312 0.443172
vt 0.026028 0.741188
vt 0.026238 0.797049
vt 0.351993 0.791816
vt 0.396282 0.791820
vt 0.352009 0.606909
vt 0.396297 0.610898
vt 0.396298 0.606912
vt 0.024047 0.214677
vt 0.025253 0.535274
vt 0.352023 0.443648
vt 0.396312 0.444103
vt 0.026061 0.750112
vt 0.352023 0.447081
vt 0.396311 0.446654
vt 0.396311 0.447085
vt 0.351986 0.873074
vt 0.396276 0.858763
vt 0.396275 0.873077
vt 0.025005 0.469298
vt 0.025049 0.481004
vt 0.026095 0.759036
vt 0.026194 0.785344
vt 0.351993 0.794205
vt 0.396282 0.794209
vt 0.025281 0.542723
vt 0.351988 0.858759
vt 0.024497 0.334154
vt 0.352011 0.585031
vt 0.396299 0.589020
vt 0.396300 0.585034
vt 0.352023 0.444128
vt 0.396311 0.445883
vt 0.026128 0.767960
vt 0.025561 0.617212
vt 0.352010 0.597637
vt 0.396298 0.598291
vt 0.396298 0.597641
vt 0.026632 0.901818
vt 0.396275 0.867593
vt 0.352019 0.492381
vt 0.396308 0.490790
vt 0.396307 0.492384
vt 0.025093 0.492709
vt 0.025309 0.550172
vt 0.025505 0.602314
vt 0.026531 0.875046
vt 0.352023 0.444956
vt 0.396311 0.445466
vt 0.396312 0.444959
vt 0.024257 0.270307
vt 0.025337 0.557621
vt 0.351992 0.806622
vt 0.396281 0.804725
vt 0.396281 0.806626
vt 0.351990 0.835264
vt 0.396278 0.834666
vt 0.396278 0.835268
vt 0.026106 0.761933
vt 0.026497 0.866123
vt 0.026464 0.857199
vt 0.025365 0.565070
vt 0.352023 0.445462
vt 0.396311 0.445927
vt 0.351989 0.835934
vt 0.026062 0.750228
vt 0.025393 0.572519
vt 0.352023 0.445880
vt 0.396311 0.447466
vt 0.351993 0.796291
vt 0.396281 0.796294
vt 0.024497 0.334154
vt 0.024525 0.341603
vt 0.025181 0.516120
vt 0.025421 0.579967
vt 0.025449 0.587416
vt 0.352006 0.638669
vt 0.396295 0.642657
vt 0.396295 0.638672
vt 0.026363 0.830427
vt 0.025269 0.539531
vt 0.024553 0.349052
vt 0.351989 0.843409
vt 0.396277 0.843995
vt 0.396278 0.843413
vt 0.352008 0.620776
vt 0.396297 0.616794
vt 0.025001 0.468234
vt 0.025029 0.475683
vt 0.352007 0.629397
vt 0.396296 0.630051
vt 0.396296 0.629400
vt 0.352015 0.539231
vt 0.396304 0.538762
vt 0.396303 0.539234
vt 0.026694 0.918337
vt 0.024212 0.258601
vt 0.024249 0.268420
vt 0.024581 0.356501
vt 0.351989 0.842223
vt 0.396278 0.842824
vt 0.396278 0.842227
vt 0.026622 0.899160
vt 0.025313 0.551236
vt 0.351992 0.811516
vt 0.396280 0.813621
vt 0.396280 0.811520
vt 0.024581 0.356501
vt 0.024609 0.363950
vt 0.023448 0.055376
vt 0.024945 0.453336
vt 0.024973 0.460785
vt 0.026550 0.879983
vt 0.351994 0.787082
vt 0.396282 0.788311
vt 0.396282 0.787086
vt 0.351989 0.840998
vt 0.396278 0.841620
vt 0.396278 0.841002
vt 0.023520 0.074553
vt 0.351994 0.788307
vt 0.396282 0.789505
vt 0.026477 0.860806
vt 0.352019 0.493926
vt 0.396307 0.496031
vt 0.396307 0.493930
vt 0.352023 0.447462
vt 0.396311 0.448870
vt 0.351992 0.809214
vt 0.396280 0.809218
vt 0.024637 0.371399
vt 0.024889 0.438439
vt 0.023592 0.093730
vt 0.352021 0.469492
vt 0.396309 0.470721
vt 0.396309 0.469496
vt 0.351993 0.789501
vt 0.396282 0.790675
vt 0.024861 0.430990
vt 0.026405 0.841629
vt 0.025445 0.586352
vt 0.352021 0.470717
vt 0.396309 0.471915
vt 0.351993 0.790671
vt 0.396282 0.791827
vt 0.352019 0.491624
vt 0.396308 0.491628
vt 0.351992 0.806731
vt 0.396281 0.806735
vt 0.024665 0.378848
vt 0.023664 0.112907
vt 0.351989 0.839060
vt 0.396278 0.839725
vt 0.396278 0.839064
vt 0.026333 0.822452
vt 0.352015 0.537238
vt 0.396304 0.536701
vt 0.396304 0.537242
vt 0.352020 0.473081
vt 0.351993 0.791823
vt 0.396282 0.792970
vt 0.351989 0.838381
vt 0.396278 0.838385
vt 0.023737 0.132083
vt 0.396309 0.474237
vt 0.396309 0.473085
vt 0.351993 0.792966
vt 0.396282 0.794110
vt 0.026261 0.803275
vt 0.352019 0.489141
vt 0.396308 0.489145
vt 0.024665 0.378848
vt 0.024693 0.386296
vt 0.351993 0.794106
vt 0.396282 0.795254
vt 0.024777 0.408643
vt 0.024805 0.416092
vt 0.351992 0.804085
vt 0.396281 0.804088
vt 0.023809 0.151260
vt 0.352020 0.474234
vt 0.396309 0.475380
vt 0.024749 0.401194
vt 0.026189 0.784099
vt 0.352020 0.475376
vt 0.396309 0.476520
vt 0.351993 0.795251
vt 0.396281 0.796411
vt 0.024721 0.393745
vt 0.024702 0.388841
vt 0.023881 0.170437
vt 0.352020 0.476516
vt 0.396309 0.477664
vt 0.351993 0.796407
vt 0.396281 0.797586
vt 0.026117 0.764922
vt 0.352019 0.486495
vt 0.396308 0.486498
vt 0.351993 0.797582
vt 0.396281 0.798788
vt 0.024168 0.246896
vt 0.396281 0.801298
vt 0.351992 0.801294
vt 0.023953 0.189614
vt 0.352020 0.477661
vt 0.396309 0.478821
vt 0.026045 0.745745
vt 0.351993 0.800019
vt 0.396281 0.800022
vt 0.352020 0.478817
vt 0.396309 0.479996
vt 0.352023 0.448866
vt 0.396311 0.450086
vt 0.351993 0.798784
vt 0.024124 0.235191
vt 0.024025 0.208791
vt 0.352020 0.479992
vt 0.396308 0.481198
vt 0.025973 0.726568
vt 0.352020 0.483704
vt 0.396308 0.483708
vt 0.352016 0.526910
vt 0.396304 0.528196
vt 0.396305 0.526913
vt 0.352020 0.482429
vt 0.396308 0.482432
vt 0.024080 0.223485
vt 0.024097 0.227968
vt 0.352020 0.481194
vt 0.024169 0.247145
vt 0.352016 0.528192
vt 0.396304 0.529652
vt 0.025900 0.707391
vt 0.024036 0.211780
vt 0.352017 0.510434
vt 0.396306 0.515795
vt 0.396306 0.510438
vt 0.025828 0.688214
vt 0.352016 0.529648
vt 0.396304 0.531280
vt 0.024242 0.266322
vt 0.025756 0.669037
vt 0.352023 0.438503
vt 0.396312 0.438507
vt 0.024360 0.297871
vt 0.023816 0.153253
vt 0.023860 0.164958
vt 0.023948 0.188369
vt 0.024521 0.340539
vt 0.024314 0.285499
vt 0.024397 0.307563
vt 0.025684 0.649860
vt 0.023904 0.176664
vt 0.024565 0.352244
vt 0.024433 0.317254
vt 0.024386 0.304676
vt 0.024470 0.326946
vt 0.025612 0.630683
vt 0.024506 0.336637
vt 0.352013 0.565067
vt 0.396303 0.550268
vt 0.396301 0.565071
vt 0.352024 0.437891
vt 0.396312 0.437895
vt 0.024458 0.323853
vt 0.024542 0.346329
vt 0.023753 0.136345
vt 0.351985 0.886770
vt 0.396274 0.886428
vt 0.396274 0.886774
vt 0.024579 0.356020
vt 0.396313 0.430537
vt 0.352023 0.438711
vt 0.396312 0.438715
vt 0.024530 0.343030
vt 0.024615 0.365712
vt 0.351985 0.887083
vt 0.396274 0.887086
vt 0.352015 0.539952
vt 0.396303 0.543400
vt 0.396303 0.539956
vt 0.025259 0.536929
vt 0.024653 0.375655
vt 0.351985 0.887358
vt 0.396274 0.887362
vt 0.352024 0.430533
vt 0.396312 0.435308
vt 0.352023 0.440907
vt 0.396312 0.439613
vt 0.351995 0.772705
vt 0.396285 0.757111
vt 0.352013 0.561082
vt 0.396302 0.561085
vt 0.396304 0.538722
vt 0.352015 0.538718
vt 0.352024 0.435305
vt 0.352004 0.662630
vt 0.396293 0.662893
vt 0.396293 0.662633
vt 0.352015 0.537610
vt 0.396304 0.537614
vt 0.024697 0.387361
vt 0.352015 0.536625
vt 0.396304 0.536628
vt 0.352023 0.440255
vt 0.396312 0.439503
vt 0.396312 0.440258
vt 0.024674 0.381383
vt 0.024746 0.400560
vt 0.352004 0.662348
vt 0.396293 0.662352
vt 0.024688 0.385095
vt 0.352025 0.415297
vt 0.396314 0.415301
vt 0.024741 0.399066
vt 0.352015 0.535757
vt 0.396304 0.535761
vt 0.352005 0.660172
vt 0.396293 0.660457
vt 0.396293 0.660175
vt 0.352025 0.423430
vt 0.396312 0.436826
vt 0.396313 0.423434
vt 0.023464 0.059610
vt 0.352004 0.662047
vt 0.396293 0.662051
vt 0.352015 0.535005
vt 0.396304 0.535008
vt 0.352023 0.440978
vt 0.396312 0.440982
vt 0.352015 0.534363
vt 0.396304 0.534367
vt 0.352004 0.660453
vt 0.396293 0.660758
vt 0.352004 0.661730
vt 0.396293 0.661734
vt 0.352023 0.443078
vt 0.396312 0.440911
vt 0.396312 0.443081
vt 0.024725 0.394787
vt 0.351996 0.759807
vt 0.396285 0.759116
vt 0.396285 0.759810
vt 0.352023 0.441669
vt 0.396312 0.441672
vt 0.352004 0.660754
vt 0.396293 0.661074
vt 0.025035 0.477268
vt 0.025107 0.496445
vt 0.351996 0.760595
vt 0.396285 0.760599
vt 0.352004 0.661071
vt 0.396293 0.661404
vt 0.352009 0.602520
vt 0.396298 0.606590
vt 0.396298 0.602523
vt 0.351996 0.761474
vt 0.396285 0.761477
vt 0.352023 0.442327
vt 0.396312 0.442330
vt 0.352011 0.579462
vt 0.396300 0.583533
vt 0.396300 0.579466
vt 0.351996 0.760889
vt 0.396285 0.760892
vt 0.025167 0.512365
vt 0.023923 0.181572
vt 0.023959 0.191264
vt 0.352008 0.623503
vt 0.396297 0.619522
vt 0.396296 0.623507
vt 0.023508 0.071315
vt 0.025231 0.529371
vt 0.023886 0.171881
vt 0.023909 0.178032
vt 0.352023 0.442952
vt 0.396312 0.442955
vt 0.025295 0.546377
vt 0.351996 0.762825
vt 0.396284 0.764910
vt 0.025359 0.563383
vt 0.023850 0.162189
vt 0.352009 0.606993
vt 0.352023 0.443544
vt 0.396312 0.443547
vt 0.025423 0.580389
vt 0.023813 0.152498
vt 0.352023 0.445020
vt 0.396312 0.445024
vt 0.025487 0.597395
vt 0.352006 0.643429
vt 0.396295 0.639448
vt 0.396295 0.643433
vt 0.352003 0.683116
vt 0.396291 0.689260
vt 0.396291 0.683120
vt 0.351996 0.764906
vt 0.396284 0.766318
vt 0.024961 0.457593
vt 0.023777 0.142806
vt 0.352003 0.681262
vt 0.396291 0.681266
vt 0.351995 0.766315
vt 0.396284 0.767664
vt 0.352007 0.626919
vt 0.396296 0.626923
vt 0.025551 0.614401
vt 0.352023 0.444627
vt 0.396312 0.444106
vt 0.396312 0.444631
vt 0.352003 0.679582
vt 0.396292 0.679585
vt 0.352003 0.678073
vt 0.396292 0.678077
vt 0.351995 0.767660
vt 0.396284 0.768943
vt 0.352004 0.663721
vt 0.396294 0.647987
vt 0.396293 0.663725
vt 0.023552 0.083021
vt 0.352003 0.676733
vt 0.396292 0.676737
vt 0.351995 0.768940
vt 0.396284 0.770155
vt 0.025615 0.631407
vt 0.352003 0.675560
vt 0.396292 0.675564
vt 0.025137 0.504414
vt 0.352023 0.446739
vt 0.396311 0.446743
vt 0.351987 0.859417
vt 0.396276 0.858250
vt 0.396276 0.859420
vt 0.351995 0.770151
vt 0.396284 0.771295
vt 0.352023 0.445530
vt 0.396312 0.445122
vt 0.396311 0.445534
vt 0.025679 0.648413
vt 0.351987 0.860741
vt 0.396276 0.860745
vt 0.351995 0.771291
vt 0.396284 0.772362
vt 0.025743 0.665419
vt 0.352006 0.647618
vt 0.396294 0.647621
vt 0.351987 0.862203
vt 0.396276 0.862207
vt 0.023552 0.083020
vt 0.023485 0.065274
vt 0.396313 0.432535
vt 0.351987 0.863784
vt 0.396276 0.863788
vt 0.351986 0.875407
vt 0.396275 0.874999
vt 0.396275 0.875410
vt 0.351995 0.772358
vt 0.396283 0.773353
vt 0.025807 0.682425
vt 0.352002 0.684664
vt 0.396292 0.676006
vt 0.396291 0.684668
vt 0.351987 0.865466
vt 0.396276 0.865469
vt 0.352003 0.676002
vt 0.396292 0.674560
vt 0.025871 0.699431
vt 0.025102 0.495050
vt 0.025163 0.511438
vt 0.351987 0.867231
vt 0.396275 0.867234
vt 0.025935 0.716437
vt 0.025287 0.544213
vt 0.352023 0.448239
vt 0.396311 0.448242
vt 0.024207 0.257276
vt 0.024271 0.274282
vt 0.351995 0.773349
vt 0.396283 0.774266
vt 0.025348 0.560600
vt 0.351986 0.876869
vt 0.396275 0.876348
vt 0.396275 0.876873
vt 0.024144 0.240270
vt 0.351995 0.774262
vt 0.396283 0.775097
vt 0.025998 0.733443
vt 0.352016 0.530681
vt 0.396304 0.531495
vt 0.396304 0.530685
vt 0.025472 0.593375
vt 0.024080 0.223264
vt 0.024979 0.462275
vt 0.352015 0.531491
vt 0.396304 0.532381
vt 0.026062 0.750449
vt 0.352015 0.532377
vt 0.396304 0.533342
vt 0.024016 0.206258
vt 0.024855 0.429500
vt 0.352015 0.541155
vt 0.396303 0.541158
vt 0.024794 0.413112
vt 0.351986 0.873725
vt 0.396275 0.875957
vt 0.396275 0.873729
vt 0.352015 0.540480
vt 0.396303 0.540484
vt 0.351986 0.875953
vt 0.396275 0.878075
vt 0.351994 0.778705
vt 0.396283 0.779623
vt 0.396283 0.778709
vt 0.025595 0.626151
vt 0.351986 0.879340
vt 0.396275 0.878671
vt 0.396274 0.879344
vt 0.352014 0.548753
vt 0.352003 0.673171
vt 0.396292 0.673742
vt 0.396292 0.673174
vt 0.351994 0.779118
vt 0.396281 0.800696
vt 0.396283 0.779122
vt 0.023760 0.138235
vt 0.352015 0.539815
vt 0.396303 0.539818
vt 0.024670 0.380337
vt 0.351986 0.880049
vt 0.396274 0.880053
vt 0.352015 0.539148
vt 0.396304 0.539151
vt 0.352025 0.422088
vt 0.396314 0.421587
vt 0.396314 0.422092
vt 0.351986 0.878072
vt 0.396274 0.880056
vt 0.023696 0.121229
vt 0.352015 0.538468
vt 0.396304 0.538472
vt 0.025595 0.626150
vt 0.025657 0.642538
vt 0.024485 0.331175
vt 0.024547 0.347562
vt 0.351986 0.880052
vt 0.396274 0.881868
vt 0.352015 0.537765
vt 0.396304 0.537769
vt 0.352025 0.423257
vt 0.396313 0.422654
vt 0.396313 0.423261
vt 0.352015 0.537028
vt 0.396304 0.537031
vt 0.024362 0.298400
vt 0.024424 0.314787
vt 0.352022 0.449524
vt 0.396311 0.449528
vt 0.351986 0.881864
vt 0.396274 0.883482
vt 0.025417 0.578926
vt 0.025718 0.658926
vt 0.023684 0.118137
vt 0.023504 0.070211
vt 0.351994 0.781871
vt 0.396283 0.780981
vt 0.396283 0.781875
vt 0.351985 0.887710
vt 0.396274 0.888849
vt 0.396274 0.887714
vt 0.023440 0.053205
vt 0.023440 0.053205
vt 0.352025 0.425244
vt 0.396313 0.424569
vt 0.396313 0.425248
vt 0.025454 0.588618
vt 0.023728 0.129842
vt 0.351994 0.783005
vt 0.396283 0.783009
vt 0.396274 0.886475
vt 0.351985 0.886472
vt 0.352002 0.689256
vt 0.396291 0.682916
vt 0.025780 0.675313
vt 0.352024 0.425924
vt 0.396313 0.425928
vt 0.025490 0.598309
vt 0.023728 0.129842
vt 0.023772 0.141547
vt 0.352003 0.672995
vt 0.396292 0.674545
vt 0.396292 0.672999
vt 0.351994 0.784407
vt 0.396283 0.784411
vt 0.352024 0.426813
vt 0.396313 0.426817
vt 0.351985 0.885150
vt 0.396274 0.885154
vt 0.352003 0.674542
vt 0.396292 0.676268
vt 0.025527 0.608001
vt 0.023772 0.141547
vt 0.352003 0.676264
vt 0.396292 0.678161
vt 0.351994 0.786103
vt 0.396282 0.786107
vt 0.352024 0.427634
vt 0.396313 0.427638
vt 0.351985 0.883764
vt 0.396274 0.883767
vt 0.352003 0.678157
vt 0.396291 0.680217
vt 0.352003 0.682425
vt 0.396290 0.693245
vt 0.025563 0.617692
vt 0.025903 0.708088
vt 0.352003 0.680213
vt 0.396291 0.682428
vt 0.351994 0.788121
vt 0.396282 0.788125
vt 0.351986 0.882332
vt 0.396274 0.882336
vt 0.352024 0.429067
vt 0.396313 0.428390
vt 0.396313 0.429071
vt 0.025600 0.627384
vt 0.026077 0.754320
vt 0.026105 0.761648
vt 0.025965 0.724476
vt 0.351993 0.790488
vt 0.396282 0.790492
vt 0.352024 0.429675
vt 0.396313 0.429679
vt 0.026132 0.768975
vt 0.351983 0.915505
vt 0.396271 0.913445
vt 0.396271 0.915509
vt 0.023807 0.150912
vt 0.023869 0.167299
vt 0.026160 0.776303
vt 0.026147 0.772896
vt 0.025998 0.733322
vt 0.025965 0.724476
vt 0.026026 0.740863
vt 0.351983 0.917433
vt 0.396271 0.917436
vt 0.352024 0.430664
vt 0.396313 0.430211
vt 0.396313 0.430668
vt 0.023746 0.134524
vt 0.026187 0.783631
vt 0.025745 0.666150
vt 0.351982 0.919210
vt 0.396271 0.919214
vt 0.352003 0.674150
vt 0.396292 0.673584
vt 0.396292 0.674154
vt 0.023561 0.085362
vt 0.023622 0.101749
vt 0.026215 0.790959
vt 0.351982 0.920826
vt 0.396271 0.920830
vt 0.023499 0.068974
vt 0.023499 0.068974
vt 0.026242 0.798286
vt 0.352025 0.420326
vt 0.396314 0.418775
vt 0.396314 0.420330
vt 0.023438 0.052586
vt 0.025928 0.714608
vt 0.025964 0.724300
vt 0.352025 0.418911
vt 0.396314 0.420506
vt 0.396314 0.418914
vt 0.026000 0.733991
vt 0.024671 0.380604
vt 0.026037 0.743683
vt 0.351983 0.909915
vt 0.396272 0.911418
vt 0.396272 0.909919
vt 0.351983 0.908493
vt 0.396272 0.908497
vt 0.352017 0.519946
vt 0.396305 0.526345
vt 0.396305 0.519949
vt 0.026211 0.790026
vt 0.026273 0.806414
vt 0.023404 0.043527
vt 0.352025 0.422114
vt 0.396314 0.422118
vt 0.026335 0.822801
vt 0.351983 0.907159
vt 0.026396 0.839189
vt 0.026270 0.805614
vt 0.026297 0.812942
vt 0.023431 0.050854
vt 0.352003 0.680679
vt 0.396291 0.680683
vt 0.024561 0.351293
vt 0.024589 0.358621
vt 0.026643 0.904739
vt 0.023459 0.058182
vt 0.351984 0.904795
vt 0.396272 0.905927
vt 0.396272 0.904799
vt 0.352013 0.565840
vt 0.396301 0.564556
vt 0.396301 0.565844
vt 0.352001 0.705403
vt 0.396290 0.696745
vt 0.396289 0.705407
vt 0.352025 0.424119
vt 0.396313 0.424123
vt 0.351985 0.885647
vt 0.396274 0.885229
vt 0.396274 0.885651
vt 0.025040 0.478663
vt 0.026325 0.820270
vt 0.352012 0.572968
vt 0.396300 0.576416
vt 0.396301 0.572972
vt 0.351985 0.886048
vt 0.396274 0.886052
vt 0.023486 0.065510
vt 0.352025 0.424006
vt 0.396313 0.422819
vt 0.396313 0.424010
vt 0.351985 0.886424
vt 0.023514 0.072838
vt 0.352012 0.571734
vt 0.396301 0.571738
vt 0.352025 0.425366
vt 0.396313 0.425369
vt 0.352012 0.570627
vt 0.396301 0.570630
vt 0.025404 0.575305
vt 0.352024 0.426326
vt 0.396313 0.426330
vt 0.352012 0.569641
vt 0.396301 0.569645
vt 0.026353 0.827597
vt 0.023541 0.080166
vt 0.352012 0.568774
vt 0.396301 0.568777
vt 0.352024 0.426878
vt 0.396313 0.426882
vt 0.352012 0.568021
vt 0.396301 0.568025
vt 0.352024 0.428719
vt 0.396313 0.428723
vt 0.352012 0.567379
vt 0.396301 0.567383
vt 0.023541 0.080165
vt 0.023569 0.087493
vt 0.024602 0.362206
vt 0.352001 0.702034
vt 0.396290 0.702298
vt 0.396290 0.702038
vt 0.026380 0.834925
vt 0.352024 0.428530
vt 0.396313 0.428533
vt 0.352001 0.699317
vt 0.396290 0.699580
vt 0.396290 0.699321
vt 0.352001 0.701753
vt 0.396290 0.701757
vt 0.352002 0.693910
vt 0.396290 0.694481
vt 0.396290 0.693914
vt 0.023596 0.094821
vt 0.352024 0.430304
vt 0.396313 0.430308
vt 0.352001 0.699576
vt 0.396290 0.699862
vt 0.352024 0.431283
vt 0.396313 0.431287
vt 0.352001 0.701452
vt 0.396290 0.701456
vt 0.024761 0.404459
vt 0.026408 0.842253
vt 0.352001 0.699858
vt 0.396290 0.700162
vt 0.023910 0.178033
vt 0.352001 0.701135
vt 0.396290 0.701139
vt 0.023596 0.094821
vt 0.023624 0.102149
vt 0.352024 0.432188
vt 0.396313 0.432192
vt 0.352001 0.700159
vt 0.396290 0.700479
vt 0.352001 0.700805
vt 0.396290 0.700809
vt 0.352025 0.423900
vt 0.396313 0.423903
vt 0.023624 0.102149
vt 0.023652 0.109477
vt 0.352001 0.700476
vt 0.352024 0.434003
vt 0.396312 0.434007
vt 0.026435 0.849581
vt 0.352024 0.434166
vt 0.396312 0.434170
vt 0.024393 0.306593
vt 0.025485 0.596946
vt 0.023652 0.109476
vt 0.023679 0.116804
vt 0.352024 0.436270
vt 0.396312 0.436274
vt 0.351988 0.858488
vt 0.396275 0.871884
vt 0.396276 0.858492
vt 0.351986 0.871881
vt 0.023707 0.124132
vt 0.026463 0.856908
vt 0.352024 0.436023
vt 0.396312 0.436027
vt 0.352000 0.713005
vt 0.396288 0.724802
vt 0.396289 0.713009
vt 0.023734 0.131460
vt 0.352024 0.437815
vt 0.396312 0.437819
vt 0.351999 0.728295
vt 0.396287 0.732366
vt 0.396287 0.728299
vt 0.351986 0.876652
vt 0.396275 0.876656
vt 0.352023 0.438453
vt 0.396312 0.438457
vt 0.352001 0.705238
vt 0.396289 0.709308
vt 0.396289 0.705242
vt 0.026478 0.860864
vt 0.026490 0.864236
vt 0.023762 0.138788
vt 0.352023 0.439523
vt 0.396312 0.439526
vt 0.352023 0.440537
vt 0.396312 0.440541
vt 0.025998 0.733322
vt 0.026518 0.871564
vt 0.023789 0.146115
vt 0.352023 0.441128
vt 0.396312 0.441132
vt 0.352002 0.694889
vt 0.396290 0.694324
vt 0.396290 0.694893
vt 0.026545 0.878892
vt 0.352023 0.442508
vt 0.396312 0.442512
vt 0.023817 0.153443
vt 0.352023 0.442613
vt 0.396312 0.442617
vt 0.025103 0.495359
vt 0.025103 0.495359
vt 0.026573 0.886220
vt 0.352023 0.444352
vt 0.396312 0.444355
vt 0.352013 0.563697
vt 0.396301 0.564511
vt 0.396301 0.563701
vt 0.023845 0.160771
vt 0.352013 0.564507
vt 0.396301 0.565397
vt 0.352023 0.443959
vt 0.396312 0.443963
vt 0.352032 0.342342
vt 0.396321 0.339903
vt 0.396320 0.342346
vt 0.026146 0.772558
vt 0.352013 0.565393
vt 0.396301 0.566358
vt 0.023872 0.168099
vt 0.352023 0.445149
vt 0.396312 0.445152
vt 0.352032 0.337690
vt 0.396321 0.335716
vt 0.396321 0.337694
vt 0.352032 0.335712
vt 0.396321 0.333964
vt 0.352012 0.574171
vt 0.396300 0.574175
vt 0.026601 0.893547
vt 0.352023 0.446054
vt 0.396311 0.446057
vt 0.352032 0.333960
vt 0.396321 0.332434
vt 0.352012 0.573496
vt 0.396301 0.573500
vt 0.025039 0.478353
vt 0.023900 0.175426
vt 0.024911 0.444342
vt 0.024975 0.461347
vt 0.351984 0.905845
vt 0.396272 0.904731
vt 0.396272 0.905849
vt 0.352012 0.576412
vt 0.396300 0.581773
vt 0.352001 0.701418
vt 0.396290 0.701422
vt 0.352025 0.419817
vt 0.396314 0.421489
vt 0.396314 0.419820
vt 0.352012 0.572831
vt 0.396301 0.572834
vt 0.026628 0.900875
vt 0.396312 0.440943
vt 0.352023 0.447600
vt 0.396311 0.447604
vt 0.352012 0.572164
vt 0.396301 0.572168
vt 0.024847 0.427336
vt 0.352012 0.571484
vt 0.396301 0.571488
vt 0.023927 0.182754
vt 0.024783 0.410330
vt 0.351983 0.907074
vt 0.396272 0.907077
vt 0.024719 0.393324
vt 0.025485 0.596946
vt 0.352012 0.570781
vt 0.396301 0.570785
vt 0.023927 0.182754
vt 0.023955 0.190082
vt 0.351983 0.908404
vt 0.352025 0.421485
vt 0.396313 0.423339
vt 0.352012 0.570044
vt 0.396301 0.570048
vt 0.352024 0.436823
vt 0.024655 0.376318
vt 0.026656 0.908203
vt 0.024591 0.359312
vt 0.023955 0.190082
vt 0.023982 0.197410
vt 0.351983 0.909827
vt 0.396272 0.908408
vt 0.396272 0.909831
vt 0.352025 0.423335
vt 0.396313 0.425334
vt 0.024527 0.342306
vt 0.352023 0.448976
vt 0.396311 0.448980
vt 0.351998 0.731307
vt 0.396287 0.735378
vt 0.396287 0.731311
vt 0.352025 0.425330
vt 0.396313 0.427435
vt 0.023982 0.197410
vt 0.024010 0.204738
vt 0.024463 0.325300
vt 0.351983 0.911333
vt 0.396272 0.911337
vt 0.352000 0.708250
vt 0.396289 0.712320
vt 0.396289 0.708254
vt 0.024399 0.308294
vt 0.026312 0.816719
vt 0.026347 0.826011
vt 0.026382 0.835303
vt 0.026683 0.915531
vt 0.352024 0.427432
vt 0.396313 0.429606
vt 0.351982 0.919629
vt 0.396271 0.920985
vt 0.396271 0.919632
vt 0.024335 0.291288
vt 0.026417 0.844595
vt 0.026451 0.853887
vt 0.026711 0.922858
vt 0.352024 0.429603
vt 0.396313 0.431809
vt 0.351997 0.751195
vt 0.396286 0.749161
vt 0.396285 0.751199
vt 0.351983 0.918160
vt 0.396271 0.918163
vt 0.026486 0.863179
vt 0.352024 0.431806
vt 0.351983 0.916585
vt 0.396271 0.916588
vt 0.026521 0.872470
vt 0.026556 0.881762
vt 0.351997 0.753103
vt 0.396285 0.753107
vt 0.026766 0.937453
vt 0.396312 0.436364
vt 0.025443 0.585781
vt 0.025471 0.593109
vt 0.026591 0.891054
vt 0.026626 0.900346
vt 0.024726 0.395259
vt 0.352024 0.436360
vt 0.396312 0.438671
vt 0.351983 0.913935
vt 0.396271 0.914916
vt 0.396271 0.913939
vt 0.026661 0.909638
vt 0.351996 0.754869
vt 0.396285 0.754873
vt 0.024754 0.402587
vt 0.026696 0.918930
vt 0.024782 0.409915
vt 0.352023 0.438667
vt 0.396312 0.440899
vt 0.351983 0.912934
vt 0.396272 0.912938
vt 0.026731 0.928222
vt 0.024809 0.417243
vt 0.352023 0.440895
vt 0.396312 0.443018
vt 0.351996 0.756479
vt 0.396285 0.756482
vt 0.024809 0.417243
vt 0.024837 0.424570
vt 0.351983 0.911908
vt 0.396272 0.911912
vt 0.351997 0.744677
vt 0.396286 0.745462
vt 0.396286 0.744680
vt 0.024864 0.431898
vt 0.352023 0.443014
vt 0.396312 0.444998
vt 0.023656 0.110534
vt 0.023691 0.119826
vt 0.024892 0.439226
vt 0.023621 0.101242
vt 0.351984 0.898516
vt 0.396273 0.897836
vt 0.396273 0.898519
vt 0.352023 0.444994
vt 0.396311 0.446810
vt 0.352014 0.552962
vt 0.396302 0.559361
vt 0.396302 0.552966
vt 0.023586 0.091950
vt 0.351983 0.910856
vt 0.396272 0.910860
vt 0.351998 0.741560
vt 0.396286 0.742347
vt 0.396286 0.741564
vt 0.023516 0.073367
vt 0.023551 0.082658
vt 0.024919 0.446554
vt 0.352023 0.446806
vt 0.396311 0.448424
vt 0.351998 0.739971
vt 0.396286 0.740774
vt 0.396286 0.739975
vt 0.025112 0.497848
vt 0.352011 0.588055
vt 0.396298 0.603857
vt 0.396299 0.588059
vt 0.025002 0.468537
vt 0.023446 0.054783
vt 0.023481 0.064075
vt 0.023440 0.053205
vt 0.351998 0.738333
vt 0.396286 0.739163
vt 0.396286 0.738336
vt 0.024919 0.446554
vt 0.024947 0.453881
vt 0.024975 0.461209
vt 0.023411 0.045491
vt 0.352025 0.420557
vt 0.396314 0.418946
vt 0.396314 0.420560
vt 0.352011 0.588602
vt 0.396299 0.588606
vt 0.352032 0.332872
vt 0.396321 0.334422
vt 0.396321 0.332876
vt 0.351983 0.909775
vt 0.396272 0.909779
vt 0.352032 0.334418
vt 0.396321 0.336145
vt 0.351983 0.908665
vt 0.396272 0.908668
vt 0.352032 0.336141
vt 0.396321 0.338038
vt 0.025250 0.534487
vt 0.025278 0.541815
vt 0.025266 0.538759
vt 0.352011 0.587563
vt 0.396297 0.609213
vt 0.396299 0.587567
vt 0.352032 0.338034
vt 0.396321 0.340093
vt 0.023830 0.156994
vt 0.351983 0.906348
vt 0.396272 0.907527
vt 0.396272 0.906352
vt 0.352032 0.340090
vt 0.396320 0.342305
vt 0.351984 0.905139
vt 0.396272 0.905143
vt 0.023900 0.175578
vt 0.352025 0.422406
vt 0.396313 0.422410
vt 0.351984 0.903894
vt 0.396272 0.903897
vt 0.352007 0.629435
vt 0.396297 0.614898
vt 0.025140 0.505176
vt 0.025167 0.512504
vt 0.025140 0.505176
vt 0.023935 0.184869
vt 0.024129 0.236491
vt 0.023970 0.194161
vt 0.352025 0.424472
vt 0.396313 0.424476
vt 0.025497 0.600000
vt 0.025553 0.614938
vt 0.024005 0.203453
vt 0.024883 0.436783
vt 0.024040 0.212745
vt 0.396295 0.634796
vt 0.396296 0.629439
vt 0.352024 0.426738
vt 0.396313 0.426741
vt 0.025588 0.624426
vt 0.025374 0.567500
vt 0.026345 0.825519
vt 0.024040 0.212745
vt 0.024075 0.222037
vt 0.352024 0.429184
vt 0.396313 0.429187
vt 0.025624 0.633913
vt 0.025339 0.558013
vt 0.024110 0.231329
vt 0.026190 0.784474
vt 0.025660 0.643401
vt 0.024145 0.240621
vt 0.025303 0.548525
vt 0.351994 0.779628
vt 0.396285 0.761630
vt 0.352025 0.418509
vt 0.396316 0.395333
vt 0.352024 0.431792
vt 0.396313 0.431796
vt 0.025695 0.652888
vt 0.024180 0.249913
vt 0.025267 0.539038
vt 0.352024 0.434545
vt 0.396312 0.434549
vt 0.352004 0.664583
vt 0.396291 0.680439
vt 0.396293 0.664587
vt 0.024215 0.259205
vt 0.352027 0.400672
vt 0.396315 0.402706
vt 0.396315 0.400675
vt 0.024250 0.268497
vt 0.396315 0.398632
vt 0.352002 0.685136
vt 0.396291 0.690606
vt 0.352024 0.436537
vt 0.396312 0.436541
vt 0.351994 0.786042
vt 0.396282 0.786046
vt 0.352027 0.396691
vt 0.396316 0.396694
vt 0.352005 0.659609
vt 0.396294 0.654146
vt 0.352005 0.654142
vt 0.352023 0.443070
vt 0.396314 0.419895
vt 0.396312 0.443074
vt 0.024285 0.277789
vt 0.352023 0.438603
vt 0.396312 0.438607
vt 0.352027 0.402702
vt 0.396315 0.404633
vt 0.396316 0.394875
vt 0.352027 0.394872
vt 0.352002 0.694757
vt 0.396290 0.700117
vt 0.396290 0.694761
vt 0.024320 0.287080
vt 0.352023 0.440697
vt 0.396312 0.440701
vt 0.352026 0.404630
vt 0.396315 0.406444
vt 0.025731 0.662376
vt 0.024320 0.287080
vt 0.024355 0.296372
vt 0.025232 0.529550
vt 0.352023 0.442771
vt 0.396312 0.442775
vt 0.352027 0.393185
vt 0.396316 0.393189
vt 0.024389 0.305664
vt 0.352001 0.704815
vt 0.396287 0.727012
vt 0.396289 0.704818
vt 0.352023 0.444778
vt 0.396312 0.444782
vt 0.352026 0.406440
vt 0.396315 0.408124
vt 0.352027 0.391645
vt 0.396316 0.391649
vt 0.351994 0.781888
vt 0.352022 0.461045
vt 0.396312 0.445311
vt 0.396310 0.461048
vt 0.024424 0.314956
vt 0.025019 0.472919
vt 0.025054 0.482210
vt 0.352026 0.408120
vt 0.396315 0.409658
vt 0.025088 0.491502
vt 0.351996 0.760353
vt 0.396284 0.763074
vt 0.351994 0.779920
vt 0.025196 0.520063
vt 0.025200 0.521044
vt 0.024459 0.324248
vt 0.351998 0.738791
vt 0.396286 0.737996
vt 0.396286 0.738794
vt 0.024411 0.311337
vt 0.024447 0.320825
vt 0.352023 0.446670
vt 0.396311 0.446674
vt 0.351994 0.781065
vt 0.396283 0.779924
vt 0.396283 0.781069
vt 0.351996 0.760695
vt 0.396284 0.762268
vt 0.396285 0.760699
vt 0.351998 0.739597
vt 0.396286 0.739601
vt 0.024375 0.301850
vt 0.024400 0.308392
vt 0.351994 0.782167
vt 0.396283 0.782171
vt 0.024494 0.333540
vt 0.351996 0.764060
vt 0.396312 0.444945
vt 0.352023 0.444941
vt 0.351998 0.740409
vt 0.396286 0.740413
vt 0.351996 0.763070
vt 0.396284 0.766014
vt 0.024879 0.435751
vt 0.024914 0.445043
vt 0.025160 0.510575
vt 0.025160 0.510575
vt 0.024339 0.292362
vt 0.351994 0.785119
vt 0.396283 0.781892
vt 0.396282 0.785122
vt 0.024529 0.342832
vt 0.352019 0.485525
vt 0.396309 0.478535
vt 0.351997 0.742043
vt 0.396286 0.741229
vt 0.396286 0.742047
vt 0.351994 0.783226
vt 0.396283 0.783230
vt 0.396284 0.766071
vt 0.396284 0.764064
vt 0.352020 0.478531
vt 0.396309 0.477176
vt 0.352023 0.448402
vt 0.396311 0.448405
vt 0.351995 0.766011
vt 0.396284 0.769144
vt 0.352020 0.477173
vt 0.396309 0.475911
vt 0.024809 0.417167
vt 0.024844 0.426459
vt 0.025124 0.501088
vt 0.351994 0.784242
vt 0.396283 0.784246
vt 0.024304 0.282875
vt 0.024564 0.352124
vt 0.352020 0.474740
vt 0.396309 0.473679
vt 0.396309 0.474744
vt 0.024774 0.407875
vt 0.351995 0.766067
vt 0.396284 0.768269
vt 0.352020 0.473675
vt 0.396309 0.472721
vt 0.024739 0.398583
vt 0.024268 0.273387
vt 0.351994 0.785214
vt 0.396282 0.785218
vt 0.352021 0.472717
vt 0.396309 0.471875
vt 0.024599 0.361416
vt 0.351995 0.768265
vt 0.396284 0.770643
vt 0.352025 0.418293
vt 0.396314 0.419257
vt 0.396314 0.418297
vt 0.024704 0.389291
vt 0.351994 0.788036
vt 0.396282 0.788040
vt 0.024324 0.288179
vt 0.351995 0.769141
vt 0.396284 0.772431
vt 0.024669 0.379999
vt 0.025089 0.491600
vt 0.351994 0.786142
vt 0.396282 0.786146
vt 0.352025 0.419253
vt 0.396314 0.420345
vt 0.024232 0.263900
vt 0.352025 0.420069
vt 0.396313 0.431675
vt 0.396314 0.420072
vt 0.351995 0.770639
vt 0.396283 0.773173
vt 0.351996 0.755755
vt 0.396285 0.757309
vt 0.396285 0.755759
vt 0.351995 0.772428
vt 0.396283 0.775842
vt 0.024178 0.249413
vt 0.025123 0.500794
vt 0.024197 0.254412
vt 0.351997 0.753978
vt 0.396285 0.753982
vt 0.352025 0.420342
vt 0.396314 0.421556
vt 0.024141 0.239722
vt 0.351995 0.773169
vt 0.025123 0.500794
vt 0.025158 0.510086
vt 0.026730 0.928026
vt 0.024105 0.230030
vt 0.025193 0.519378
vt 0.351993 0.790648
vt 0.396282 0.790651
vt 0.024069 0.220339
vt 0.351995 0.775839
vt 0.396283 0.778496
vt 0.025228 0.528670
vt 0.024161 0.244925
vt 0.351997 0.751971
vt 0.396285 0.751975
vt 0.352025 0.421553
vt 0.396313 0.422885
vt 0.024032 0.210647
vt 0.396283 0.779161
vt 0.025263 0.537962
vt 0.023996 0.200955
vt 0.351994 0.778493
vt 0.396283 0.781017
vt 0.025263 0.537962
vt 0.024125 0.235437
vt 0.351997 0.749730
vt 0.396286 0.749733
vt 0.351994 0.779158
vt 0.396283 0.782388
vt 0.352025 0.422881
vt 0.396313 0.424326
vt 0.026695 0.918539
vt 0.025368 0.565838
vt 0.351994 0.781013
vt 0.396283 0.783385
vt 0.025403 0.575130
vt 0.024090 0.225949
vt 0.352025 0.424322
vt 0.396313 0.425874
vt 0.025403 0.575129
vt 0.025543 0.612297
vt 0.351994 0.782385
vt 0.396282 0.785486
vt 0.026659 0.909051
vt 0.351993 0.792958
vt 0.352024 0.425870
vt 0.396313 0.426922
vt 0.351994 0.783381
vt 0.396282 0.785582
vt 0.351994 0.785482
vt 0.352024 0.426918
vt 0.396313 0.427923
vt 0.351993 0.791803
vt 0.396282 0.791806
vt 0.023483 0.064661
vt 0.352024 0.427919
vt 0.838933 0.115696
vt 0.838935 0.088664
vt 0.841855 0.088664
vt 0.841853 0.115696
vt 0.828985 0.115933
vt 0.820199 0.088662
vt 0.823118 0.088662
vt 0.829224 0.107649
vt 0.835304 0.088663
vt 0.838194 0.088664
vt 0.829581 0.115933
vt 0.807922 0.101702
vt 0.799790 0.088660
vt 0.803335 0.088661
vt 0.809710 0.098967
vt 0.349740 0.023670
vt 0.295029 0.024006
vt 0.240318 0.024342
vt 0.819573 0.088662
vt 0.811468 0.101702
vt 0.799162 0.115693
vt 0.809710 0.104516
vt 0.820137 0.115695
vt 0.802707 0.115693
vt 0.816621 0.115694
vt 0.786828 0.101700
vt 0.778696 0.088659
vt 0.782241 0.088659
vt 0.788616 0.098965
vt 0.798479 0.088660
vt 0.790374 0.101700
vt 0.778068 0.115691
vt 0.788616 0.104514
vt 0.799043 0.115693
vt 0.781613 0.115691
vt 0.795527 0.115692
vt 0.756914 0.115689
vt 0.756917 0.088657
vt 0.759658 0.088657
vt 0.759836 0.094642
vt 0.759896 0.094642
vt 0.766390 0.099756
vt 0.326293 0.023814
vt 0.283306 0.024078
vt 0.775866 0.088658
vt 0.772886 0.094643
vt 0.772945 0.094643
vt 0.775863 0.115691
vt 0.759834 0.115689
vt 0.766151 0.105107
vt 0.766628 0.105107
vt 0.772943 0.115691
vt 0.733645 0.115687
vt 0.733648 0.088655
vt 0.736389 0.088655
vt 0.736567 0.094640
vt 0.736627 0.094640
vt 0.743121 0.099754
vt 0.752597 0.088656
vt 0.749617 0.094641
vt 0.713177 0.021436
vt 0.756164 0.021172
vt 0.749676 0.094641
vt 0.752594 0.115689
vt 0.736565 0.115688
vt 0.742882 0.105105
vt 0.743359 0.105105
vt 0.749674 0.115689
vt 0.253123 0.024264
vt 0.842138 0.020644
vt 0.265928 0.024185
vt 0.829334 0.020722
vt 0.278732 0.024106
vt 0.816529 0.020801
vt 0.291537 0.024027
vt 0.803724 0.020880
vt 0.304342 0.023949
vt 0.790920 0.020958
vt 0.317146 0.023870
vt 0.778115 0.021037
vt 0.329951 0.023791
vt 0.765310 0.021116
vt 0.342756 0.023713
vt 0.752506 0.021195
vt 0.355560 0.023634
vt 0.739701 0.021273
vt 0.368365 0.023555
vt 0.726896 0.021352
vt 0.381170 0.023477
vt 0.714092 0.021431
vt 0.701287 0.021509
vt 0.393974 0.023398
vt 0.406779 0.023319
vt 0.688482 0.021588
vt 0.419584 0.023241
vt 0.675678 0.021667
vt 0.432389 0.023162
vt 0.662873 0.021745
vt 0.445193 0.023083
vt 0.650068 0.021824
vt 0.457998 0.023004
vt 0.637264 0.021903
vt 0.470803 0.022926
vt 0.624459 0.021982
vt 0.483607 0.022847
vt 0.611654 0.022060
vt 0.719010 0.115717
vt 0.718820 0.115546
vt 0.721001 0.115546
vt 0.496412 0.022768
vt 0.598849 0.022139
vt 0.509217 0.022690
vt 0.586045 0.022218
vt 0.522021 0.022611
vt 0.573240 0.022296
vt 0.534826 0.022532
vt 0.560435 0.022375
vt 0.547631 0.022454
vt 0.696582 0.115684
vt 0.696584 0.088652
vt 0.699504 0.092140
vt 0.546906 0.022458
vt 0.535551 0.022528
vt 0.524196 0.022598
vt 0.512841 0.022668
vt 0.501486 0.022737
vt 0.490130 0.022807
vt 0.478775 0.022877
vt 0.467420 0.022947
vt 0.558261 0.022388
vt 0.569616 0.022319
vt 0.456065 0.023016
vt 0.699502 0.112196
vt 0.706592 0.092506
vt 0.705361 0.092234
vt 0.712702 0.093018
vt 0.592326 0.022179
vt 0.580971 0.022249
vt 0.708679 0.093534
vt 0.707698 0.092944
vt 0.603682 0.022109
vt 0.444710 0.023086
vt 0.709539 0.094263
vt 0.713507 0.094371
vt 0.710278 0.095119
vt 0.626392 0.021970
vt 0.433355 0.023156
vt 0.710898 0.096087
vt 0.714159 0.095829
vt 0.714660 0.097365
vt 0.711402 0.097156
vt 0.711791 0.098311
vt 0.715014 0.098952
vt 0.712066 0.099541
vt 0.715224 0.100563
vt 0.712230 0.100831
vt 0.715294 0.102169
vt 0.712285 0.102169
vt 0.712251 0.103066
vt 0.715209 0.103893
vt 0.712141 0.104068
vt 0.714960 0.105579
vt 0.711944 0.105141
vt 0.711645 0.106249
vt 0.714551 0.107208
vt 0.711234 0.107358
vt 0.713987 0.108756
vt 0.710697 0.108432
vt 0.710023 0.109437
vt 0.713273 0.110204
vt 0.785363 0.020993
vt 0.774008 0.021062
vt 0.331159 0.023784
vt 0.709198 0.110337
vt 0.712414 0.111529
vt 0.708211 0.111098
vt 0.707049 0.111685
vt 0.711416 0.112709
vt 0.819428 0.020783
vt 0.808073 0.020853
vt 0.308449 0.023924
vt 0.704150 0.112197
vt 0.710283 0.113723
vt 0.709021 0.114549
vt 0.707634 0.115166
vt 0.689778 0.115342
vt 0.689627 0.115113
vt 0.692454 0.115113
vt 0.690567 0.115955
vt 0.691735 0.115853
vt 0.691514 0.115955
vt 0.667921 0.115682
vt 0.676652 0.088491
vt 0.678708 0.088492
vt 0.677635 0.094437
vt 0.687793 0.115683
vt 0.674595 0.104227
vt 0.680912 0.104228
vt 0.673463 0.107715
vt 0.682103 0.107716
vt 0.670900 0.115682
vt 0.684814 0.115683
vt 0.360682 0.023603
vt 0.300500 0.023972
vt 0.635708 0.073231
vt 0.646496 0.046041
vt 0.645423 0.051986
vt 0.655581 0.073232
vt 0.642383 0.061776
vt 0.648699 0.061777
vt 0.641251 0.065264
vt 0.649891 0.065265
vt 0.638687 0.073231
vt 0.652601 0.073232
vt 0.615627 0.073229
vt 0.615629 0.046197
vt 0.618549 0.049685
vt 0.623525 0.046197
vt 0.625315 0.046341
vt 0.626933 0.046756
vt 0.628382 0.047412
vt 0.629665 0.048284
vt 0.630786 0.049343
vt 0.623048 0.049685
vt 0.624406 0.049779
vt 0.631747 0.050563
vt 0.618547 0.069741
vt 0.627724 0.051079
vt 0.632552 0.051916
vt 0.615036 0.022039
vt 0.629323 0.052663
vt 0.633204 0.053374
vt 0.637747 0.021900
vt 0.629944 0.053632
vt 0.633705 0.054910
vt 0.649102 0.021830
vt 0.422000 0.023226
vt 0.630836 0.055856
vt 0.630447 0.054701
vt 0.634059 0.056497
vt 0.671812 0.021690
vt 0.660457 0.021760
vt 0.410645 0.023296
vt 0.631112 0.057086
vt 0.634269 0.058108
vt 0.683167 0.021621
vt 0.399290 0.023365
vt 0.631275 0.058376
vt 0.634339 0.059714
vt 0.631330 0.059714
vt 0.705877 0.021481
vt 0.694522 0.021551
vt 0.387935 0.023435
vt 0.631296 0.060611
vt 0.634254 0.061437
vt 0.717232 0.021411
vt 0.376580 0.023505
vt 0.631186 0.061613
vt 0.634005 0.063124
vt 0.630989 0.062686
vt 0.739942 0.021272
vt 0.728587 0.021342
vt 0.365224 0.023575
vt 0.630690 0.063794
vt 0.633596 0.064753
vt 0.630279 0.064902
vt 0.633032 0.066301
vt 0.629068 0.066982
vt 0.629743 0.065977
vt 0.632318 0.067749
vt 0.628244 0.067882
vt 0.631459 0.069073
vt 0.796718 0.020923
vt 0.319804 0.023854
vt 0.626094 0.069230
vt 0.630461 0.070254
vt 0.624745 0.069608
vt 0.830783 0.020714
vt 0.623195 0.069742
vt 0.629328 0.071267
vt 0.628066 0.072094
vt 0.626679 0.072711
vt 0.625173 0.073096
vt 0.623552 0.073230
vt 0.585208 0.073226
vt 0.593940 0.046036
vt 0.595995 0.046036
vt 0.594922 0.051982
vt 0.605080 0.073228
vt 0.591883 0.061772
vt 0.598199 0.061772
vt 0.590750 0.065260
vt 0.599390 0.065261
vt 0.588187 0.073227
vt 0.602101 0.073228
vt 0.567721 0.049681
vt 0.567721 0.046193
vt 0.584704 0.046194
vt 0.584703 0.049682
vt 0.574750 0.073226
vt 0.574752 0.049681
vt 0.577672 0.049681
vt 0.577670 0.073226
vt 0.549726 0.049679
vt 0.549726 0.046191
vt 0.566708 0.046192
vt 0.566708 0.049680
vt 0.556755 0.073224
vt 0.556757 0.049680
vt 0.559677 0.049680
vt 0.559675 0.073224
vt 0.536555 0.073222
vt 0.536557 0.046190
vt 0.539476 0.049678
vt 0.548087 0.046191
vt 0.548087 0.049679
vt 0.539476 0.057843
vt 0.539475 0.061331
vt 0.547788 0.057844
vt 0.547788 0.061332
vt 0.539475 0.069735
vt 0.548353 0.069735
vt 0.548353 0.073223
vt 0.518619 0.073221
vt 0.518621 0.046188
vt 0.521541 0.049518
vt 0.523746 0.046189
vt 0.524741 0.046249
vt 0.525668 0.046425
vt 0.526523 0.046714
vt 0.527303 0.047113
vt 0.528005 0.047616
vt 0.528624 0.048221
vt 0.529158 0.048923
vt 0.673888 0.021678
vt 0.622118 0.021996
vt 0.680359 0.021638
vt 0.523418 0.049518
vt 0.529603 0.049718
vt 0.521540 0.058000
vt 0.686830 0.021598
vt 0.615647 0.022036
vt 0.693301 0.021559
vt 0.699772 0.021519
vt 0.525231 0.049800
vt 0.529954 0.050604
vt 0.525704 0.050013
vt 0.712715 0.021439
vt 0.706244 0.021479
vt 0.609176 0.022075
vt 0.719186 0.021399
vt 0.526464 0.050609
vt 0.530210 0.051575
vt 0.725657 0.021360
vt 0.602705 0.022115
vt 0.526990 0.051415
vt 0.526755 0.050986
vt 0.527171 0.051893
vt 0.530366 0.052629
vt 0.527300 0.052418
vt 0.751542 0.021201
vt 0.745071 0.021241
vt 0.596233 0.022155
vt 0.527379 0.052988
vt 0.530419 0.053760
vt 0.527410 0.053601
vt 0.764484 0.021121
vt 0.758013 0.021161
vt 0.589762 0.022195
vt 0.527397 0.054162
vt 0.530393 0.054526
vt 0.770955 0.021081
vt 0.583291 0.022235
vt 0.527341 0.054712
vt 0.530318 0.055258
vt 0.777427 0.021041
vt 0.576820 0.022274
vt 0.783898 0.021002
vt 0.527083 0.055746
vt 0.530194 0.055954
vt 0.790369 0.020962
vt 0.570349 0.022314
vt 0.526871 0.056217
vt 0.530021 0.056612
vt 0.796840 0.020922
vt 0.563877 0.022354
vt 0.526598 0.056648
vt 0.529802 0.057233
vt 0.526259 0.057032
vt 0.809783 0.020843
vt 0.803311 0.020882
vt 0.557406 0.022394
vt 0.525849 0.057362
vt 0.529536 0.057813
vt 0.525365 0.057631
vt 0.822725 0.020763
vt 0.816254 0.020803
vt 0.550935 0.022433
vt 0.524801 0.057832
vt 0.529225 0.058352
vt 0.829196 0.020723
vt 0.544464 0.022473
vt 0.523417 0.058001
vt 0.524153 0.057957
vt 0.521540 0.061489
vt 0.528869 0.058848
vt 0.528470 0.059300
vt 0.528029 0.059707
vt 0.527546 0.060067
vt 0.527022 0.060379
vt 0.527469 0.060804
vt 0.527891 0.061264
vt 0.259732 0.024223
vt 0.499166 0.022752
vt 0.266203 0.024183
vt 0.272674 0.024143
vt 0.523129 0.061504
vt 0.528291 0.061762
vt 0.521539 0.073221
vt 0.279145 0.024104
vt 0.492694 0.022791
vt 0.523855 0.061675
vt 0.523492 0.061561
vt 0.524225 0.061859
vt 0.292088 0.024024
vt 0.486223 0.022831
vt 0.298559 0.023984
vt 0.525011 0.062500
vt 0.524609 0.062129
vt 0.528672 0.062295
vt 0.529040 0.062865
vt 0.311501 0.023905
vt 0.305030 0.023945
vt 0.479752 0.022871
vt 0.525437 0.062986
vt 0.529398 0.063471
vt 0.317973 0.023865
vt 0.473281 0.022911
vt 0.525895 0.063603
vt 0.529749 0.064114
vt 0.324444 0.023825
vt 0.466810 0.022950
vt 0.526389 0.064365
vt 0.530098 0.064792
vt 0.330915 0.023786
vt 0.460339 0.022990
vt 0.526927 0.065288
vt 0.530449 0.065508
vt 0.527512 0.066385
vt 0.530805 0.066259
vt 0.531171 0.067047
vt 0.528153 0.067672
vt 0.531550 0.067871
vt 0.530834 0.073222
vt 0.531759 0.068318
vt 0.531958 0.068735
vt 0.532150 0.069131
vt 0.532341 0.069514
vt 0.532534 0.069893
vt 0.532734 0.070279
vt 0.350328 0.023666
vt 0.395627 0.023388
vt 0.389156 0.023428
vt 0.532945 0.070679
vt 0.533172 0.071104
vt 0.533418 0.071561
vt 0.533689 0.072061
vt 0.533988 0.072611
vt 0.503662 0.073220
vt 0.503665 0.046187
vt 0.506584 0.049675
vt 0.515195 0.046188
vt 0.515195 0.049676
vt 0.506583 0.057841
vt 0.506583 0.061329
vt 0.514896 0.057841
vt 0.514896 0.061329
vt 0.506582 0.069732
vt 0.515461 0.069733
vt 0.515461 0.073221
vt 0.473870 0.062991
vt 0.473871 0.046185
vt 0.476791 0.046185
vt 0.476789 0.062159
vt 0.488439 0.061922
vt 0.488440 0.046186
vt 0.491360 0.046186
vt 0.491359 0.062596
vt 0.488433 0.062544
vt 0.476796 0.062885
vt 0.271582 0.024150
vt 0.263766 0.024198
vt 0.488416 0.063144
vt 0.491296 0.064202
vt 0.476816 0.063544
vt 0.473954 0.064748
vt 0.488385 0.063720
vt 0.476850 0.064140
vt 0.476901 0.064681
vt 0.488338 0.064272
vt 0.491109 0.065708
vt 0.488273 0.064801
vt 0.476968 0.065171
vt 0.474198 0.066335
vt 0.302845 0.023958
vt 0.826507 0.020740
vt 0.477054 0.065617
vt 0.310661 0.023910
vt 0.477158 0.066025
vt 0.488083 0.065787
vt 0.490798 0.067104
vt 0.487953 0.066244
vt 0.670190 0.021701
vt 0.576400 0.022277
vt 0.568584 0.022325
vt 0.318477 0.023862
vt 0.818691 0.020788
vt 0.474588 0.067755
vt 0.477283 0.066401
vt 0.477430 0.066752
vt 0.334109 0.023766
vt 0.477599 0.067082
vt 0.477792 0.067399
vt 0.487401 0.067468
vt 0.490362 0.068384
vt 0.678006 0.021652
vt 0.545136 0.022469
vt 0.537320 0.022517
vt 0.475109 0.069011
vt 0.478307 0.068078
vt 0.357556 0.023622
vt 0.810875 0.020836
vt 0.478616 0.068415
vt 0.365372 0.023574
vt 0.486638 0.068416
vt 0.489800 0.069541
vt 0.478938 0.068719
vt 0.373188 0.023526
vt 0.803059 0.020884
vt 0.685822 0.021605
vt 0.513873 0.022661
vt 0.506057 0.022709
vt 0.485650 0.069170
vt 0.486007 0.068939
vt 0.479272 0.068991
vt 0.479618 0.069230
vt 0.475748 0.070108
vt 0.479977 0.069437
vt 0.404451 0.023334
vt 0.396635 0.023382
vt 0.480348 0.069612
vt 0.484853 0.069561
vt 0.489112 0.070568
vt 0.484414 0.069715
vt 0.480732 0.069755
vt 0.420083 0.023238
vt 0.412267 0.023286
vt 0.795243 0.020932
vt 0.481127 0.069865
vt 0.483455 0.069931
vt 0.483948 0.069840
vt 0.693637 0.021556
vt 0.466978 0.022950
vt 0.459162 0.022997
vt 0.435715 0.023142
vt 0.427899 0.023190
vt 0.451346 0.023045
vt 0.443530 0.023094
vt 0.482390 0.070007
vt 0.476491 0.071047
vt 0.488299 0.071456
vt 0.477322 0.071833
vt 0.487359 0.072199
vt 0.478230 0.072469
vt 0.486292 0.072790
vt 0.479198 0.072957
vt 0.724901 0.021364
vt 0.771796 0.021076
vt 0.763980 0.021124
vt 0.480214 0.073302
vt 0.485099 0.073221
vt 0.483778 0.073485
vt 0.740532 0.021268
vt 0.732717 0.021316
vt 0.748348 0.021220
vt 0.460342 0.073216
vt 0.460345 0.046183
vt 0.463264 0.049672
vt 0.471189 0.046184
vt 0.471189 0.049672
vt 0.463263 0.057163
vt 0.463263 0.060651
vt 0.471189 0.057164
vt 0.471188 0.060652
vt 0.463262 0.073216
vt 0.429923 0.073213
vt 0.438655 0.046023
vt 0.440711 0.046023
vt 0.439637 0.051969
vt 0.449795 0.073215
vt 0.436598 0.061759
vt 0.442914 0.061759
vt 0.435465 0.065247
vt 0.444105 0.065248
vt 0.432902 0.073214
vt 0.446816 0.073215
vt 0.417529 0.073212
vt 0.417531 0.046180
vt 0.420451 0.046180
vt 0.420449 0.069725
vt 0.429625 0.069725
vt 0.429625 0.073213
vt 0.402930 0.073211
vt 0.402932 0.046179
vt 0.405852 0.046179
vt 0.405850 0.069723
vt 0.415026 0.069724
vt 0.415026 0.073212
vt 0.388063 0.073210
vt 0.388065 0.046177
vt 0.390985 0.049666
vt 0.399595 0.046178
vt 0.399595 0.049666
vt 0.390984 0.057831
vt 0.390984 0.061319
vt 0.399296 0.057832
vt 0.399296 0.061320
vt 0.390983 0.069722
vt 0.399861 0.069723
vt 0.399861 0.073211
vt 0.372719 0.073209
vt 0.372721 0.046176
vt 0.375641 0.049664
vt 0.379067 0.046177
vt 0.380127 0.046248
vt 0.381088 0.046455
vt 0.381950 0.046789
vt 0.382716 0.047240
vt 0.383387 0.047799
vt 0.383964 0.048456
vt 0.384449 0.049203
vt 0.379067 0.049665
vt 0.384843 0.050029
vt 0.375640 0.058028
vt 0.579526 0.022258
vt 0.590468 0.022190
vt 0.601410 0.022123
vt 0.380726 0.050030
vt 0.385146 0.050926
vt 0.612353 0.022056
vt 0.448220 0.023065
vt 0.381495 0.050613
vt 0.381141 0.050293
vt 0.381789 0.050983
vt 0.385361 0.051884
vt 0.382029 0.051394
vt 0.382216 0.051838
vt 0.382356 0.052307
vt 0.385490 0.052894
vt 0.382451 0.052794
vt 0.382505 0.053290
vt 0.385532 0.053946
vt 0.382523 0.053787
vt 0.382494 0.054437
vt 0.385487 0.054986
vt 0.382409 0.055037
vt 0.385351 0.055979
vt 0.382270 0.055587
vt 0.743659 0.021249
vt 0.393509 0.023401
vt 0.382079 0.056085
vt 0.385123 0.056918
vt 0.381838 0.056529
vt 0.765543 0.021115
vt 0.754601 0.021182
vt 0.382567 0.023468
vt 0.381550 0.056918
vt 0.384801 0.057794
vt 0.381217 0.057252
vt 0.380841 0.057528
vt 0.380423 0.057745
vt 0.809312 0.020846
vt 0.798370 0.020913
vt 0.371625 0.023535
vt 0.379967 0.057901
vt 0.384384 0.058598
vt 0.379474 0.057996
vt 0.378947 0.058028
vt 0.375640 0.061516
vt 0.383870 0.059322
vt 0.383259 0.059957
vt 0.382548 0.060496
vt 0.381735 0.060930
vt 0.380821 0.061250
vt 0.273145 0.024141
vt 0.305971 0.023939
vt 0.375639 0.073209
vt 0.357524 0.073207
vt 0.357526 0.046175
vt 0.360446 0.049663
vt 0.363872 0.046175
vt 0.364932 0.046246
vt 0.365893 0.046454
vt 0.366755 0.046787
vt 0.367522 0.047238
vt 0.368193 0.047797
vt 0.368770 0.048455
vt 0.369254 0.049202
vt 0.363872 0.049663
vt 0.369648 0.050028
vt 0.360445 0.058027
vt 0.365531 0.050029
vt 0.369951 0.050925
vt 0.365947 0.050292
vt 0.366300 0.050612
vt 0.366594 0.050982
vt 0.370167 0.051883
vt 0.366834 0.051392
vt 0.367021 0.051836
vt 0.367161 0.052306
vt 0.370295 0.052893
vt 0.667063 0.021720
vt 0.426335 0.023199
vt 0.367311 0.053288
vt 0.367256 0.052792
vt 0.370337 0.053945
vt 0.367328 0.053786
vt 0.367299 0.054436
vt 0.370292 0.054985
vt 0.367214 0.055036
vt 0.370156 0.055978
vt 0.367075 0.055586
vt 0.366884 0.056083
vt 0.369928 0.056917
vt 0.366644 0.056528
vt 0.366356 0.056917
vt 0.369606 0.057792
vt 0.366022 0.057251
vt 0.365646 0.057526
vt 0.365229 0.057743
vt 0.364772 0.057900
vt 0.369189 0.058596
vt 0.364280 0.057995
vt 0.363752 0.058027
vt 0.360445 0.061515
vt 0.368676 0.059320
vt 0.368064 0.059956
vt 0.367353 0.060495
vt 0.366541 0.060929
vt 0.316914 0.023872
vt 0.360444 0.073208
vt 0.335566 0.073205
vt 0.344298 0.046015
vt 0.346354 0.046015
vt 0.345281 0.051961
vt 0.355439 0.073207
vt 0.342241 0.061751
vt 0.348557 0.061751
vt 0.341108 0.065239
vt 0.349749 0.065240
vt 0.338546 0.073206
vt 0.352459 0.073207
vt 0.320975 0.023847
vt 0.314770 0.023885
vt 0.308566 0.023923
vt 0.302362 0.023961
vt 0.296157 0.023999
vt 0.323977 0.046300
vt 0.325470 0.045939
vt 0.328627 0.045945
vt 0.329166 0.046048
vt 0.327179 0.023808
vt 0.289953 0.024037
vt 0.283749 0.024076
vt 0.277544 0.024114
vt 0.322579 0.046885
vt 0.330276 0.046346
vt 0.330852 0.046543
vt 0.331444 0.046773
vt 0.333383 0.023770
vt 0.265136 0.024190
vt 0.258931 0.024228
vt 0.321285 0.047682
vt 0.332054 0.047037
vt 0.332685 0.047334
vt 0.333340 0.047667
vt 0.339588 0.023732
vt 0.246523 0.024304
vt 0.320106 0.048678
vt 0.334019 0.048036
vt 0.328179 0.049456
vt 0.328752 0.049550
vt 0.329322 0.049681
vt 0.329892 0.049852
vt 0.330462 0.050062
vt 0.331036 0.050313
vt 0.331614 0.050605
vt 0.332200 0.050938
vt 0.332795 0.051315
vt 0.829730 0.020720
vt 0.835934 0.020682
vt 0.319051 0.049858
vt 0.327017 0.049383
vt 0.767686 0.021101
vt 0.345792 0.023694
vt 0.773891 0.021063
vt 0.351996 0.023656
vt 0.755278 0.021178
vt 0.749073 0.021216
vt 0.318131 0.051210
vt 0.323790 0.050163
vt 0.322851 0.050743
vt 0.358201 0.023618
vt 0.742869 0.021254
vt 0.736665 0.021292
vt 0.317356 0.052720
vt 0.321992 0.051467
vt 0.321222 0.052325
vt 0.320549 0.053307
vt 0.316736 0.054376
vt 0.319981 0.054403
vt 0.316280 0.056164
vt 0.319526 0.055603
vt 0.319190 0.056897
vt 0.315999 0.058071
vt 0.318983 0.058275
vt 0.315903 0.060084
vt 0.318913 0.059727
vt 0.318981 0.061203
vt 0.315973 0.061540
vt 0.319182 0.062594
vt 0.316186 0.063050
vt 0.319510 0.063890
vt 0.316544 0.064581
vt 0.319958 0.065084
vt 0.317051 0.066097
vt 0.320521 0.066169
vt 0.317710 0.067564
vt 0.321191 0.067135
vt 0.550535 0.022436
vt 0.544330 0.022474
vt 0.538126 0.022512
vt 0.420244 0.023237
vt 0.656008 0.021788
vt 0.649804 0.021826
vt 0.556739 0.022398
vt 0.318525 0.068948
vt 0.321963 0.067975
vt 0.332473 0.068256
vt 0.333063 0.067857
vt 0.334226 0.071184
vt 0.322831 0.068680
vt 0.331878 0.068615
vt 0.331280 0.068933
vt 0.426448 0.023198
vt 0.643600 0.021864
vt 0.637396 0.021902
vt 0.330680 0.069212
vt 0.319498 0.070214
vt 0.323789 0.069243
vt 0.330081 0.069448
vt 0.324829 0.069655
vt 0.329483 0.069643
vt 0.328888 0.069796
vt 0.325947 0.069908
vt 0.328297 0.069906
vt 0.327712 0.069972
vt 0.327135 0.069994
vt 0.320634 0.071327
vt 0.321936 0.072252
vt 0.333722 0.071522
vt 0.333209 0.071842
vt 0.332682 0.072141
vt 0.445061 0.023084
vt 0.519513 0.022626
vt 0.513309 0.022665
vt 0.323406 0.072957
vt 0.332139 0.072417
vt 0.331577 0.072668
vt 0.451266 0.023046
vt 0.507105 0.022703
vt 0.500900 0.022741
vt 0.325048 0.073404
vt 0.330384 0.073089
vt 0.457470 0.023008
vt 0.482287 0.022855
vt 0.476083 0.022893
vt 0.463674 0.022970
vt 0.286317 0.073201
vt 0.295049 0.046011
vt 0.297105 0.046011
vt 0.296032 0.051957
vt 0.306190 0.073203
vt 0.292992 0.061747
vt 0.299308 0.061747
vt 0.291859 0.065235
vt 0.300500 0.065235
vt 0.289296 0.073202
vt 0.303210 0.073203
vt 0.268830 0.049655
vt 0.268831 0.046167
vt 0.285813 0.046169
vt 0.285813 0.049657
vt 0.275860 0.073200
vt 0.275862 0.049656
vt 0.278781 0.049656
vt 0.278779 0.073201
vt 0.304977 0.023945
vt 0.300003 0.023976
vt 0.290056 0.024037
vt 0.285082 0.024067
vt 0.309951 0.023914
vt 0.280108 0.024098
vt 0.260288 0.046039
vt 0.263582 0.046022
vt 0.263966 0.046140
vt 0.314924 0.023884
vt 0.275134 0.024128
vt 0.270161 0.024159
vt 0.265187 0.024189
vt 0.319898 0.023853
vt 0.260213 0.024220
vt 0.258783 0.046702
vt 0.265101 0.046656
vt 0.265473 0.046881
vt 0.258133 0.047186
vt 0.324872 0.023823
vt 0.255240 0.024251
vt 0.250266 0.024281
vt 0.245292 0.024312
vt 0.257557 0.047767
vt 0.266206 0.047409
vt 0.329845 0.023792
vt 0.266566 0.047713
vt 0.263260 0.049543
vt 0.263650 0.049694
vt 0.264048 0.049888
vt 0.812296 0.020827
vt 0.817270 0.020797
vt 0.264454 0.050127
vt 0.264866 0.050414
vt 0.822243 0.020766
vt 0.827217 0.020736
vt 0.832191 0.020705
vt 0.837165 0.020674
vt 0.257058 0.048439
vt 0.262508 0.049355
vt 0.792401 0.020950
vt 0.797375 0.020919
vt 0.802349 0.020888
vt 0.256641 0.049198
vt 0.261799 0.049298
vt 0.782454 0.021011
vt 0.334819 0.023761
vt 0.787428 0.020980
vt 0.256310 0.050040
vt 0.261341 0.049325
vt 0.777480 0.021041
vt 0.339793 0.023731
vt 0.344766 0.023700
vt 0.772506 0.021072
vt 0.767533 0.021102
vt 0.762559 0.021133
vt 0.757585 0.021163
vt 0.752611 0.021194
vt 0.256068 0.050961
vt 0.259486 0.050190
vt 0.747638 0.021224
vt 0.259221 0.050491
vt 0.258998 0.050830
vt 0.742664 0.021255
vt 0.737690 0.021286
vt 0.255920 0.051957
vt 0.258820 0.051204
vt 0.354714 0.023639
vt 0.727743 0.021347
vt 0.255870 0.053023
vt 0.258608 0.052046
vt 0.258581 0.052508
vt 0.359688 0.023609
vt 0.722769 0.021377
vt 0.717795 0.021408
vt 0.256042 0.054742
vt 0.258754 0.053705
vt 0.364661 0.023578
vt 0.712822 0.021439
vt 0.259232 0.054730
vt 0.259954 0.055632
vt 0.256520 0.056219
vt 0.260859 0.056461
vt 0.257243 0.057495
vt 0.261887 0.057263
vt 0.262975 0.058088
vt 0.258148 0.058611
vt 0.264063 0.058984
vt 0.259175 0.059607
vt 0.265091 0.059999
vt 0.260264 0.060525
vt 0.265996 0.061182
vt 0.261352 0.061405
vt 0.266718 0.062582
vt 0.262379 0.062287
vt 0.263285 0.063213
vt 0.267196 0.064246
vt 0.264007 0.064223
vt 0.264485 0.065359
vt 0.267369 0.066224
vt 0.264658 0.066659
vt 0.543715 0.022478
vt 0.538741 0.022508
vt 0.533768 0.022539
vt 0.419372 0.023242
vt 0.663084 0.021744
vt 0.658111 0.021775
vt 0.424346 0.023211
vt 0.255987 0.071058
vt 0.256368 0.066754
vt 0.256764 0.067315
vt 0.264570 0.067435
vt 0.264636 0.067043
vt 0.267319 0.067259
vt 0.429320 0.023181
vt 0.653137 0.021805
vt 0.257173 0.067827
vt 0.264459 0.067827
vt 0.267175 0.068239
vt 0.257596 0.068288
vt 0.444241 0.023089
vt 0.439267 0.023120
vt 0.264101 0.068582
vt 0.266940 0.069158
vt 0.258032 0.068699
vt 0.258479 0.069057
vt 0.454188 0.023028
vt 0.449215 0.023059
vt 0.648163 0.021836
vt 0.258937 0.069362
vt 0.263557 0.069243
vt 0.266622 0.070010
vt 0.263214 0.069519
vt 0.259404 0.069614
vt 0.464136 0.022967
vt 0.643190 0.021867
vt 0.498952 0.022753
vt 0.493978 0.022783
vt 0.262381 0.069920
vt 0.262822 0.069747
vt 0.259880 0.069811
vt 0.260363 0.069953
vt 0.261891 0.070030
vt 0.260854 0.070039
vt 0.474083 0.022906
vt 0.638216 0.021897
vt 0.479057 0.022875
vt 0.484031 0.022845
vt 0.261350 0.070068
vt 0.266224 0.070786
vt 0.265752 0.071480
vt 0.256414 0.071466
vt 0.553663 0.022417
vt 0.548689 0.022447
vt 0.633242 0.021928
vt 0.256845 0.071835
vt 0.265212 0.072087
vt 0.257283 0.072168
vt 0.558636 0.022386
vt 0.628268 0.021958
vt 0.623295 0.021989
vt 0.563610 0.022356
vt 0.258180 0.072723
vt 0.257727 0.072463
vt 0.264610 0.072598
vt 0.263950 0.073007
vt 0.573557 0.022294
vt 0.618321 0.022019
vt 0.578531 0.022264
vt 0.613347 0.022050
vt 0.583505 0.022233
vt 0.260097 0.073405
vt 0.259600 0.073287
vt 0.263237 0.073307
vt 0.262478 0.073493
vt 0.593452 0.022172
vt 0.588479 0.022203
vt 0.608373 0.022080
vt 0.598426 0.022142
vt 0.603400 0.022111
vt 0.242014 0.073198
vt 0.242016 0.046165
vt 0.244936 0.049653
vt 0.253546 0.046166
vt 0.253546 0.049654
vt 0.244935 0.057819
vt 0.244935 0.061307
vt 0.253247 0.057819
vt 0.253247 0.061307
vt 0.244934 0.069710
vt 0.253812 0.069711
vt 0.253812 0.073199
vt 0.220504 0.062969
vt 0.220505 0.046163
vt 0.223425 0.046163
vt 0.223424 0.062137
vt 0.235073 0.061900
vt 0.235074 0.046164
vt 0.237994 0.046165
vt 0.237993 0.062575
vt 0.235068 0.062523
vt 0.654558 0.021797
vt 0.631111 0.021941
vt 0.235050 0.063122
vt 0.237930 0.064181
vt 0.615479 0.022037
vt 0.220588 0.064726
vt 0.223450 0.063523
vt 0.235019 0.063698
vt 0.223484 0.064119
vt 0.234972 0.064251
vt 0.662374 0.021749
vt 0.607663 0.022085
vt 0.599847 0.022133
vt 0.237744 0.065686
vt 0.287213 0.024054
vt 0.592031 0.022181
vt 0.220832 0.066313
vt 0.223602 0.065150
vt 0.234823 0.065284
vt 0.234908 0.064779
vt 0.584216 0.022229
vt 0.234717 0.065765
vt 0.237432 0.067083
vt 0.234587 0.066222
vt 0.234431 0.066655
vt 0.221222 0.067733
vt 0.223918 0.066380
vt 0.560768 0.022373
vt 0.552952 0.022421
vt 0.234036 0.067447
vt 0.234248 0.067063
vt 0.341924 0.023718
vt 0.233791 0.067806
vt 0.236996 0.068363
vt 0.529505 0.022565
vt 0.221743 0.068990
vt 0.224941 0.068057
vt 0.233546 0.068107
vt 0.521689 0.022613
vt 0.233273 0.068394
vt 0.236434 0.069520
vt 0.232971 0.068665
vt 0.381004 0.023478
vt 0.232284 0.069149
vt 0.232641 0.068917
vt 0.498241 0.022757
vt 0.222382 0.070086
vt 0.226252 0.069209
vt 0.231899 0.069357
vt 0.490425 0.022805
vt 0.226611 0.069416
vt 0.226982 0.069591
vt 0.231487 0.069539
vt 0.235746 0.070546
vt 0.231048 0.069694
vt 0.227366 0.069733
vt 0.230582 0.069818
vt 0.227762 0.069844
vt 0.230089 0.069910
vt 0.228170 0.069923
vt 0.229570 0.069966
vt 0.223125 0.071026
vt 0.234933 0.071435
vt 0.223957 0.071812
vt 0.233993 0.072178
vt 0.224864 0.072447
vt 0.717085 0.021412
vt 0.779612 0.021028
vt 0.225832 0.072936
vt 0.232926 0.072769
vt 0.226848 0.073281
vt 0.231733 0.073200
vt 0.230412 0.073464
vt 0.362640 0.023591
vt 0.357747 0.023621
vt 0.352854 0.023651
vt 0.203595 0.046266
vt 0.205107 0.045922
vt 0.208198 0.045929
vt 0.367532 0.023560
vt 0.347961 0.023681
vt 0.202182 0.046824
vt 0.209613 0.046289
vt 0.210946 0.046871
vt 0.200880 0.047587
vt 0.212185 0.047661
vt 0.199696 0.048542
vt 0.213319 0.048646
vt 0.198640 0.049679
vt 0.206591 0.049373
vt 0.214337 0.049809
vt 0.387104 0.023440
vt 0.612175 0.022057
vt 0.207690 0.049465
vt 0.621960 0.021997
vt 0.617067 0.022027
vt 0.328390 0.023801
vt 0.837246 0.020674
vt 0.197721 0.050986
vt 0.203883 0.049855
vt 0.209709 0.050171
vt 0.208731 0.049735
vt 0.215229 0.051138
vt 0.202765 0.050415
vt 0.210614 0.050763
vt 0.201796 0.051147
vt 0.211441 0.051500
vt 0.196949 0.052452
vt 0.215984 0.052618
vt 0.200969 0.052023
vt 0.212181 0.052371
vt 0.396889 0.023380
vt 0.822567 0.020764
vt 0.817674 0.020794
vt 0.212827 0.053364
vt 0.196332 0.054065
vt 0.200275 0.053014
vt 0.216589 0.054234
vt 0.401782 0.023350
vt 0.812781 0.020824
vt 0.213373 0.054470
vt 0.195880 0.055815
vt 0.199707 0.054089
vt 0.406675 0.023320
vt 0.807888 0.020854
vt 0.651317 0.021817
vt 0.313711 0.023891
vt 0.308818 0.023921
vt 0.213810 0.055677
vt 0.217035 0.055972
vt 0.802996 0.020884
vt 0.214131 0.056975
vt 0.195602 0.057689
vt 0.198923 0.056379
vt 0.217311 0.057819
vt 0.198692 0.057533
vt 0.214329 0.058352
vt 0.411568 0.023290
vt 0.798103 0.020914
vt 0.793210 0.020944
vt 0.195507 0.059677
vt 0.198559 0.058656
vt 0.217405 0.059759
vt 0.214396 0.059798
vt 0.416461 0.023260
vt 0.788317 0.020974
vt 0.195578 0.061335
vt 0.198516 0.059717
vt 0.421354 0.023230
vt 0.783424 0.021005
vt 0.670889 0.021696
vt 0.299033 0.023981
vt 0.294140 0.024012
vt 0.214330 0.061156
vt 0.217333 0.061373
vt 0.778531 0.021035
vt 0.214137 0.062465
vt 0.195788 0.062930
vt 0.198742 0.062377
vt 0.217120 0.062937
vt 0.426246 0.023200
vt 0.773638 0.021065
vt 0.213822 0.063714
vt 0.196130 0.064454
vt 0.199024 0.063629
vt 0.216774 0.064439
vt 0.199419 0.064810
vt 0.213394 0.064887
vt 0.690460 0.021576
vt 0.284354 0.024072
vt 0.279461 0.024102
vt 0.196597 0.065895
vt 0.199928 0.065906
vt 0.212858 0.065973
vt 0.216304 0.065867
vt 0.695353 0.021546
vt 0.274568 0.024132
vt 0.197182 0.067243
vt 0.440925 0.023109
vt 0.763853 0.021125
vt 0.758960 0.021155
vt 0.212221 0.066957
vt 0.215715 0.067209
vt 0.200549 0.066902
vt 0.201283 0.067784
vt 0.211489 0.067826
vt 0.215017 0.068454
vt 0.197879 0.068487
vt 0.445818 0.023079
vt 0.754067 0.021185
vt 0.749174 0.021215
vt 0.210670 0.068568
vt 0.214217 0.069588
vt 0.198680 0.069617
vt 0.202130 0.068538
vt 0.203091 0.069149
vt 0.209770 0.069167
vt 0.450711 0.023049
vt 0.744281 0.021245
vt 0.739389 0.021275
vt 0.208795 0.069612
vt 0.213322 0.070601
vt 0.734496 0.021305
vt 0.207753 0.069889
vt 0.199580 0.070623
vt 0.205350 0.069886
vt 0.455604 0.023019
vt 0.729603 0.021335
vt 0.206649 0.069984
vt 0.259890 0.024222
vt 0.212339 0.071480
vt 0.200571 0.071495
vt 0.211277 0.072213
vt 0.201647 0.072220
vt 0.465389 0.022959
vt 0.250104 0.024282
vt 0.245211 0.024312
vt 0.202802 0.072791
vt 0.210142 0.072789
vt 0.470282 0.022929
vt 0.607282 0.022087
vt 0.475175 0.022899
vt 0.602389 0.022117
vt 0.204743 0.073878
vt 0.204027 0.073194
vt 0.208943 0.073234
vt 0.480068 0.022869
vt 0.597496 0.022147
vt 0.592603 0.022177
vt 0.205476 0.074538
vt 0.210608 0.074130
vt 0.484961 0.022839
vt 0.587710 0.022207
vt 0.582818 0.022237
vt 0.206227 0.075170
vt 0.212058 0.074794
vt 0.489854 0.022809
vt 0.577925 0.022268
vt 0.573032 0.022298
vt 0.206998 0.075768
vt 0.213333 0.075227
vt 0.213919 0.075356
vt 0.548568 0.022448
vt 0.538782 0.022508
vt 0.533889 0.022538
vt 0.553460 0.022418
vt 0.494746 0.022779
vt 0.568139 0.022328
vt 0.563246 0.022358
vt 0.558353 0.022388
vt 0.215014 0.075442
vt 0.214007 0.078705
vt 0.207790 0.076327
vt 0.208604 0.076841
vt 0.209440 0.077306
vt 0.514318 0.022659
vt 0.509425 0.022689
vt 0.211187 0.078067
vt 0.210301 0.077716
vt 0.524103 0.022598
vt 0.519211 0.022628
vt 0.528996 0.022568
vt 0.474712 0.022902
vt 0.462041 0.022980
vt 0.455707 0.023019
vt 0.481046 0.022863
vt 0.449372 0.023058
vt 0.487381 0.022824
vt 0.443037 0.023097
vt 0.493716 0.022785
vt 0.530772 0.097860
vt 0.546321 0.097849
vt 0.547868 0.099203
vt 0.529228 0.099218
vt 0.549234 0.100792
vt 0.527858 0.100810
vt 0.538506 0.100058
vt 0.540003 0.100178
vt 0.633085 0.021929
vt 0.626750 0.021967
vt 0.430367 0.023174
vt 0.506386 0.022707
vt 0.614080 0.022045
vt 0.607745 0.022084
vt 0.542755 0.101099
vt 0.541423 0.100530
vt 0.535606 0.100529
vt 0.534279 0.101099
vt 0.550413 0.102592
vt 0.526672 0.102612
vt 0.543991 0.101874
vt 0.533049 0.101873
vt 0.545119 0.102842
vt 0.531924 0.102841
vt 0.551395 0.104578
vt 0.525681 0.104600
vt 0.546130 0.103988
vt 0.530916 0.103987
vt 0.547013 0.105302
vt 0.530035 0.105300
vt 0.552174 0.106728
vt 0.524893 0.106748
vt 0.547758 0.106769
vt 0.529291 0.106767
vt 0.552740 0.109016
vt 0.524318 0.109032
vt 0.548355 0.108376
vt 0.528694 0.108374
vt 0.548794 0.110111
vt 0.528255 0.110109
vt 0.553086 0.111419
vt 0.523966 0.111428
vt 0.549065 0.111961
vt 0.527984 0.111959
vt 0.553203 0.113913
vt 0.523847 0.113910
vt 0.549158 0.113912
vt 0.527892 0.113910
vt 0.523963 0.116348
vt 0.527984 0.115851
vt 0.549065 0.115852
vt 0.553088 0.116339
vt 0.528255 0.117693
vt 0.548794 0.117695
vt 0.552750 0.118698
vt 0.524306 0.118714
vt 0.528694 0.119424
vt 0.715439 0.021423
vt 0.709104 0.021461
vt 0.379687 0.023486
vt 0.548354 0.119426
vt 0.552194 0.120962
vt 0.524868 0.120982
vt 0.547757 0.121032
vt 0.529290 0.121030
vt 0.551426 0.123104
vt 0.525641 0.123126
vt 0.547011 0.122500
vt 0.530034 0.122498
vt 0.734444 0.021306
vt 0.728109 0.021345
vt 0.367017 0.023564
vt 0.530915 0.123814
vt 0.546128 0.123815
vt 0.550453 0.125097
vt 0.526616 0.125117
vt 0.545117 0.124966
vt 0.531922 0.124965
vt 0.747114 0.021228
vt 0.740779 0.021267
vt 0.533047 0.125936
vt 0.543989 0.125937
vt 0.549282 0.126913
vt 0.527785 0.126931
vt 0.753449 0.021189
vt 0.354347 0.023642
vt 0.534277 0.126716
vt 0.759784 0.021150
vt 0.278328 0.024109
vt 0.791459 0.020955
vt 0.785124 0.020994
vt 0.541420 0.127290
vt 0.547917 0.128524
vt 0.529141 0.128539
vt 0.535604 0.127289
vt 0.766119 0.021111
vt 0.348012 0.023680
vt 0.537016 0.127643
vt 0.772454 0.021072
vt 0.284663 0.024070
vt 0.778789 0.021033
vt 0.546366 0.129904
vt 0.530675 0.129914
vt 0.544635 0.131025
vt 0.532378 0.131031
vt 0.542730 0.131859
vt 0.534242 0.131862
vt 0.540657 0.132380
vt 0.536260 0.132381
vt 0.493729 0.132076
vt 0.493732 0.095739
vt 0.496855 0.095739
vt 0.497416 0.104104
vt 0.515356 0.123873
vt 0.515358 0.095741
vt 0.519042 0.095741
vt 0.519039 0.132078
vt 0.497413 0.132076
vt 0.515675 0.132078
vt 0.633587 0.021926
vt 0.609752 0.022072
vt 0.603794 0.022109
vt 0.639545 0.021889
vt 0.597835 0.022145
vt 0.591877 0.022182
vt 0.585918 0.022218
vt 0.645504 0.021852
vt 0.579959 0.022255
vt 0.574001 0.022292
vt 0.651463 0.021816
vt 0.568042 0.022328
vt 0.562083 0.022365
vt 0.468735 0.099098
vt 0.470290 0.097768
vt 0.486493 0.097785
vt 0.487524 0.098349
vt 0.479356 0.100155
vt 0.480180 0.100282
vt 0.481003 0.100458
vt 0.481826 0.100684
vt 0.482648 0.100959
vt 0.483468 0.101284
vt 0.484286 0.101656
vt 0.485101 0.102077
vt 0.485912 0.102545
vt 0.486720 0.103061
vt 0.487523 0.103624
vt 0.467339 0.100672
vt 0.477712 0.100053
vt 0.478534 0.100079
vt 0.663380 0.021742
vt 0.478663 0.022878
vt 0.472704 0.022914
vt 0.466746 0.022951
vt 0.474873 0.100536
vt 0.473565 0.101117
vt 0.466117 0.102468
vt 0.472347 0.101906
vt 0.471228 0.102888
vt 0.465083 0.104469
vt 0.470222 0.104049
vt 0.469340 0.105374
vt 0.464252 0.106653
vt 0.468592 0.106849
vt 0.463641 0.109003
vt 0.467990 0.108459
vt 0.467547 0.110191
vt 0.463262 0.111497
vt 0.467272 0.112028
vt 0.463133 0.114118
vt 0.467178 0.113959
vt 0.467271 0.115931
vt 0.463259 0.116719
vt 0.478912 0.118861
vt 0.478912 0.114173
vt 0.488083 0.114173
vt 0.484158 0.118862
vt 0.488082 0.129571
vt 0.467546 0.117793
vt 0.463628 0.119184
vt 0.467992 0.119531
vt 0.484157 0.126321
vt 0.464227 0.121494
vt 0.468601 0.121136
vt 0.469364 0.122594
vt 0.465041 0.123634
vt 0.470271 0.123896
vt 0.466057 0.125585
vt 0.471313 0.125028
vt 0.472481 0.125981
vt 0.467262 0.127332
vt 0.473766 0.126741
vt 0.483686 0.126517
vt 0.482736 0.126883
vt 0.483212 0.126705
vt 0.475159 0.127299
vt 0.287987 0.024049
vt 0.282029 0.024086
vt 0.299905 0.023976
vt 0.293946 0.024013
vt 0.468641 0.128857
vt 0.476650 0.127642
vt 0.311822 0.023903
vt 0.305863 0.023940
vt 0.479787 0.127647
vt 0.480292 0.127564
vt 0.478230 0.127759
vt 0.329697 0.023793
vt 0.323739 0.023830
vt 0.470180 0.130142
vt 0.487184 0.130078
vt 0.746801 0.021230
vt 0.836180 0.020680
vt 0.830221 0.020717
vt 0.471866 0.131172
vt 0.486309 0.130532
vt 0.485452 0.130937
vt 0.473686 0.131928
vt 0.484608 0.131292
vt 0.483771 0.131600
vt 0.475625 0.132395
vt 0.482097 0.132080
vt 0.481250 0.132255
vt 0.764676 0.021120
vt 0.794470 0.020937
vt 0.788511 0.020973
vt 0.770635 0.021083
vt 0.782552 0.021010
vt 0.454160 0.132073
vt 0.454163 0.095736
vt 0.458088 0.095736
vt 0.458085 0.132073
vt 0.430011 0.132071
vt 0.430014 0.095734
vt 0.433938 0.100209
vt 0.436902 0.095734
vt 0.438240 0.095814
vt 0.439486 0.096052
vt 0.440636 0.096440
vt 0.441684 0.096976
vt 0.442627 0.097652
vt 0.443460 0.098465
vt 0.444178 0.099409
vt 0.436462 0.100210
vt 0.444775 0.100479
vt 0.433937 0.111612
vt 0.438899 0.100588
vt 0.445248 0.101669
vt 0.439535 0.100875
vt 0.440086 0.101238
vt 0.440556 0.101675
vt 0.445592 0.102975
vt 0.440948 0.102183
vt 0.441264 0.102760
vt 0.441507 0.103402
vt 0.445802 0.104390
vt 0.441680 0.104107
vt 0.441786 0.104874
vt 0.445873 0.105912
vt 0.441828 0.105698
vt 0.441811 0.106452
vt 0.445838 0.106941
vt 0.441736 0.107191
vt 0.445737 0.107925
vt 0.441597 0.107903
vt 0.441388 0.108581
vt 0.445570 0.108860
vt 0.441103 0.109214
vt 0.445338 0.109746
vt 0.440736 0.109794
vt 0.445043 0.110579
vt 0.440280 0.110310
vt 0.439730 0.110754
vt 0.444686 0.111359
vt 0.438321 0.111385
vt 0.444267 0.112084
vt 0.433937 0.116300
vt 0.436461 0.111612
vt 0.443789 0.112751
vt 0.443253 0.113359
vt 0.442660 0.113906
vt 0.442010 0.114390
vt 0.441306 0.114809
vt 0.441908 0.115379
vt 0.442475 0.115999
vt 0.436074 0.116321
vt 0.443012 0.116667
vt 0.433936 0.132071
vt 0.437547 0.116798
vt 0.443525 0.117384
vt 0.438062 0.117161
vt 0.438603 0.117659
vt 0.444019 0.118150
vt 0.439176 0.118313
vt 0.444500 0.118965
vt 0.439791 0.119142
vt 0.444972 0.119829
vt 0.440456 0.120167
vt 0.445441 0.120741
vt 0.441178 0.121407
vt 0.445913 0.121702
vt 0.441966 0.122882
vt 0.446391 0.122713
vt 0.446883 0.123772
vt 0.442827 0.124613
vt 0.447393 0.124879
vt 0.446431 0.132072
vt 0.447674 0.125481
vt 0.447941 0.126041
vt 0.448200 0.126573
vt 0.448456 0.127088
vt 0.448716 0.127598
vt 0.448984 0.128116
vt 0.449268 0.128654
vt 0.449573 0.129225
vt 0.449904 0.129840
vt 0.450268 0.130511
vt 0.450670 0.131251
vt 0.451117 0.132073
vt 0.405821 0.132069
vt 0.405825 0.095731
vt 0.409749 0.100207
vt 0.412713 0.095732
vt 0.414050 0.095812
vt 0.415296 0.096050
vt 0.416446 0.096438
vt 0.417495 0.096974
vt 0.418438 0.097650
vt 0.419271 0.098463
vt 0.419988 0.099407
vt 0.412272 0.100208
vt 0.420586 0.100477
vt 0.409748 0.111609
vt 0.414710 0.100586
vt 0.421059 0.101667
vt 0.415345 0.100873
vt 0.415897 0.101236
vt 0.416367 0.101673
vt 0.421403 0.102973
vt 0.416759 0.102181
vt 0.417075 0.102758
vt 0.738599 0.021280
vt 0.732128 0.021320
vt 0.417318 0.103400
vt 0.421612 0.104388
vt 0.417491 0.104105
vt 0.417597 0.104872
vt 0.421683 0.105910
vt 0.417638 0.105696
vt 0.417621 0.106450
vt 0.421649 0.106939
vt 0.417546 0.107189
vt 0.421548 0.107923
vt 0.417408 0.107901
vt 0.417199 0.108579
vt 0.421381 0.108858
vt 0.416914 0.109212
vt 0.421149 0.109744
vt 0.416546 0.109792
vt 0.420853 0.110577
vt 0.415540 0.110751
vt 0.420496 0.111357
vt 0.414132 0.111383
vt 0.420078 0.112082
vt 0.409748 0.116298
vt 0.412271 0.111610
vt 0.419600 0.112749
vt 0.419064 0.113357
vt 0.418470 0.113904
vt 0.417821 0.114388
vt 0.417117 0.114807
vt 0.417718 0.115377
vt 0.418285 0.115997
vt 0.409746 0.132069
vt 0.413358 0.116796
vt 0.412860 0.116548
vt 0.418822 0.116665
vt 0.414413 0.117657
vt 0.413873 0.117159
vt 0.419335 0.117382
vt 0.414987 0.118311
vt 0.419830 0.118148
vt 0.415602 0.119140
vt 0.420310 0.118963
vt 0.420782 0.119827
vt 0.416266 0.120165
vt 0.421252 0.120739
vt 0.416989 0.121405
vt 0.421723 0.121700
vt 0.417776 0.122880
vt 0.422202 0.122711
vt 0.422694 0.123770
vt 0.418638 0.124611
vt 0.423203 0.124877
vt 0.422242 0.132070
vt 0.423485 0.125479
vt 0.423752 0.126039
vt 0.424010 0.126571
vt 0.424267 0.127086
vt 0.424526 0.127596
vt 0.424795 0.128114
vt 0.425079 0.128652
vt 0.425383 0.129223
vt 0.425715 0.129838
vt 0.426079 0.130509
vt 0.426481 0.131249
vt 0.426927 0.132071
vt 0.385717 0.132067
vt 0.385720 0.095730
vt 0.389644 0.100419
vt 0.401219 0.095731
vt 0.401219 0.100420
vt 0.389644 0.111395
vt 0.389643 0.116083
vt 0.400817 0.111395
vt 0.400817 0.116084
vt 0.389642 0.127379
vt 0.401577 0.127380
vt 0.401576 0.132068
vt 0.366974 0.132065
vt 0.366977 0.095728
vt 0.370902 0.100417
vt 0.381555 0.095729
vt 0.381555 0.100418
vt 0.370901 0.110487
vt 0.370900 0.115176
vt 0.381554 0.110488
vt 0.381553 0.115177
vt 0.370899 0.132066
vt 0.326084 0.132062
vt 0.337822 0.095513
vt 0.340585 0.095513
vt 0.339143 0.103505
vt 0.352797 0.132064
vt 0.335057 0.116665
vt 0.343547 0.116665
vt 0.333534 0.121353
vt 0.345148 0.121354
vt 0.330089 0.132062
vt 0.348792 0.132064
vt 0.319116 0.132061
vt 0.319119 0.095724
vt 0.323044 0.095725
vt 0.323041 0.132062
vt 0.299412 0.132060
vt 0.299415 0.095723
vt 0.303340 0.095723
vt 0.303337 0.127371
vt 0.315672 0.127372
vt 0.315672 0.132061
vt 0.270538 0.118311
vt 0.270540 0.095720
vt 0.274465 0.095720
vt 0.274463 0.117192
vt 0.290122 0.116874
vt 0.290124 0.095722
vt 0.294048 0.095722
vt 0.294046 0.117780
vt 0.290115 0.117711
vt 0.274471 0.118170
vt 0.290091 0.118517
vt 0.293963 0.119940
vt 0.274498 0.119055
vt 0.270651 0.120673
vt 0.290050 0.119291
vt 0.274544 0.119856
vt 0.279398 0.024102
vt 0.834322 0.020692
vt 0.274612 0.120583
vt 0.289987 0.120033
vt 0.293712 0.121963
vt 0.289899 0.120744
vt 0.274703 0.121242
vt 0.270979 0.122806
vt 0.289786 0.121423
vt 0.274818 0.121841
vt 0.289643 0.122069
vt 0.274959 0.122390
vt 0.293293 0.123840
vt 0.289469 0.122684
vt 0.289260 0.123265
vt 0.271503 0.124715
vt 0.275127 0.122896
vt 0.275324 0.123366
vt 0.289013 0.123814
vt 0.275551 0.123811
vt 0.275811 0.124236
vt 0.288727 0.124330
vt 0.292706 0.125561
vt 0.276104 0.124652
vt 0.288399 0.124813
vt 0.272204 0.126404
vt 0.276503 0.125149
vt 0.288069 0.125217
vt 0.276918 0.125602
vt 0.287702 0.125603
vt 0.291951 0.127116
vt 0.277350 0.126011
vt 0.287296 0.125967
vt 0.286853 0.126306
vt 0.286373 0.126617
vt 0.273063 0.127878
vt 0.278265 0.126698
vt 0.388819 0.023430
vt 0.278747 0.126976
vt 0.482610 0.022853
vt 0.285302 0.127142
vt 0.291027 0.128496
vt 0.474794 0.022901
vt 0.284085 0.127517
vt 0.284711 0.127350
vt 0.283422 0.127640
vt 0.282724 0.127717
vt 0.281991 0.127743
vt 0.274061 0.129141
vt 0.289933 0.129690
vt 0.275179 0.130197
vt 0.288670 0.130689
vt 0.276399 0.131051
vt 0.287236 0.131484
vt 0.277700 0.131708
vt 0.285632 0.132063
vt 0.279066 0.132172
vt 0.261125 0.132057
vt 0.261128 0.095719
vt 0.265053 0.095720
vt 0.265050 0.132057
vt 0.627628 0.021962
vt 0.621670 0.021999
vt 0.615711 0.022035
vt 0.236052 0.099079
vt 0.237606 0.097748
vt 0.253810 0.097765
vt 0.254840 0.098329
vt 0.246673 0.100135
vt 0.247496 0.100262
vt 0.248320 0.100439
vt 0.249142 0.100665
vt 0.249964 0.100940
vt 0.250784 0.101264
vt 0.251602 0.101637
vt 0.252417 0.102057
vt 0.253229 0.102526
vt 0.538249 0.022511
vt 0.556125 0.022402
vt 0.544208 0.022475
vt 0.550166 0.022438
vt 0.234656 0.100652
vt 0.245028 0.100034
vt 0.245850 0.100059
vt 0.484621 0.022841
vt 0.657421 0.021779
vt 0.490580 0.022804
vt 0.242190 0.100516
vt 0.240882 0.101097
vt 0.233433 0.102449
vt 0.239663 0.101886
vt 0.238545 0.102868
vt 0.232399 0.104449
vt 0.237539 0.104029
vt 0.236656 0.105354
vt 0.231569 0.106634
vt 0.235908 0.106829
vt 0.230957 0.108983
vt 0.235307 0.108439
vt 0.234863 0.110171
vt 0.230579 0.111478
vt 0.234588 0.112009
vt 0.230449 0.114098
vt 0.234494 0.113939
vt 0.234588 0.115912
vt 0.230575 0.116700
vt 0.246228 0.118842
vt 0.246229 0.114153
vt 0.255400 0.114154
vt 0.251474 0.118842
vt 0.255398 0.129552
vt 0.234862 0.117773
vt 0.230945 0.119164
vt 0.235309 0.119512
vt 0.251474 0.126301
vt 0.231543 0.121475
vt 0.235918 0.121116
vt 0.236680 0.122575
vt 0.232357 0.123614
vt 0.237587 0.123876
vt 0.233374 0.125566
vt 0.728925 0.021339
vt 0.371408 0.023537
vt 0.365449 0.023573
vt 0.359491 0.023610
vt 0.234578 0.127312
vt 0.239797 0.125961
vt 0.241082 0.126722
vt 0.251002 0.126498
vt 0.250529 0.126685
vt 0.250052 0.126863
vt 0.242475 0.127280
vt 0.249572 0.127029
vt 0.248600 0.127320
vt 0.249089 0.127182
vt 0.734883 0.021303
vt 0.347573 0.023683
vt 0.341615 0.023720
vt 0.235957 0.128837
vt 0.243966 0.127623
vt 0.247608 0.127544
vt 0.248107 0.127441
vt 0.247103 0.127627
vt 0.245547 0.127740
vt 0.317780 0.023866
vt 0.246073 0.127727
vt 0.246592 0.127689
vt 0.335656 0.023756
vt 0.237497 0.130123
vt 0.254501 0.130058
vt 0.253626 0.130513
vt 0.239183 0.131152
vt 0.252769 0.130917
vt 0.752759 0.021193
vt 0.824262 0.020754
vt 0.818304 0.020790
vt 0.241002 0.131909
vt 0.251924 0.131272
vt 0.251087 0.131580
vt 0.758718 0.021157
vt 0.812345 0.020827
vt 0.806387 0.020864
vt 0.800428 0.020900
vt 0.242941 0.132375
vt 0.249413 0.132060
vt 0.248566 0.132235
vt 0.247705 0.132368
vt 0.541228 0.022493
vt 0.710050 0.059256
vt 0.677980 0.059194
vt 0.710050 0.059197
vt 0.878115 0.049935
vt 0.806495 0.050572
vt 0.860700 0.049935
vt 0.868487 0.043283
vt 0.878164 0.043192
vt 0.868482 0.044035
vt 0.868482 0.044103
vt 0.878158 0.044035
vt 0.868476 0.044877
vt 0.868476 0.044923
vt 0.878152 0.044877
vt 0.868470 0.045720
vt 0.868470 0.045743
vt 0.878145 0.045720
vt 0.878139 0.046563
vt 0.868458 0.047383
vt 0.868458 0.047406
vt 0.868452 0.048203
vt 0.878133 0.047406
vt 0.868452 0.048249
vt 0.868446 0.049023
vt 0.878127 0.048249
vt 0.868446 0.049092
vt 0.868441 0.049844
vt 0.878121 0.049092
vt 0.179426 0.043191
vt 0.233632 0.042348
vt 0.233630 0.042553
vt 0.798813 0.042463
vt 0.734939 0.042349
vt 0.806554 0.042349
vt 0.798754 0.050664
vt 0.806494 0.050777
vt 0.734879 0.050663
vt 0.729133 0.042463
vt 0.663324 0.042349
vt 0.734938 0.042463
vt 0.729074 0.050663
vt 0.734878 0.050777
vt 0.663264 0.050663
vt 0.659453 0.042463
vt 0.591708 0.042349
vt 0.663323 0.042463
vt 0.659394 0.050663
vt 0.663263 0.050777
vt 0.591649 0.050663
vt 0.589772 0.042463
vt 0.520093 0.042349
vt 0.591708 0.042463
vt 0.589714 0.050663
vt 0.591648 0.050777
vt 0.520033 0.050663
vt 0.520092 0.042462
vt 0.450412 0.042462
vt 0.448478 0.042348
vt 0.450353 0.050663
vt 0.520032 0.050777
vt 0.448417 0.050777
vt 0.380732 0.042462
vt 0.376862 0.042348
vt 0.448477 0.042462
vt 0.380673 0.050663
vt 0.376803 0.050663
vt 0.311051 0.042462
vt 0.305247 0.042348
vt 0.376861 0.042462
vt 0.310992 0.050663
vt 0.376802 0.050777
vt 0.305187 0.050663
vt 0.241371 0.042462
vt 0.305246 0.042462
vt 0.241312 0.050663
vt 0.305187 0.050777
vt 0.233571 0.050777
vt 0.179377 0.049934
vt 0.233573 0.050572
vt 0.171685 0.043282
vt 0.162004 0.044034
vt 0.162010 0.043191
vt 0.171679 0.044102
vt 0.161998 0.044877
vt 0.171680 0.044034
vt 0.171673 0.044922
vt 0.161992 0.045720
vt 0.171673 0.044877
vt 0.171667 0.045742
vt 0.161986 0.046562
vt 0.171655 0.047383
vt 0.161980 0.047405
vt 0.171661 0.046562
vt 0.171650 0.048203
vt 0.161974 0.048248
vt 0.171655 0.047405
vt 0.171644 0.049023
vt 0.161968 0.049091
vt 0.171649 0.048248
vt 0.171638 0.049843
vt 0.161962 0.049934
vt 0.171643 0.049091
vt 0.806553 0.042554
vt 0.860748 0.043192
vt 0.868464 0.046563
vt 0.448418 0.050663
vt 0.171667 0.045720
vt 0.677980 0.059254
vt 0.724553 0.326752
vt 0.741886 0.254070
vt 0.722577 0.342013
vt 0.673466 0.452519
vt 0.722571 0.410881
vt 0.684249 0.415325
vt 0.688938 0.441622
vt 0.677006 0.441621
vt 0.722530 0.892958
vt 0.668285 0.963773
vt 0.741824 0.980905
vt 0.619197 0.441616
vt 0.607265 0.441615
vt 0.603725 0.452513
vt 0.599611 0.452513
vt 0.611670 0.415319
vt 0.598915 0.415535
vt 0.622940 0.452515
vt 0.598914 0.420306
vt 0.594791 0.420306
vt 0.659234 0.417201
vt 0.661007 0.418393
vt 0.662555 0.419843
vt 0.663882 0.421511
vt 0.664994 0.423361
vt 0.665893 0.425356
vt 0.666586 0.427458
vt 0.627055 0.452515
vt 0.667075 0.429629
vt 0.667365 0.431832
vt 0.652564 0.452518
vt 0.667461 0.434030
vt 0.658798 0.450963
vt 0.667344 0.436387
vt 0.667000 0.438694
vt 0.660541 0.449833
vt 0.662105 0.448446
vt 0.666435 0.440921
vt 0.665656 0.443040
vt 0.657233 0.416303
vt 0.594791 0.415534
vt 0.641623 0.415538
vt 0.654999 0.415736
vt 0.660534 0.424384
vt 0.659513 0.423214
vt 0.658326 0.422217
vt 0.656970 0.421410
vt 0.655444 0.420811
vt 0.653744 0.420439
vt 0.645655 0.420310
vt 0.645653 0.447746
vt 0.652071 0.447746
vt 0.654211 0.447563
vt 0.661113 0.442596
vt 0.661854 0.441126
vt 0.662422 0.439610
vt 0.662834 0.438094
vt 0.663107 0.436627
vt 0.663258 0.435256
vt 0.663305 0.434029
vt 0.663004 0.430434
vt 0.662623 0.428752
vt 0.662087 0.427171
vt 0.661391 0.425709
vt 0.601055 0.759393
vt 0.599348 0.758333
vt 0.595547 0.757073
vt 0.594762 0.757011
vt 0.594762 0.762842
vt 0.604009 0.762285
vt 0.609923 0.760374
vt 0.611156 0.762843
vt 0.594763 0.750451
vt 0.596494 0.750587
vt 0.599305 0.751278
vt 0.608295 0.757912
vt 0.601902 0.752389
vt 0.595544 0.794643
vt 0.597505 0.794159
vt 0.599345 0.793375
vt 0.601052 0.792309
vt 0.602610 0.790981
vt 0.604006 0.789407
vt 0.605226 0.787607
vt 0.607081 0.783402
vt 0.607687 0.781034
vt 0.608062 0.778514
vt 0.608190 0.775860
vt 0.608062 0.773191
vt 0.607688 0.770660
vt 0.607082 0.768287
vt 0.605228 0.764081
vt 0.596451 0.801122
vt 0.594758 0.801257
vt 0.611280 0.763092
vt 0.612355 0.766032
vt 0.599313 0.800410
vt 0.601944 0.799269
vt 0.613137 0.769162
vt 0.613614 0.772449
vt 0.604335 0.797735
vt 0.613776 0.775860
vt 0.613618 0.779179
vt 0.606477 0.795848
vt 0.608361 0.793644
vt 0.613151 0.782406
vt 0.612383 0.785504
vt 0.652844 0.961821
vt 0.575462 0.415533
vt 0.524521 0.452507
vt 0.521248 0.445796
vt 0.589204 0.420305
vt 0.589201 0.452512
vt 0.528463 0.450918
vt 0.528877 0.451672
vt 0.529335 0.452507
vt 0.585169 0.452512
vt 0.585172 0.420305
vt 0.564352 0.420303
vt 0.564350 0.452510
vt 0.528090 0.450235
vt 0.527436 0.449029
vt 0.527749 0.449609
vt 0.526869 0.447954
vt 0.527145 0.448481
vt 0.526339 0.446910
vt 0.526602 0.447434
vt 0.525798 0.445799
vt 0.526073 0.446369
vt 0.524986 0.444060
vt 0.525509 0.445187
vt 0.560317 0.452510
vt 0.560320 0.420303
vt 0.524481 0.442982
vt 0.536456 0.420301
vt 0.536455 0.431470
vt 0.547934 0.431471
vt 0.547934 0.436243
vt 0.536455 0.436242
vt 0.536454 0.447736
vt 0.523989 0.441954
vt 0.523504 0.440976
vt 0.548715 0.447737
vt 0.521256 0.433463
vt 0.521249 0.437163
vt 0.521536 0.437560
vt 0.521807 0.432845
vt 0.522043 0.438339
vt 0.522298 0.432166
vt 0.522537 0.439168
vt 0.522728 0.431428
vt 0.523022 0.440047
vt 0.523095 0.430635
vt 0.523399 0.429786
vt 0.548715 0.452509
vt 0.523637 0.428885
vt 0.532421 0.452507
vt 0.523809 0.427933
vt 0.523912 0.426932
vt 0.532424 0.415529
vt 0.523947 0.425884
vt 0.523875 0.424337
vt 0.523659 0.422896
vt 0.523306 0.421567
vt 0.522820 0.420356
vt 0.522206 0.419267
vt 0.521251 0.418096
vt 0.521469 0.418307
vt 0.521964 0.761016
vt 0.521221 0.760547
vt 0.521221 0.762836
vt 0.535961 0.751001
vt 0.561513 0.751003
vt 0.566601 0.751003
vt 0.566600 0.762840
vt 0.575910 0.762840
vt 0.577138 0.760403
vt 0.580667 0.755759
vt 0.582800 0.753901
vt 0.585161 0.752397
vt 0.587737 0.751282
vt 0.590514 0.750588
vt 0.593480 0.750350
vt 0.521222 0.753578
vt 0.521651 0.753799
vt 0.523074 0.754571
vt 0.582621 0.762841
vt 0.589475 0.757553
vt 0.587643 0.758332
vt 0.584391 0.760715
vt 0.561951 0.800709
vt 0.536994 0.762837
vt 0.536734 0.762837
vt 0.536731 0.800707
vt 0.531643 0.800707
vt 0.521220 0.776217
vt 0.523846 0.776217
vt 0.522605 0.797973
vt 0.521397 0.798595
vt 0.521218 0.798678
vt 0.593365 0.801368
vt 0.590379 0.801123
vt 0.587592 0.800414
vt 0.585017 0.799278
vt 0.582665 0.797750
vt 0.580547 0.795868
vt 0.575769 0.763121
vt 0.574681 0.766060
vt 0.578675 0.793668
vt 0.577060 0.791188
vt 0.573887 0.769185
vt 0.573401 0.772461
vt 0.575713 0.788463
vt 0.574646 0.785531
vt 0.573236 0.775857
vt 0.585941 0.792308
vt 0.587640 0.793374
vt 0.591422 0.794643
vt 0.593477 0.794808
vt 0.581782 0.764080
vt 0.580754 0.766086
vt 0.579324 0.770658
vt 0.578950 0.773188
vt 0.578822 0.775858
vt 0.578950 0.778512
vt 0.579323 0.781032
vt 0.579929 0.783400
vt 0.580753 0.785597
vt 0.582996 0.789405
vt 0.584388 0.790979
vt 0.447722 0.273122
vt 0.450770 0.443656
vt 0.451004 0.444108
vt 0.451271 0.444541
vt 0.452408 0.445931
vt 0.452852 0.446348
vt 0.453314 0.446719
vt 0.453792 0.447047
vt 0.454287 0.447330
vt 0.454800 0.447569
vt 0.455330 0.447764
vt 0.455876 0.447915
vt 0.456440 0.448023
vt 0.457022 0.448088
vt 0.457620 0.448109
vt 0.458373 0.448083
vt 0.459090 0.448005
vt 0.459771 0.447880
vt 0.460415 0.447710
vt 0.461021 0.447499
vt 0.461590 0.447249
vt 0.462122 0.446964
vt 0.463487 0.445932
vt 0.463865 0.445540
vt 0.465087 0.443553
vt 0.465302 0.442961
vt 0.465482 0.442336
vt 0.465628 0.441678
vt 0.465745 0.440987
vt 0.465834 0.440264
vt 0.465899 0.439509
vt 0.465942 0.438721
vt 0.465966 0.437901
vt 0.465973 0.437049
vt 0.465975 0.415524
vt 0.450395 0.442662
vt 0.450568 0.443177
vt 0.450132 0.441494
vt 0.450250 0.442104
vt 0.449970 0.440084
vt 0.450039 0.440823
vt 0.449894 0.438367
vt 0.449922 0.439268
vt 0.449887 0.415522
vt 0.449886 0.437373
vt 0.520614 0.417480
vt 0.519645 0.416791
vt 0.518567 0.416246
vt 0.517386 0.415851
vt 0.516106 0.415609
vt 0.514732 0.415528
vt 0.470007 0.415524
vt 0.507655 0.415527
vt 0.502923 0.415527
vt 0.502923 0.417531
vt 0.448448 0.448247
vt 0.447708 0.446989
vt 0.520819 0.444916
vt 0.519934 0.443155
vt 0.519125 0.441653
vt 0.518383 0.440391
vt 0.517700 0.439349
vt 0.517068 0.438505
vt 0.516479 0.437840
vt 0.515924 0.437332
vt 0.515395 0.436963
vt 0.514883 0.436711
vt 0.514381 0.436556
vt 0.513880 0.436478
vt 0.513372 0.436457
vt 0.511685 0.436457
vt 0.511684 0.452506
vt 0.449473 0.449532
vt 0.450622 0.450607
vt 0.451875 0.451477
vt 0.453212 0.452145
vt 0.507652 0.452505
vt 0.454614 0.452617
vt 0.456063 0.452897
vt 0.503290 0.452505
vt 0.457537 0.452989
vt 0.459537 0.452867
vt 0.487000 0.415525
vt 0.461361 0.452506
vt 0.470005 0.437971
vt 0.463009 0.451916
vt 0.469919 0.440169
vt 0.464482 0.451108
vt 0.465780 0.450091
vt 0.469662 0.442228
vt 0.466903 0.448876
vt 0.518486 0.421573
vt 0.518003 0.421129
vt 0.517436 0.420759
vt 0.516784 0.420467
vt 0.516042 0.420255
vt 0.515208 0.420126
vt 0.511687 0.420082
vt 0.511686 0.431685
vt 0.514278 0.431685
vt 0.515295 0.431626
vt 0.516189 0.431454
vt 0.516968 0.431180
vt 0.517637 0.430812
vt 0.518670 0.429835
vt 0.519048 0.429246
vt 0.519341 0.428601
vt 0.519555 0.427911
vt 0.519698 0.427186
vt 0.519774 0.426435
vt 0.519792 0.425667
vt 0.519641 0.424049
vt 0.519463 0.423331
vt 0.519213 0.422677
vt 0.518888 0.422090
vt 0.521009 0.436830
vt 0.520647 0.434020
vt 0.519256 0.434939
vt 0.491032 0.420297
vt 0.491031 0.431466
vt 0.491031 0.436238
vt 0.491030 0.447733
vt 0.502510 0.431467
vt 0.509523 0.756902
vt 0.507518 0.757070
vt 0.505604 0.757562
vt 0.503797 0.758357
vt 0.502114 0.759436
vt 0.500570 0.760779
vt 0.499181 0.762367
vt 0.520848 0.760311
vt 0.519727 0.759670
vt 0.518602 0.759095
vt 0.517472 0.758585
vt 0.516340 0.758142
vt 0.514069 0.757456
vt 0.512932 0.757214
vt 0.511795 0.757041
vt 0.482422 0.762833
vt 0.492139 0.762833
vt 0.493511 0.760206
vt 0.495199 0.757748
vt 0.482424 0.750996
vt 0.497127 0.755596
vt 0.465455 0.762831
vt 0.477002 0.762832
vt 0.477003 0.750996
vt 0.499273 0.753775
vt 0.465166 0.760898
vt 0.501618 0.752313
vt 0.464692 0.759112
vt 0.504141 0.751236
vt 0.506820 0.750570
vt 0.463213 0.756021
vt 0.509635 0.750342
vt 0.462222 0.754730
vt 0.461072 0.753618
vt 0.459770 0.752692
vt 0.458322 0.751960
vt 0.456734 0.751428
vt 0.455013 0.751104
vt 0.447682 0.750993
vt 0.453166 0.750994
vt 0.520331 0.753119
vt 0.510716 0.750363
vt 0.511756 0.750428
vt 0.519100 0.752526
vt 0.517943 0.752017
vt 0.512769 0.750542
vt 0.513770 0.750710
vt 0.516846 0.751585
vt 0.458212 0.759121
vt 0.457563 0.758523
vt 0.456801 0.758026
vt 0.455924 0.757633
vt 0.449073 0.757116
vt 0.459818 0.762831
vt 0.459764 0.762448
vt 0.459525 0.761483
vt 0.458753 0.759816
vt 0.458460 0.770226
vt 0.459361 0.768567
vt 0.459649 0.767640
vt 0.459841 0.766665
vt 0.459944 0.765655
vt 0.459968 0.764624
vt 0.459910 0.763496
vt 0.449071 0.772713
vt 0.451338 0.779127
vt 0.449071 0.779126
vt 0.449069 0.800700
vt 0.447677 0.800700
vt 0.447674 0.835513
vt 0.454768 0.780304
vt 0.454057 0.779807
vt 0.456306 0.781880
vt 0.455514 0.780986
vt 0.458073 0.784416
vt 0.457156 0.783014
vt 0.460158 0.788130
vt 0.459070 0.786112
vt 0.466325 0.800701
vt 0.461348 0.790497
vt 0.471624 0.798566
vt 0.472179 0.799579
vt 0.472796 0.800702
vt 0.471121 0.797648
vt 0.470664 0.796807
vt 0.470243 0.796026
vt 0.469851 0.795290
vt 0.469480 0.794581
vt 0.469121 0.793883
vt 0.468768 0.793179
vt 0.520213 0.799148
vt 0.468410 0.792451
vt 0.519047 0.799634
vt 0.517891 0.800055
vt 0.468041 0.791685
vt 0.516737 0.800414
vt 0.515579 0.800712
vt 0.467653 0.790862
vt 0.514409 0.800951
vt 0.513220 0.801134
vt 0.466949 0.789347
vt 0.512004 0.801261
vt 0.510755 0.801336
vt 0.466270 0.787898
vt 0.509464 0.801361
vt 0.506641 0.801143
vt 0.465609 0.786516
vt 0.464958 0.785201
vt 0.492083 0.762942
vt 0.490936 0.765930
vt 0.490091 0.769144
vt 0.482419 0.800703
vt 0.489569 0.772556
vt 0.489390 0.776142
vt 0.465554 0.764916
vt 0.489564 0.779700
vt 0.465507 0.766324
vt 0.490074 0.783071
vt 0.465367 0.767670
vt 0.490901 0.786232
vt 0.465136 0.768949
vt 0.492025 0.789158
vt 0.464816 0.770160
vt 0.493429 0.791828
vt 0.495092 0.794217
vt 0.496996 0.796303
vt 0.499122 0.798061
vt 0.462677 0.774271
vt 0.501451 0.799470
vt 0.461936 0.775103
vt 0.503964 0.800505
vt 0.461117 0.775851
vt 0.460220 0.776513
vt 0.459248 0.777086
vt 0.460078 0.777867
vt 0.460861 0.778714
vt 0.464310 0.783953
vt 0.462312 0.780610
vt 0.496942 0.785741
vt 0.497995 0.787736
vt 0.499247 0.789516
vt 0.500687 0.791066
vt 0.502300 0.792369
vt 0.504074 0.793409
vt 0.505998 0.794172
vt 0.508057 0.794641
vt 0.510239 0.794802
vt 0.510966 0.794784
vt 0.511683 0.794732
vt 0.512389 0.794648
vt 0.513775 0.794394
vt 0.514456 0.794228
vt 0.516461 0.793603
vt 0.517120 0.793360
vt 0.517774 0.793103
vt 0.518425 0.792834
vt 0.518426 0.782631
vt 0.511181 0.782630
vt 0.511181 0.776216
vt 0.497962 0.764180
vt 0.496929 0.766198
vt 0.496098 0.768400
vt 0.495486 0.770769
vt 0.495106 0.773283
vt 0.494976 0.775923
vt 0.495105 0.778622
vt 0.496101 0.783547
vt 0.456106 0.868419
vt 0.477360 0.878856
vt 0.487054 0.869276
vt 0.472195 0.850582
vt 0.480627 0.876554
vt 0.489023 0.850583
vt 0.447673 0.855061
vt 0.453678 0.864678
vt 0.462444 0.850581
vt 0.453678 0.872269
vt 0.447670 0.881766
vt 0.463222 0.887560
vt 0.480297 0.887886
vt 0.481120 0.887886
vt 0.494035 0.887562
vt 0.498067 0.887563
vt 0.447663 0.971366
vt 0.384752 0.452495
vt 0.385163 0.452495
vt 0.397222 0.415301
vt 0.412607 0.452497
vt 0.427172 0.452499
vt 0.384752 0.447724
vt 0.427175 0.415520
vt 0.374167 0.447723
vt 0.442152 0.415522
vt 0.445855 0.415522
vt 0.442152 0.420293
vt 0.431207 0.420292
vt 0.431206 0.430540
vt 0.442151 0.430541
vt 0.445853 0.438511
vt 0.445970 0.440915
vt 0.442150 0.435312
vt 0.431206 0.435311
vt 0.431204 0.452499
vt 0.446307 0.443085
vt 0.447565 0.446747
vt 0.374167 0.452494
vt 0.404749 0.441598
vt 0.392817 0.441598
vt 0.376731 0.757401
vt 0.382482 0.762824
vt 0.382483 0.750988
vt 0.374141 0.750987
vt 0.376731 0.750987
vt 0.432050 0.762828
vt 0.443652 0.762829
vt 0.403887 0.750990
vt 0.403887 0.757403
vt 0.387903 0.757402
vt 0.387902 0.762825
vt 0.410247 0.762826
vt 0.410248 0.750990
vt 0.431761 0.760895
vt 0.419760 0.750991
vt 0.421608 0.751101
vt 0.429808 0.756018
vt 0.423328 0.751425
vt 0.428817 0.754727
vt 0.427667 0.753615
vt 0.425347 0.759813
vt 0.423396 0.758023
vt 0.420400 0.757172
vt 0.419152 0.757113
vt 0.415667 0.762827
vt 0.426412 0.762828
vt 0.426359 0.762445
vt 0.425784 0.760601
vt 0.425054 0.770223
vt 0.425562 0.769431
vt 0.426244 0.767637
vt 0.426435 0.766663
vt 0.426539 0.765653
vt 0.426562 0.764621
vt 0.426505 0.763493
vt 0.419150 0.772710
vt 0.420517 0.772630
vt 0.421719 0.772400
vt 0.423665 0.771536
vt 0.424425 0.770930
vt 0.418616 0.779153
vt 0.417933 0.779124
vt 0.415665 0.779124
vt 0.415663 0.800697
vt 0.419964 0.779466
vt 0.419289 0.779258
vt 0.421362 0.780301
vt 0.420651 0.779804
vt 0.422901 0.781877
vt 0.422108 0.780983
vt 0.424668 0.784413
vt 0.423750 0.783011
vt 0.426753 0.788127
vt 0.425665 0.786109
vt 0.432919 0.800699
vt 0.427943 0.790495
vt 0.438218 0.798563
vt 0.438774 0.799576
vt 0.439390 0.800699
vt 0.437716 0.797645
vt 0.437258 0.796804
vt 0.436837 0.796024
vt 0.436446 0.795287
vt 0.436075 0.794578
vt 0.435716 0.793880
vt 0.435362 0.793176
vt 0.434636 0.791682
vt 0.435005 0.792449
vt 0.433544 0.789344
vt 0.434248 0.790859
vt 0.432865 0.787895
vt 0.432203 0.786514
vt 0.431552 0.785199
vt 0.426814 0.776510
vt 0.425842 0.777084
vt 0.426673 0.777864
vt 0.427711 0.775848
vt 0.427456 0.778712
vt 0.428531 0.775100
vt 0.428198 0.779626
vt 0.429271 0.774269
vt 0.428906 0.780607
vt 0.429931 0.773356
vt 0.429589 0.781654
vt 0.430509 0.772365
vt 0.430252 0.782769
vt 0.431002 0.771298
vt 0.430904 0.783950
vt 0.431410 0.770158
vt 0.431730 0.768946
vt 0.431961 0.767667
vt 0.432101 0.766321
vt 0.432148 0.764913
vt 0.443649 0.800700
vt 0.376729 0.777590
vt 0.374139 0.777590
vt 0.376730 0.771176
vt 0.382479 0.800694
vt 0.387901 0.778830
vt 0.387900 0.794281
vt 0.404381 0.794282
vt 0.403332 0.778831
vt 0.387902 0.772416
vt 0.403332 0.772417
vt 0.384556 0.850575
vt 0.393853 0.865757
vt 0.403195 0.850576
vt 0.384884 0.858762
vt 0.384802 0.858762
vt 0.384800 0.887553
vt 0.393524 0.873077
vt 0.394182 0.873077
vt 0.402906 0.858763
vt 0.402824 0.858763
vt 0.402904 0.887555
vt 0.415744 0.850577
vt 0.424548 0.864675
vt 0.433313 0.850579
vt 0.434091 0.887557
vt 0.424547 0.872266
vt 0.414877 0.887556
vt 0.444875 0.850580
vt 0.374133 0.850574
vt 0.374805 0.850574
vt 0.439978 0.850579
vt 0.374129 0.887552
vt 0.444007 0.887558
vt 0.438946 0.887558
vt 0.406939 0.850576
vt 0.409981 0.887555
vt 0.380771 0.850574
vt 0.426975 0.868417
vt 0.374121 0.980874
vt 0.316804 0.431335
vt 0.317381 0.431038
vt 0.317901 0.430661
vt 0.318361 0.430205
vt 0.318759 0.429672
vt 0.319091 0.429064
vt 0.319546 0.427632
vt 0.319664 0.426810
vt 0.319704 0.425922
vt 0.319680 0.425241
vt 0.319605 0.424563
vt 0.319473 0.423897
vt 0.319280 0.423255
vt 0.318691 0.422085
vt 0.318284 0.421580
vt 0.317796 0.421142
vt 0.317222 0.420782
vt 0.316556 0.420512
vt 0.315794 0.420342
vt 0.314931 0.420282
vt 0.310199 0.431722
vt 0.314766 0.431723
vt 0.315494 0.431679
vt 0.316174 0.431549
vt 0.314395 0.436494
vt 0.310198 0.436494
vt 0.310197 0.452489
vt 0.306165 0.452489
vt 0.306166 0.432528
vt 0.302071 0.430849
vt 0.315947 0.436401
vt 0.301866 0.431401
vt 0.317353 0.436130
vt 0.301290 0.432500
vt 0.318616 0.435692
vt 0.300628 0.433425
vt 0.319738 0.435099
vt 0.320720 0.434362
vt 0.368047 0.452494
vt 0.321565 0.433492
vt 0.364591 0.452493
vt 0.347886 0.452492
vt 0.322274 0.432502
vt 0.327356 0.432530
vt 0.323055 0.430851
vt 0.322850 0.431402
vt 0.343280 0.420285
vt 0.331389 0.420284
vt 0.331388 0.431453
vt 0.342868 0.431454
vt 0.342867 0.436225
vt 0.331388 0.436225
vt 0.331387 0.447719
vt 0.343648 0.447720
vt 0.347889 0.415514
vt 0.351921 0.415514
vt 0.351918 0.447721
vt 0.364591 0.447722
vt 0.343281 0.415513
vt 0.368050 0.415515
vt 0.372082 0.415516
vt 0.372079 0.447723
vt 0.300629 0.418535
vt 0.300711 0.418627
vt 0.301380 0.419649
vt 0.301923 0.420779
vt 0.302343 0.422006
vt 0.302640 0.423317
vt 0.302817 0.424698
vt 0.323295 0.430205
vt 0.323610 0.428920
vt 0.302311 0.430203
vt 0.306168 0.415510
vt 0.302626 0.428919
vt 0.302813 0.427560
vt 0.302875 0.426137
vt 0.323797 0.427561
vt 0.314932 0.415511
vt 0.323859 0.426139
vt 0.323801 0.424700
vt 0.316395 0.415608
vt 0.323624 0.423318
vt 0.323327 0.422008
vt 0.317722 0.415892
vt 0.318913 0.416348
vt 0.322907 0.420781
vt 0.322364 0.419650
vt 0.319971 0.416965
vt 0.362019 0.757400
vt 0.324243 0.762819
vt 0.356598 0.762822
vt 0.356600 0.750986
vt 0.326454 0.786040
vt 0.310415 0.786039
vt 0.305657 0.800688
vt 0.300596 0.800688
vt 0.300593 0.835501
vt 0.362017 0.777589
vt 0.362015 0.800693
vt 0.331486 0.800690
vt 0.317785 0.762819
vt 0.315342 0.858243
vt 0.314155 0.857246
vt 0.312799 0.856439
vt 0.311273 0.855840
vt 0.309573 0.855468
vt 0.307697 0.855340
vt 0.301481 0.882775
vt 0.311904 0.882076
vt 0.313509 0.881273
vt 0.314872 0.880231
vt 0.316011 0.879000
vt 0.317683 0.876156
vt 0.318251 0.874639
vt 0.318663 0.873123
vt 0.318936 0.871656
vt 0.319087 0.870285
vt 0.319134 0.869058
vt 0.319059 0.867228
vt 0.318452 0.863781
vt 0.317915 0.862200
vt 0.317219 0.860739
vt 0.316362 0.859414
vt 0.332134 0.884784
vt 0.332112 0.885223
vt 0.348635 0.867589
vt 0.331172 0.882210
vt 0.331409 0.882486
vt 0.332112 0.884344
vt 0.332046 0.883921
vt 0.331618 0.882799
vt 0.370769 0.887552
vt 0.370772 0.858761
vt 0.370689 0.858761
vt 0.362048 0.873074
vt 0.300589 0.887546
vt 0.308393 0.887547
vt 0.361389 0.873074
vt 0.352750 0.858759
vt 0.352668 0.858759
vt 0.310631 0.887364
vt 0.312711 0.886836
vt 0.352665 0.887550
vt 0.314626 0.885993
vt 0.316370 0.884862
vt 0.332046 0.885646
vt 0.331939 0.886047
vt 0.331796 0.886422
vt 0.300592 0.850568
vt 0.308355 0.850568
vt 0.352422 0.850572
vt 0.361719 0.865754
vt 0.371060 0.850573
vt 0.310827 0.850766
vt 0.313062 0.851332
vt 0.348636 0.850572
vt 0.315063 0.852230
vt 0.316836 0.853422
vt 0.330909 0.881976
vt 0.330624 0.881787
vt 0.318383 0.854872
vt 0.330320 0.881647
vt 0.330000 0.881560
vt 0.319711 0.856540
vt 0.320822 0.858391
vt 0.329666 0.881530
vt 0.329332 0.881560
vt 0.321722 0.860385
vt 0.322414 0.862487
vt 0.329012 0.881647
vt 0.328707 0.881787
vt 0.322903 0.864658
vt 0.323194 0.866861
vt 0.328422 0.881976
vt 0.328160 0.882210
vt 0.323289 0.869059
vt 0.323173 0.871416
vt 0.327922 0.882486
vt 0.327713 0.882798
vt 0.322829 0.873723
vt 0.322263 0.875951
vt 0.321484 0.878069
vt 0.327535 0.883144
vt 0.320498 0.880049
vt 0.327392 0.883520
vt 0.319313 0.881861
vt 0.327286 0.883921
vt 0.331618 0.886768
vt 0.331409 0.887081
vt 0.327220 0.884343
vt 0.331172 0.887357
vt 0.330909 0.887591
vt 0.327197 0.884783
vt 0.327219 0.885223
vt 0.330624 0.887780
vt 0.330320 0.887920
vt 0.327285 0.885645
vt 0.327392 0.886046
vt 0.329999 0.888007
vt 0.329665 0.888037
vt 0.327535 0.886422
vt 0.327713 0.886768
vt 0.329332 0.888007
vt 0.329011 0.887920
vt 0.327922 0.887081
vt 0.328159 0.887356
vt 0.253006 0.443917
vt 0.276527 0.435369
vt 0.244656 0.419998
vt 0.243858 0.419922
vt 0.243051 0.419897
vt 0.241482 0.420020
vt 0.239993 0.420380
vt 0.238595 0.420964
vt 0.237297 0.421758
vt 0.236111 0.422748
vt 0.235048 0.423922
vt 0.234119 0.425265
vt 0.233334 0.426764
vt 0.232705 0.428405
vt 0.232242 0.430175
vt 0.231956 0.432060
vt 0.231858 0.434047
vt 0.231953 0.436066
vt 0.232231 0.437968
vt 0.232683 0.439741
vt 0.233302 0.441375
vt 0.234079 0.442859
vt 0.235005 0.444180
vt 0.236072 0.445329
vt 0.237270 0.446294
vt 0.238592 0.447063
vt 0.240029 0.447627
vt 0.241572 0.447973
vt 0.243213 0.448092
vt 0.244011 0.448061
vt 0.244819 0.447971
vt 0.245634 0.447821
vt 0.246456 0.447612
vt 0.247282 0.447345
vt 0.248110 0.447021
vt 0.248937 0.446641
vt 0.249763 0.446204
vt 0.250585 0.445713
vt 0.251401 0.445168
vt 0.252208 0.444569
vt 0.266916 0.415290
vt 0.269755 0.415290
vt 0.285184 0.415508
vt 0.293948 0.415509
vt 0.245447 0.420125
vt 0.247021 0.420538
vt 0.246234 0.420305
vt 0.248600 0.421169
vt 0.247808 0.420826
vt 0.250208 0.422025
vt 0.249399 0.421568
vt 0.251866 0.423113
vt 0.251029 0.422539
vt 0.252720 0.423747
vt 0.299914 0.417728
vt 0.300581 0.433491
vt 0.299736 0.434360
vt 0.298987 0.416963
vt 0.297929 0.416346
vt 0.298754 0.435097
vt 0.297632 0.435691
vt 0.296738 0.415890
vt 0.295411 0.415606
vt 0.296369 0.436128
vt 0.294963 0.436400
vt 0.293411 0.436492
vt 0.289214 0.436492
vt 0.289213 0.452487
vt 0.278186 0.452486
vt 0.274443 0.441588
vt 0.262511 0.441587
vt 0.252720 0.418054
vt 0.251782 0.417550
vt 0.258971 0.452485
vt 0.251601 0.450619
vt 0.250879 0.417095
vt 0.250874 0.451028
vt 0.250007 0.416687
vt 0.249164 0.416327
vt 0.250124 0.451406
vt 0.249348 0.451750
vt 0.248346 0.416012
vt 0.247552 0.415742
vt 0.248541 0.452057
vt 0.246777 0.415517
vt 0.246018 0.415334
vt 0.245274 0.415194
vt 0.244540 0.415095
vt 0.244933 0.452862
vt 0.243915 0.452944
vt 0.243814 0.415036
vt 0.243093 0.415017
vt 0.242842 0.452971
vt 0.240914 0.415185
vt 0.238853 0.415679
vt 0.238064 0.452144
vt 0.236033 0.451181
vt 0.236921 0.416480
vt 0.235135 0.417571
vt 0.232667 0.448392
vt 0.233506 0.418932
vt 0.232050 0.420547
vt 0.231322 0.446660
vt 0.230197 0.444768
vt 0.230779 0.422396
vt 0.229709 0.424462
vt 0.229287 0.442761
vt 0.228587 0.440687
vt 0.228852 0.426727
vt 0.228223 0.429173
vt 0.228092 0.438593
vt 0.227799 0.436527
vt 0.227835 0.431782
vt 0.296917 0.430659
vt 0.297377 0.430203
vt 0.297775 0.429670
vt 0.298107 0.429063
vt 0.298370 0.428382
vt 0.298562 0.427630
vt 0.298720 0.425920
vt 0.298696 0.425239
vt 0.298621 0.424561
vt 0.298489 0.423895
vt 0.298296 0.423253
vt 0.298037 0.422646
vt 0.297707 0.422084
vt 0.296812 0.421140
vt 0.296238 0.420781
vt 0.295572 0.420510
vt 0.294811 0.420340
vt 0.293947 0.420281
vt 0.289216 0.420280
vt 0.289215 0.431721
vt 0.294510 0.431677
vt 0.295190 0.431548
vt 0.295820 0.431333
vt 0.296397 0.431037
vt 0.255885 0.750977
vt 0.255884 0.762814
vt 0.263295 0.762814
vt 0.228839 0.762811
vt 0.250464 0.762813
vt 0.250465 0.750977
vt 0.228840 0.750975
vt 0.227060 0.750975
vt 0.295926 0.762817
vt 0.295927 0.750981
vt 0.290507 0.750980
vt 0.268715 0.762815
vt 0.290506 0.762816
vt 0.247628 0.791324
vt 0.248083 0.790771
vt 0.248537 0.790111
vt 0.248932 0.789405
vt 0.249272 0.788654
vt 0.249560 0.787858
vt 0.249999 0.786134
vt 0.250156 0.785206
vt 0.250276 0.784233
vt 0.250363 0.783218
vt 0.250421 0.782158
vt 0.250453 0.781056
vt 0.250462 0.779912
vt 0.228837 0.780347
vt 0.228849 0.781684
vt 0.228886 0.782895
vt 0.228950 0.783991
vt 0.229044 0.784985
vt 0.229169 0.785886
vt 0.229522 0.787457
vt 0.229754 0.788148
vt 0.230027 0.788793
vt 0.230341 0.789400
vt 0.230699 0.789983
vt 0.231104 0.790551
vt 0.231655 0.791231
vt 0.232229 0.791851
vt 0.232825 0.792411
vt 0.233445 0.792910
vt 0.234088 0.793350
vt 0.234754 0.793731
vt 0.235443 0.794052
vt 0.236155 0.794314
vt 0.236890 0.794518
vt 0.238430 0.794750
vt 0.241211 0.794639
vt 0.242125 0.794470
vt 0.242991 0.794242
vt 0.243806 0.793958
vt 0.244571 0.793622
vt 0.245285 0.793240
vt 0.245949 0.792814
vt 0.246561 0.792350
vt 0.247120 0.791852
vt 0.300127 0.800688
vt 0.295923 0.800687
vt 0.290503 0.800687
vt 0.228283 0.796691
vt 0.227056 0.795154
vt 0.229827 0.798136
vt 0.231511 0.799305
vt 0.233309 0.800204
vt 0.268713 0.794271
vt 0.285747 0.794273
vt 0.235194 0.800838
vt 0.237141 0.801214
vt 0.285747 0.800686
vt 0.255883 0.781151
vt 0.239123 0.801338
vt 0.241811 0.801174
vt 0.255767 0.784105
vt 0.255420 0.786873
vt 0.244262 0.800689
vt 0.254842 0.789440
vt 0.254032 0.791795
vt 0.246478 0.799896
vt 0.248457 0.798810
vt 0.252989 0.793922
vt 0.281197 0.887544
vt 0.277453 0.876646
vt 0.265521 0.876645
vt 0.261982 0.887543
vt 0.287843 0.886765
vt 0.287665 0.886419
vt 0.285311 0.887545
vt 0.288052 0.887077
vt 0.288290 0.887353
vt 0.288552 0.887587
vt 0.288837 0.887776
vt 0.289141 0.887916
vt 0.289462 0.888003
vt 0.257867 0.887543
vt 0.289796 0.888033
vt 0.297449 0.887546
vt 0.292070 0.886043
vt 0.291926 0.886419
vt 0.290755 0.881784
vt 0.297452 0.850567
vt 0.291748 0.886765
vt 0.291539 0.887078
vt 0.290451 0.881643
vt 0.290130 0.881556
vt 0.291302 0.887353
vt 0.291039 0.887587
vt 0.289796 0.881527
vt 0.289463 0.881556
vt 0.290754 0.887777
vt 0.290450 0.887917
vt 0.289142 0.881643
vt 0.288553 0.881972
vt 0.288838 0.881783
vt 0.290130 0.888003
vt 0.272765 0.850348
vt 0.288290 0.882207
vt 0.287522 0.886043
vt 0.288053 0.882482
vt 0.287844 0.882795
vt 0.287416 0.885642
vt 0.287350 0.885220
vt 0.287666 0.883141
vt 0.287522 0.883516
vt 0.287327 0.884780
vt 0.291040 0.881973
vt 0.291302 0.882207
vt 0.292176 0.885642
vt 0.292242 0.885220
vt 0.291540 0.882483
vt 0.291749 0.882795
vt 0.292265 0.884780
vt 0.292242 0.884340
vt 0.291927 0.883141
vt 0.153964 0.419859
vt 0.153548 0.419809
vt 0.153547 0.431007
vt 0.154609 0.431804
vt 0.155002 0.420116
vt 0.154476 0.419963
vt 0.156091 0.420588
vt 0.155541 0.420323
vt 0.157221 0.421307
vt 0.156651 0.420914
vt 0.158383 0.422310
vt 0.157798 0.421771
vt 0.159568 0.423631
vt 0.158973 0.422929
vt 0.159568 0.420861
vt 0.172402 0.452477
vt 0.172405 0.420270
vt 0.156112 0.433030
vt 0.157531 0.434419
vt 0.158781 0.436037
vt 0.159778 0.437952
vt 0.160438 0.440229
vt 0.160677 0.442934
vt 0.160608 0.444350
vt 0.160085 0.446948
vt 0.159645 0.448113
vt 0.159095 0.449174
vt 0.158444 0.450124
vt 0.157699 0.450954
vt 0.156866 0.451653
vt 0.155955 0.452213
vt 0.154971 0.452624
vt 0.153923 0.452877
vt 0.153545 0.452907
vt 0.186844 0.452479
vt 0.153548 0.415017
vt 0.153849 0.415027
vt 0.206430 0.441582
vt 0.194498 0.441581
vt 0.190959 0.452479
vt 0.154383 0.415082
vt 0.154916 0.415172
vt 0.210173 0.452481
vt 0.155448 0.415299
vt 0.155977 0.415461
vt 0.214288 0.452481
vt 0.201742 0.415285
vt 0.156503 0.415660
vt 0.157026 0.415895
vt 0.186148 0.415500
vt 0.157544 0.416166
vt 0.159071 0.417197
vt 0.156811 0.444591
vt 0.156902 0.444054
vt 0.156694 0.441750
vt 0.156034 0.440198
vt 0.155036 0.438816
vt 0.153786 0.437549
vt 0.153546 0.437345
vt 0.153545 0.448044
vt 0.153789 0.447990
vt 0.154939 0.447442
vt 0.155413 0.447065
vt 0.155821 0.446634
vt 0.176437 0.420271
vt 0.189323 0.756910
vt 0.188189 0.756875
vt 0.186183 0.757043
vt 0.184269 0.757535
vt 0.182462 0.758330
vt 0.180779 0.759409
vt 0.179235 0.760753
vt 0.177846 0.762341
vt 0.177532 0.762807
vt 0.215843 0.750974
vt 0.215842 0.762810
vt 0.223419 0.762811
vt 0.223420 0.750975
vt 0.170804 0.762807
vt 0.172176 0.760179
vt 0.173864 0.757721
vt 0.210422 0.762810
vt 0.190460 0.757014
vt 0.192734 0.757429
vt 0.191597 0.757188
vt 0.195005 0.758115
vt 0.193870 0.757738
vt 0.197267 0.759068
vt 0.196138 0.758558
vt 0.199513 0.760284
vt 0.198392 0.759643
vt 0.201738 0.761759
vt 0.200629 0.760990
vt 0.175792 0.755569
vt 0.177939 0.753748
vt 0.180283 0.752286
vt 0.182806 0.751209
vt 0.185485 0.750543
vt 0.188300 0.750316
vt 0.189381 0.750336
vt 0.190421 0.750401
vt 0.191434 0.750515
vt 0.192435 0.750683
vt 0.201739 0.754544
vt 0.193439 0.750910
vt 0.194459 0.751200
vt 0.200316 0.753772
vt 0.195511 0.751558
vt 0.196608 0.751990
vt 0.196439 0.793076
vt 0.197090 0.792808
vt 0.197091 0.782604
vt 0.189846 0.782603
vt 0.195126 0.793576
vt 0.195785 0.793333
vt 0.192440 0.794367
vt 0.193122 0.794201
vt 0.191054 0.794621
vt 0.191752 0.794508
vt 0.189631 0.794757
vt 0.190348 0.794705
vt 0.186722 0.794615
vt 0.188904 0.794775
vt 0.182739 0.793383
vt 0.184663 0.794145
vt 0.179352 0.791039
vt 0.180965 0.792342
vt 0.176660 0.787710
vt 0.177912 0.789490
vt 0.174766 0.783520
vt 0.175607 0.785714
vt 0.173770 0.778595
vt 0.174149 0.781142
vt 0.173771 0.773256
vt 0.173641 0.775897
vt 0.174763 0.768374
vt 0.174151 0.770742
vt 0.176627 0.764153
vt 0.175594 0.766171
vt 0.215838 0.800681
vt 0.223417 0.781877
vt 0.223574 0.785108
vt 0.224027 0.788026
vt 0.224751 0.790637
vt 0.225719 0.792948
vt 0.226905 0.794964
vt 0.170748 0.762915
vt 0.169601 0.765903
vt 0.168756 0.769117
vt 0.168234 0.772530
vt 0.210418 0.800680
vt 0.189846 0.776190
vt 0.168055 0.776115
vt 0.202511 0.776191
vt 0.168229 0.779673
vt 0.168739 0.783044
vt 0.201270 0.797946
vt 0.169566 0.786205
vt 0.170690 0.789131
vt 0.200062 0.798568
vt 0.172094 0.791801
vt 0.173757 0.794190
vt 0.198878 0.799121
vt 0.197712 0.799607
vt 0.175661 0.796276
vt 0.177787 0.798035
vt 0.196556 0.800029
vt 0.195402 0.800387
vt 0.180116 0.799443
vt 0.182629 0.800478
vt 0.194244 0.800685
vt 0.193074 0.800924
vt 0.185306 0.801116
vt 0.188129 0.801334
vt 0.191885 0.801107
vt 0.095461 0.273093
vt 0.080020 0.271140
vt 0.081048 0.420975
vt 0.080007 0.420515
vt 0.082376 0.446140
vt 0.083507 0.445126
vt 0.084517 0.443937
vt 0.085397 0.442591
vt 0.086137 0.441106
vt 0.086729 0.439501
vt 0.087430 0.436001
vt 0.087522 0.434144
vt 0.087428 0.432166
vt 0.087155 0.430282
vt 0.086711 0.428507
vt 0.086108 0.426856
vt 0.085355 0.425343
vt 0.083440 0.422793
vt 0.082299 0.421785
vt 0.096010 0.439588
vt 0.101107 0.444079
vt 0.101374 0.444512
vt 0.101675 0.444935
vt 0.102084 0.445441
vt 0.102511 0.445902
vt 0.102955 0.446319
vt 0.103416 0.446690
vt 0.103895 0.447017
vt 0.104390 0.447300
vt 0.104903 0.447539
vt 0.105432 0.447735
vt 0.105979 0.447886
vt 0.106543 0.447994
vt 0.107124 0.448059
vt 0.107723 0.448080
vt 0.108476 0.448054
vt 0.109193 0.447976
vt 0.109874 0.447851
vt 0.110518 0.447681
vt 0.111124 0.447469
vt 0.111693 0.447220
vt 0.112225 0.446935
vt 0.112718 0.446619
vt 0.113173 0.446274
vt 0.113590 0.445903
vt 0.113968 0.445510
vt 0.114306 0.445099
vt 0.114643 0.444607
vt 0.114937 0.444082
vt 0.115190 0.443524
vt 0.115405 0.442932
vt 0.115584 0.442307
vt 0.115731 0.441649
vt 0.115848 0.440958
vt 0.115937 0.440235
vt 0.116002 0.439479
vt 0.116045 0.438691
vt 0.116069 0.437872
vt 0.116076 0.437020
vt 0.116078 0.415494
vt 0.100671 0.443148
vt 0.100873 0.443627
vt 0.100353 0.442075
vt 0.100498 0.442633
vt 0.100142 0.440794
vt 0.100235 0.441464
vt 0.100025 0.439239
vt 0.100072 0.440055
vt 0.099988 0.437344
vt 0.099997 0.438338
vt 0.099990 0.415493
vt 0.095958 0.415493
vt 0.091577 0.436298
vt 0.091677 0.434090
vt 0.091547 0.431436
vt 0.091166 0.428911
vt 0.090550 0.426533
vt 0.089714 0.424322
vt 0.088672 0.422298
vt 0.087441 0.420480
vt 0.086034 0.418888
vt 0.084468 0.417542
vt 0.082757 0.416461
vt 0.080916 0.415664
vt 0.080008 0.415435
vt 0.153314 0.415009
vt 0.152066 0.415089
vt 0.150897 0.415322
vt 0.120110 0.415495
vt 0.149814 0.415705
vt 0.148820 0.416230
vt 0.147923 0.416892
vt 0.096073 0.440886
vt 0.090806 0.440492
vt 0.096410 0.443056
vt 0.090156 0.442446
vt 0.096948 0.444999
vt 0.089344 0.444282
vt 0.097668 0.446718
vt 0.088380 0.445984
vt 0.098551 0.448218
vt 0.099576 0.449503
vt 0.086038 0.448922
vt 0.100725 0.450578
vt 0.084681 0.450124
vt 0.101977 0.451447
vt 0.083214 0.451127
vt 0.103315 0.452116
vt 0.081647 0.451915
vt 0.079991 0.452474
vt 0.080004 0.452532
vt 0.081181 0.453176
vt 0.082291 0.453749
vt 0.083325 0.454242
vt 0.084292 0.454657
vt 0.085200 0.454993
vt 0.086054 0.455249
vt 0.086863 0.455426
vt 0.087634 0.455525
vt 0.088374 0.455544
vt 0.089091 0.455484
vt 0.089791 0.455345
vt 0.090482 0.455127
vt 0.107640 0.452960
vt 0.090606 0.455290
vt 0.086985 0.460007
vt 0.111464 0.452477
vt 0.152367 0.436342
vt 0.150864 0.435139
vt 0.153112 0.448140
vt 0.151680 0.448153
vt 0.152365 0.448192
vt 0.150334 0.447842
vt 0.151002 0.448036
vt 0.149032 0.447227
vt 0.149677 0.447572
vt 0.147782 0.446319
vt 0.148400 0.446809
vt 0.146597 0.445127
vt 0.147181 0.445758
vt 0.145485 0.443659
vt 0.146031 0.444427
vt 0.144959 0.445918
vt 0.144959 0.442824
vt 0.129694 0.447702
vt 0.149361 0.433883
vt 0.147942 0.432520
vt 0.129695 0.436208
vt 0.146692 0.430994
vt 0.141175 0.436209
vt 0.129697 0.420267
vt 0.129696 0.431436
vt 0.141175 0.431437
vt 0.145695 0.429248
vt 0.145035 0.427228
vt 0.141587 0.420268
vt 0.144796 0.424877
vt 0.144866 0.423418
vt 0.141588 0.415496
vt 0.145070 0.422056
vt 0.145404 0.420796
vt 0.145862 0.419644
vt 0.146438 0.418605
vt 0.147127 0.417686
vt 0.080677 0.458094
vt 0.080004 0.457723
vt 0.152817 0.452964
vt 0.081866 0.458655
vt 0.083089 0.459134
vt 0.152068 0.452941
vt 0.151341 0.452873
vt 0.084349 0.459524
vt 0.085647 0.459817
vt 0.150635 0.452758
vt 0.149948 0.452596
vt 0.149279 0.452387
vt 0.148626 0.452130
vt 0.113112 0.451887
vt 0.114584 0.451079
vt 0.147987 0.451824
vt 0.147362 0.451469
vt 0.146748 0.451065
vt 0.125665 0.415495
vt 0.120108 0.437942
vt 0.141955 0.452475
vt 0.120022 0.440140
vt 0.145548 0.450104
vt 0.119764 0.442199
vt 0.146144 0.450610
vt 0.119334 0.444109
vt 0.118731 0.445860
vt 0.117956 0.447443
vt 0.149791 0.421001
vt 0.149425 0.421413
vt 0.148871 0.422388
vt 0.148690 0.422943
vt 0.148579 0.423539
vt 0.148541 0.424172
vt 0.148779 0.425809
vt 0.149439 0.427211
vt 0.150437 0.428446
vt 0.153106 0.430676
vt 0.153466 0.419800
vt 0.152985 0.419781
vt 0.152353 0.419817
vt 0.151755 0.419925
vt 0.150680 0.420341
vt 0.150210 0.420642
vt 0.079961 0.963724
vt 0.095402 0.961774
vt 0.006481 0.254009
vt 0.025770 0.399377
vt 0.078962 0.415172
vt 0.079522 0.457458
vt 0.078399 0.456754
vt 0.076908 0.415003
vt 0.074693 0.415163
vt 0.077305 0.455990
vt 0.076240 0.455172
vt 0.072605 0.415633
vt 0.075203 0.454308
vt 0.074190 0.453405
vt 0.073202 0.452469
vt 0.071509 0.451917
vt 0.070654 0.416397
vt 0.068855 0.417440
vt 0.069916 0.451137
vt 0.067221 0.418747
vt 0.065762 0.420302
vt 0.068430 0.450144
vt 0.067061 0.448952
vt 0.064494 0.422090
vt 0.063427 0.424095
vt 0.065818 0.447576
vt 0.062575 0.426302
vt 0.061951 0.428695
vt 0.064711 0.446030
vt 0.063749 0.444328
vt 0.061567 0.431259
vt 0.061436 0.433979
vt 0.062941 0.442484
vt 0.062296 0.440513
vt 0.079699 0.420378
vt 0.078260 0.420009
vt 0.076743 0.419883
vt 0.074760 0.420054
vt 0.073002 0.420543
vt 0.071460 0.421308
vt 0.070121 0.422310
vt 0.068978 0.423509
vt 0.068020 0.424864
vt 0.067236 0.426335
vt 0.066618 0.427883
vt 0.065835 0.431046
vt 0.065651 0.432582
vt 0.065591 0.434033
vt 0.065669 0.435882
vt 0.065903 0.437672
vt 0.066293 0.439384
vt 0.066839 0.441000
vt 0.068399 0.443861
vt 0.069413 0.445068
vt 0.070583 0.446099
vt 0.071909 0.446935
vt 0.073391 0.447557
vt 0.075029 0.447944
vt 0.076823 0.448078
vt 0.025728 0.892900
vt 0.379758 0.410853
vt 0.379764 0.341984
vt 0.379753 0.479721
vt 0.379717 0.892930
vt 0.379723 0.824062
vt 0.379729 0.755193
vt 0.899198 0.916213
vt 0.047469 0.867324
vt 0.396267 0.961799
vt 0.379711 0.961798
vt 0.351992 0.802594
vt 0.351994 0.779537
vt 0.352024 0.432151
vt 0.351991 0.816868
vt 0.351993 0.795827
vt 0.351993 0.793649
vt 0.351997 0.752353
vt 0.352024 0.433449
vt 0.396309 0.472687
vt 0.025199 0.520777
vt 0.351989 0.838125
vt 0.352020 0.474058
vt 0.396281 0.796705
vt 0.352026 0.413451
vt 0.351993 0.797452
vt 0.351996 0.761609
vt 0.352024 0.436816
vt 0.351989 0.840178
vt 0.352025 0.416909
vt 0.025381 0.569235
vt 0.351997 0.750985
vt 0.023600 0.095790
vt 0.351990 0.832437
vt 0.351994 0.779265
vt 0.351990 0.831304
vt 0.352021 0.461785
vt 0.351996 0.762428
vt 0.352025 0.422326
vt 0.352024 0.431830
vt 0.351990 0.834588
vt 0.352023 0.445173
vt 0.352023 0.446896
vt 0.352023 0.447939
vt 0.352021 0.468852
vt 0.352019 0.490202
vt 0.352018 0.498947
vt 0.396274 0.887879
vt 0.396309 0.471358
vt 0.351996 0.761772
vt 0.352017 0.512524
vt 0.396303 0.546608
vt 0.352015 0.542620
vt 0.396276 0.864673
vt 0.351992 0.810088
vt 0.351989 0.841044
vt 0.351996 0.760194
vt 0.352016 0.522734
vt 0.351996 0.762355
vt 0.352019 0.492498
vt 0.351990 0.835268
vt 0.352014 0.553230
vt 0.352024 0.437566
vt 0.352016 0.529400
vt 0.396311 0.449568
vt 0.352023 0.442841
vt 0.352023 0.441485
vt 0.351993 0.799600
vt 0.352011 0.582022
vt 0.352023 0.444071
vt 0.352013 0.558192
vt 0.352020 0.482010
vt 0.351993 0.797266
vt 0.352023 0.442654
vt 0.351994 0.785729
vt 0.352009 0.610894
vt 0.352023 0.444100
vt 0.352023 0.446650
vt 0.352011 0.589016
vt 0.352010 0.598288
vt 0.352019 0.490786
vt 0.351992 0.804721
vt 0.351990 0.834662
vt 0.352023 0.445923
vt 0.396278 0.835937
vt 0.352006 0.642654
vt 0.351989 0.843991
vt 0.352008 0.616791
vt 0.396297 0.620780
vt 0.352007 0.630047
vt 0.352015 0.538758
vt 0.351989 0.842820
vt 0.351991 0.813618
vt 0.351989 0.841616
vt 0.352019 0.496028
vt 0.352021 0.471911
vt 0.351989 0.839722
vt 0.352015 0.536698
vt 0.352022 0.450082
vt 0.352017 0.515791
vt 0.352015 0.531277
vt 0.352014 0.550265
vt 0.352014 0.543396
vt 0.351996 0.757107
vt 0.396283 0.772708
vt 0.352004 0.662889
vt 0.352023 0.439499
vt 0.351996 0.759112
vt 0.352004 0.661401
vt 0.352009 0.606586
vt 0.352011 0.583529
vt 0.352008 0.619518
vt 0.396298 0.606997
vt 0.352006 0.639444
vt 0.352023 0.444102
vt 0.352006 0.647984
vt 0.351988 0.858247
vt 0.352023 0.445118
vt 0.351986 0.874995
vt 0.352003 0.674556
vt 0.351986 0.876344
vt 0.351995 0.775094
vt 0.352015 0.533338
vt 0.351994 0.779619
vt 0.351986 0.878668
vt 0.396303 0.548757
vt 0.352003 0.673738
vt 0.352025 0.421583
vt 0.352025 0.422650
vt 0.351985 0.883478
vt 0.351994 0.780977
vt 0.351985 0.888845
vt 0.352025 0.424565
vt 0.352003 0.682913
vt 0.352002 0.693242
vt 0.352024 0.428386
vt 0.351983 0.913441
vt 0.352024 0.430208
vt 0.352003 0.673580
vt 0.352025 0.418771
vt 0.352025 0.420502
vt 0.351983 0.911415
vt 0.352016 0.526341
vt 0.396272 0.907163
vt 0.351984 0.905923
vt 0.352013 0.564553
vt 0.352001 0.696742
vt 0.351985 0.885225
vt 0.352025 0.422815
vt 0.352001 0.702294
vt 0.352002 0.694478
vt 0.024761 0.404478
vt 0.351999 0.724798
vt 0.351998 0.732362
vt 0.352000 0.709305
vt 0.352002 0.694320
vt 0.352032 0.339899
vt 0.352013 0.566354
vt 0.352033 0.332431
vt 0.351984 0.904727
vt 0.352011 0.581769
vt 0.351998 0.735374
vt 0.352000 0.712317
vt 0.351982 0.920982
vt 0.351997 0.749157
vt 0.351983 0.914912
vt 0.351997 0.745459
vt 0.351984 0.897832
vt 0.352013 0.559357
vt 0.351997 0.742343
vt 0.352023 0.448420
vt 0.351998 0.740770
vt 0.352009 0.603853
vt 0.351998 0.739159
vt 0.352025 0.418942
vt 0.352009 0.609210
vt 0.351983 0.907523
vt 0.352032 0.342301
vt 0.352008 0.614895
vt 0.352007 0.634792
vt 0.026098 0.759863
vt 0.351996 0.761626
vt 0.396283 0.779632
vt 0.396314 0.418512
vt 0.352027 0.395329
vt 0.352003 0.680435
vt 0.352027 0.398629
vt 0.396291 0.685140
vt 0.352002 0.690602
vt 0.396293 0.659612
vt 0.352025 0.419891
vt 0.352001 0.700114
vt 0.351999 0.727008
vt 0.352023 0.445307
vt 0.352026 0.409655
vt 0.396285 0.760357
vt 0.351998 0.737992
vt 0.351996 0.762264
vt 0.351998 0.741225
vt 0.352020 0.475907
vt 0.352021 0.471872
vt 0.352024 0.431672
vt 0.351996 0.757305
vt 0.351994 0.785578
s 0
usemtl Material.001
f 698/1/1 26/2/1 702/3/1
f 4/4/1 23/5/1 696/6/1
f 702/3/1 28/7/1 709/8/1
f 704/9/1 6/10/1 4/4/1
f 2244/11/1 2243/12/1 2246/13/1
f 717/14/1 2247/15/1 2250/16/1
f 28/7/1 2251/17/1 2253/18/1
f 8/19/1 707/20/1 711/21/1
f 722/22/1 29/23/1 726/24/1
f 10/25/1 716/26/1 719/27/1
f 730/28/1 32/29/1 731/30/1
f 12/31/1 723/32/1 727/33/1
f 737/34/1 33/35/1 743/36/1
f 13/37/1 733/38/1 740/39/1
f 745/40/1 36/41/1 752/42/1
f 16/43/1 741/44/1 747/45/1
f 753/46/1 38/47/1 759/48/1
f 18/49/1 750/50/1 756/51/1
f 766/52/1 20/53/1 758/54/1
f 759/48/1 41/55/1 767/56/1
f 43/57/1 20/53/1 763/58/1
f 41/55/1 771/59/1 767/56/1
f 778/60/1 23/5/1 776/61/1
f 48/62/1 698/1/1 780/63/1
f 48/62/1 28/7/1 26/2/1
f 2263/64/1 2262/65/1 2265/66/1
f 29/23/1 2306/67/1 2317/68/1
f 28/7/1 2254/69/1 2269/70/1
f 2275/71/1 2307/72/1 2289/73/1
f 52/74/1 32/29/1 29/23/1
f 53/75/1 33/35/1 32/29/1
f 55/76/1 36/41/1 33/35/1
f 2327/77/1 2334/78/1 2337/79/1
f 57/80/1 2331/81/1 2330/82/1
f 2356/83/1 2346/84/1 2366/85/1
f 38/47/1 2358/86/1 2362/87/1
f 62/88/1 41/55/1 40/89/1
f 66/90/1 43/57/1 785/91/1
f 771/59/1 64/92/1 781/93/1
f 796/94/1 69/95/1 774/96/1
f 45/97/1 792/98/1 794/99/1
f 69/95/1 49/100/1 48/62/1
f 2433/101/1 2376/102/1 2432/103/1
f 2384/104/1 2378/105/1 2385/106/1
f 2377/107/1 2376/102/1 71/108/1
f 74/109/1 53/75/1 52/74/1
f 79/110/1 55/76/1 53/75/1
f 81/111/1 57/80/1 55/76/1
f 2466/112/1 2442/113/1 2467/114/1
f 2463/115/1 2464/116/1 2465/117/1
f 2454/118/1 2470/119/1 2472/120/1
f 2513/121/1 2488/122/1 2487/123/1
f 2489/124/1 2475/125/1 2462/126/1
f 2509/127/1 2479/128/1 2508/129/1
f 93/130/1 64/92/1 62/88/1
f 101/131/1 783/132/1 804/133/1
f 64/92/1 798/134/1 802/135/1
f 812/136/1 109/137/1 790/138/1
f 68/139/1 807/140/1 809/141/1
f 109/137/1 71/108/1 69/95/1
f 2597/142/1 2593/143/1 2658/144/1
f 2614/145/1 2627/146/1 2622/147/1
f 2636/148/1 2635/149/1 2637/150/1
f 2611/151/1 2645/152/1 2662/153/1
f 118/154/1 79/110/1 74/109/1
f 122/155/1 81/111/1 79/110/1
f 126/156/1 85/157/1 81/111/1
f 2707/158/1 2725/159/1 2686/160/1
f 2675/161/1 2685/162/1 129/163/1
f 2732/164/1 2715/165/1 2706/166/1
f 2744/167/1 2715/165/1 2753/168/1
f 2808/169/1 2791/170/1 2789/171/1
f 2839/172/1 2707/158/1 2778/173/1
f 2872/174/1 2877/175/1 2875/176/1
f 2879/177/1 2869/178/1 2868/179/1
f 2865/180/1 2883/181/1 2864/182/1
f 2863/183/1 98/184/1 93/130/1
f 144/185/1 800/186/1 819/187/1
f 98/184/1 813/188/1 818/189/1
f 109/137/1 829/190/1 825/191/1
f 105/192/1 822/193/1 828/194/1
f 152/195/1 115/196/1 109/137/1
f 2893/197/1 2892/198/1 2894/199/1
f 2889/200/1 2529/201/1 158/202/1
f 2918/203/1 2900/204/1 118/154/1
f 162/205/1 122/155/1 118/154/1
f 164/206/1 126/156/1 122/155/1
f 170/207/1 129/163/1 126/156/1
f 2929/208/1 2935/209/1 2925/210/1
f 2940/211/1 2939/212/1 2947/213/1
f 2969/214/1 2981/215/1 2974/216/1
f 3035/217/1 3002/218/1 182/219/1
f 3060/220/1 3058/221/1 142/222/1
f 3072/223/1 3066/224/1 3043/225/1
f 3070/226/1 2877/175/1 3063/227/1
f 144/185/1 839/228/1 835/229/1
f 142/222/1 832/230/1 837/231/1
f 848/232/1 197/233/1 825/191/1
f 150/234/1 844/235/1 841/236/1
f 197/233/1 158/202/1 152/195/1
f 3123/237/1 3102/238/1 3097/239/1
f 204/240/1 3166/241/1 3167/242/1
f 3094/243/1 3093/244/1 3080/245/1
f 204/240/1 164/206/1 162/205/1
f 209/246/1 170/207/1 164/206/1
f 214/247/1 174/248/1 170/207/1
f 3180/249/1 3181/250/1 3182/251/1
f 2922/252/1 3176/253/1 178/254/1
f 174/248/1 3174/255/1 3173/256/1
f 178/254/1 3184/257/1 2985/258/1
f 218/259/1 3192/260/1 3183/261/1
f 182/219/1 3196/262/1 3195/263/1
f 3180/264/1 3188/265/1 3185/266/1
f 3209/267/1 3235/268/1 3219/269/1
f 3280/270/1 3276/271/1 3274/272/1
f 3306/273/1 3299/274/1 3245/275/1
f 853/276/1 225/277/1 835/229/1
f 187/278/1 856/279/1 850/280/1
f 864/281/1 228/282/1 846/283/1
f 192/284/1 859/285/1 857/286/1
f 228/282/1 201/287/1 197/233/1
f 3379/288/1 3451/289/1 3457/290/1
f 3449/291/1 3458/292/1 3462/293/1
f 230/294/1 232/295/1 3363/296/1
f 3360/297/1 3439/298/1 3441/299/1
f 3426/300/1 3418/301/1 3445/302/1
f 232/295/1 209/246/1 204/240/1
f 234/303/1 214/247/1 209/246/1
f 236/304/1 216/305/1 214/247/1
f 3474/306/1 3473/307/1 216/305/1
f 3500/308/1 3503/309/1 3545/310/1
f 3556/311/1 3542/312/1 3543/313/1
f 3561/314/1 3567/315/1 3564/316/1
f 3560/317/1 241/318/1 243/319/1
f 3622/320/1 3585/321/1 3565/322/1
f 3568/323/1 3586/324/1 3584/325/1
f 869/326/1 245/327/1 852/328/1
f 222/329/1 872/330/1 865/331/1
f 880/332/1 249/333/1 862/334/1
f 226/335/1 876/336/1 874/337/1
f 249/333/1 230/294/1 228/282/1
f 3634/338/1 3640/339/1 3633/340/1
f 3638/341/1 3655/342/1 3637/343/1
f 3671/344/1 3682/345/1 3678/346/1
f 3658/347/1 3705/348/1 3628/349/1
f 3648/350/1 3698/351/1 3699/352/1
f 253/353/1 234/303/1 232/295/1
f 255/354/1 236/304/1 234/303/1
f 257/355/1 238/356/1 236/304/1
f 3711/357/1 3720/358/1 3719/359/1
f 3822/360/1 3818/361/1 264/362/1
f 264/362/1 243/319/1 241/318/1
f 885/363/1 268/364/1 868/365/1
f 243/319/1 887/366/1 882/367/1
f 896/368/1 249/333/1 878/369/1
f 248/370/1 270/371/1 889/372/1
f 272/373/1 251/374/1 249/333/1
f 3897/375/1 3859/376/1 3839/377/1
f 3857/378/1 3855/379/1 3858/380/1
f 4038/381/1 4039/382/1 4021/383/1
f 3943/384/1 3968/385/1 3937/386/1
f 4015/387/1 4045/388/1 4016/389/1
f 276/390/1 255/354/1 253/353/1
f 278/391/1 257/355/1 255/354/1
f 280/392/1 259/393/1 257/355/1
f 282/394/1 261/395/1 259/393/1
f 283/396/1 264/362/1 261/395/1
f 286/397/1 266/398/1 264/362/1
f 900/399/1 290/400/1 883/401/1
f 887/366/1 288/402/1 897/403/1
f 270/371/1 294/404/1 908/405/1
f 272/373/1 896/368/1 905/406/1
f 274/407/1 905/406/1 910/408/1
f 912/409/1 294/404/1 916/410/1
f 918/411/1 296/412/1 924/413/1
f 920/414/1 4080/415/1 4081/416/1
f 4070/417/1 4086/418/1 4091/419/1
f 926/420/1 298/421/1 932/422/1
f 278/391/1 922/423/1 927/424/1
f 934/425/1 300/426/1 940/427/1
f 280/392/1 930/428/1 936/429/1
f 302/430/1 949/431/1 947/432/1
f 943/433/1 282/394/1 938/434/1
f 304/435/1 958/436/1 955/437/1
f 951/438/1 283/396/1 945/439/1
f 306/440/1 965/441/1 963/442/1
f 959/443/1 286/397/1 954/444/1
f 308/445/1 309/446/1 974/447/1
f 969/448/1 286/397/1 961/449/1
f 972/450/1 312/451/1 290/400/1
f 897/403/1 288/402/1 969/448/1
f 317/452/2 313/453/2 315/454/2
f 321/455/2 320/456/2 317/452/2
f 325/457/2 324/458/2 321/455/2
f 329/459/2 327/460/2 325/457/2
f 333/461/2 332/462/2 329/459/2
f 337/463/2 335/464/2 333/461/2
f 341/465/2 339/466/2 337/463/2
f 345/467/2 344/468/2 341/465/2
f 350/469/2 348/470/2 345/467/2
f 354/471/2 352/472/2 350/469/2
f 320/456/2 358/473/2 313/453/2
f 324/458/2 360/474/2 320/456/2
f 327/460/2 363/475/2 324/458/2
f 332/462/2 370/476/2 327/460/2
f 335/464/2 374/477/2 332/462/2
f 339/466/2 377/478/2 335/464/2
f 344/468/2 379/479/2 339/466/2
f 348/470/2 386/480/2 344/468/2
f 352/472/2 389/481/2 348/470/2
f 356/482/2 393/483/2 352/472/2
f 360/474/2 401/484/2 358/473/2
f 363/475/2 403/485/2 360/474/2
f 370/476/2 407/486/2 363/475/2
f 374/477/2 413/487/2 370/476/2
f 377/478/2 417/488/2 374/477/2
f 379/479/2 418/489/2 377/478/2
f 386/480/2 425/490/2 379/479/2
f 389/481/2 427/491/2 386/480/2
f 393/483/2 433/492/2 389/481/2
f 395/493/2 437/494/2 393/483/2
f 403/485/2 444/495/2 401/484/2
f 407/486/2 446/496/2 403/485/2
f 413/487/2 450/497/2 407/486/2
f 417/488/2 456/498/2 413/487/2
f 418/489/2 461/499/2 417/488/2
f 425/490/2 465/500/2 418/489/2
f 427/491/2 469/501/2 425/490/2
f 433/492/2 473/502/2 427/491/2
f 437/494/2 476/503/2 433/492/2
f 441/504/2 481/505/2 437/494/2
f 446/496/2 489/506/2 444/495/2
f 450/497/2 493/507/2 446/496/2
f 456/498/2 495/508/2 450/497/2
f 461/499/2 499/509/2 456/498/2
f 465/500/2 502/510/2 461/499/2
f 469/501/2 506/511/2 465/500/2
f 473/502/2 510/512/2 469/501/2
f 476/503/2 514/513/2 473/502/2
f 481/505/2 518/514/2 476/503/2
f 485/515/2 522/516/2 481/505/2
f 493/507/2 529/517/2 489/506/2
f 495/508/2 534/518/2 493/507/2
f 499/509/2 539/519/2 495/508/2
f 502/510/2 543/520/2 499/509/2
f 506/511/2 545/521/2 502/510/2
f 510/512/2 549/522/2 506/511/2
f 514/513/2 555/523/2 510/512/2
f 518/514/2 558/524/2 514/513/2
f 522/516/2 563/525/2 518/514/2
f 527/526/2 566/527/2 522/516/2
f 534/518/2 574/528/2 529/517/2
f 539/519/2 578/529/2 534/518/2
f 543/520/2 583/530/2 539/519/2
f 545/521/2 587/531/2 543/520/2
f 549/522/2 591/532/2 545/521/2
f 555/523/2 592/533/2 549/522/2
f 558/524/2 598/534/2 555/523/2
f 563/525/2 602/535/2 558/524/2
f 566/527/2 604/536/2 563/525/2
f 570/537/2 610/538/2 566/527/2
f 578/529/2 616/539/2 574/528/2
f 583/530/2 620/540/2 578/529/2
f 587/531/2 623/541/2 583/530/2
f 591/532/2 627/542/2 587/531/2
f 592/533/2 632/543/2 591/532/2
f 598/534/2 635/544/2 592/533/2
f 602/535/2 641/545/2 598/534/2
f 604/536/2 643/546/2 602/535/2
f 610/538/2 645/547/2 604/536/2
f 611/548/2 647/549/2 610/538/2
f 620/540/2 651/550/2 616/539/2
f 623/541/2 654/551/2 620/540/2
f 627/542/2 655/552/2 623/541/2
f 632/543/2 657/553/2 627/542/2
f 635/544/2 659/554/2 632/543/2
f 641/545/2 661/555/2 635/544/2
f 643/546/2 663/556/2 641/545/2
f 645/547/2 665/557/2 643/546/2
f 647/549/2 668/558/2 645/547/2
f 650/559/2 670/560/2 647/549/2
f 654/551/2 674/561/2 651/550/2
f 655/552/2 676/562/2 654/551/2
f 657/553/2 678/563/2 655/552/2
f 659/554/2 679/564/2 657/553/2
f 661/555/2 681/565/2 659/554/2
f 663/556/2 683/566/2 661/555/2
f 665/557/2 685/567/2 663/556/2
f 668/558/2 687/568/2 665/557/2
f 670/560/2 689/569/2 668/558/2
f 672/570/2 692/571/2 670/560/2
f 226/572/3 616/573/3 248/573/3
f 66/574/4 356/575/4 43/575/4
f 302/576/5 685/577/5 304/577/5
f 10/578/6 325/579/6 8/579/6
f 270/580/3 674/581/3 292/581/3
f 144/515/4 441/504/4 101/504/4
f 20/469/6 345/467/6 18/467/6
f 45/582/3 401/583/3 68/583/3
f 304/567/5 687/568/5 306/568/5
f 12/461/6 329/459/6 10/459/6
f 292/561/5 676/562/5 294/562/5
f 225/537/4 527/526/4 191/526/4
f 2/584/3 313/585/3 23/585/3
f 105/586/3 489/587/3 150/587/3
f 306/568/5 689/569/5 308/569/5
f 4/588/6 315/584/6 2/584/6
f 22/589/6 350/590/6 20/590/6
f 268/591/4 611/592/4 245/592/4
f 294/593/5 678/594/5 296/594/5
f 192/517/3 574/528/3 226/528/3
f 43/482/4 354/471/4 22/471/4
f 308/595/5 692/596/5 309/596/5
f 13/597/6 333/598/6 12/598/6
f 312/599/4 672/570/4 290/570/4
f 248/573/3 651/580/3 270/580/3
f 296/594/5 679/600/5 298/600/5
f 101/601/4 395/574/4 66/574/4
f 6/455/6 317/452/6 4/452/6
f 23/585/3 358/582/3 45/582/3
f 309/596/5 694/602/5 312/602/5
f 16/465/6 337/463/6 13/463/6
f 191/526/4 485/515/4 144/515/4
f 298/600/5 681/603/5 300/603/5
f 68/583/3 444/586/3 105/586/3
f 8/579/6 321/604/6 6/604/6
f 245/548/4 570/537/4 225/537/4
f 150/587/3 529/605/3 192/605/3
f 300/603/5 683/576/5 302/576/5
f 18/606/6 341/607/6 16/607/6
f 290/570/4 650/559/4 268/559/4
f 859/608/4 166/609/4 857/610/4
f 114/611/3 804/612/3 783/613/3
f 947/614/6 198/615/6 940/616/6
f 87/617/7 727/618/7 723/619/7
f 131/617/3 839/618/3 815/619/3
f 108/609/5 766/620/5 758/621/5
f 792/622/4 128/617/4 794/612/4
f 949/623/8 206/624/8 947/614/8
f 95/615/5 727/618/5 92/625/5
f 147/615/3 853/614/3 835/616/3
f 141/615/4 828/618/4 822/616/4
f 958/608/6 210/609/6 955/610/6
f 160/624/3 885/626/3 868/608/3
f 916/613/6 184/627/6 912/628/6
f 844/623/4 156/624/4 841/614/4
f 965/621/6 213/629/6 963/626/6
f 95/615/5 740/614/5 733/616/5
f 876/621/4 172/629/4 874/626/4
f 924/622/6 189/617/6 918/612/6
f 124/627/3 819/630/3 800/622/3
f 77/611/5 711/612/5 707/613/5
f 776/613/4 120/627/4 778/628/4
f 99/631/5 747/610/5 741/623/5
f 147/615/3 839/618/3 136/625/3
f 932/619/6 195/625/6 926/630/6
f 807/619/4 134/625/4 809/630/4
f 84/627/5 719/630/5 716/622/5
f 154/631/3 869/610/3 852/623/3
f 841/614/4 141/615/4 822/616/4
f 198/615/6 934/618/6 940/616/6
f 104/624/5 756/626/5 750/608/5
f 168/609/3 900/620/3 883/621/3
f 180/611/9 889/632/9 892/633/9
f 75/634/10 704/628/10 699/635/10
f 112/629/11 785/636/11 770/637/11
f 176/638/12 974/620/12 972/639/12
f 862/640/3 532/641/3 880/573/3
f 781/613/4 458/627/4 788/642/4
f 618/643/5 938/616/5 606/615/5
f 726/619/6 387/625/6 722/644/6
f 813/619/4 491/625/4 818/644/4
f 759/621/6 429/609/6 753/645/6
f 466/617/3 812/644/3 790/622/3
f 945/646/5 621/647/5 951/648/5
f 397/598/6 730/578/6 731/598/6
f 850/649/4 508/615/4 832/616/4
f 512/587/3 829/650/3 497/650/3
f 954/651/5 629/652/5 959/595/5
f 872/608/4 540/624/4 865/653/4
f 580/627/5 920/654/5 914/613/5
f 846/655/3 520/656/3 864/572/3
f 961/657/5 637/658/5 967/596/5
f 737/649/6 397/615/6 731/616/6
f 878/621/3 551/609/3 894/659/3
f 589/617/5 927/644/5 922/622/5
f 798/622/4 474/617/4 802/654/4
f 709/660/6 368/661/6 705/588/6
f 452/662/3 796/582/3 774/663/3
f 743/664/6 410/665/6 737/597/6
f 504/666/4 832/616/4 508/615/4
f 596/667/5 936/603/5 930/668/5
f 483/669/3 829/650/3 806/670/3
f 717/622/6 381/617/6 713/654/6
f 856/623/4 525/631/4 850/649/4
f 512/615/3 848/649/3 825/616/3
f 614/666/5 938/616/5 936/671/5
f 752/608/6 420/624/6 745/653/6
f 887/621/4 557/609/4 882/645/4
f 435/672/11 439/673/11 905/674/11
f 376/675/12 448/676/12 698/677/12
f 361/678/9 365/629/9 767/639/9
f 576/629/13 572/678/13 897/679/13
f 86/598/1 88/680/1 78/681/1
f 94/682/1 96/683/1 72/584/1
f 116/598/1 117/680/1 107/681/1
f 326/684/1 240/685/1 323/686/1
f 330/687/1 239/275/1 328/688/1
f 227/584/1 231/689/1 233/690/1
f 227/584/1 229/691/1 231/689/1
f 560/692/1 492/693/1 559/694/1
f 562/695/1 490/696/1 560/692/1
f 567/697/1 488/67/1 565/72/1
f 571/698/1 486/68/1 569/699/1
f 472/700/1 477/701/1 479/702/1
f 690/703/1 691/704/1 693/705/1
f 873/706/1 993/707/1 871/708/1
f 888/709/1 991/710/1 886/711/1
f 890/712/1 990/142/1 888/709/1
f 971/713/1 935/714/1 937/715/1
f 898/716/1 989/143/1 895/717/1
f 902/718/1 989/719/1 899/720/1
f 913/721/14 988/722/14 911/723/14
f 1043/724/1 1044/725/1 1045/726/1
f 1099/724/1 1100/725/1 1101/726/1
f 1249/727/1 1250/728/1 1180/729/1
f 1181/730/14 1247/731/14 1248/732/14
f 1181/730/1 1246/733/1 1247/731/1
f 1194/734/1 1224/735/1 1225/736/1
f 1195/737/1 1210/738/1 1211/289/1
f 1197/739/1 1204/740/1 1205/741/1
f 1198/742/1 1203/743/1 1204/744/1
f 1198/742/1 1202/745/1 1203/743/1
f 1199/746/15 1200/747/15 1201/748/15
f 1320/749/1 1363/750/1 1319/751/1
f 1322/752/1 1362/753/1 1321/754/1
f 1478/755/1 1480/756/1 1477/757/1
f 1590/758/1 1497/759/1 1589/760/1
f 1567/761/1 1492/584/1 1493/762/1
f 1543/763/1 1561/764/1 1562/765/1
f 1555/766/16 1553/767/16 1554/768/16
f 1653/769/1 1651/770/1 1652/771/1
f 1658/772/17 1675/773/17 1676/118/17
f 1627/774/1 1628/775/1 1629/776/1
f 1788/777/1 1786/778/1 1787/779/1
f 1788/777/1 1785/780/1 1786/778/1
f 1788/777/16 1784/781/16 1785/780/16
f 1763/782/18 1764/783/18 1792/784/18
f 1728/785/1 1823/786/1 1727/787/1
f 1731/788/1 1823/789/1 1730/790/1
f 1805/791/1 1739/792/1 1740/793/1
f 1733/794/1 1823/786/1 1732/795/1
f 1736/796/1 1823/786/1 1735/797/1
f 1738/798/1 1823/786/1 1737/799/1
f 1808/800/1 1819/801/1 1820/802/1
f 1809/803/1 1817/804/1 1818/805/1
f 1809/803/1 1816/806/1 1817/804/1
f 1810/807/1 1813/808/1 1814/809/1
f 1811/810/19 1812/811/19 1813/808/19
f 1897/812/20 1886/813/20 1896/814/20
f 1898/164/17 1886/813/17 1897/812/17
f 1916/815/1 1877/816/1 1915/817/1
f 1917/818/1 1876/819/1 1916/815/1
f 1918/168/1 1876/819/1 1917/818/1
f 1919/820/1 1875/821/1 1918/168/1
f 1920/822/1 1875/821/1 1919/820/1
f 1834/823/1 1867/824/1 1833/825/1
f 1835/826/17 1867/824/17 1834/823/17
f 1836/827/1 1867/828/1 1835/829/1
f 1991/830/20 1980/831/20 1990/832/20
f 1992/833/17 1980/831/17 1991/830/17
f 1993/211/16 1980/834/16 1992/835/16
f 1996/836/1 1979/837/1 1995/838/1
f 2006/839/1 1974/840/1 2005/841/1
f 2010/842/1 1971/843/1 2009/844/1
f 2011/845/1 1970/846/1 2010/842/1
f 2012/847/1 1970/846/1 2011/845/1
f 2013/848/1 1969/849/1 2012/847/1
f 2014/850/1 1969/849/1 2013/848/1
f 1925/851/1 1926/852/1 1962/853/1
f 1928/854/21 1961/828/21 1927/855/21
f 1929/829/17 1961/828/17 1928/854/17
f 2085/856/16 2130/312/16 2084/857/16
f 2150/858/1 2242/859/1 2149/860/1
f 2230/810/1 2231/811/1 2232/808/1
f 1694/861/22 2359/862/22 2363/861/22
f 2077/863/23 3519/864/23 3517/863/23
f 823/865/24 2626/839/24 2625/865/24
f 1271/866/4 3699/866/4 3698/866/4
f 1707/867/25 2503/868/25 2508/869/25
f 2094/870/26 3518/871/26 3520/870/26
f 755/872/27 2395/873/27 2401/874/27
f 1266/578/3 3697/578/3 3700/578/3
f 2078/720/28 3517/863/28 3516/720/28
f 824/875/29 2625/865/29 2630/875/29
f 1636/876/30 2362/877/30 2358/878/30
f 1621/879/31 2504/880/31 2507/879/31
f 1264/881/3 3704/882/3 3703/883/3
f 2093/871/32 3529/884/32 3518/871/32
f 754/885/33 2396/886/33 2395/873/33
f 1265/887/34 3703/888/34 3697/889/34
f 1695/890/35 2363/861/35 2361/890/35
f 2117/891/36 3807/892/36 3806/893/36
f 826/844/37 2630/875/37 2627/844/37
f 1267/894/38 3700/889/38 3702/888/38
f 1268/895/3 3702/896/3 3701/897/3
f 2079/718/39 3516/720/39 3528/718/39
f 827/842/40 2627/844/40 2629/842/40
f 1274/898/6 3633/899/6 3637/900/6
f 1706/901/41 2506/902/41 2503/868/41
f 1696/903/42 2361/890/42 2360/903/42
f 1273/584/4 3629/584/4 3633/584/4
f 2092/884/43 3521/904/43 3529/884/43
f 751/905/44 2399/906/44 2396/886/44
f 2080/907/45 3528/718/45 3522/907/45
f 830/845/46 2629/842/46 2628/845/46
f 1272/786/5 3658/786/5 3629/786/5
f 1705/902/47 2505/908/47 2506/902/47
f 1275/909/3 3655/909/3 3660/909/3
f 831/847/48 2628/845/48 2664/847/48
f 1635/910/49 2372/911/49 2362/877/49
f 2091/904/50 3523/912/50 3521/904/50
f 1276/894/6 3660/913/6 3688/888/6
f 1622/914/51 2507/879/51 2520/914/51
f 2131/915/52 3542/916/52 3551/917/52
f 749/918/53 2398/919/53 2399/906/53
f 1697/920/54 2360/903/54 2374/920/54
f 2081/909/55 3522/907/55 3526/909/55
f 833/848/56 2664/847/56 2639/848/56
f 1279/683/3 3659/683/3 3658/683/3
f 1277/921/3 3688/922/3 3705/923/3
f 834/850/57 2639/848/57 2641/850/57
f 1278/924/5 3705/924/5 3659/924/5
f 1704/908/58 2521/925/58 2505/908/58
f 2090/912/59 3527/926/59 3523/912/59
f 1293/927/60 3924/928/60 3925/927/60
f 1698/929/61 2374/920/61 2364/929/61
f 2082/930/62 3526/909/62 3525/930/62
f 1292/928/63 3626/726/63 3623/931/63
f 1703/925/64 2509/932/64 2521/925/64
f 2089/926/65 3524/933/65 3527/926/65
f 836/850/4 2641/850/4 2643/850/4
f 1291/726/66 3625/934/66 3626/726/66
f 2083/935/67 3525/930/67 3544/935/67
f 1634/936/68 2373/937/68 2372/911/68
f 1290/934/69 3624/938/69 3625/934/69
f 1623/939/70 2520/940/70 2519/941/70
f 748/849/71 2397/942/71 2398/849/71
f 1294/943/72 3925/927/72 3926/943/72
f 2088/944/73 3545/945/73 3524/946/73
f 1699/947/74 2364/929/74 2365/947/74
f 2084/723/75 3544/935/75 3531/723/75
f 746/948/76 2404/949/76 2397/950/76
f 1289/938/77 3631/951/77 3624/938/77
f 742/952/78 2404/953/78 744/954/78
f 1702/932/79 2511/955/79 2509/932/79
f 2087/956/80 3532/957/80 3545/956/80
f 1288/951/81 3630/958/81 3631/951/81
f 1700/959/82 2365/947/82 2366/960/82
f 2085/721/83 3531/723/83 3530/721/83
f 742/961/84 2637/962/84 2634/963/84
f 1295/964/85 3926/965/85 3927/966/85
f 739/967/86 2638/968/86 2637/969/86
f 1701/955/87 2510/959/87 2511/955/87
f 2086/957/88 3530/721/88 3532/957/88
f 1287/958/89 3632/970/89 3630/958/89
f 738/971/90 2636/972/90 2638/971/90
f 2118/973/91 3806/893/91 3548/974/91
f 1286/970/92 3636/975/92 3632/970/92
f 1633/976/93 2369/977/93 2373/978/93
f 736/979/94 2635/980/94 2636/981/94
f 1296/982/95 3927/983/95 3929/982/95
f 1624/984/96 2519/985/96 2518/986/96
f 664/851/3 2644/851/3 2642/851/3
f 2130/987/97 3543/988/97 3542/916/97
f 2119/989/98 3547/990/98 3546/991/98
f 666/855/99 2642/852/99 2633/855/99
f 1285/975/100 3635/992/100 3636/975/100
f 1632/993/101 2370/994/101 2369/977/101
f 1625/995/102 2518/986/102 2512/996/102
f 1284/992/103 3634/997/103 3635/992/103
f 2129/998/104 3533/999/104 3543/1000/104
f 735/1001/105 2653/1002/105 2635/980/105
f 1297/1003/106 3929/1004/106 3930/1005/106
f 2120/1006/107 3546/991/107 3541/1007/107
f 660/1008/3 2661/1009/3 2660/1010/3
f 1631/1011/108 2371/1012/108 2370/994/108
f 662/1013/5 2660/888/5 2644/1014/5
f 1626/1015/109 2512/996/109 2516/1016/109
f 667/854/110 2633/855/110 2632/854/110
f 1283/997/111 3640/1017/111 3634/997/111
f 2128/1018/112 3534/1019/112 3533/999/112
f 2121/1020/113 3541/1007/113 3540/1021/113
f 669/829/114 2632/854/114 2640/829/114
f 1282/1017/115 3639/1022/115 3640/1017/115
f 1630/1023/116 2368/1024/116 2371/1012/116
f 1298/1025/117 3930/1026/117 3938/1027/117
f 1627/1028/118 2516/1016/118 2515/1029/118
f 671/827/119 2640/829/119 2648/827/119
f 2127/1030/120 3537/1031/120 3534/1019/120
f 1628/1032/121 2515/1029/121 2514/1033/121
f 2122/1034/122 3540/1021/122 3539/1035/122
f 1281/1022/123 3638/584/123 3639/1022/123
f 1629/1036/124 2514/1033/124 2367/613/124
f 732/1037/125 2405/1038/125 2653/828/125
f 1717/1039/6 2442/1040/6 2466/608/6
f 673/1041/126 2648/827/126 2649/1041/126
f 2126/1042/127 3538/1043/127 3537/1031/127
f 1394/1044/128 3643/1045/128 3646/1044/128
f 1716/1046/4 2453/1046/4 2442/1046/4
f 2123/1047/129 3539/1035/129 3536/1048/129
f 675/1049/130 2649/1041/130 2654/1049/130
f 1395/1050/131 3646/1044/131 3645/1050/131
f 2124/1051/132 3536/1048/132 3535/1052/132
f 2125/1053/133 3535/1052/133 3538/1043/133
f 732/1054/134 2415/1055/134 2416/1056/134
f 1396/1057/135 3645/1050/135 3657/1057/135
f 1714/1058/136 2462/1059/136 2453/1046/136
f 2139/1039/6 3711/1040/6 3738/608/6
f 677/1060/137 2654/1049/137 2663/1060/137
f 1714/1061/6 2452/1061/6 2475/1061/6
f 1397/1062/138 3657/1063/138 3647/1064/138
f 2138/584/4 3715/584/4 3711/584/4
f 1713/584/4 2451/584/4 2452/584/4
f 2140/1065/3 3812/1066/3 3823/1067/3
f 729/1068/139 2414/1069/139 2415/1055/139
f 1398/1070/140 3647/1071/140 3654/1070/140
f 2140/786/5 3750/786/5 3715/786/5
f 680/1072/141 2663/1060/141 2652/1072/141
f 1721/1039/5 2461/608/5 2451/1040/5
f 2207/777/142 3707/779/142 3710/777/142
f 1399/1073/143 3654/1074/143 3653/1075/143
f 1718/1076/3 2492/1077/3 2491/1078/3
f 1718/1039/5 2465/608/5 2464/1079/5
f 2206/779/144 3706/778/144 3707/779/144
f 728/1080/145 2412/1081/145 2414/1069/145
f 1400/1082/146 3653/1083/146 3652/1084/146
f 1720/1039/147 2464/1079/147 2463/608/147
f 682/1085/148 2652/1072/148 2651/1085/148
f 2205/778/149 3709/780/149 3706/778/149
f 1401/786/150 3652/1086/150 3650/786/150
f 1721/1087/3 2517/1088/3 2513/1089/3
f 3656/786/5 1280/786/5 3650/786/5
f 1788/777/142 2672/779/142 2678/777/142
f 2204/780/151 3708/781/151 3709/780/151
f 725/1090/152 2411/1091/152 2412/1081/152
f 1299/1092/153 3938/1027/153 3931/1093/153
f 684/1094/154 2651/1085/154 2650/1094/154
f 1787/779/144 2674/778/144 2672/779/144
f 2203/781/155 3716/1095/155 3708/781/155
f 2208/1096/156 3710/777/156 3725/1096/156
f 1392/1097/157 3642/1098/157 3644/1097/157
f 1786/778/149 2673/780/149 2674/778/149
f 724/1099/158 2410/1100/158 2411/1091/158
f 686/1101/159 2650/1094/159 2656/1101/159
f 1393/1102/160 3644/1103/160 3643/1104/160
f 1785/780/151 2677/781/151 2673/780/151
f 2202/1095/161 3713/1105/161 3716/1095/161
f 1300/1106/162 3931/1093/162 3932/1107/162
f 1784/781/155 2676/1095/155 2677/781/155
f 2201/1105/163 3712/1108/163 3713/1105/163
f 721/1109/164 2409/1110/164 2410/1100/164
f 1789/1096/156 2678/777/156 2680/1096/156
f 1390/1111/165 3936/1112/165 3935/1111/165
f 2200/1108/166 3722/1113/166 3712/1108/166
f 720/1114/167 2408/1115/167 2409/1110/167
f 2209/1116/168 3725/1096/168 3726/1116/168
f 688/1117/169 2656/1101/169 2655/1117/169
f 1391/1118/170 3935/1111/170 3641/1119/170
f 1783/1095/161 2675/1105/161 2676/1095/161
f 1301/1120/171 3932/1107/171 3944/1121/171
f 1782/1105/163 2685/1108/163 2675/1105/163
f 2199/1113/172 3721/1122/172 3722/1113/172
f 718/1123/173 2407/1124/173 2408/1115/173
f 690/703/174 2655/1117/174 2406/1125/174
f 1389/1112/175 3934/1126/175 3936/1112/175
f 1781/1108/166 2684/1113/166 2685/1108/166
f 2198/1122/176 3720/1127/176 3721/1122/176
f 1790/1116/168 2680/1096/168 2681/1116/168
f 2210/1128/177 3726/1116/177 3751/1128/177
f 1388/1126/178 3933/1129/178 3934/1126/178
f 715/1130/179 2431/1131/179 2407/1130/179
f 1387/1129/180 3937/1132/180 3933/1129/180
f 1780/1113/172 2683/1122/172 2684/1113/172
f 2197/1127/181 3719/1133/181 3720/1127/181
f 714/1134/182 2421/1135/182 2431/1136/182
f 1386/1132/183 3939/1137/183 3937/1132/183
f 1779/1122/176 2692/1127/176 2683/1122/176
f 2196/1133/184 3718/1138/184 3719/1133/184
f 712/1139/185 2420/1140/185 2421/1135/185
f 1791/1128/177 2681/1116/177 2694/1128/177
f 2211/784/186 3751/1128/186 3752/784/186
f 1385/1137/187 3942/1141/187 3939/1137/187
f 710/1142/188 2419/1143/188 2420/1142/188
f 1384/1141/189 3940/1144/189 3942/1141/189
f 1778/1127/181 2691/1133/181 2692/1127/181
f 2195/1145/190 3717/1146/190 3718/1147/190
f 708/1148/191 2418/1149/191 2419/1150/191
f 1302/1151/192 3944/1121/192 3948/1152/192
f 1777/1133/184 2443/1138/184 2444/1153/184
f 706/1154/193 2417/1155/193 2418/1156/193
f 1792/784/186 2694/1128/186 2695/784/186
f 2184/1157/194 3727/1158/194 3729/1159/194
f 1383/1144/195 3941/1160/195 3940/1144/195
f 703/1161/196 2430/1162/196 2417/1163/196
f 2185/1164/197 3729/1159/197 3728/1165/197
f 1382/1160/198 3943/1166/198 3941/1160/198
f 1776/1138/190 2447/1167/190 2443/1138/190
f 701/1168/199 2428/1169/199 2430/1162/199
f 2186/1170/200 3728/1165/200 3734/1171/200
f 1381/1166/201 3947/1172/201 3943/1166/201
f 700/1173/202 2425/1174/202 2428/1169/202
f 1303/1175/203 3948/1152/203 3949/1176/203
f 1765/1177/194 2690/1178/194 2688/1179/194
f 2187/1180/204 3734/1171/204 3731/1181/204
f 697/1182/205 2426/1183/205 2425/1174/205
f 1766/1184/197 2688/1179/197 2731/1185/197
f 2188/1186/206 3731/1181/206 3732/1187/206
f 1380/1172/207 3946/1188/207 3947/1172/207
f 695/1189/208 2427/1190/208 2426/1183/208
f 1767/1191/200 2731/1185/200 2725/1192/200
f 2189/1193/209 3732/1187/209 3746/1194/209
f 691/1195/3 2423/1196/3 2422/1197/3
f 1379/1188/210 3950/1198/210 3946/1188/210
f 693/1199/211 2422/888/211 2427/1190/211
f 1304/1200/212 3949/1176/212 3952/1201/212
f 1768/1202/204 2725/1192/204 2724/1203/204
f 2190/1204/213 3746/1194/213 3736/1205/213
f 842/894/6 2523/899/6 2658/888/6
f 1769/1206/206 2724/1203/206 2723/1207/206
f 1378/1198/214 3953/1208/214 3950/1198/214
f 2191/1209/215 3736/1205/215 3737/1210/215
f 1770/1211/209 2723/1207/209 2722/1212/209
f 840/1213/4 2522/1214/4 2523/1215/4
f 2192/1216/216 3737/1210/216 3743/1217/216
f 1377/1208/217 3951/1218/217 3953/1208/217
f 5/1046/6 2864/1046/6 2883/1046/6
f 858/1111/3 2611/1111/3 860/1111/3
f 1305/1219/218 3952/1201/218 3955/1220/218
f 1771/1221/219 2722/1212/219 2717/1222/219
f 860/898/5 2528/1223/5 2522/899/5
f 2193/1224/220 3743/1217/220 3740/1146/220
f 3/584/4 2863/584/4 2864/584/4
f 2194/1225/5 3740/1225/5 3717/1225/5
f 7/1226/3 2884/1227/3 2887/1228/3
f 1772/1229/215 2717/1222/215 2716/1230/215
f 858/898/5 2646/1231/5 2527/913/5
f 2212/1232/221 3752/784/221 3748/1232/221
f 1376/1218/222 3954/1233/222 3951/1218/222
f 7/1234/5 2863/1235/5 1/1236/5
f 19/1237/223 2869/1235/223 2881/1238/223
f 1773/1239/224 2716/1230/224 2445/622/224
f 1375/1233/225 3956/1240/225 3954/1233/225
f 2182/1241/226 3724/1242/226 3723/1243/226
f 1306/1244/227 3955/1220/227 3958/1245/227
f 17/598/4 2867/598/4 2869/598/4
f 1773/1239/220 2467/1246/220 1774/1247/220
f 855/1248/4 2631/1248/4 2646/1248/4
f 1775/1249/5 2467/1250/5 2447/1251/5
f 851/1252/3 2647/1252/3 2645/1252/3
f 2183/1253/228 3723/1243/228 3727/1158/228
f 15/598/229 2888/1046/229 2867/598/229
f 1793/1232/221 2695/784/221 2727/1232/221
f 854/1254/5 2645/1255/5 2631/1231/5
f 1374/1240/230 3968/1256/230 3956/1240/230
f 14/1257/231 2866/1235/231 2888/1258/231
f 2181/1259/232 3730/1260/232 3724/1242/232
f 1307/1261/233 3958/1245/233 3957/1262/233
f 849/1263/5 2657/1264/5 2647/1255/5
f 11/584/4 2865/584/4 2866/584/4
f 1763/1265/226 2687/1266/226 2686/1267/226
f 2180/1268/234 3735/1269/234 3730/1260/234
f 847/956/4 2662/956/4 2657/956/4
f 1373/1256/235 3967/1270/235 3968/1256/235
f 21/1237/236 2882/1271/236 2865/1235/236
f 1764/1272/228 2686/1267/228 2690/1178/228
f 843/1273/3 2658/1215/3 2659/1274/3
f 2179/1275/237 3733/1276/237 3735/1269/237
f 21/1277/3 2886/1278/3 2885/1279/3
f 845/1280/5 2659/888/5 2662/1264/5
f 2213/1281/238 3748/1232/238 3745/1281/238
f 1372/1270/239 3649/1282/239 3651/1283/239
f 34/1284/240 3062/1235/240 2877/1285/240
f 1762/1286/232 2693/1287/232 2687/1266/232
f 966/1288/6 2903/1288/6 2919/1288/6
f 1308/1289/241 3957/1262/241 3961/1290/241
f 31/907/4 3061/907/4 3062/907/4
f 1761/1291/234 2700/1292/234 2693/1287/234
f 964/1293/4 2526/1294/4 2529/619/4
f 2178/1295/242 3747/1296/242 3733/1276/242
f 1371/1282/243 3668/1297/243 3649/1282/243
f 27/1298/244 2871/1299/244 3061/1235/244
f 1760/1300/237 2703/1301/237 2700/1292/237
f 962/1302/5 2530/1303/5 2526/899/5
f 2177/1304/245 3744/1305/245 3747/1296/245
f 1309/1306/246 3961/1307/246 3960/1308/246
f 27/1309/247 2870/726/247 2876/1309/247
f 1794/1281/238 2727/1232/238 2719/1281/238
f 866/1310/6 2525/899/6 2531/1311/6
f 2214/1312/248 3745/1313/248 3742/608/248
f 25/584/4 2868/584/4 2870/584/4
f 863/1314/4 2524/1315/4 2525/1316/4
f 1370/1317/249 3667/1318/249 3668/1297/249
f 1759/1319/242 2726/1320/242 2703/1301/242
f 2176/1321/250 3741/1322/250 3744/1323/250
f 1310/1324/251 3960/1308/251 3966/1325/251
f 24/1236/252 2873/1326/252 2868/1235/252
f 861/1302/5 2532/1327/5 2524/899/5
f 1758/1328/245 2718/1329/245 2726/1320/245
f 867/1330/253 2531/1331/253 2533/1330/253
f 2174/1332/254 3739/608/254 3741/1322/254
f 35/1234/255 2872/1326/255 2875/1333/255
f 1795/1334/256 2719/1281/256 2709/1335/256
f 2215/1336/257 3754/1337/257 3755/1338/257
f 1369/1318/258 3661/1248/258 3667/1318/258
f 1311/1339/259 3966/1325/259 3965/1340/259
f 960/1341/260 2534/1342/260 2530/1303/260
f 1757/1321/250 2708/1322/250 2718/1323/250
f 870/1343/261 2533/1330/261 2535/1343/261
f 2174/1344/262 3761/1345/262 3753/1344/262
f 2216/1346/263 3755/1338/263 3757/1347/263
f 1368/1248/264 3664/1348/264 3661/1248/264
f 46/786/265 2879/1111/265 2873/786/265
f 1755/1332/254 2707/608/254 2708/1322/254
f 1311/1339/266 3665/621/266 3666/1349/266
f 37/1350/3 3070/1351/3 3069/1352/3
f 1796/1353/257 2733/1334/257 2746/1353/257
f 994/1354/267 2537/1355/267 2532/1327/267
f 39/1356/268 3069/1357/268 2880/1358/268
f 2173/1345/269 3756/1359/269 3761/1345/269
f 1313/1360/270 3666/1361/270 3662/1362/270
f 42/1234/271 2874/1363/271 2878/1357/271
f 957/1364/272 2536/1365/272 2534/1342/272
f 44/1366/3 2878/1367/3 2879/1368/3
f 1755/1332/262 2750/1369/262 2738/1370/262
f 968/1371/273 2919/1372/273 2913/1371/273
f 2172/1359/274 3758/1373/274 3756/1359/274
f 58/1284/240 3043/1235/240 3066/1326/240
f 1797/1374/275 2746/1353/275 2747/1374/275
f 2217/1375/276 3757/1347/276 3760/1376/276
f 1367/1377/277 3670/1378/277 3664/1348/277
f 871/708/278 2535/1343/278 2538/708/278
f 1314/1379/279 3662/1362/279 3663/1380/279
f 56/907/4 3042/907/4 3043/907/4
f 1754/1381/269 2745/1382/269 2750/1369/269
f 2171/1373/280 3759/1383/280 3758/1373/280
f 1315/1384/281 3663/1380/281 3669/1385/281
f 54/907/244 3065/1309/244 3042/907/244
f 956/1386/282 2557/1387/282 2536/1365/282
f 2218/1388/283 3760/1376/283 3764/1389/283
f 51/1309/247 3064/726/247 3065/1309/247
f 1753/1390/284 2754/1391/284 2745/1382/284
f 873/706/285 2538/708/285 2540/706/285
f 1798/1392/276 2747/1374/276 2755/1392/276
f 1366/1378/286 3672/1393/286 3670/1378/286
f 50/584/4 3063/584/4 3064/584/4
f 2170/1394/287 3762/1395/287 3759/1396/287
f 1316/1397/288 3669/1385/288 3671/1398/288
f 953/1399/289 2541/1400/289 2557/1387/289
f 47/1236/252 3067/1326/252 3063/1235/252
f 1752/1401/280 2757/1396/280 2754/1391/280
f 2169/1402/290 3765/1403/290 3762/1402/290
f 1341/1404/6 3983/1405/6 3992/1406/6
f 1799/1407/283 2755/1392/283 2760/1407/283
f 993/1408/291 2545/1409/291 2537/1355/291
f 2219/1410/292 3764/1389/292 3766/1411/292
f 59/1252/255 3066/870/255 3071/1252/255
f 875/726/293 2540/706/293 2539/726/293
f 1340/1412/294 3982/1413/294 3983/1412/294
f 2143/1414/6 3763/1415/6 3772/1416/6
f 1751/1394/287 2758/1395/287 2757/1396/287
f 1365/1393/295 3675/1417/295 3672/1393/295
f 952/1418/296 2547/1419/296 2541/1400/296
f 2142/584/4 3774/584/4 3763/584/4
f 1317/1420/297 3671/1421/297 3674/1420/297
f 1750/1422/290 2759/1423/290 2758/1395/290
f 970/924/298 2913/1371/298 2911/924/298
f 2144/1424/3 3772/1425/3 3771/1426/3
f 70/786/265 3074/1111/265 3067/786/265
f 1800/1427/292 2760/1407/292 2779/1427/292
f 61/1428/3 3071/1429/3 3076/1430/3
f 877/1431/299 2539/726/299 2546/1431/299
f 1339/1413/300 3995/1432/300 3982/1413/300
f 63/1356/268 3076/1357/268 3068/1363/268
f 1724/1433/6 2823/1433/6 2825/1433/6
f 2242/786/5 3774/786/5 2141/786/5
f 1318/1434/301 3674/1435/301 3676/1436/301
f 65/1234/271 3068/1363/271 3075/1357/271
f 67/1437/3 3075/1438/3 3074/1439/3
f 1723/584/4 2496/584/4 2497/584/4
f 950/1440/302 2544/680/302 2547/1440/302
f 2168/1403/303 3767/1441/303 3765/1403/303
f 82/909/6 3047/909/6 3060/909/6
f 1725/1442/3 2825/1443/3 2824/1444/3
f 879/1445/304 2546/1431/304 2543/1445/304
f 2220/1446/305 3766/1411/305 3768/1447/305
f 1364/1417/306 3694/1448/306 3675/1417/306
f 80/681/4 3046/681/4 3047/681/4
f 1338/1432/307 3994/1449/307 3995/1432/307
f 1722/1450/5 2490/1451/5 2496/1415/5
f 948/1452/308 2542/1453/308 2544/1454/308
f 2167/1441/308 3769/1455/308 3767/1441/308
f 1319/1456/309 3676/1436/309 3673/1457/309
f 2145/1458/6 3771/1416/6 3804/1459/6
f 1749/1460/303 2778/1461/303 2759/1423/303
f 992/1462/310 2552/1463/310 2545/1409/310
f 1801/1464/305 2779/1427/305 2786/1464/305
f 881/1465/311 2543/1445/311 2555/1465/311
f 2221/1466/312 3768/1447/312 3770/1467/312
f 1337/1449/313 3993/1468/313 3994/1449/313
f 1320/1469/314 3673/1457/314 3696/1470/314
f 78/681/315 3055/1471/315 3046/681/315
f 76/1471/316 3045/1472/316 3055/1471/316
f 1748/1473/308 2784/1474/308 2778/1461/308
f 946/1475/317 2556/1476/317 2542/1475/317
f 2166/1477/318 3773/1478/318 3769/1474/318
f 1321/1479/319 3696/1470/319 3678/1480/319
f 1726/1481/6 2824/1481/6 2831/1481/6
f 884/1471/320 2555/1465/320 2548/1471/320
f 73/584/4 3044/584/4 3045/584/4
f 2165/1482/321 3777/1483/321 3773/1482/321
f 1802/1484/312 2786/1464/312 2785/1484/312
f 971/1248/322 2911/924/322 2912/1248/322
f 2222/1485/323 3770/1467/323 3800/1486/323
f 1363/1448/324 3695/753/324 3694/1448/324
f 1336/1468/325 3990/1487/325 3993/1468/325
f 1747/1455/318 2783/1482/318 2784/1455/318
f 944/1488/326 2549/1489/326 2556/1490/326
f 2164/1483/327 3775/1491/327 3777/1483/327
f 1322/752/328 3678/754/328 3677/752/328
f 886/1492/329 2548/1471/329 2553/1492/329
f 2223/1493/330 3800/1486/330 3776/1494/330
f 72/1236/5 3072/1357/5 3044/1235/5
f 1745/1483/321 2783/1482/321 1746/1482/321
f 83/1495/3 3060/1496/3 3059/1497/3
f 1803/1498/323 2785/1484/323 2815/1498/323
f 1335/870/331 3988/1499/331 3990/1487/331
f 86/884/5 3059/884/5 3051/884/5
f 942/1500/332 2554/1501/332 2549/1489/332
f 2163/1491/333 3799/1502/333 3775/1491/333
f 1323/1503/334 3677/1504/334 3684/1505/334
f 90/1506/335 3050/1507/335 3056/1508/335
f 1745/1483/327 2827/1491/327 2826/1483/327
f 941/1509/336 2551/1510/336 2554/1509/336
f 2162/1502/337 3798/1511/337 3799/1502/337
f 1804/1493/330 2815/1486/330 2828/1494/330
f 888/1512/338 2553/1492/338 2550/1512/338
f 2224/1513/339 3776/1494/339 3779/1514/339
f 1334/1499/340 4009/1515/340 3988/1499/340
f 94/1516/341 3054/1508/341 3049/1507/341
f 97/683/6 3048/683/6 3073/683/6
f 1362/753/342 3683/1517/342 3695/753/342
f 100/1518/3 3073/1519/3 3072/1520/3
f 1744/1491/333 2830/1502/333 2827/1491/333
f 991/1521/343 2597/1522/343 2552/1463/343
f 2161/1511/344 3797/1523/344 3798/1511/344
f 1324/956/345 3684/1524/345 3679/956/345
f 91/1525/3 3056/1526/3 3054/1527/3
f 2146/787/346 3804/1528/346 3805/787/346
f 111/1234/6 3198/1235/6 3265/1529/6
f 1743/1530/337 2829/1531/337 2830/1532/337
f 939/1510/347 2599/1533/347 2551/1510/347
f 1805/1513/339 2828/1494/339 2842/1514/339
f 890/1309/348 2550/1512/348 2598/1309/348
f 2147/785/349 3805/787/349 3778/785/349
f 1333/1515/350 3999/1534/350 4009/1515/350
f 110/681/4 3197/681/4 3198/681/4
f 1325/1535/351 3679/956/351 3682/1535/351
f 2148/1536/352 3778/785/352 3793/1536/352
f 1742/1511/344 2841/1523/344 2829/1511/344
f 937/1537/353 2558/1538/353 2599/1539/353
f 117/598/3 3255/598/3 3256/598/3
f 1727/787/346 2831/1528/346 2832/787/346
f 973/1540/354 2912/1248/354 2915/1540/354
f 1332/1534/355 4006/1541/355 3999/1534/355
f 2160/1542/356 3796/1543/356 3797/1544/356
f 1326/1545/357 3682/1546/357 3680/1547/357
f 1728/785/358 2832/787/358 2833/785/358
f 891/1548/359 2598/1309/359 2560/1548/359
f 2149/1549/360 3793/1536/360 3794/1549/360
f 106/1471/315 3197/681/315 107/681/315
f 106/1471/316 3253/1472/316 3259/1471/316
f 1729/1536/361 2833/785/361 2834/1536/361
f 2150/1550/362 3794/1549/362 3795/1550/362
f 1331/1541/363 4044/1551/363 4006/1541/363
f 935/1552/313 2565/1553/313 2558/1538/313
f 1327/1554/364 3680/1547/364 3681/621/364
f 103/584/4 3052/584/4 3053/584/4
f 893/1555/365 2560/1548/365 2559/1555/365
f 2151/795/366 3795/1550/366 3786/795/366
f 1741/1523/356 2840/793/356 2841/1523/356
f 1730/1549/360 2834/1536/360 2835/1549/360
f 1330/1551/367 4014/1556/367 4044/1551/367
f 125/682/3 3257/682/3 3254/682/3
f 990/1557/368 2593/1558/368 2597/1522/368
f 2159/793/369 3792/792/369 3796/793/369
f 1731/1550/362 2835/1549/362 2836/1550/362
f 2225/1559/370 3779/1514/370 3785/1560/370
f 1361/1561/371 3690/1562/371 3683/1517/371
f 933/1563/372 2561/1487/372 2565/1563/372
f 1328/1564/373 4032/1565/373 4013/1564/373
f 102/786/5 3058/786/5 3052/786/5
f 1732/795/366 2836/1550/366 2837/795/366
f 895/864/374 2559/1555/374 2564/864/374
f 2152/794/375 3786/795/375 3787/794/375
f 113/1566/3 3280/1567/3 3308/1568/3
f 116/884/5 3308/884/5 3255/884/5
f 898/863/23 2564/864/23 2562/863/23
f 2153/1569/376 3787/794/376 3788/1569/376
f 1329/1556/377 4013/1564/377 4014/1556/377
f 119/1506/335 3256/1507/335 3260/1508/335
f 1740/793/369 2859/792/369 2840/793/369
f 1806/1559/370 2842/1514/370 2862/1560/370
f 2154/797/378 3788/1569/378 3789/797/378
f 931/870/379 2563/1570/379 2561/1487/379
f 1360/1562/380 3691/1571/380 3690/1562/380
f 123/1516/341 3258/1508/341 3257/1507/341
f 1733/794/375 2837/795/375 2838/794/375
f 899/720/28 2562/863/28 2572/720/28
f 1342/1572/381 4015/1573/381 4037/1574/381
f 127/683/6 3254/683/6 3307/683/6
f 2158/792/382 3783/798/382 3792/792/382
f 127/1575/3 3057/616/3 3058/1576/3
f 1734/1569/376 2838/794/376 2839/1569/376
f 2155/796/383 3789/797/383 3790/796/383
f 1343/1577/384 4037/1578/384 4036/1577/384
f 121/1579/3 3260/1580/3 3258/1581/3
f 929/1582/32 2573/1583/32 2563/1584/32
f 133/1585/385 3261/584/385 3263/1585/385
f 1735/797/378 2839/1569/378 2855/797/378
f 975/1586/36 2915/1540/36 2596/1587/36
f 2156/799/386 3790/796/386 3791/799/386
f 1359/1571/387 3692/1588/387 3691/1571/387
f 132/584/388 3262/786/388 3261/584/388
f 902/718/39 2572/720/39 2566/718/39
f 2157/798/389 3791/799/389 3783/798/389
f 1344/1589/390 4036/1590/390 4035/1591/390
f 135/1592/391 3263/1585/391 3281/1592/391
f 1739/792/382 2858/798/382 2859/792/382
f 1736/796/383 2855/797/383 2856/796/383
f 928/884/43 2567/904/43 2573/1593/43
f 2226/1594/392 3785/1595/392 3784/1596/392
f 1358/1597/393 3693/1598/393 3692/1588/393
f 224/786/394 3264/1599/394 3262/786/394
f 1737/799/386 2856/796/386 2857/799/386
f 904/907/45 2566/718/45 2570/907/45
f 1345/1600/395 4035/1601/395 4034/1600/395
f 137/1602/396 3281/1592/396 3267/1602/396
f 1738/798/389 2857/799/389 2858/798/389
f 2242/1603/397 3809/1604/397 3808/1605/397
f 1346/1606/398 4034/1607/398 4033/1608/398
f 925/904/50 2571/912/50 2567/904/50
f 223/1599/399 3266/1609/399 3264/1599/399
f 2241/1610/400 3814/1611/400 3809/1604/400
f 139/1612/401 3267/1602/401 3271/1612/401
f 1807/1613/392 2862/1614/392 2861/1615/392
f 989/1616/52 2594/1617/52 2593/1558/52
f 2227/1618/402 3784/1596/402 3782/1619/402
f 1357/1598/403 3689/1620/403 3693/1598/403
f 906/909/404 2570/907/404 2568/909/404
f 1347/1621/405 4033/1252/405 4019/1621/405
f 220/1609/406 3270/1622/406 3266/1609/406
f 1823/1623/397 2493/1624/397 2490/1625/397
f 2240/1626/407 3815/1627/407 3814/1611/407
f 1348/1628/408 4019/1621/408 4017/1628/408
f 140/1629/409 3271/1612/409 3269/1629/409
f 923/912/59 2569/1630/59 2571/912/59
f 1822/1631/400 2494/1632/400 2493/1624/400
f 907/930/410 2568/909/410 2595/930/410
f 2239/1633/411 3816/1634/411 3815/1627/411
f 1808/1635/402 2861/1615/402 2860/1636/402
f 2228/1637/412 3782/1619/412 3781/1638/412
f 1356/1620/413 3687/1639/413 3689/1620/413
f 219/1622/414 3268/1640/414 3270/1622/414
f 1349/1641/415 4017/1642/415 4029/1643/415
f 143/1644/416 3269/1629/416 3279/1644/416
f 921/1645/417 2590/1646/417 2569/1647/417
f 1820/1648/407 2495/622/407 2494/1632/407
f 909/935/67 2595/930/67 2575/935/67
f 2238/1649/418 3811/1650/418 3816/1634/418
f 1350/1651/419 4029/1643/419 4026/1652/419
f 217/1640/420 3278/1653/420 3268/1640/420
f 1820/1648/411 2854/1654/411 2853/1655/411
f 2237/1656/421 3813/1657/421 3811/1650/421
f 145/1658/422 3279/1644/422 3273/1658/422
f 1809/1659/412 2860/1636/412 2852/1660/412
f 919/933/73 2576/956/73 2590/933/73
f 1355/1661/423 3686/1662/423 3687/1639/423
f 911/723/75 2575/935/75 2574/723/75
f 2236/1663/424 3819/1664/424 3813/1657/424
f 1351/1665/425 4026/1666/425 4025/1665/425
f 2229/1667/426 3781/1638/426 3780/1668/426
f 215/1653/427 3272/1669/427 3278/1653/427
f 1819/1670/418 2848/1671/418 2854/1654/418
f 1352/1672/428 4025/1665/428 4023/1672/428
f 146/1673/429 3273/1658/429 3277/1673/429
f 917/956/80 2578/957/80 2576/956/80
f 1818/1674/421 2849/1675/421 2848/1671/421
f 913/721/430 2574/723/430 2577/721/430
f 2235/1676/431 3820/1677/431 3819/1664/431
f 1353/1678/432 4023/1672/432 4022/1678/432
f 1353/1678/433 3685/1679/433 3686/1662/433
f 212/1669/434 3276/1680/434 3272/1669/434
f 1817/1681/424 2850/1682/424 2849/1675/424
f 2234/1683/435 3821/1684/435 3820/1677/435
f 1404/894/6 3825/899/6 4021/888/6
f 149/1685/436 3277/1673/436 3275/1685/436
f 1810/1686/426 2852/1660/426 2847/1687/426
f 915/957/88 2577/721/88 2578/957/88
f 2233/1688/437 3822/1689/437 3821/1684/437
f 976/1690/91 2592/1586/91 2591/1690/91
f 2229/1667/438 3817/1691/438 2230/1692/438
f 211/1680/439 3274/1693/439 3276/1680/439
f 1816/1694/440 2851/1695/440 2850/1682/440
f 1403/584/4 3928/584/4 3825/584/4
f 151/1696/192 3275/1685/192 3311/1696/192
f 2231/1697/441 3817/1691/441 3818/1698/441
f 1413/1111/3 3836/1111/3 3945/1111/3
f 1815/1699/435 2845/1700/435 2851/1695/435
f 988/1701/97 2589/1702/97 2594/1617/97
f 2232/1703/442 3818/1698/442 3822/1689/442
f 1402/786/5 3945/786/5 3928/786/5
f 977/1704/443 2591/1690/443 2588/1704/443
f 208/1693/444 3312/1705/444 3274/1693/444
f 1814/1706/437 2846/1707/437 2845/1700/437
f 1411/1188/5 3836/1188/5 1412/1188/5
f 153/1708/445 3311/1696/445 3283/1708/445
f 1811/1709/438 2847/1687/438 2844/1710/438
f 987/1711/104 2584/1712/104 2589/1713/104
f 1812/1714/441 2844/1710/441 2843/1715/441
f 978/1716/107 2588/1704/107 2587/1716/107
f 207/1705/446 3282/1717/446 3312/1705/446
f 1813/1718/442 2843/1715/442 2846/1707/442
f 1411/1248/4 3962/1248/4 3963/1248/4
f 1826/1046/6 2682/1046/6 2711/1046/6
f 1409/1252/3 3964/1252/3 3959/1252/3
f 205/1717/447 3286/1719/447 3282/1717/447
f 986/1720/112 2585/1721/112 2584/1712/112
f 1410/1598/5 3959/1598/5 3962/1598/5
f 155/1722/448 3283/1708/448 3287/1722/448
f 1825/584/4 2679/584/4 2682/584/4
f 979/1723/113 2587/1716/113 2586/1723/113
f 1827/1724/3 2808/1725/3 2809/1726/3
f 1408/870/5 4046/870/5 3964/870/5
f 157/1727/449 3287/1722/449 3285/1727/449
f 1827/1039/5 2710/608/5 2679/1040/5
f 1829/584/6 2925/584/6 2948/584/6
f 985/1728/120 2582/1729/120 2585/1721/120
f 1407/956/4 4045/956/4 4046/956/4
f 980/1188/122 2586/1723/122 2583/1188/122
f 1405/1309/3 4021/1309/3 4018/1309/3
f 202/1719/450 3284/1730/450 3286/1719/450
f 4016/907/5 1406/907/5 4018/907/5
f 159/1731/451 3285/1727/451 3295/1731/451
f 1467/1732/6 3830/899/6 3855/1733/6
f 1828/1734/4 2665/1734/4 2668/1734/4
f 984/1735/127 2580/1736/127 2582/1735/127
f 981/1737/452 2583/1188/452 2581/1737/452
f 1466/1738/4 3828/1738/4 3830/1738/4
f 200/1730/453 3294/1739/453 3284/1730/453
f 1894/1734/454 2667/1740/454 2665/1734/454
f 161/1741/455 3295/1731/455 3289/1741/455
f 982/1742/132 2581/1737/132 2579/1742/132
f 1465/1743/5 3856/1743/5 3828/1743/5
f 1893/1740/456 2666/1744/456 2667/1740/456
f 983/683/133 2579/1742/133 2580/1736/133
f 1416/1310/6 3827/899/6 3971/1311/6
f 997/1061/6 2890/1061/6 2917/1061/6
f 199/1739/457 3288/1745/457 3294/1739/457
f 1892/1744/458 2669/1746/458 2666/1744/458
f 1415/584/4 3826/584/4 3827/584/4
f 163/1747/459 3289/1741/459 3293/1747/459
f 1891/1746/460 2699/1748/460 2669/1746/460
f 1414/1302/5 3970/1327/5 3826/899/5
f 996/1749/4 2904/1750/4 2890/1751/4
f 1417/1752/253 3971/1311/253 3969/1753/253
f 196/1745/461 3292/1754/461 3288/1745/461
f 1890/1748/462 2698/1755/462 2699/1748/462
f 1004/1756/3 2910/1756/3 2905/1756/3
f 165/1757/463 3293/1758/463 3291/1759/463
f 995/1302/5 2905/913/5 2904/899/5
f 1889/1755/464 2697/1760/464 2698/1755/464
f 1464/1743/260 3854/1598/260 3856/1743/260
f 1003/898/5 2908/1761/5 2910/913/5
f 1418/1762/261 3969/1753/261 3972/1763/261
f 194/1754/465 3290/1764/465 3292/1754/465
f 1888/1760/466 2696/1765/466 2697/1760/466
f 167/1766/467 3291/1759/467 3309/1767/467
f 1896/1768/3 2670/1769/3 2671/1770/3
f 1491/786/267 3974/707/267 3970/786/267
f 1002/1748/4 2909/1748/4 2908/1748/4
f 193/1757/468 3310/1767/468 3290/1759/468
f 1887/1765/469 2729/831/469 2696/1765/469
f 1000/1771/3 2907/1771/3 2906/1771/3
f 1463/1598/272 3860/1772/272 3854/1598/272
f 169/1773/470 3309/1767/470 3297/1774/470
f 1001/1775/5 2906/1776/5 2909/1761/5
f 1468/1777/273 3855/1733/273 3861/1778/273
f 1921/1779/5 2715/608/5 2670/1780/5
f 998/1781/3 2917/1751/3 2914/1782/3
f 1896/1768/471 2689/1783/471 1897/1784/471
f 999/1785/5 2914/888/5 2907/1776/5
f 1419/708/472 3972/1343/472 3973/708/472
f 190/1766/473 3296/1774/473 3310/1767/473
f 1007/604/474 2891/588/474 2899/604/474
f 171/1786/475 3297/1787/475 3299/1788/475
f 1898/1789/476 2689/1783/476 2732/1790/476
f 1006/584/4 2889/584/4 2891/584/4
f 1462/1772/282 3865/1791/282 3860/1772/282
f 1899/1792/477 2732/1790/477 2701/1793/477
f 1420/1794/285 3973/1795/285 3975/1796/285
f 188/1797/478 3298/1798/478 3296/1797/478
f 173/1799/479 3299/1788/479 3306/1800/479
f 1886/831/480 2728/1801/480 2729/831/480
f 1005/1802/481 2916/888/481 2889/1803/481
f 1461/1791/289 3863/1804/289 3865/1791/289
f 1900/1805/482 2701/1793/482 2704/1806/482
f 186/1807/483 3300/1808/483 3298/1809/483
f 1013/1810/484 2894/1811/484 2892/1812/484
f 1490/707/291 3977/1813/291 3974/707/291
f 175/1814/485 3306/1800/485 3301/1815/485
f 1901/1816/486 2704/1806/486 2702/1817/486
f 1014/866/487 2892/606/487 2893/866/487
f 1421/1818/293 3975/1796/293 3976/1819/293
f 1902/1820/488 2702/1817/488 2730/1821/488
f 185/1822/489 3305/1823/489 3300/1808/489
f 1460/1804/296 3867/1440/296 3863/1804/296
f 177/1824/490 3301/1815/490 3304/1825/490
f 1469/1826/298 3864/1827/298 3875/1828/298
f 1885/1801/491 2720/1829/491 2728/1801/491
f 1015/866/4 2893/866/4 2894/866/4
f 1903/1830/492 2730/1831/492 2705/1832/492
f 1010/578/3 2896/578/3 2895/578/3
f 1422/1833/493 3976/1819/493 3978/1834/493
f 183/1835/494 3303/1836/494 3305/1823/494
f 179/1837/495 3304/1838/495 3302/1837/495
f 1904/1839/496 2705/1832/496 2706/1840/496
f 181/1841/497 3302/1842/497 3303/1836/497
f 1008/1843/3 2899/1844/3 2900/1845/3
f 1459/1440/498 3869/680/498 3867/1440/498
f 227/1234/6 3563/1235/6 3568/1529/6
f 1905/1846/499 2706/1840/499 2721/1847/499
f 1009/887/34 2900/888/34 2896/889/34
f 1423/1848/500 3978/1834/500 3981/1849/500
f 1011/597/38 2895/598/38 2918/597/38
f 1012/1850/3 2918/1851/3 2916/1852/3
f 1884/1853/501 2712/608/501 2720/1854/501
f 1018/604/6 3160/604/6 3168/604/6
f 1458/680/308 3868/1475/308 3869/680/308
f 277/1855/4 3199/1855/4 3203/1855/4
f 1906/1856/502 2721/1857/502 2714/1856/502
f 1017/1858/4 3159/1859/4 3160/1860/4
f 1489/1813/310 4048/1861/310 3977/1813/310
f 275/1855/503 3202/1862/503 3199/1855/503
f 1907/1863/504 2714/1856/504 2713/1864/504
f 1424/1865/311 3981/1849/311 3979/1866/311
f 1016/786/5 3171/786/5 3159/786/5
f 273/1862/505 3201/1867/505 3202/1862/505
f 1883/1868/506 2736/1869/506 2712/608/506
f 1021/606/4 2901/606/4 2902/606/4
f 1457/1475/317 3883/1476/317 3868/1475/317
f 271/1867/507 3200/1870/507 3201/1867/507
f 1908/1871/508 2734/1863/508 2735/1871/508
f 1019/1872/3 3168/1860/3 2897/616/3
f 1425/1873/509 3979/1866/509 3980/1874/509
f 1020/597/5 2898/597/5 2901/597/5
f 269/1870/510 3207/1875/510 3200/1870/510
f 1909/1876/511 2735/1871/511 2737/1876/511
f 1024/604/6 3078/604/6 3170/604/6
f 1470/1877/322 3875/1828/322 3880/1878/322
f 267/1875/512 3206/1879/512 3207/1875/512
f 1023/1880/4 3077/1881/4 3078/1882/4
f 281/1883/3 3209/1884/3 3208/1885/3
f 1882/1886/513 2739/1887/513 2736/1869/513
f 1456/1252/326 3874/1888/326 3883/1476/326
f 1910/1889/514 2737/1876/514 2740/1889/514
f 1027/786/5 3077/786/5 1022/786/5
f 1426/1492/329 3980/1471/329 3996/1492/329
f 284/1890/515 3208/1885/515 3205/1891/515
f 1027/606/4 3165/606/4 3162/606/4
f 1881/1892/516 2741/1893/516 2739/1887/516
f 1025/1894/3 3170/1882/3 3169/1895/3
f 1455/1888/517 3873/1509/517 3874/1888/517
f 265/1879/518 3213/1896/518 3206/1879/518
f 1911/841/519 2740/1889/519 2748/841/519
f 1026/597/5 3169/597/5 3165/597/5
f 1030/726/6 3080/726/6 3141/726/6
f 1454/1509/336 3882/1510/336 3873/1509/336
f 279/786/5 3248/786/5 3209/786/5
f 1912/839/520 2748/841/520 2742/839/520
f 1427/1897/521 3996/1898/521 3984/1899/521
f 285/1900/522 3205/1891/522 3204/1901/522
f 287/1902/523 3204/1901/523 3224/1903/523
f 1880/1904/524 2749/1905/524 2741/1893/524
f 1029/1906/4 3079/1907/4 3080/1908/4
f 1488/1861/343 3997/1909/343 4048/1861/343
f 1913/865/24 2742/839/24 2744/865/24
f 1039/1111/3 3091/1111/3 3089/1111/3
f 289/1910/525 3224/1903/525 3210/1911/525
f 1028/786/5 3089/786/5 3079/786/5
f 1453/1510/347 3879/1533/347 3882/1510/347
f 1428/1309/348 3984/1512/348 3986/1309/348
f 1879/1912/27 2743/1913/27 2749/1905/27
f 1038/1188/5 3131/1188/5 3091/1188/5
f 263/1896/526 3212/1914/526 3213/1896/526
f 1914/875/29 2744/865/29 2769/875/29
f 291/1915/527 3210/1911/527 3214/1916/527
f 1452/1533/353 3878/1917/353 3879/1533/353
f 1471/1918/354 3880/1878/354 3895/1919/354
f 293/1920/528 3214/1921/528 3211/1922/528
f 1878/1923/33 2766/1924/33 2743/1913/33
f 1037/1248/4 3161/1248/4 3131/1248/4
f 1915/844/37 2769/875/37 2752/844/37
f 1034/1252/3 3163/1252/3 1035/1252/3
f 1429/1925/529 3986/1926/529 3985/1927/529
f 1036/1598/5 3163/1598/5 3161/1598/5
f 262/1914/530 3222/1928/530 3212/1914/530
f 1916/842/40 2752/844/40 2751/842/40
f 295/1929/531 3211/1922/531 3223/1930/531
f 1033/870/5 3149/870/5 1034/870/5
f 1451/1917/313 3893/1563/313 3878/1917/313
f 1430/1555/365 3985/1548/365 3998/1555/365
f 1877/1931/44 2767/1932/44 2766/1924/44
f 1033/956/4 3164/956/4 3172/956/4
f 260/1928/532 3215/1933/532 3222/1928/532
f 1917/845/533 2751/842/533 2756/845/533
f 1031/1934/3 3167/1908/3 3166/1935/3
f 297/1936/534 3223/1930/534 3216/1937/534
f 1032/907/5 3166/907/5 3164/907/5
f 1487/1938/368 4010/719/368 3997/1909/368
f 1918/847/535 2756/845/535 2753/1939/535
f 1041/894/6 3086/899/6 3138/1940/6
f 299/1941/536 3216/1937/536 3221/1942/536
f 1450/1563/537 3885/1487/537 3893/1563/537
f 1431/1943/538 3998/1944/538 3987/1945/538
f 1876/1946/53 2768/1947/53 2767/1932/53
f 258/1933/539 3220/1948/539 3215/1933/539
f 1919/848/56 2753/1939/56 2772/848/56
f 1040/1949/4 3081/1950/4 3086/1951/4
f 1432/863/23 3987/864/23 3991/863/23
f 301/1952/540 3221/1942/540 3219/1953/540
f 1920/850/57 2772/848/57 2773/850/57
f 1068/1954/541 3085/1955/541 3081/1950/541
f 1449/870/379 3887/1570/379 3885/1487/379
f 256/1948/542 3217/1956/542 3220/1948/542
f 1067/1957/543 3084/1958/543 3085/1957/543
f 1433/720/28 3991/863/28 3989/720/28
f 303/1959/544 3219/1953/544 3218/1960/544
f 1066/1958/545 3083/1487/545 3084/1958/545
f 1921/850/4 2773/850/4 2774/850/4
f 1448/871/546 3886/1593/546 3887/1570/546
f 254/1956/547 3227/1961/547 3217/1956/547
f 1065/870/548 3082/1962/548 3083/1487/548
f 1472/1963/36 3895/1919/36 3894/1964/36
f 305/1965/549 3218/1966/549 3226/1965/549
f 1875/1967/550 2770/1968/550 2768/1947/550
f 1064/1962/551 3094/1969/551 3082/1962/551
f 1434/1970/39 3989/1971/39 4011/1972/39
f 307/1973/552 3226/1965/552 3225/1973/552
f 1874/1974/76 2771/1975/76 2770/1968/76
f 1063/1969/553 3093/578/553 3094/1969/553
f 1447/884/43 3889/904/43 3886/1593/43
f 252/1961/554 3229/1976/554 3227/1961/554
f 1873/1977/78 2765/1978/78 2771/1979/78
f 1062/578/555 3092/1980/555 3093/578/555
f 1435/907/45 4011/718/45 4000/907/45
f 310/1981/556 3225/1973/556 3228/1981/556
f 1070/1982/3 3097/1982/3 3096/1982/3
f 1872/1983/84 2762/1984/84 2765/1978/84
f 1446/904/50 4001/912/50 3889/904/50
f 250/1976/557 3237/1985/557 3229/1976/557
f 1871/1986/86 2763/1987/86 2762/1984/86
f 1061/1980/558 3103/956/558 3092/1980/558
f 311/1988/559 3228/1981/559 3230/1988/559
f 1486/719/52 4038/722/52 4010/719/52
f 1870/971/90 2761/972/90 2763/971/90
f 1069/786/5 3156/786/5 3097/786/5
f 1436/909/404 4000/907/404 4007/909/404
f 314/694/560 3230/1988/560 3231/694/560
f 1071/1989/561 3096/1252/561 3095/1989/561
f 1869/972/562 2764/853/562 2761/972/562
f 1832/1990/3 2822/1769/3 2782/1991/3
f 1072/1992/563 3095/1989/563 3098/1992/563
f 1445/912/59 4008/1630/59 4001/912/59
f 247/1993/564 3232/1994/564 3237/1995/564
f 1437/930/410 4007/909/410 4002/930/410
f 316/692/565 3231/694/565 3236/692/565
f 1833/1996/566 2782/1991/566 2775/1997/566
f 1073/597/567 3098/1992/567 3100/597/567
f 1444/926/417 4005/933/417 4008/1630/417
f 246/1998/568 3234/1999/568 3232/1994/568
f 1868/2000/569 2794/2001/569 2764/2002/569
f 1060/956/570 3115/2003/570 3103/956/570
f 1438/2004/67 4002/2005/67 4004/2006/67
f 318/695/571 3236/692/571 3235/695/571
f 1829/2007/3 2806/619/3 2804/1769/3
f 1074/2008/572 3100/2009/572 3099/2010/572
f 1831/2011/5 2804/2012/5 2822/2013/5
f 319/2014/573 3235/695/573 3233/2014/573
f 1834/2015/574 2775/1997/574 2777/2016/574
f 1075/1598/575 3099/2017/575 3104/1598/575
f 1443/933/73 4003/956/73 4005/933/73
f 1439/2018/75 4004/2006/75 4047/2019/75
f 1835/2020/576 2777/2016/576 2776/2021/576
f 1076/2022/577 3104/2023/577 3101/2024/577
f 244/2025/578 3251/2026/578 3234/1999/578
f 322/2027/579 3233/2014/579 3249/2027/579
f 1836/2028/119 2776/2021/119 2781/2029/119
f 1442/956/80 4042/957/80 4003/956/80
f 1059/2030/580 3106/2031/580 3115/2003/580
f 1440/721/430 4047/723/430 4012/721/430
f 1077/2032/581 3101/2033/581 3102/2032/581
f 242/2034/582 3252/2035/582 3251/2026/582
f 1867/828/125 2792/1037/125 2794/828/125
f 323/686/583 3249/2027/583 3238/686/583
f 1837/2036/126 2781/2029/126 2780/2037/126
f 1078/2038/584 3102/2039/584 3107/2040/584
f 1441/957/88 4012/721/88 4042/957/88
f 326/684/585 3238/686/585 3240/684/585
f 1838/2041/586 2780/2037/586 2795/2042/586
f 1079/2043/587 3107/2044/587 3105/2043/587
f 1473/2045/91 3894/1964/91 3890/2046/91
f 240/2047/588 3245/2048/588 3252/2035/588
f 1866/1037/589 2791/2049/589 2792/1037/589
f 1058/2031/590 3110/2050/590 3106/2031/590
f 1485/722/97 4039/2051/97 4038/722/97
f 328/2052/591 3240/684/591 3239/2052/591
f 1839/2053/137 2795/2054/137 2821/2055/137
f 1080/1248/592 3105/2043/592 3113/1248/592
f 1474/2056/443 3890/2057/443 3922/2058/443
f 330/2059/593 3239/2052/593 3250/2060/593
f 1081/2061/594 3113/2062/594 3109/2063/594
f 1865/2049/139 2789/2064/139 2791/2049/139
f 1484/1111/595 4040/2065/595 4039/2051/595
f 1840/2066/141 2821/2055/141 2793/2067/141
f 1474/2056/107 4043/2068/107 1475/2069/107
f 331/2070/4 3250/2071/4 3248/1884/4
f 1057/2050/596 3111/2072/596 3110/2050/596
f 1082/2073/597 3109/2063/597 3112/2074/597
f 1864/2064/145 2787/2075/145 2789/2064/145
f 1483/2076/112 4041/2077/112 4040/2065/112
f 239/2078/598 3246/2079/598 3245/2080/598
f 1841/2081/148 2793/2067/148 2790/2082/148
f 1083/2083/599 3112/2074/599 3118/2084/599
f 1476/2085/113 4043/2068/113 4031/2086/113
f 237/2087/600 3247/2088/600 3246/2079/600
f 1863/2075/152 2820/2089/152 2787/2075/152
f 1056/2072/601 3119/907/601 3111/2072/601
f 1482/2090/120 4020/1735/120 4041/2077/120
f 235/2091/602 3243/2092/602 3247/2088/602
f 1842/2093/581 2790/2082/581 2788/2094/581
f 1084/2095/603 3118/2084/603 3120/2096/603
f 1477/2097/122 4031/2086/122 4030/2098/122
f 233/2099/604 3244/2100/604 3243/2092/604
f 229/2101/3 3605/2102/3 3242/623/3
f 1862/2089/158 2796/2103/158 2820/2089/158
f 1055/907/605 3122/2104/605 3119/907/605
f 1481/1735/127 4027/1736/127 4020/1735/127
f 231/2105/606 3241/2106/606 3244/2100/606
f 1843/2107/159 2788/2094/159 2797/2108/159
f 1085/1188/607 3120/606/607 3123/1188/607
f 1478/2109/452 4030/2098/452 4028/2110/452
f 336/1585/385 3569/584/385 3571/1585/385
f 1086/2111/608 3123/2112/608 3121/2113/608
f 1479/1742/132 4028/1737/132 4024/1742/132
f 334/584/388 3570/786/388 3569/584/388
f 1861/2103/164 2801/2114/164 2796/2103/164
f 1480/683/133 4024/1742/133 4027/1736/133
f 338/1592/391 3571/1585/391 3574/1592/391
f 1517/2115/609 4049/2116/609 4051/2115/609
f 1860/2114/167 2800/1046/167 2801/2114/167
f 1054/2104/610 3132/2117/610 3122/2104/610
f 1844/2118/169 2797/2108/169 2799/2119/169
f 1087/2120/611 3121/2113/611 3135/2121/611
f 1516/2116/612 4050/2122/612 4049/2116/612
f 426/786/394 3573/1599/394 3570/786/394
f 1518/2123/613 4051/2124/613 4052/2125/613
f 340/1602/396 3574/1592/396 3572/1602/396
f 1088/2126/614 3135/2127/614 3126/2126/614
f 1859/1046/173 2798/1130/173 2800/1046/173
f 1845/1039/174 2799/2119/174 2805/2012/174
f 1515/2122/615 3834/2128/615 3824/2129/615
f 424/1599/399 3575/1609/399 3573/1599/399
f 3133/2130/616 1053/2131/616 3134/2132/616
f 1519/2133/617 4052/2125/617 4053/2134/617
f 342/1612/401 3572/1602/401 3590/1612/401
f 1089/2135/618 3126/2136/618 3125/2137/618
f 1858/1130/619 2819/1131/619 2798/1130/619
f 1090/1111/620 3125/2138/620 3128/1111/620
f 1514/2128/621 3831/2139/621 3834/2128/621
f 423/1609/406 3577/1622/406 3575/1609/406
f 1857/1131/182 2818/2140/182 2819/1131/182
f 1520/2141/622 4053/2134/622 4054/2142/622
f 343/1629/409 3590/1612/409 3581/1629/409
f 1091/2143/623 3128/2144/623 3127/2145/623
f 1856/2140/624 2817/1142/624 2818/2140/624
f 1092/2146/625 3127/2147/625 3154/2146/625
f 1513/2139/626 3829/2148/626 3831/2139/626
f 421/1622/627 3580/1640/627 3577/1622/627
f 1855/1142/628 2816/1143/628 2817/1142/628
f 1521/2149/629 4054/2142/629 4055/2150/629
f 346/1644/630 3581/1629/630 3579/1644/630
f 1854/1143/631 2803/1154/631 2816/1143/631
f 1052/2132/632 3144/604/632 3134/2132/632
f 1093/2151/633 3154/2146/633 3137/2152/633
f 1512/2148/634 3833/2153/634 3829/2148/634
f 419/1640/635 3578/1653/635 3580/1640/635
f 1853/1154/193 2802/1155/193 2803/1154/193
f 1522/2154/636 4055/2155/636 4063/2156/636
f 347/1658/422 3579/1644/422 3589/1658/422
f 1094/2157/637 3137/2152/637 3155/2157/637
f 1852/1155/638 2812/2158/638 2802/1155/638
f 416/1653/427 3588/1669/427 3578/1653/427
f 1851/2158/639 2813/2159/639 2812/2158/639
f 349/1673/429 3589/1658/429 3583/1673/429
f 1511/2160/640 3832/2161/640 3833/2162/640
f 1850/2159/641 2814/2163/641 2813/2159/641
f 1095/2157/4 3155/2157/4 3156/2157/4
f 1568/2164/642 4058/786/642 4056/2164/642
f 415/1669/434 3582/1680/434 3588/1669/434
f 1849/2163/205 2810/2165/205 2814/2163/205
f 1569/2166/643 4056/2167/643 4057/2168/643
f 351/1685/436 3583/1673/436 3587/1685/436
f 1051/604/644 3142/1309/644 3144/604/644
f 1848/2165/645 2811/705/645 2810/2165/645
f 1570/2169/646 4057/2168/646 4060/2170/646
f 1846/2171/3 2805/2172/3 2807/2173/3
f 1050/1309/647 3140/2174/647 3142/1309/647
f 412/1680/439 3586/1693/439 3582/1680/439
f 1847/705/211 2807/704/211 2811/705/211
f 353/1696/192 3587/1685/192 3585/1696/192
f 1923/584/6 2927/584/6 2956/584/6
f 1049/2174/648 3150/2175/648 3140/2174/648
f 1615/786/649 4061/2176/649 4058/786/649
f 1523/2177/650 4063/2156/650 4064/2178/650
f 1048/2175/651 3151/2179/651 3150/2175/651
f 411/1693/444 3584/1705/444 3586/1693/444
f 1571/2180/652 4060/2170/652 3835/639/652
f 355/1708/445 3585/1696/445 3622/1708/445
f 1922/1734/4 2926/1734/4 2927/1734/4
f 1047/2179/653 3152/2181/653 3151/2179/653
f 1988/1734/454 2931/1740/454 2926/1734/454
f 1046/2181/654 3153/726/654 3152/2181/654
f 1510/2182/655 3845/2183/655 3832/2182/655
f 409/1705/446 3621/1717/446 3584/1705/446
f 1044/724/3 3148/724/3 3147/724/3
f 1987/1740/456 2930/1744/456 2931/1740/456
f 1045/726/656 3147/725/656 3153/726/656
f 1614/2176/657 4059/2184/657 4061/2176/657
f 406/1717/447 3591/1719/447 3621/1717/447
f 1042/2185/3 3146/1951/3 3145/2186/3
f 1572/2187/658 3837/2188/658 3838/2187/658
f 357/1722/448 3622/1708/448 3592/1722/448
f 1986/1744/458 2929/1746/458 2930/1744/458
f 1043/2189/5 3145/2189/5 3148/2189/5
f 1097/894/6 3408/899/6 3449/1940/6
f 359/1727/449 3592/1722/449 3596/1727/449
f 1985/1746/460 2935/1748/460 2929/1746/460
f 1613/2184/659 4062/2190/659 4059/2184/659
f 1573/2191/660 3838/2192/660 3840/2193/660
f 1984/2194/462 2934/2195/462 2935/2196/462
f 405/1719/450 3595/1730/450 3591/1719/450
f 1096/2197/4 3407/2198/4 3408/2199/4
f 1524/2200/661 4064/2178/661 4067/2201/661
f 362/2202/451 3596/2203/451 3594/2204/451
f 1983/1755/464 2933/1760/464 2934/1755/464
f 1124/2205/541 3410/1957/541 3407/2205/541
f 1982/1760/466 2932/1765/466 2933/1760/466
f 1509/2183/662 3844/2206/662 3845/2183/662
f 402/1730/453 3593/1739/453 3595/1730/453
f 1990/2207/3 2939/2208/3 2938/2209/3
f 1123/1957/543 3409/1958/543 3410/1957/543
f 364/2210/455 3594/2204/455 3604/2211/455
f 1612/2190/663 4066/2212/663 4062/2190/663
f 1122/1958/545 3413/1487/545 3409/1958/545
f 1574/2213/664 3840/2214/664 3839/2215/664
f 1981/1765/469 2953/831/469 2932/1765/469
f 400/1739/457 3603/1745/457 3593/1739/457
f 1121/870/548 3412/1962/548 3413/1487/548
f 366/2216/459 3604/2211/459 3598/1758/459
f 2015/1779/5 2951/608/5 2939/1780/5
f 1611/2212/665 4065/2217/665 4066/2212/665
f 1991/2218/471 2938/2209/471 2937/2219/471
f 1120/1962/551 3411/1969/551 3412/1962/551
f 1575/2220/666 3839/2215/666 3841/2221/666
f 399/2210/461 3597/1758/461 3603/2211/461
f 1992/2222/476 2937/2219/476 2936/2223/476
f 1119/1969/667 3087/578/667 3088/2224/667
f 1525/2225/668 4067/2201/668 4069/2226/668
f 367/1757/463 3598/1758/463 3602/1759/463
f 1993/2227/477 2936/2223/477 2940/2228/477
f 1118/578/555 3090/1980/555 3087/578/555
f 1126/1982/3 3422/1982/3 3421/1982/3
f 1508/2206/669 3842/2229/669 3844/2206/669
f 398/2216/465 3601/1759/465 3597/1758/465
f 369/1766/467 3602/1759/467 3600/1767/467
f 1980/831/480 2952/1801/480 2953/831/480
f 1610/2217/670 4072/2230/670 4065/2217/670
f 1994/2231/482 2940/2228/482 2943/2232/482
f 1117/1980/558 3117/956/558 3090/1980/558
f 1576/2233/671 3841/2221/671 3843/2234/671
f 396/1757/468 3599/1767/468 3601/1759/468
f 1995/2235/486 2943/2232/486 2941/2236/486
f 1125/786/5 3447/786/5 3422/786/5
f 1526/2237/672 4069/2226/672 4071/2238/672
f 371/1773/470 3600/1767/470 3607/1774/470
f 1127/1989/561 3421/1252/561 3415/1989/561
f 1996/2239/488 2941/2236/488 2942/2240/488
f 1128/1992/563 3415/1989/563 3414/1992/563
f 1609/2241/673 4068/2242/673 4072/2230/673
f 394/2243/473 3606/1797/473 3599/2243/473
f 373/2244/475 3607/2245/475 3610/2246/475
f 1979/1801/491 2946/1829/491 2952/1801/491
f 1129/597/567 3414/1992/567 3419/597/567
f 1507/2229/674 3847/2247/674 3842/2229/674
f 1997/1830/675 2942/1831/675 2954/1832/675
f 1577/2248/676 3843/2234/676 3872/2249/676
f 392/2250/677 3609/2251/677 3606/2252/677
f 1998/1839/496 2954/1832/496 2944/1840/496
f 1116/956/570 3116/2003/570 3117/956/570
f 375/2253/479 3610/2246/479 3617/2254/479
f 1130/2255/572 3419/2256/572 3416/2257/572
f 1608/2242/678 4070/2258/678 4068/2242/678
f 1999/1846/499 2944/1840/499 2947/1847/499
f 1578/2259/679 3872/2249/679 3846/2260/679
f 1131/1598/575 3416/2017/575 3418/1598/575
f 390/2261/483 3611/2262/483 3609/2251/483
f 1527/2263/680 4071/2238/680 4074/2264/680
f 378/2265/485 3617/2254/485 3612/2266/485
f 1978/1829/501 2949/2267/501 2946/1829/501
f 1132/2022/577 3418/2023/577 3417/2024/577
f 2000/1856/502 2947/1857/502 2945/1856/502
f 1506/2247/681 3851/2268/681 3847/2247/681
f 388/2269/489 3616/2270/489 3611/2262/489
f 2001/1863/504 2945/1856/504 2950/2271/504
f 1115/2030/580 3108/2031/580 3116/2003/580
f 380/2272/490 3612/2266/490 3615/2273/490
f 1133/2032/581 3417/2033/581 3420/2032/581
f 1607/2274/682 4073/2275/682 4070/2258/682
f 1579/2276/683 3846/2260/683 3850/2277/683
f 1977/1868/506 2964/1869/506 2949/608/506
f 1134/2038/584 3420/2039/584 3423/2040/584
f 385/2278/494 3614/2279/494 3616/2270/494
f 2002/1871/508 2961/1863/508 2960/1871/508
f 382/2280/495 3615/2273/495 3613/2281/495
f 1135/2282/587 3423/2040/587 3425/2283/587
f 1606/2284/684 4075/2285/684 4073/2275/684
f 383/2286/497 3613/2281/497 3614/2279/497
f 2003/1876/511 2960/1871/511 2962/1876/511
f 1528/2287/685 4074/2264/685 4076/2288/685
f 432/604/474 3560/588/474 3620/604/474
f 1114/2031/590 3114/2050/590 3108/2031/590
f 430/584/4 3562/584/4 3560/584/4
f 1976/1886/513 2963/1887/513 2964/1869/513
f 1136/1248/592 3425/2043/592 3424/1248/592
f 1505/2268/686 3848/2289/686 3851/2268/686
f 2004/1889/687 2962/1876/687 2966/1889/687
f 1580/2290/688 3850/2277/688 3849/2291/688
f 1137/2061/594 3424/2062/594 3428/2063/594
f 443/2292/481 3565/2293/481 3562/584/481
f 1975/1892/689 2965/1893/689 2963/1887/689
f 1605/2294/690 4077/2295/690 4075/2285/690
f 2005/841/519 2966/1889/519 2967/841/519
f 1113/2050/596 3158/2072/596 3114/2050/596
f 1529/2296/691 4076/2288/691 4081/2297/691
f 445/2298/484 3567/2299/484 3561/2300/484
f 1138/2073/597 3428/2063/597 3427/2074/597
f 447/2301/487 3561/2300/487 3564/2299/487
f 2006/839/520 2967/841/520 2969/839/520
f 1139/2083/599 3427/2074/599 3426/2084/599
f 1604/2295/692 4078/2302/692 4077/2295/692
f 1974/1904/524 2978/1905/524 2965/1893/524
f 1504/2289/693 3853/2303/693 3848/2289/693
f 2007/865/24 2969/839/24 2970/865/24
f 1112/2072/601 3124/907/601 3158/2072/601
f 1581/2304/694 3849/2291/694 3852/2305/694
f 449/866/4 3564/866/4 3567/866/4
f 1140/2095/603 3426/2084/603 3436/2096/603
f 438/2306/3 3576/2307/3 3566/2308/3
f 1973/1912/27 2968/1913/27 2978/1905/27
f 1603/2302/695 4079/2309/695 4078/2302/695
f 2008/875/29 2970/865/29 2973/875/29
f 1111/907/605 3136/2104/605 3124/907/605
f 1582/2310/696 3852/2305/696 3859/2311/696
f 434/2312/3 3620/2313/3 3619/2314/3
f 1141/1188/607 3436/606/607 3429/1188/607
f 436/2315/34 3619/1357/34 3576/2316/34
f 1530/2317/697 4081/2297/697 4080/2318/697
f 440/1234/38 3566/2316/38 3618/1357/38
f 1972/1923/33 2972/1924/33 2968/1913/33
f 1142/2111/608 3429/2112/608 3430/2113/608
f 443/2319/3 3618/2320/3 3608/2321/3
f 2009/844/37 2973/875/37 2971/844/37
f 454/894/474 2253/1803/474 2251/888/474
f 3858/2322/698 1503/2303/698 3857/2323/698
f 2010/842/40 2971/844/40 2977/842/40
f 1110/2104/610 3129/2117/610 3136/2104/610
f 453/584/4 2252/584/4 2253/584/4
f 1143/2120/611 3430/2113/611 3435/2121/611
f 1602/2309/699 4082/2324/699 4079/2309/699
f 1583/2325/700 3859/2311/700 3862/2326/700
f 1971/1931/44 2976/1932/44 2972/1924/44
f 1144/2126/614 3435/2127/614 3431/2126/614
f 2011/845/533 2977/842/533 2974/845/533
f 1531/2327/701 4080/2318/701 4084/2328/701
f 464/894/481 2252/1803/481 451/1802/481
f 2012/847/535 2974/845/535 2975/1939/535
f 3130/2329/616 1109/2131/616 3157/2132/616
f 467/1810/484 2246/1811/484 2243/1812/484
f 1145/2135/702 3431/2136/702 3434/2137/702
f 1502/2323/703 3866/2330/703 3857/2323/703
f 468/866/487 2243/606/487 2244/866/487
f 1970/1946/53 3009/1947/53 2976/1932/53
f 1146/1111/620 3434/2138/620 3433/1111/620
f 1601/2324/704 4083/2331/704 4082/2324/704
f 2013/848/56 2975/1939/56 2979/848/56
f 1584/2332/705 3862/2326/705 3871/2333/705
f 1147/2334/623 3433/2335/623 3432/2336/623
f 2014/850/57 2979/848/57 2980/850/57
f 470/866/4 2244/866/4 2246/866/4
f 1148/2146/625 3432/2147/625 3443/2146/625
f 1501/2330/706 3870/2337/706 3866/2330/706
f 460/578/3 2248/578/3 2245/578/3
f 1532/2338/707 4084/2328/707 4088/2339/707
f 1108/2132/632 3139/604/632 3157/2132/632
f 457/604/3 2251/604/3 2249/604/3
f 2015/850/4 2980/850/4 2981/850/4
f 1149/2151/633 3443/2146/633 3437/2152/633
f 1600/2331/708 4086/2340/708 4083/2331/708
f 459/887/34 2249/888/34 2248/889/34
f 1585/2341/709 3871/2333/709 3923/2342/709
f 463/597/38 2245/598/38 2250/597/38
f 1150/2157/637 3437/2152/637 3445/2157/637
f 464/597/3 2250/597/3 2247/597/3
f 1969/1967/550 3010/1968/550 3009/1947/550
f 472/2343/6 2255/2344/6 2312/2344/6
f 1500/2337/710 3876/2345/710 3870/2337/710
f 1968/1974/76 2987/1975/76 3010/1968/76
f 1533/2346/711 4088/2339/711 4087/2347/711
f 1967/2348/78 2988/2349/78 2987/2350/78
f 1151/2157/4 3445/2157/4 3447/2157/4
f 523/1855/4 2269/1855/4 2255/1855/4
f 1599/2340/712 4085/2351/712 4086/2340/712
f 1966/2352/84 2991/2353/84 2988/2349/84
f 1586/2354/713 3923/2342/713 3877/2355/713
f 521/2356/503 2271/2357/503 2269/2358/503
f 1107/604/714 3465/1309/714 3143/2359/714
f 1965/2360/86 2992/2361/86 2991/2353/86
f 519/1862/505 2270/1867/505 2271/1862/505
f 1106/1309/647 3466/2174/647 3465/1309/647
f 1598/2351/715 4094/2362/715 4085/2351/715
f 1964/971/90 2990/972/90 2992/971/90
f 1587/2363/716 3877/2355/716 3884/2364/716
f 517/2365/507 2274/2366/507 2270/2367/507
f 1105/2174/648 3467/2175/648 3466/2174/648
f 1963/972/562 2989/853/562 2990/972/562
f 515/2368/510 2273/2369/510 2274/2366/510
f 1926/2370/3 3013/2208/3 3012/2371/3
f 1104/2175/651 3468/2179/651 3467/2175/651
f 1499/2345/717 3881/2372/717 3876/2345/717
f 1534/2373/718 4087/2347/718 4096/2374/718
f 513/2375/512 2272/2376/512 2273/2369/512
f 1927/2377/566 3012/2371/566 2986/2378/566
f 1103/2179/653 3442/2181/653 3468/2179/653
f 526/2379/3 2259/2379/3 2275/2379/3
f 1102/2181/654 3444/726/654 3442/2181/654
f 1597/2362/719 4090/2380/719 4094/2362/719
f 528/2381/515 2275/2382/515 2276/2381/515
f 1962/853/105 3007/828/105 2989/853/105
f 1100/724/3 3448/724/3 3446/724/3
f 1588/2383/720 3884/2384/720 3892/2385/720
f 1924/2386/3 3035/2387/3 3038/2208/3
f 1101/726/656 3446/725/656 3444/726/656
f 1925/2011/5 3038/2012/5 3013/2013/5
f 1098/2388/3 3462/2199/3 3461/2389/3
f 511/2390/518 2280/2391/518 2272/2392/518
f 1928/2393/574 2986/2378/574 3011/2394/574
f 1099/2189/5 3461/2189/5 3448/2189/5
f 1498/2372/721 3896/2395/721 3881/2372/721
f 1154/894/474 3319/1803/474 3379/2396/474
f 1535/2397/722 4096/2374/722 4095/2398/722
f 577/1280/5 2259/913/5 524/898/5
f 1929/2399/576 3011/2394/576 2996/2400/576
f 530/2401/522 2276/2381/522 2279/2401/522
f 1153/584/4 3321/584/4 3319/584/4
f 1930/2402/119 2996/2400/119 2997/2403/119
f 1596/2380/723 4089/2404/723 4090/2380/723
f 533/2405/523 2279/2401/523 2277/2405/523
f 1589/2406/724 3892/2385/724 3888/2407/724
f 535/2408/525 2277/2405/525 2278/2408/525
f 1961/828/725 3006/1037/725 3007/828/725
f 1159/2292/481 3450/2409/481 3321/584/481
f 1931/2410/126 2997/2403/126 2999/2411/126
f 1595/2412/726 4093/2413/726 4089/2404/726
f 1160/1810/484 3439/1811/484 3360/1812/484
f 1590/2414/727 3888/2407/727 3897/639/727
f 509/2415/526 2286/2416/526 2280/2391/526
f 1932/2417/586 2999/2411/586 2998/2418/586
f 1161/2419/487 3360/1812/487 3441/1811/487
f 536/2420/728 2278/2408/728 2294/2420/728
f 1497/2395/729 3891/2421/729 3896/2395/729
f 538/2422/528 2294/2420/528 2281/2422/528
f 1959/2049/589 3006/1037/589 1960/1037/589
f 1933/2053/137 2998/2054/137 3008/2055/137
f 1594/2423/730 4111/2424/730 4093/2413/730
f 1162/866/4 3441/866/4 3439/866/4
f 1591/2425/731 4092/2426/731 4091/2427/731
f 507/2428/732 2284/2429/732 2286/2416/732
f 1157/578/3 3438/578/3 3440/578/3
f 541/2430/531 2281/2422/531 2285/2430/531
f 1959/2049/139 3015/2064/139 3016/2049/139
f 1536/2431/733 4095/2398/733 4110/2432/733
f 1934/2066/141 3008/2055/141 3001/2067/141
f 1155/2433/3 3457/2434/3 3460/2435/3
f 505/2436/532 2282/2437/532 2284/2429/532
f 1156/578/34 3460/579/34 3438/578/34
f 1593/2438/734 4104/2439/734 4111/2424/734
f 542/2440/534 2285/2430/534 2283/2440/534
f 1958/2064/145 3017/2075/145 3015/2064/145
f 1158/894/38 3440/889/38 3459/888/38
f 1592/2441/593 4091/2427/593 4104/2442/593
f 1935/2081/735 3001/2067/735 3000/2082/735
f 1159/2443/3 3459/2444/3 3458/2445/3
f 544/2446/536 2283/2440/536 2293/2446/536
f 1176/2447/736 3314/2448/736 3317/2447/736
f 1957/2075/152 3019/2089/152 3017/2075/152
f 1175/2448/737 3313/2449/737 3314/2448/737
f 1496/2421/738 3903/2450/738 3891/2421/738
f 503/2451/539 2288/2452/539 2282/2437/539
f 1936/2093/154 3000/2082/154 3018/2094/154
f 1537/2453/739 4110/2454/739 4109/2455/739
f 546/2456/540 2293/2446/540 2287/2456/540
f 1174/2449/740 3316/2457/740 3313/2449/740
f 1956/2089/158 3020/2103/158 3019/2089/158
f 1173/2457/741 3315/2458/741 3316/2457/741
f 1495/2450/742 3906/2459/742 3903/2450/742
f 501/2460/542 2292/2461/542 2288/2452/542
f 1937/2107/159 3018/2094/159 3021/2108/159
f 1177/2462/743 3317/2463/743 3324/2464/743
f 1538/2465/744 4109/2455/744 4108/2466/744
f 548/1966/544 2287/2456/544 2289/1966/544
f 1955/2103/164 3025/2114/164 3020/2103/164
f 1172/2458/745 3323/2467/745 3315/2458/745
f 1494/2459/746 3898/762/746 3906/2459/746
f 500/2468/547 2291/2288/547 2292/2461/547
f 1539/2469/747 4108/2466/747 4107/2470/747
f 550/1965/549 2289/1966/549 2290/1965/549
f 1954/2114/167 3024/1046/167 3025/2114/167
f 1171/2467/748 3322/2471/748 3323/2467/748
f 1938/2118/169 3021/2108/169 3022/2119/169
f 552/1973/749 2290/1965/749 2297/1973/749
f 1170/2471/750 3320/2472/750 3322/2471/750
f 1178/2473/751 3324/2464/751 3334/2474/751
f 1492/761/6 4098/761/6 4097/761/6
f 1953/1046/173 3023/1130/173 3024/1046/173
f 3898/762/752 1492/584/752 4097/2475/752
f 498/2287/554 2296/2476/554 2291/2288/554
f 1939/1039/174 3022/2119/174 3037/2012/174
f 1540/2477/753 4107/2478/753 4106/2477/753
f 554/1981/556 2297/1973/556 2295/1981/556
f 1169/2472/754 3318/2479/754 3320/2472/754
f 1952/1130/619 3027/1131/619 3023/1130/619
f 1168/2479/755 3331/2480/755 3318/2479/755
f 4097/2481/756 1567/2481/756 3900/2481/756
f 496/2482/557 2301/2483/557 2296/2476/557
f 1541/2484/757 4106/2485/757 4105/2486/757
f 556/1988/559 2295/1981/559 2300/1988/559
f 1951/1131/182 3026/2140/182 3027/1131/182
f 1167/2480/758 3330/2487/758 3331/2480/758
f 1179/2488/759 3334/2474/759 3335/2489/759
f 559/694/560 2300/1988/560 2298/694/560
f 1950/2140/624 3030/1142/624 3026/2140/624
f 3900/2481/760 1565/2490/760 3899/2490/760
f 1949/1142/628 3029/1143/628 3030/1142/628
f 1166/2487/761 3329/2491/761 3330/2487/761
f 1565/2490/762 3908/2492/762 3899/2490/762
f 494/2493/564 2299/2494/564 2301/2483/564
f 1542/2495/763 4105/2486/763 4103/2496/763
f 560/692/565 2298/694/565 2302/692/565
f 1948/1143/631 3028/1154/631 3029/1143/631
f 1165/2491/764 3328/2497/764 3329/2491/764
f 1947/1154/193 3031/1155/193 3028/1154/193
f 1164/2497/765 3327/584/765 3328/2497/765
f 1564/2492/766 3907/2498/766 3908/2492/766
f 492/2499/568 2303/2500/568 2299/2494/568
f 1180/2501/767 3335/2489/767 3336/2502/767
f 562/695/571 2302/692/571 2304/695/571
f 1946/1155/196 3039/2158/196 3031/1155/196
f 1563/2503/768 3905/2504/768 3907/2498/768
f 1543/2505/769 4103/2496/769 4099/2506/769
f 565/2014/573 2304/695/573 2307/2014/573
f 1945/2158/199 3040/2159/199 3039/2158/199
f 1251/2507/770 3332/2508/770 3337/2509/770
f 1944/2159/641 3041/2163/641 3040/2159/641
f 1562/765/771 3904/2510/771 3905/2504/771
f 490/2511/578 2306/2512/578 2303/2500/578
f 1252/2513/772 3337/2514/772 3339/2513/772
f 567/2027/579 2307/2014/579 2305/2027/579
f 1943/2163/205 3032/2165/205 3041/2163/205
f 1561/764/773 3902/2515/773 3904/2510/773
f 1253/2516/774 3339/2513/774 3338/2516/774
f 1555/2517/775 3901/2518/775 3917/2519/775
f 1942/2165/208 3034/705/208 3032/2165/208
f 488/2520/776 2317/2521/776 2306/2512/776
f 1940/2522/3 3037/2523/3 3036/2524/3
f 1254/2525/777 3338/2516/777 3344/2525/777
f 1554/768/778 3918/767/778 3901/768/778
f 569/686/583 2305/2027/583 2322/686/583
f 1941/705/211 3036/704/211 3034/705/211
f 1544/2526/779 4099/2506/779 4102/2527/779
f 2018/726/6 2920/726/6 2959/726/6
f 1255/2528/780 3344/2529/780 3341/2530/780
f 571/684/585 2322/686/585 2308/684/585
f 1256/2531/781 3341/2532/781 3343/2531/781
f 1560/2515/782 3920/2533/782 3902/2515/782
f 486/2534/588 2318/2535/588 2317/2521/588
f 2017/584/4 2928/584/4 2920/584/4
f 1257/2536/783 3343/2537/783 3342/2538/783
f 1553/767/784 3911/2539/784 3918/767/784
f 573/2052/785 2308/684/785 2309/2052/785
f 2027/2540/3 2958/2541/3 2955/2542/3
f 1556/2543/786 3917/766/786 3910/2543/786
f 2016/786/5 2955/786/5 2928/786/5
f 1258/2544/787 3342/2545/787 3357/2544/787
f 575/2059/593 2309/2052/593 2320/2546/593
f 2025/1188/5 2957/1188/5 2958/1188/5
f 1259/2547/788 3357/2548/788 3356/2549/788
f 1559/2550/789 3919/2551/789 3920/2533/789
f 1557/2552/790 3910/2543/790 3909/2552/790
f 577/2059/4 2320/2546/4 2321/2546/4
f 1260/786/791 3356/2553/791 3355/786/791
f 1163/786/5 3355/786/5 3327/786/5
f 2025/1248/4 2982/1248/4 2983/1248/4
f 1181/2554/792 3336/2555/792 3359/2556/792
f 1558/2551/793 3909/2552/793 3919/2551/793
f 2023/2557/3 3014/2541/3 2993/2558/3
f 484/2559/794 2319/2560/794 2318/2561/794
f 2024/1598/5 2993/1598/5 2982/1598/5
f 1545/2562/795 4102/2527/795 4101/2563/795
f 482/2564/600 2314/2565/600 2319/2560/600
f 1249/727/796 3326/732/796 3325/727/796
f 2022/870/5 3004/870/5 3014/870/5
f 1546/2566/797 4101/2563/797 4100/2567/797
f 480/2568/602 2315/2569/602 2314/2565/602
f 1250/728/798 3325/727/798 3332/728/798
f 2021/956/4 3005/956/4 3004/956/4
f 1547/2570/799 4100/2571/799 3921/2572/799
f 2019/2573/3 3003/2574/3 3002/2575/3
f 479/2576/604 2316/2577/604 2315/2569/604
f 1248/732/800 3333/2578/800 3326/732/800
f 2020/907/5 3002/907/5 3005/907/5
f 475/584/3 2312/584/3 2311/584/3
f 1548/2579/801 3916/2580/801 3915/2581/801
f 2030/1039/6 3175/1040/6 3177/608/6
f 477/2582/606 2311/2583/606 2316/2577/606
f 1247/731/802 3340/733/802 3333/2578/802
f 582/604/474 2256/588/474 2266/604/474
f 1549/2584/206 3915/2581/206 3914/2585/206
f 1246/733/803 3345/2586/803 3340/733/803
f 581/584/4 2254/584/4 2256/584/4
f 1182/2587/804 3359/2556/804 3354/2588/804
f 1550/2589/805 3914/2585/805 3913/2590/805
f 2029/584/4 2921/584/4 2924/584/4
f 2036/2591/3 2922/616/3 2923/2592/3
f 1551/2593/806 3913/2594/806 3912/2595/806
f 2028/786/5 2923/786/5 2921/786/5
f 1245/2586/807 3358/2596/807 3345/2586/807
f 1552/2539/808 3912/2595/808 3911/2539/808
f 579/1802/481 2313/888/481 2254/1803/481
f 1653/769/809 2448/771/809 2449/769/809
f 2035/2597/5 3176/2597/5 3178/2597/5
f 1244/2596/810 3346/2598/810 3358/2596/810
f 594/1810/484 2265/1811/484 2262/1812/484
f 1183/2599/811 3354/2588/811 3352/2600/811
f 1652/771/812 2326/770/812 2323/2601/812
f 597/866/487 2262/606/487 2263/866/487
f 1651/770/813 2325/2602/813 2326/770/813
f 2035/1748/4 2984/1748/4 2985/1748/4
f 1243/2598/814 3353/2603/814 3346/2598/814
f 1654/578/815 2449/769/815 2450/578/815
f 2032/2591/3 2995/616/3 2994/2592/3
f 2034/2604/5 2994/2604/5 2984/2604/5
f 1242/2603/816 3347/2605/816 3353/2603/816
f 2031/2591/3 3196/2606/3 3194/2607/3
f 599/866/4 2263/866/4 2265/866/4
f 1184/2608/817 3352/2600/817 3350/2609/817
f 1650/2602/758 2324/2610/758 2325/2602/758
f 2032/1046/5 3194/1046/5 3193/1046/5
f 588/578/3 2268/578/3 2264/578/3
f 1655/2611/818 2450/578/818 2456/2611/818
f 2040/604/474 3174/588/474 3183/2612/474
f 1241/2613/819 3351/2614/819 3347/2605/819
f 2039/584/4 3173/584/4 3174/584/4
f 584/604/3 2266/604/3 2267/604/3
f 1185/2615/820 3350/2609/820 3349/2616/820
f 1649/2610/821 2331/2617/821 2324/2610/821
f 586/887/34 2267/888/34 2268/889/34
f 1656/2618/822 2456/2611/822 2457/2618/822
f 590/894/38 2264/889/38 2310/888/38
f 593/597/3 2310/597/3 2313/597/3
f 1240/2614/823 3348/2619/823 3351/2614/823
f 2045/2292/481 3179/2620/481 3173/584/481
f 605/1471/6 2375/1471/6 2433/1471/6
f 1648/2617/824 2330/2621/824 2331/2617/824
f 1239/2619/825 3361/2622/825 3348/2619/825
f 1657/2623/826 2457/2618/826 2458/2623/826
f 2048/2624/484 3182/608/484 3181/2625/484
f 603/2626/4 2258/2627/4 2257/613/4
f 1186/2628/827 3349/2616/827 3365/2629/827
f 2047/2624/487 3181/2625/487 3180/608/487
f 601/1302/5 2260/913/5 2258/899/5
f 1647/2621/828 2339/2630/828 2330/2621/828
f 607/909/3 2433/909/3 2435/909/3
f 1238/2622/829 3364/2631/829 3361/2622/829
f 1658/2632/830 2458/2623/830 2473/2632/830
f 1187/2633/685 3365/2629/685 3363/2634/685
f 608/894/6 2435/913/6 2439/888/6
f 2048/866/4 3185/866/4 3188/866/4
f 2043/2635/3 3186/2636/3 3187/2637/3
f 1237/2631/831 3362/2638/831 3364/2631/831
f 612/683/3 2261/683/3 2260/683/3
f 1676/2639/832 2455/2640/832 2454/2641/832
f 609/680/3 2439/680/3 2441/680/3
f 1236/2638/833 3366/2642/833 3362/2638/833
f 1676/2639/834 2329/613/834 2328/2643/834
f 2041/2644/3 3559/2645/3 3189/623/3
f 612/898/5 2441/888/5 2434/913/5
f 1188/2646/273 3363/2634/273 3367/2647/273
f 2042/2648/34 3190/2012/34 3186/2649/34
f 619/1471/6 2377/1471/6 2384/1471/6
f 1678/2650/835 2328/2643/835 2327/2651/835
f 2044/1039/38 3187/2649/38 3191/2012/38
f 2044/2652/3 3195/2653/3 2045/2654/3
f 617/2655/4 2376/2656/4 2377/2657/4
f 1235/2642/836 3368/2658/836 3366/2642/836
f 2051/1039/6 3472/1040/6 3480/608/6
f 1189/2659/837 3367/2647/837 3369/2660/837
f 1675/2661/838 2468/2662/838 2455/2640/838
f 615/1302/5 2432/913/5 2376/899/5
f 1678/2650/839 2332/2663/839 1679/2664/839
f 2050/584/4 3471/584/4 3472/584/4
f 622/909/3 2384/909/3 2383/909/3
f 2052/2665/3 3558/2666/3 3555/2667/3
f 1234/2658/840 3381/2668/840 3368/2658/840
f 2052/786/5 3479/786/5 3471/786/5
f 624/894/6 2383/913/6 2437/888/6
f 1190/2669/841 3369/2660/841 3382/2670/841
f 1674/2671/842 2469/2672/842 2468/2662/842
f 2055/1039/6 3474/1040/6 3482/608/6
f 1646/2630/843 2336/2673/843 2339/2630/843
f 2054/584/4 3473/584/4 3474/584/4
f 628/683/3 2432/683/3 630/683/3
f 1233/2674/844 3370/2675/844 3381/2668/844
f 1659/2676/845 2473/2632/845 2474/2676/845
f 626/680/3 2437/680/3 2440/680/3
f 1191/2677/846 3382/2670/846 3372/2678/846
f 2058/786/5 3481/786/5 3473/786/5
f 626/894/5 2382/913/5 628/898/5
f 1680/2679/847 2332/2663/847 2338/2680/847
f 636/726/6 2379/726/6 2424/726/6
f 2058/606/4 3554/606/4 3549/606/4
f 1232/2675/848 3371/2681/848 3370/2675/848
f 2056/2682/3 3556/2683/3 3557/2684/3
f 1192/2685/849 3372/2678/849 3378/2686/849
f 1673/2687/850 2470/2688/850 2469/2672/850
f 2057/597/5 3557/597/5 3554/597/5
f 1681/2689/851 2338/2680/851 2337/2690/851
f 2112/2691/6 3714/1040/6 3749/608/6
f 634/2692/4 2378/2693/4 2379/2694/4
f 653/1111/3 2386/1111/3 2385/1111/3
f 1231/2681/852 3377/2695/852 3371/2681/852
f 2111/1738/4 3469/1738/4 3470/1738/4
f 631/1302/5 2385/913/5 2378/899/5
f 1213/2696/853 3380/2697/853 3373/2696/853
f 1672/2698/854 2471/2699/854 2470/2688/854
f 2109/1743/5 3478/1743/5 3469/1743/5
f 652/898/5 2400/1231/5 2386/913/5
f 1211/2700/5 3380/2700/5 1212/2700/5
f 1645/2701/855 2340/2702/855 2333/608/855
f 2061/2703/6 3476/1040/6 3477/608/6
f 1660/2704/856 2474/2676/856 2460/2705/856
f 1230/2695/857 3376/2706/857 3377/2695/857
f 2060/584/4 3475/584/4 3476/584/4
f 1214/2707/858 3373/2708/858 3375/2709/858
f 1682/2710/859 2337/2711/859 2335/2710/859
f 649/1248/4 2402/1248/4 2400/1248/4
f 2136/786/5 3483/786/5 3475/786/5
f 646/1252/3 2413/1252/3 2403/1252/3
f 1193/2712/860 3378/2686/860 3406/2713/860
f 2062/2714/253 3485/2715/253 3487/2716/253
f 648/1254/5 2403/1255/5 2402/1231/5
f 1671/2717/861 2472/2718/861 2471/2719/861
f 1215/2720/862 3375/2709/862 3374/2721/862
f 1683/2722/863 2335/2710/863 2334/2723/863
f 644/1263/5 2429/1264/5 2413/1255/5
f 2109/1743/260 3488/1598/260 3484/1743/260
f 2063/2724/261 3487/2716/261 3489/2725/261
f 642/956/4 2436/956/4 2429/956/4
f 1229/2706/864 3405/2726/864 3376/2706/864
f 1669/2727/865 2459/608/865 2472/2718/865
f 636/2692/3 2438/2728/3 638/2729/3
f 1216/2730/866 3374/2721/866 3383/2731/866
f 640/1280/5 2438/888/5 2436/1264/5
f 1644/2732/867 2345/2733/867 2340/2702/867
f 2136/786/267 3491/707/267 3486/786/267
f 658/894/6 2601/899/6 2661/888/6
f 1217/2734/868 3383/2735/868 3384/2734/868
f 1661/2736/869 2477/2704/869 2478/2737/869
f 2108/1598/272 3490/1772/272 3488/1598/272
f 1684/2738/870 2341/2722/870 2346/2738/870
f 2113/2739/273 3801/2740/273 3802/2741/273
f 1228/2726/871 3391/2742/871 3405/2726/871
f 656/2743/4 2600/2744/4 2601/1009/4
f 1218/2745/872 3384/2746/872 3385/2747/872
f 2064/2748/278 3489/2725/278 3492/2749/278
f 1669/2727/873 2484/2750/873 2476/2751/873
f 786/2752/454 2603/2753/454 2600/2744/454
f 1194/2754/874 3406/2713/874 3403/2755/874
f 1643/2756/875 2343/2757/875 2345/2733/875
f 2107/1772/876 3495/1791/876 3490/1772/876
f 784/2758/745 2602/2759/745 2603/2753/745
f 1219/2760/877 3385/2761/877 3390/2760/877
f 1662/2762/878 2478/2737/878 2483/2762/878
f 2065/2763/285 3492/2749/285 3494/2764/285
f 782/1744/458 2606/1746/458 2602/1744/458
f 1685/2765/879 2346/2738/879 2344/2765/879
f 1227/2742/880 3389/2766/880 3391/2742/880
f 2106/1791/289 3513/1804/289 3495/1791/289
f 779/2767/881 2605/2768/881 2606/2769/881
f 1220/2770/882 3390/2760/882 3386/2770/882
f 1668/2771/883 2479/2772/883 2484/2750/883
f 2135/707/291 3496/1813/291 3491/707/291
f 777/2773/462 2604/2774/462 2605/2768/462
f 1221/2775/884 3386/2770/884 3388/2775/884
f 1686/2776/885 2344/2765/885 2342/2776/885
f 2066/2777/293 3494/2764/293 3493/2778/293
f 775/2779/464 2388/2780/464 2380/622/464
f 1226/2766/886 3404/2781/886 3389/2766/886
f 1667/2782/887 2482/2783/887 2479/2772/887
f 2105/1804/296 3498/1440/296 3513/1804/296
f 773/2784/466 2381/2785/466 2388/2786/466
f 1222/2787/888 3388/2775/888 3387/2787/888
f 2114/2788/298 3802/2741/298 3803/2789/298
f 789/2790/3 2615/2790/3 2614/2790/3
f 1642/2791/889 2348/2792/889 2343/2757/889
f 1223/2793/890 3387/2787/890 3399/2793/890
f 1663/2794/891 2483/2762/891 2480/2794/891
f 2067/2795/299 3493/2778/299 3497/2796/299
f 772/2797/469 2387/2798/469 2381/2785/469
f 1687/2799/892 2342/2776/892 2347/2799/892
f 1225/736/893 3392/735/893 3404/2781/893
f 2104/1440/498 3503/680/498 3498/1440/498
f 787/2800/5 2643/2801/5 2615/2802/5
f 1224/735/894 3399/2793/894 3392/735/894
f 2068/1445/304 3497/1431/304 3500/1445/304
f 791/830/471 2614/832/471 2613/830/471
f 1666/2803/895 2481/2804/895 2482/2783/895
f 793/833/476 2613/830/476 2610/833/476
f 1195/2805/896 3403/2806/896 3402/2807/896
f 1641/2808/897 2349/2809/897 2348/2792/897
f 2103/680/674 3499/1475/674 3503/680/674
f 1616/584/898 2480/2794/898 2486/584/898
f 795/2810/477 2610/833/477 2607/2810/477
f 2134/1813/310 3511/1861/310 3496/1813/310
f 1211/2700/899 3452/2811/899 3451/2700/899
f 1688/2812/900 2347/2799/900 2350/2812/900
f 2069/1465/901 3500/1445/901 3501/1465/901
f 1196/2813/902 3402/2807/902 3401/2814/902
f 769/2815/480 2389/2816/480 2387/2798/480
f 797/2817/482 2607/2810/482 2609/2817/482
f 1665/2818/903 2485/2809/903 2481/2804/903
f 2102/1475/904 3502/1252/904 3499/1475/904
f 1210/2819/905 3453/2820/905 3452/2811/905
f 1617/2821/906 2486/584/906 2487/2821/906
f 2070/1471/509 3501/1465/509 3508/1471/509
f 799/2822/486 2609/2817/486 2608/2822/486
f 1209/2820/907 3454/2823/907 3453/2820/907
f 2115/2824/322 3803/2789/322 3810/2825/322
f 801/2826/908 2608/2822/908 2612/2826/908
f 1664/2827/909 2499/2828/909 2485/2809/909
f 1208/2823/910 3455/2829/910 3454/2823/910
f 1689/2830/911 2350/2812/911 2352/2830/911
f 1197/2831/912 3401/2814/912 3400/2832/912
f 2101/1252/326 3512/1888/326 3502/1252/326
f 768/2833/491 2391/2834/491 2389/2816/491
f 2071/1492/913 3508/1471/913 3504/1492/913
f 803/2835/492 2612/2826/492 2616/2835/492
f 1640/2827/914 2351/2836/914 2349/2809/914
f 1207/2829/915 3456/2837/915 3455/2829/915
f 805/2838/496 2616/2835/496 2618/2838/496
f 1711/2839/916 2498/2840/916 2499/2828/916
f 2100/1888/332 3505/1509/332 3512/1888/332
f 1206/2841/917 3463/741/917 3456/2837/917
f 1690/2842/918 2352/2830/918 2353/2842/918
f 808/1857/499 2618/2838/499 2617/1857/499
f 2099/1509/336 3510/1510/336 3505/1509/336
f 1205/741/919 3464/740/919 3463/741/919
f 2072/1512/338 3504/1492/338 3509/1512/338
f 1198/2843/920 3400/2832/920 3398/2844/920
f 1639/2845/921 2354/2846/921 2351/2836/921
f 765/2847/501 2390/2848/501 2391/2834/501
f 1618/2849/922 2487/2821/922 2488/2849/922
f 810/1856/502 2617/1857/502 2623/1856/502
f 2133/1861/343 3550/1938/343 3511/1861/343
f 1204/740/923 3396/2850/923 3464/740/923
f 811/1863/504 2623/1856/504 2622/1863/504
f 1710/2851/924 2502/2852/924 2498/2840/924
f 2098/1510/347 3507/1533/347 3510/1510/347
f 1203/2850/925 3397/2853/925 3396/2850/925
f 1691/2854/926 2353/2842/926 2355/2854/926
f 2073/1309/348 3509/1512/348 3506/1309/348
f 764/2855/927 2394/2856/927 2390/2848/927
f 1202/2857/928 3395/748/928 3397/2853/928
f 814/1871/508 2622/1863/508 2621/1871/508
f 1199/746/929 3398/2858/929 3394/746/929
f 1638/2859/930 2357/2860/930 2354/2846/930
f 2097/1533/931 3553/1917/931 3507/1533/931
f 1619/2861/932 2488/2849/932 2501/2861/932
f 2116/2862/354 3810/2825/354 3807/892/354
f 816/1876/511 2621/1871/511 2619/1876/511
f 1200/747/933 3394/746/933 3393/747/933
f 1201/748/934 3393/747/934 3395/748/934
f 1692/606/935 2355/2854/935 2356/606/935
f 2074/1548/529 3506/1309/529 3552/1548/529
f 1263/894/474 3628/1803/474 3704/888/474
f 761/2863/513 2393/2864/513 2394/2856/513
f 817/1889/687 2619/1876/687 2620/1889/687
f 1262/584/4 3627/584/4 3628/584/4
f 1709/2865/936 2500/2866/936 2502/2852/936
f 2096/1917/313 3515/1563/313 3553/1917/313
f 2075/1555/365 3552/1548/365 3514/1555/365
f 1637/2867/937 2358/878/937 2357/2860/937
f 760/2868/689 2392/2869/689 2393/2864/689
f 1620/880/938 2501/2861/938 2504/880/938
f 820/841/519 2620/1889/519 2624/841/519
f 1268/894/481 3627/1803/481 1261/1802/481
f 2132/2870/368 3551/917/368 3550/2871/368
f 1693/862/939 2356/606/939 2359/862/939
f 821/839/520 2624/841/520 2626/839/520
f 1271/786/484 3648/606/484 1269/606/484
f 2095/1563/372 3520/870/372 3515/1563/372
f 1270/2419/487 3648/1812/487 3699/1811/487
f 2076/864/538 3514/1555/538 3519/864/538
f 1708/2872/940 2508/869/940 2500/2872/940
f 757/2873/524 2401/874/524 2392/2869/524
f 4114/2874/2 4113/2875/2 4112/2876/2
f 4114/2874/2 4112/2876/2 4115/2877/2
f 4121/2878/2 4120/2879/2 4119/2880/2
f 4121/2878/2 4119/2880/2 4118/2881/2
f 4118/2881/2 4117/2882/2 4116/2883/2
f 4118/2881/2 4116/2883/2 4122/2884/2
f 4121/2878/2 4118/2881/2 4122/2884/2
f 4128/2885/2 4127/2886/2 4126/2887/2
f 4128/2885/2 4126/2887/2 4125/2888/2
f 4125/2889/2 4124/2890/2 4123/2891/2
f 4125/2888/2 4123/2892/2 4134/2893/2
f 4128/2885/2 4125/2888/2 4134/2893/2
f 4129/2894/2 4128/2885/2 4134/2893/2
f 4129/2894/2 4134/2893/2 4131/2895/2
f 4131/2895/2 4134/2893/2 4133/2896/2
f 4129/2894/2 4131/2895/2 4130/2897/2
f 4132/2898/2 4131/2895/2 4133/2896/2
f 4140/2899/2 4139/2900/2 4138/2901/2
f 4140/2899/2 4138/2901/2 4137/2902/2
f 4137/2889/2 4136/2890/2 4135/2891/2
f 4137/2902/2 4135/2903/2 4146/2904/2
f 4140/2899/2 4137/2902/2 4146/2904/2
f 4141/2905/2 4140/2899/2 4146/2904/2
f 4141/2905/2 4146/2904/2 4143/2906/2
f 4143/2906/2 4146/2904/2 4145/2907/2
f 4141/2905/2 4143/2906/2 4142/2908/2
f 4144/2909/2 4143/2906/2 4145/2907/2
f 4152/2910/2 4151/2911/2 4150/2912/2
f 4152/2910/2 4150/2912/2 4154/2913/2
f 4155/2914/2 4150/2912/2 4149/2915/2
f 4149/2916/2 4148/2917/2 4147/2891/2
f 4149/2915/2 4147/2918/2 4158/2919/2
f 4159/2920/2 4147/2918/2 4161/2921/2
f 4152/2910/2 4154/2913/2 4153/2922/2
f 4156/2923/2 4155/2914/2 4149/2915/2
f 4149/2915/2 4158/2919/2 4157/2924/2
f 4160/2925/2 4159/2920/2 4161/2921/2
f 4156/2923/2 4149/2915/2 4157/2924/2
f 4167/2926/2 4166/2927/2 4165/2928/2
f 4167/2926/2 4165/2928/2 4169/2929/2
f 4170/2930/2 4165/2928/2 4164/2931/2
f 4164/2916/2 4163/2917/2 4162/2891/2
f 4164/2931/2 4162/2932/2 4173/2933/2
f 4173/2934/2 4162/2891/2 4174/2935/2
f 4174/2936/2 4162/2932/2 4176/2937/2
f 4167/2926/2 4169/2929/2 4168/2938/2
f 4171/2939/2 4170/2930/2 4164/2931/2
f 4164/2931/2 4173/2933/2 4172/2940/2
f 4175/2941/2 4174/2936/2 4176/2937/2
f 4171/2939/2 4164/2931/2 4172/2940/2
f 4178/2942/941 4177/2891/941 4224/2943/941
f 4179/2944/2 4178/2942/2 4224/2943/2
f 4179/2944/2 4224/2943/2 4223/2945/2
f 4180/2946/2 4179/2944/2 4223/2945/2
f 4180/2946/2 4223/2945/2 4222/2947/2
f 4181/2948/2 4180/2946/2 4222/2947/2
f 4181/2948/2 4222/2947/2 4221/2949/2
f 4182/2950/2 4181/2948/2 4221/2949/2
f 4182/2950/2 4221/2949/2 4220/2951/2
f 4183/2952/2 4182/2950/2 4220/2951/2
f 4183/2952/2 4220/2951/2 4219/2953/2
f 4184/2954/2 4183/2952/2 4219/2953/2
f 4184/2954/2 4219/2953/2 4218/2955/2
f 4185/2956/2 4184/2954/2 4218/2955/2
f 4185/2956/2 4218/2955/2 4217/2957/2
f 4186/2958/2 4185/2956/2 4217/2957/2
f 4186/2958/2 4217/2957/2 4216/2959/2
f 4187/2960/2 4186/2958/2 4216/2959/2
f 4187/2960/2 4216/2959/2 4215/2961/2
f 4188/2962/2 4187/2960/2 4215/2961/2
f 4188/2962/2 4215/2961/2 4214/2963/2
f 4188/2962/2 4214/2963/2 4213/2964/2
f 4189/2965/2 4188/2962/2 4213/2964/2
f 4190/2966/2 4189/2965/2 4213/2964/2
f 4190/2966/2 4213/2964/2 4212/2967/2
f 4191/2968/2 4190/2966/2 4212/2967/2
f 4191/2968/2 4212/2967/2 4211/2969/2
f 4192/2970/2 4191/2968/2 4211/2969/2
f 4192/2970/2 4211/2969/2 4210/2971/2
f 4193/2972/2 4192/2970/2 4210/2971/2
f 4193/2972/2 4210/2971/2 4209/2973/2
f 4194/2974/942 4193/2972/942 4209/2973/942
f 4194/2974/2 4209/2973/2 4208/2975/2
f 4195/2976/2 4194/2974/2 4208/2975/2
f 4195/2976/2 4208/2975/2 4207/2977/2
f 4196/2978/2 4195/2976/2 4207/2977/2
f 4196/2978/2 4207/2977/2 4206/2979/2
f 4197/2980/942 4196/2981/942 4206/2982/942
f 4197/2983/2 4206/2979/2 4205/2984/2
f 4198/2985/2 4197/2983/2 4205/2984/2
f 4198/2985/943 4205/2984/943 4204/2986/943
f 4199/2987/2 4198/2985/2 4204/2986/2
f 4199/2987/942 4204/2986/942 4203/2988/942
f 4200/2989/2 4199/2987/2 4203/2988/2
f 4200/2989/942 4203/2988/942 4202/2990/942
f 4201/2991/2 4200/2989/2 4202/2990/2
f 4225/2992/2 4249/2993/2 4250/2994/2
f 4250/2995/2 4249/2996/2 4248/2997/2
f 4250/2995/2 4248/2997/2 4247/2998/2
f 4250/2995/2 4247/2998/2 4246/2999/2
f 4250/2995/2 4246/2999/2 4245/3000/2
f 4250/2995/2 4245/3000/2 4244/3001/2
f 4250/2995/2 4244/3001/2 4243/3002/2
f 4250/2995/942 4243/3002/942 4251/3003/942
f 4251/3003/2 4243/3002/2 4252/3004/2
f 4252/3004/2 4243/3002/2 4242/3005/2
f 4225/2992/2 4250/2994/2 4276/3006/2
f 4253/3007/2 4252/3008/2 4242/3009/2
f 4254/3010/2 4253/3011/2 4242/3005/2
f 4255/3012/2 4254/3013/2 4242/3009/2
f 4255/3014/2 4242/3005/2 4241/3015/2
f 4256/3016/2 4255/3012/2 4241/3017/2
f 4257/3018/2 4256/3016/2 4241/3017/2
f 4257/3019/2 4241/3015/2 4240/3020/2
f 4258/3021/2 4257/3018/2 4240/3022/2
f 4258/3021/2 4240/3022/2 4239/3023/2
f 4259/3024/2 4258/3021/2 4239/3023/2
f 4260/3025/2 4259/3024/2 4239/3023/2
f 4260/3025/2 4239/3023/2 4238/3026/2
f 4261/3027/2 4260/3025/2 4238/3026/2
f 4261/3027/2 4238/3026/2 4237/3028/2
f 4262/3029/2 4261/3027/2 4237/3028/2
f 4262/3029/2 4237/3028/2 4236/3030/2
f 4263/3031/2 4262/3029/2 4236/3030/2
f 4264/3032/2 4263/3031/2 4236/3030/2
f 4264/3032/2 4236/3030/2 4235/3033/2
f 4265/3034/2 4264/3032/2 4235/3033/2
f 4265/3034/2 4235/3033/2 4234/3035/2
f 4266/3036/2 4265/3034/2 4234/3035/2
f 4267/3037/2 4266/3036/2 4234/3035/2
f 4267/3037/2 4234/3035/2 4233/3038/2
f 4268/3039/2 4267/3037/2 4233/3038/2
f 4268/3039/2 4233/3038/2 4232/3040/2
f 4269/3041/2 4268/3039/2 4232/3040/2
f 4270/3042/2 4269/3041/2 4232/3040/2
f 4270/3042/2 4232/3040/2 4231/3043/2
f 4271/3044/2 4270/3045/2 4231/3046/2
f 4271/3047/2 4231/3043/2 4230/3048/2
f 4272/3049/2 4271/3047/2 4230/3048/2
f 4273/3050/2 4230/3048/2 4229/3051/2
f 4274/3052/2 4273/3053/2 4229/3054/2
f 4225/2992/2 4276/3006/2 4275/3055/2
f 4225/2992/2 4275/3055/2 4229/3051/2
f 4225/2992/2 4229/3051/2 4228/3056/2
f 4225/2992/2 4228/3056/2 4227/3057/2
f 4225/2992/2 4227/3057/2 4226/3058/2
f 4278/2942/941 4277/2891/941 4324/2943/941
f 4279/2944/2 4278/2942/2 4324/2943/2
f 4279/2944/2 4324/2943/2 4323/2945/2
f 4280/2946/943 4279/2944/943 4323/2945/943
f 4280/2946/2 4323/2945/2 4322/2947/2
f 4281/2948/942 4280/2946/942 4322/2947/942
f 4281/2948/2 4322/2947/2 4321/2949/2
f 4282/2950/2 4281/2948/2 4321/2949/2
f 4282/2950/2 4321/2949/2 4320/2951/2
f 4283/2952/2 4282/2950/2 4320/2951/2
f 4283/2952/2 4320/2951/2 4319/2953/2
f 4284/2954/2 4283/2952/2 4319/2953/2
f 4284/2954/2 4319/2953/2 4318/2955/2
f 4285/2956/2 4284/2954/2 4318/2955/2
f 4285/2956/2 4318/2955/2 4317/2957/2
f 4286/2958/2 4285/2956/2 4317/2957/2
f 4286/2958/2 4317/2957/2 4316/2959/2
f 4287/2960/2 4286/2958/2 4316/2959/2
f 4287/2960/2 4316/2959/2 4315/2961/2
f 4288/2962/2 4287/2960/2 4315/2961/2
f 4288/2962/2 4315/2961/2 4314/2963/2
f 4288/2962/2 4314/2963/2 4313/2964/2
f 4289/2965/2 4288/2962/2 4313/2964/2
f 4290/2966/2 4289/2965/2 4313/2964/2
f 4290/2966/2 4313/2964/2 4312/2967/2
f 4291/2968/2 4290/2966/2 4312/2967/2
f 4291/2968/2 4312/2967/2 4311/2969/2
f 4292/2970/2 4291/2968/2 4311/2969/2
f 4292/2970/2 4311/2969/2 4310/2971/2
f 4293/2972/2 4292/2970/2 4310/2971/2
f 4293/2972/2 4310/2971/2 4309/2973/2
f 4294/2974/2 4293/2972/2 4309/2973/2
f 4294/2974/2 4309/2973/2 4308/2975/2
f 4295/3059/2 4294/3060/2 4308/3061/2
f 4295/2976/2 4308/2975/2 4307/2977/2
f 4296/2978/2 4295/2976/2 4307/2977/2
f 4296/2978/2 4307/2977/2 4306/2979/2
f 4297/2983/2 4296/2978/2 4306/2979/2
f 4297/2983/2 4306/2979/2 4305/2984/2
f 4298/2985/2 4297/2983/2 4305/2984/2
f 4298/2985/2 4305/2984/2 4304/2986/2
f 4299/2987/2 4298/2985/2 4304/2986/2
f 4299/3062/942 4304/3063/942 4303/3064/942
f 4300/2989/2 4299/2987/2 4303/2988/2
f 4300/2989/2 4303/2988/2 4302/2990/2
f 4301/2991/2 4300/2989/2 4302/2990/2
f 4327/3065/2 4326/3066/2 4325/3067/2
f 4327/3065/2 4325/3067/2 4333/3068/2
f 4333/3068/2 4325/3067/2 4332/3069/2
f 4327/3065/2 4333/3068/2 4335/3070/2
f 4334/3071/2 4333/3068/2 4332/3069/2
f 4327/3065/2 4335/3070/2 4329/3072/2
f 4329/3072/2 4335/3070/2 4334/3071/2
f 4329/3072/2 4334/3071/2 4330/3073/2
f 4330/3073/2 4334/3071/2 4332/3069/2
f 4327/3065/2 4329/3072/2 4328/3074/2
f 4331/3075/2 4330/3073/2 4332/3069/2
f 4338/3076/2 4337/3077/2 4336/2891/2
f 4338/3078/2 4336/3079/2 4344/3080/2
f 4344/3080/2 4336/3079/2 4343/3081/2
f 4338/3078/2 4344/3080/2 4346/3082/2
f 4345/3083/2 4344/3080/2 4343/3081/2
f 4338/3078/2 4346/3082/2 4340/3084/2
f 4340/3084/2 4346/3082/2 4345/3083/2
f 4340/3084/2 4345/3083/2 4341/3085/2
f 4341/3085/2 4345/3083/2 4343/3081/2
f 4338/3078/2 4340/3084/2 4339/3086/2
f 4342/3087/2 4341/3085/2 4343/3081/2
f 4347/3088/2 4373/3089/2 4374/3090/2
f 4374/3090/2 4373/3089/2 4372/3091/2
f 4374/3090/2 4372/3091/2 4371/3092/2
f 4374/3090/2 4371/3092/2 4370/3093/2
f 4374/3090/2 4370/3093/2 4369/3094/2
f 4374/3090/2 4369/3094/2 4368/3095/2
f 4374/3090/2 4368/3095/2 4367/3096/2
f 4374/3090/943 4367/3096/943 4375/3097/943
f 4375/3097/2 4367/3096/2 4376/3098/2
f 4376/3098/2 4367/3096/2 4366/3099/2
f 4347/3088/2 4374/3090/2 4400/3100/2
f 4377/3011/2 4376/3004/2 4366/3005/2
f 4378/3010/2 4377/3011/2 4366/3005/2
f 4379/3014/2 4378/3010/2 4366/3005/2
f 4379/3101/2 4366/3099/2 4365/3102/2
f 4380/3103/2 4379/3014/2 4365/3015/2
f 4381/3019/2 4380/3103/2 4365/3015/2
f 4381/3104/2 4365/3102/2 4364/3105/2
f 4382/3106/2 4381/3019/2 4364/3020/2
f 4382/3107/2 4364/3105/2 4363/3108/2
f 4383/3109/2 4382/3106/2 4363/3110/2
f 4384/3111/2 4383/3112/2 4363/3108/2
f 4384/3111/2 4363/3108/2 4362/3113/2
f 4385/3114/2 4384/3115/2 4362/3116/2
f 4385/3117/2 4362/3113/2 4361/3118/2
f 4386/3119/2 4385/3114/2 4361/3120/2
f 4386/3121/2 4361/3118/2 4360/3122/2
f 4387/3123/2 4386/3121/2 4360/3122/2
f 4388/3124/2 4387/3125/2 4360/3126/2
f 4388/3127/2 4360/3122/2 4359/3128/2
f 4389/3129/2 4388/3124/2 4359/3130/2
f 4389/3131/2 4359/3128/2 4358/3132/2
f 4390/3133/2 4389/3131/2 4358/3132/2
f 4391/3134/2 4390/3135/2 4358/3136/2
f 4391/3137/2 4358/3132/2 4357/3138/2
f 4392/3139/2 4357/3138/2 4356/3140/2
f 4394/3141/2 4393/3142/2 4356/3140/2
f 4394/3141/2 4356/3140/2 4355/3143/2
f 4395/3144/2 4355/3143/2 4354/3145/2
f 4396/3146/2 4395/3044/2 4354/3147/2
f 4397/3148/2 4354/3145/2 4353/3149/2
f 4398/3150/2 4397/3148/2 4353/3149/2
f 4399/3151/2 4398/3052/2 4353/3054/2
f 4347/3088/2 4400/3100/2 4399/3152/2
f 4347/3088/2 4399/3152/2 4353/3149/2
f 4347/3088/2 4353/3149/2 4352/3153/2
f 4347/3088/2 4352/3153/2 4351/3154/2
f 4347/3088/2 4351/3154/2 4350/3155/2
f 4347/3088/2 4349/3156/2 4348/3157/2
f 4403/3158/2 4402/3159/2 4401/3160/2
f 4403/3158/2 4401/3160/2 4409/3161/2
f 4409/3161/2 4401/3160/2 4408/3162/2
f 4403/3158/2 4409/3161/2 4411/3163/2
f 4410/3164/2 4409/3161/2 4408/3162/2
f 4403/3158/2 4411/3163/2 4405/3165/2
f 4405/3165/2 4411/3163/2 4410/3164/2
f 4405/3165/2 4410/3164/2 4406/3166/2
f 4406/3166/2 4410/3164/2 4408/3162/2
f 4403/3158/2 4405/3165/2 4404/3167/2
f 4407/3168/2 4406/3166/2 4408/3162/2
f 4414/3169/2 4413/3170/2 4412/3171/2
f 4414/3169/2 4412/3171/2 4419/3172/2
f 4416/3173/2 4415/3174/2 4418/3175/2
f 4416/3173/2 4418/3175/2 4417/3176/2
f 4422/3177/2 4421/3178/2 4420/3179/2
f 4422/3177/2 4420/3179/2 4427/3180/2
f 4424/3181/2 4423/3182/2 4426/3183/2
f 4424/3181/2 4426/3183/2 4425/3184/2
f 4430/3185/2 4429/3186/2 4438/3187/2
f 4438/3187/2 4429/3186/2 4428/3188/2
f 4438/3187/2 4428/3188/2 4439/3189/2
f 4430/3185/2 4438/3187/2 4437/3190/2
f 4430/3185/2 4437/3190/2 4434/3191/2
f 4434/3191/2 4437/3190/2 4436/3192/2
f 4434/3191/2 4436/3192/2 4435/3193/2
f 4430/3185/2 4434/3191/2 4433/3194/2
f 4430/3185/2 4433/3194/2 4432/3195/2
f 4430/3185/2 4432/3195/2 4431/3196/2
f 4441/3197/2 4440/3198/2 4506/3199/2
f 4506/3199/2 4440/3198/2 4505/3200/2
f 4506/3199/2 4505/3200/2 4504/3201/2
f 4506/3199/2 4504/3201/2 4503/3202/2
f 4506/3199/2 4503/3202/2 4502/3203/2
f 4506/3199/2 4502/3203/2 4501/3204/2
f 4506/3199/2 4501/3204/2 4500/3205/2
f 4506/3199/2 4500/3205/2 4499/3206/2
f 4506/3199/2 4499/3206/2 4498/3207/2
f 4506/3208/2 4498/3209/2 4507/3210/2
f 4507/3211/2 4498/3207/2 4497/3212/2
f 4441/3197/2 4506/3199/2 4532/3213/2
f 4508/3214/2 4507/3210/2 4497/3215/2
f 4509/3216/2 4508/3214/2 4497/3215/2
f 4510/3217/2 4509/3216/2 4497/3215/2
f 4510/3218/2 4497/3212/2 4496/3219/2
f 4511/3220/2 4510/3218/2 4496/3219/2
f 4512/3221/2 4511/3222/2 4496/3223/2
f 4513/3224/2 4512/3221/2 4496/3223/2
f 4513/3225/2 4496/3219/2 4495/3226/2
f 4514/3227/2 4513/3224/2 4495/3228/2
f 4515/3229/2 4514/3230/2 4495/3226/2
f 4516/3231/2 4515/3229/2 4495/3226/2
f 4516/3231/2 4495/3226/2 4494/3232/2
f 4517/3233/2 4516/3231/2 4494/3232/2
f 4518/3234/2 4517/3235/2 4494/3236/2
f 4518/3237/2 4494/3232/2 4493/3238/2
f 4519/3239/2 4518/3237/2 4493/3238/2
f 4520/3240/2 4519/3241/2 4493/3242/2
f 4520/3243/2 4493/3238/2 4492/3244/2
f 4521/3245/2 4520/3240/2 4492/3246/2
f 4521/3247/2 4492/3244/2 4491/3248/2
f 4522/3249/2 4521/3245/2 4491/3250/2
f 4523/3251/2 4522/3249/2 4491/3250/2
f 4523/3252/2 4491/3248/2 4490/3253/2
f 4524/3254/2 4523/3251/2 4490/3255/2
f 4524/3256/2 4490/3253/2 4489/3257/2
f 4525/3258/2 4524/3254/2 4489/3259/2
f 4525/3260/2 4489/3257/2 4488/3261/2
f 4526/3262/2 4525/3260/2 4488/3261/2
f 4527/3263/2 4526/3264/2 4488/3265/2
f 4527/3266/2 4488/3261/2 4487/3267/2
f 4528/3268/2 4527/3266/2 4487/3267/2
f 4529/3269/2 4528/3270/2 4487/3271/2
f 4529/3272/2 4487/3267/2 4486/3273/2
f 4530/3274/2 4529/3269/2 4486/3275/2
f 4531/3276/942 4530/3277/942 4486/3273/942
f 4441/3197/2 4532/3213/2 4443/3278/2
f 4443/3278/2 4532/3213/2 4531/3276/2
f 4443/3278/2 4531/3276/2 4486/3273/2
f 4443/3278/2 4486/3273/2 4485/3279/2
f 4443/3278/2 4485/3279/2 4484/3280/2
f 4443/3278/2 4484/3280/2 4483/3281/2
f 4443/3278/2 4483/3281/2 4482/3282/2
f 4443/3278/2 4482/3282/2 4481/3283/2
f 4443/3278/2 4481/3283/2 4480/3284/2
f 4443/3278/2 4480/3284/2 4479/3285/2
f 4443/3286/944 4479/3287/944 4444/3288/944
f 4444/3288/941 4479/3287/941 4445/3289/941
f 4445/3290/2 4479/3285/2 4478/3291/2
f 4441/3197/2 4443/3278/2 4442/3292/2
f 4446/3293/2 4445/3289/2 4478/3294/2
f 4447/3295/2 4446/3296/2 4478/3291/2
f 4448/3297/2 4447/3295/2 4478/3291/2
f 4448/3298/2 4478/3294/2 4477/3299/2
f 4449/3300/2 4448/3298/2 4477/3299/2
f 4450/3301/2 4449/3302/2 4477/3303/2
f 4450/3301/2 4477/3303/2 4476/3304/2
f 4451/3305/2 4450/3306/2 4476/3307/2
f 4451/3308/2 4476/3304/2 4475/3309/2
f 4452/3310/2 4451/3305/2 4475/3311/2
f 4452/3312/2 4475/3309/2 4474/3313/2
f 4453/3314/2 4452/3310/2 4474/3315/2
f 4453/3316/2 4474/3313/2 4473/3317/2
f 4454/3318/2 4453/3314/2 4473/3319/2
f 4454/3320/2 4473/3317/2 4472/3321/2
f 4455/3322/2 4454/3320/2 4472/3321/2
f 4455/3322/2 4472/3321/2 4471/3323/2
f 4455/3322/2 4471/3323/2 4470/3324/2
f 4456/3325/2 4455/3322/2 4470/3324/2
f 4456/3325/2 4470/3324/2 4469/3326/2
f 4457/3327/2 4456/3325/2 4469/3326/2
f 4457/3327/2 4469/3326/2 4468/3328/2
f 4457/3327/2 4468/3328/2 4467/3329/2
f 4457/3327/2 4467/3329/2 4466/3330/2
f 4457/3327/2 4466/3330/2 4465/3331/2
f 4457/3327/2 4465/3331/2 4464/3332/2
f 4457/3327/2 4464/3332/2 4463/3333/2
f 4457/3334/2 4463/3335/2 4462/3336/2
f 4457/3327/2 4462/3337/2 4461/3338/2
f 4457/3327/2 4461/3338/2 4460/3339/2
f 4457/3327/2 4460/3339/2 4459/3340/2
f 4457/3327/2 4459/3340/2 4458/3341/2
f 4535/3342/2 4534/3343/2 4543/3344/2
f 4543/3344/2 4534/3343/2 4533/3345/2
f 4543/3344/2 4533/3345/2 4544/3346/2
f 4535/3342/2 4543/3344/2 4542/3347/2
f 4535/3342/2 4542/3347/2 4539/3348/2
f 4539/3348/2 4542/3347/2 4541/3349/2
f 4539/3348/2 4541/3349/2 4540/3350/2
f 4535/3342/2 4539/3348/2 4538/3351/2
f 4535/3342/2 4538/3351/2 4537/3352/2
f 4535/3342/2 4537/3352/2 4536/3353/2
f 4598/3354/2 4597/3355/2 4596/3356/2
f 4598/3354/2 4596/3356/2 4595/3357/2
f 4547/3358/2 4546/3359/2 4545/3360/2
f 4547/3358/2 4545/3360/2 4622/3361/2
f 4548/3362/2 4547/3358/2 4622/3361/2
f 4598/3354/2 4595/3357/2 4594/3363/2
f 4549/3364/2 4548/3365/2 4622/2943/2
f 4549/3366/2 4622/3361/2 4621/3367/2
f 4598/3354/2 4594/3363/2 4593/3368/2
f 4599/3369/2 4598/3354/2 4593/3368/2
f 4550/3370/2 4549/3366/2 4621/3367/2
f 4599/3369/2 4593/3368/2 4592/3371/2
f 4599/3369/2 4592/3371/2 4591/3372/2
f 4551/3373/2 4621/3367/2 4620/3374/2
f 4552/3375/2 4551/3373/2 4620/3374/2
f 4599/3369/2 4591/3372/2 4590/3376/2
f 4600/3377/2 4599/3369/2 4590/3376/2
f 4553/3378/2 4552/2890/2 4620/3379/2
f 4600/3377/2 4590/3376/2 4589/3380/2
f 4554/3381/2 4553/3378/2 4620/3379/2
f 4600/3377/2 4589/3380/2 4588/3382/2
f 4554/3383/2 4620/3374/2 4619/3384/2
f 4555/3385/2 4554/3383/2 4619/3384/2
f 4600/3386/2 4588/3387/2 4587/3388/2
f 4556/2916/2 4555/3389/2 4619/3390/2
f 4601/3391/2 4600/3377/2 4587/3392/2
f 4601/3391/2 4587/3392/2 4586/3393/2
f 4557/3394/2 4556/2916/2 4619/3390/2
f 4601/3391/2 4586/3393/2 4585/3395/2
f 4601/3391/2 4585/3395/2 4584/3396/2
f 4558/3397/2 4619/3384/2 4618/3398/2
f 4601/3399/2 4584/3400/2 4583/3401/2
f 4602/3402/2 4601/3391/2 4582/3403/2
f 4560/3404/2 4559/2889/2 4618/3405/2
f 4602/3402/2 4582/3403/2 4581/3406/2
f 4561/3407/2 4560/3404/2 4618/3405/2
f 4561/3408/2 4618/3398/2 4617/3409/2
f 4602/3402/2 4581/3406/2 4580/3410/2
f 4562/3411/2 4561/3407/2 4617/3412/2
f 4602/3413/2 4580/3414/2 4579/3415/2
f 4564/3416/2 4563/3417/2 4617/3409/2
f 4602/3402/2 4579/3418/2 4578/3419/2
f 4603/3420/2 4602/3402/2 4578/3419/2
f 4603/3420/2 4578/3419/2 4577/3421/2
f 4566/3422/2 4565/3423/2 4617/3412/2
f 4603/3420/2 4577/3421/2 4576/3424/2
f 4566/3425/2 4617/3409/2 4616/3426/2
f 4567/3427/2 4566/3425/2 4616/3426/2
f 4603/3420/2 4576/3424/2 4575/3428/2
f 4568/3429/2 4567/3430/2 4616/3431/2
f 4603/3420/2 4575/3428/2 4574/3432/2
f 4569/3433/2 4568/3434/2 4616/3426/2
f 4603/3435/2 4574/3436/2 4573/3437/2
f 4570/3438/943 4569/3439/943 4616/3431/943
f 4603/3435/2 4573/3437/2 4572/3440/2
f 4603/3435/945 4572/3440/945 4571/3441/945
f 4603/3420/2 4571/3442/2 4616/3426/2
f 4604/3443/2 4603/3420/2 4616/3426/2
f 4604/3443/2 4616/3426/2 4615/3444/2
f 4605/3445/2 4604/3443/2 4615/3444/2
f 4605/3445/2 4615/3444/2 4614/3446/2
f 4606/3447/2 4605/3445/2 4614/3446/2
f 4606/3447/2 4614/3446/2 4613/3448/2
f 4607/3449/2 4606/3447/2 4613/3448/2
f 4607/3450/2 4613/3451/2 4612/3452/2
f 4608/3453/2 4607/3449/2 4612/3454/2
f 4608/3453/2 4612/3454/2 4611/3455/2
f 4609/3456/942 4608/3457/942 4611/2935/942
f 4609/3456/2 4611/2935/2 4610/3458/2
f 4625/3459/2 4624/3460/2 4631/3461/2
f 4631/3461/2 4624/3460/2 4623/3462/2
f 4631/3461/2 4623/3462/2 4632/3463/2
f 4625/3459/2 4631/3461/2 4630/3464/2
f 4625/3459/2 4630/3464/2 4627/3465/2
f 4627/3465/2 4630/3464/2 4629/3466/2
f 4627/3465/2 4629/3466/2 4628/3467/2
f 4625/3459/2 4627/3465/2 4626/3468/2
f 4635/3469/2 4634/3470/2 4633/3471/2
f 4635/3469/2 4633/3471/2 4641/3472/2
f 4641/3472/2 4633/3471/2 4640/3473/2
f 4635/3469/2 4641/3472/2 4643/3474/2
f 4642/3475/2 4641/3472/2 4640/3473/2
f 4635/3469/2 4643/3474/2 4637/3476/2
f 4637/3476/2 4643/3474/2 4642/3475/2
f 4637/3476/2 4642/3475/2 4638/3477/2
f 4638/3477/2 4642/3475/2 4640/3473/2
f 4635/3469/2 4637/3476/2 4636/3478/2
f 4639/3479/2 4638/3477/2 4640/3473/2
f 4646/3480/2 4645/3481/2 4644/3482/2
f 4646/3480/2 4644/3482/2 4649/3483/2
f 4646/3480/2 4649/3483/2 4648/3484/2
f 4646/3480/2 4648/3484/2 4647/3485/2
f 4652/3486/2 4651/3487/2 4650/3488/2
f 4652/3486/2 4650/3488/2 4655/3489/2
f 4652/3486/2 4655/3489/2 4654/3490/2
f 4652/3486/2 4654/3490/2 4653/3491/2
f 4658/3492/2 4657/3493/2 4666/3494/2
f 4666/3494/2 4657/3493/2 4656/3495/2
f 4666/3494/2 4656/3495/2 4667/3496/2
f 4658/3492/2 4666/3494/2 4665/3497/2
f 4658/3492/2 4665/3497/2 4662/3498/2
f 4662/3498/2 4665/3497/2 4664/3499/2
f 4662/3498/2 4664/3499/2 4663/3500/2
f 4658/3492/2 4662/3498/2 4661/3501/2
f 4658/3492/2 4661/3501/2 4660/3502/2
f 4658/3492/2 4660/3502/2 4659/3503/2
f 4669/3504/2 4668/3505/2 4696/3506/2
f 4696/3506/2 4668/3505/2 4695/3507/2
f 4696/3506/2 4695/3507/2 4694/3508/2
f 4696/3506/2 4694/3508/2 4693/3509/2
f 4696/3506/2 4693/3509/2 4692/3510/2
f 4696/3506/2 4692/3510/2 4691/3511/2
f 4696/3506/2 4691/3511/2 4690/3512/2
f 4696/3506/2 4690/3512/2 4689/3513/2
f 4696/3506/2 4689/3513/2 4688/3514/2
f 4696/3506/2 4688/3514/2 4697/3515/2
f 4697/3515/2 4688/3514/2 4687/3516/2
f 4669/3504/2 4696/3506/2 4722/3517/2
f 4698/3518/946 4697/3388/946 4687/3437/946
f 4699/3519/2 4698/3518/2 4687/3437/2
f 4700/3520/2 4699/3519/2 4687/3437/2
f 4700/3521/2 4687/3516/2 4686/3522/2
f 4701/3523/943 4700/3520/943 4686/3524/943
f 4702/3525/2 4701/3526/2 4686/3522/2
f 4703/3527/2 4702/3525/2 4686/3522/2
f 4703/3527/2 4686/3522/2 4685/3528/2
f 4704/3529/2 4703/3527/2 4685/3528/2
f 4705/3530/2 4704/3529/2 4685/3528/2
f 4706/3531/2 4705/3530/2 4685/3528/2
f 4706/3531/2 4685/3528/2 4684/3532/2
f 4707/3533/2 4706/3531/2 4684/3532/2
f 4708/3534/2 4707/3533/2 4684/3532/2
f 4708/3534/2 4684/3532/2 4683/3535/2
f 4709/3536/2 4708/3534/2 4683/3535/2
f 4710/3537/2 4709/3536/2 4683/3535/2
f 4710/3537/2 4683/3535/2 4682/3538/2
f 4711/3539/2 4710/3537/2 4682/3538/2
f 4711/3539/2 4682/3538/2 4681/3540/2
f 4712/3541/2 4711/3539/2 4681/3540/2
f 4713/3542/2 4712/3457/2 4681/3543/2
f 4713/3544/2 4681/3540/2 4680/3545/2
f 4714/3546/2 4713/3544/2 4680/3545/2
f 4715/3547/2 4714/3548/2 4680/3549/2
f 4715/3550/2 4680/3545/2 4679/3551/2
f 4716/3552/2 4715/3550/2 4679/3551/2
f 4717/3553/2 4716/3552/2 4679/3551/2
f 4718/3554/2 4717/3553/2 4679/3551/2
f 4719/3555/943 4718/3556/943 4679/3557/943
f 4719/3558/2 4679/3551/2 4678/3559/2
f 4720/3560/2 4719/3558/2 4678/3559/2
f 4721/3561/2 4720/3560/2 4678/3559/2
f 4669/3504/2 4722/3517/2 4671/3562/2
f 4671/3562/2 4722/3517/2 4721/3561/2
f 4671/3562/2 4721/3561/2 4678/3559/2
f 4671/3562/2 4678/3559/2 4677/3563/2
f 4671/3562/2 4677/3563/2 4676/3564/2
f 4671/3562/2 4676/3564/2 4675/3565/2
f 4671/3562/2 4675/3565/2 4674/3566/2
f 4671/3562/2 4674/3566/2 4673/3567/2
f 4671/3568/2 4673/3569/2 4672/2890/2
f 4669/3504/2 4671/3562/2 4670/3570/2
f 4724/3571/2 4723/3572/2 4751/3573/2
f 4751/3573/2 4723/3572/2 4750/3574/2
f 4751/3573/2 4750/3574/2 4749/3575/2
f 4751/3573/2 4749/3575/2 4748/3576/2
f 4751/3573/2 4748/3576/2 4747/3577/2
f 4751/3573/2 4747/3577/2 4746/3578/2
f 4751/3573/2 4746/3578/2 4745/3579/2
f 4751/3573/2 4745/3579/2 4744/3580/2
f 4751/3573/2 4744/3580/2 4743/3581/2
f 4751/3573/2 4743/3581/2 4752/3582/2
f 4752/3582/2 4743/3581/2 4742/3583/2
f 4724/3571/2 4751/3573/2 4777/3584/2
f 4753/3518/2 4752/3388/2 4742/3437/2
f 4754/3519/2 4753/3518/2 4742/3437/2
f 4755/3520/2 4754/3519/2 4742/3437/2
f 4755/3585/2 4742/3583/2 4741/3586/2
f 4756/3587/943 4755/3585/943 4741/3586/943
f 4757/3588/2 4756/3587/2 4741/3586/2
f 4758/3589/2 4757/3588/2 4741/3586/2
f 4758/3589/2 4741/3586/2 4740/3590/2
f 4759/3591/2 4758/3589/2 4740/3590/2
f 4760/3592/2 4759/3591/2 4740/3590/2
f 4761/3593/2 4760/3592/2 4740/3590/2
f 4761/3593/2 4740/3590/2 4739/3594/2
f 4762/3399/2 4761/3595/2 4739/3596/2
f 4763/3597/2 4762/3598/2 4739/3594/2
f 4763/3597/2 4739/3594/2 4738/3599/2
f 4764/3600/2 4763/3597/2 4738/3599/2
f 4765/3601/2 4764/3600/2 4738/3599/2
f 4765/3601/2 4738/3599/2 4737/3602/2
f 4766/3603/2 4765/3601/2 4737/3602/2
f 4766/3603/2 4737/3602/2 4736/3604/2
f 4767/3605/2 4766/3603/2 4736/3604/2
f 4768/3542/2 4767/3457/2 4736/3543/2
f 4768/3606/2 4736/3604/2 4735/3607/2
f 4769/3608/2 4768/3606/2 4735/3607/2
f 4770/3547/2 4769/3548/2 4735/3549/2
f 4770/3609/2 4735/3607/2 4734/3610/2
f 4771/3611/2 4770/3609/2 4734/3610/2
f 4772/3612/2 4771/3611/2 4734/3610/2
f 4773/3613/2 4772/3612/2 4734/3610/2
f 4774/3555/2 4773/3556/2 4734/3557/2
f 4774/3614/2 4734/3610/2 4733/3615/2
f 4775/3616/2 4774/3614/2 4733/3615/2
f 4776/3617/942 4775/3616/942 4733/3615/942
f 4724/3571/2 4777/3584/2 4726/3618/2
f 4726/3618/2 4777/3584/2 4776/3617/2
f 4726/3618/2 4776/3617/2 4733/3615/2
f 4726/3618/2 4733/3615/2 4732/3619/2
f 4726/3618/2 4732/3619/2 4731/3620/2
f 4726/3618/2 4731/3620/2 4730/3621/2
f 4726/3618/2 4730/3621/2 4729/3622/2
f 4726/3568/2 4729/3623/2 4728/3569/2
f 4726/3568/2 4728/3569/2 4727/2890/2
f 4724/3571/2 4726/3618/2 4725/3624/2
f 4780/3625/2 4779/3626/2 4778/3627/2
f 4780/3625/2 4778/3627/2 4786/3628/2
f 4786/3628/2 4778/3627/2 4785/3629/2
f 4780/3625/2 4786/3628/2 4788/3630/2
f 4787/3631/2 4786/3628/2 4785/3629/2
f 4780/3625/2 4788/3630/2 4782/3632/2
f 4782/3632/2 4788/3630/2 4787/3631/2
f 4782/3632/2 4787/3631/2 4783/3633/2
f 4783/3633/2 4787/3631/2 4785/3629/2
f 4780/3625/2 4782/3632/2 4781/3634/2
f 4784/3635/2 4783/3633/2 4785/3629/2
f 4802/3636/943 4801/3637/943 4800/3638/943
f 4802/3636/2 4800/3638/2 4799/3639/2
f 4802/3636/942 4799/3639/942 4798/3640/942
f 4803/3641/2 4802/3642/2 4798/3643/2
f 4803/3641/2 4798/3643/2 4797/3644/2
f 4803/3645/2 4797/3646/2 4796/3647/2
f 4803/3645/2 4796/3647/2 4795/3648/2
f 4804/3649/2 4803/3641/2 4795/3650/2
f 4804/3649/2 4795/3650/2 4794/3651/2
f 4804/3649/2 4794/3651/2 4793/3652/2
f 4804/3653/2 4793/3654/2 4792/3655/2
f 4805/3656/2 4804/3649/2 4792/3657/2
f 4805/3656/2 4792/3657/2 4791/3658/2
f 4805/3656/2 4791/3658/2 4790/3659/2
f 4805/3660/2 4790/3661/2 4789/2891/2
f 4806/3662/2 4805/3656/2 4789/3663/2
f 4806/3662/2 4789/3663/2 4873/3664/2
f 4873/3664/2 4789/3663/2 4874/3665/2
f 4874/3665/2 4789/3663/2 4875/3666/2
f 4875/3666/2 4789/3663/2 4876/3667/2
f 4876/3667/2 4789/3663/2 4877/3668/2
f 4877/3668/2 4789/3663/2 4878/3669/2
f 4878/3669/2 4789/3663/2 4879/3670/2
f 4879/3670/2 4789/3663/2 4880/3671/2
f 4880/3671/2 4789/3663/2 4881/3672/2
f 4881/3673/2 4789/2891/2 4882/3674/2
f 4882/3674/2 4789/2891/2 4883/2943/2
f 4807/3675/2 4806/3662/2 4871/3676/2
f 4871/3677/2 4806/3678/2 4872/3679/2
f 4807/3680/2 4870/3681/2 4869/3682/2
f 4808/3683/2 4807/3675/2 4869/3684/2
f 4808/3683/2 4869/3684/2 4868/3685/2
f 4808/3686/2 4868/3687/2 4867/3688/2
f 4809/3689/2 4808/3683/2 4867/3690/2
f 4809/3689/2 4867/3690/2 4866/3691/2
f 4809/3689/2 4866/3691/2 4865/3692/2
f 4810/3693/2 4809/3689/2 4865/3692/2
f 4810/3693/2 4865/3692/2 4864/3694/2
f 4811/3695/2 4810/3693/2 4864/3694/2
f 4811/3695/2 4864/3694/2 4863/3696/2
f 4811/3695/2 4863/3696/2 4862/3697/2
f 4812/3698/2 4811/3695/2 4862/3697/2
f 4812/3698/2 4862/3697/2 4861/3699/2
f 4813/3700/2 4812/3698/2 4861/3699/2
f 4813/3700/2 4861/3699/2 4860/3701/2
f 4813/3700/2 4860/3701/2 4859/3702/2
f 4814/3703/2 4813/3700/2 4859/3702/2
f 4814/3703/2 4859/3702/2 4858/3704/2
f 4815/3705/2 4814/3703/2 4858/3704/2
f 4815/3705/2 4858/3704/2 4857/3706/2
f 4816/3707/2 4815/3705/2 4857/3706/2
f 4816/3707/2 4857/3706/2 4856/3708/2
f 4817/3709/2 4816/3707/2 4856/3708/2
f 4817/3709/2 4856/3708/2 4855/3710/2
f 4818/3711/2 4817/3709/2 4855/3710/2
f 4818/3711/2 4855/3710/2 4854/3712/2
f 4837/3713/2 4836/3714/2 4835/3715/2
f 4818/3716/2 4854/3717/2 4853/3718/2
f 4838/3719/2 4837/3713/2 4835/3715/2
f 4819/3720/2 4818/3711/2 4853/3721/2
f 4839/3722/2 4838/3723/2 4835/3724/2
f 4819/3720/2 4853/3721/2 4852/3725/2
f 4840/3726/2 4839/3722/2 4835/3724/2
f 4841/3727/2 4840/3726/2 4835/3724/2
f 4819/3728/2 4852/3729/2 4851/3730/2
f 4842/3731/2 4841/3727/2 4835/3724/2
f 4820/3732/2 4819/3720/2 4851/3733/2
f 4843/3734/2 4842/3731/2 4835/3724/2
f 4820/3732/2 4851/3733/2 4850/3735/2
f 4844/3736/2 4843/3734/2 4835/3724/2
f 4845/3737/2 4844/3736/2 4835/3724/2
f 4820/3732/2 4850/3735/2 4849/3738/2
f 4846/3739/2 4845/3737/2 4835/3724/2
f 4847/3740/2 4846/3739/2 4835/3724/2
f 4848/3741/942 4847/3740/942 4835/3724/942
f 4820/3732/2 4848/3741/2 4835/3724/2
f 4821/3742/2 4820/3732/2 4835/3724/2
f 4822/3743/2 4821/3742/2 4834/3744/2
f 4822/3743/2 4834/3744/2 4833/3745/2
f 4822/3743/2 4833/3745/2 4832/3746/2
f 4822/3747/2 4832/3748/2 4831/3749/2
f 4823/3750/2 4822/3743/2 4831/3751/2
f 4823/3750/2 4831/3751/2 4830/3752/2
f 4823/3753/2 4830/3754/2 4829/3755/2
f 4824/3756/2 4823/3750/2 4828/3757/2
f 4824/3758/942 4827/3759/942 4826/3760/942
f 4825/3761/2 4824/3758/2 4826/3760/2
f 4886/3762/2 4885/3763/2 4884/3764/2
f 4886/3762/2 4884/3764/2 4892/3765/2
f 4892/3765/2 4884/3764/2 4891/3766/2
f 4886/3762/2 4892/3765/2 4894/3767/2
f 4893/3768/2 4892/3765/2 4891/3766/2
f 4886/3762/2 4894/3767/2 4888/3769/2
f 4888/3769/2 4894/3767/2 4893/3768/2
f 4888/3769/2 4893/3768/2 4889/3770/2
f 4889/3770/2 4893/3768/2 4891/3766/2
f 4886/3762/2 4888/3769/2 4887/3771/2
f 4890/3772/2 4889/3770/2 4891/3766/2
f 4897/3773/2 4896/3774/2 4895/3775/2
f 4897/3773/2 4895/3775/2 4902/3776/2
f 4899/3777/2 4898/3778/2 4901/3779/2
f 4899/3777/2 4901/3779/2 4900/3780/2
f 4916/3781/2 4915/3782/2 4914/2890/2
f 4916/3781/943 4914/2890/943 4913/3783/943
f 4916/3781/942 4913/3783/942 4912/3784/942
f 4917/3785/2 4916/3781/2 4912/3784/2
f 4917/3785/2 4912/3784/2 4911/3786/2
f 4917/3787/2 4911/3788/2 4910/3789/2
f 4918/3790/2 4917/3785/2 4910/3791/2
f 4918/3790/2 4910/3791/2 4909/3792/2
f 4918/3790/2 4909/3792/2 4908/3793/2
f 4919/3794/2 4918/3790/2 4908/3793/2
f 4919/3794/2 4908/3793/2 4907/3795/2
f 4919/3796/2 4907/3797/2 4906/3798/2
f 4920/3799/2 4919/3796/2 4906/3798/2
f 4920/3800/2 4906/3801/2 4905/3802/2
f 4920/3800/2 4905/3802/2 4904/3803/2
f 4921/3804/2 4920/3799/2 4904/3805/2
f 4921/3806/2 4904/3803/2 4903/2891/2
f 4921/3804/2 4903/3807/2 5016/3808/2
f 5016/3808/2 4903/3807/2 5017/3809/2
f 5017/3809/2 4903/3807/2 5018/3810/2
f 5018/3811/2 4903/2891/2 5019/3812/2
f 5019/3813/2 4903/3807/2 5020/3814/2
f 5020/3815/2 4903/2891/2 5021/3816/2
f 5021/3816/2 4903/2891/2 5022/3817/2
f 5022/3817/2 4903/2891/2 5023/3818/2
f 5023/3818/2 4903/2891/2 5024/2943/2
f 4922/3819/2 4921/3804/2 5014/3820/2
f 5014/3821/944 4921/3806/944 5015/3822/944
f 5015/3822/2 4921/3806/2 5016/3823/2
f 4923/3824/2 4922/3819/2 5012/3825/2
f 5012/3826/2 4922/3827/2 5013/3828/2
f 5013/3828/2 4922/3827/2 5014/3821/2
f 4924/3829/2 4923/3824/2 5011/3830/2
f 5011/3831/2 4923/3832/2 5012/3826/2
f 4924/3833/945 5011/3831/945 5010/3834/945
f 4924/3833/2 5010/3834/2 5009/3835/2
f 4924/3833/943 5009/3835/943 5008/3836/943
f 4924/3833/2 5008/3836/2 5007/3837/2
f 4924/3833/2 5007/3837/2 5006/3838/2
f 4925/3839/2 4924/3829/2 5006/3840/2
f 4925/2889/2 5006/3838/2 5005/3841/2
f 4925/3839/2 5005/3842/2 5004/3843/2
f 4925/2889/2 5004/3844/2 5003/3845/2
f 4926/3846/2 4925/3839/2 5003/3847/2
f 4926/3848/2 5003/3845/2 5002/3457/2
f 4926/3848/2 5002/3457/2 5001/3849/2
f 4927/3850/2 4926/3846/2 5001/3851/2
f 4927/3850/2 5001/3851/2 5000/3852/2
f 4927/3853/2 5000/3854/2 4999/3855/2
f 4928/3856/2 4927/3850/2 4999/3857/2
f 4928/3858/2 4999/3855/2 4998/3859/2
f 4928/3856/2 4998/3860/2 4997/3861/2
f 4929/3862/2 4928/3856/2 4997/3861/2
f 4929/3862/2 4997/3861/2 4996/3863/2
f 4930/3864/2 4929/3862/2 4996/3863/2
f 4930/3864/2 4996/3863/2 4995/3865/2
f 4930/3864/2 4995/3865/2 4994/3866/2
f 4931/3867/2 4930/3864/2 4994/3866/2
f 4931/3867/2 4994/3866/2 4993/3868/2
f 4932/3869/2 4931/3867/2 4993/3868/2
f 4932/3869/2 4993/3868/2 4992/3870/2
f 4933/3871/2 4932/3869/2 4992/3870/2
f 4933/3871/2 4992/3870/2 4991/3872/2
f 4934/3873/2 4933/3871/2 4991/3872/2
f 4934/3873/2 4991/3872/2 4990/3874/2
f 4935/3875/2 4934/3873/2 4990/3874/2
f 4936/3876/2 4935/3875/2 4990/3874/2
f 4936/3876/2 4990/3874/2 4989/3877/2
f 4937/3878/2 4936/3876/2 4989/3877/2
f 4938/3879/2 4937/3878/2 4989/3877/2
f 4938/3879/2 4989/3877/2 4988/3880/2
f 4939/3881/2 4938/3879/2 4988/3880/2
f 4964/3882/2 4963/3883/2 4962/3884/2
f 4939/3885/2 4988/3886/2 4987/3887/2
f 4940/3888/2 4939/3885/2 4987/3887/2
f 4964/3889/2 4962/3890/2 4961/3891/2
f 4941/3892/2 4940/3893/2 4987/3894/2
f 4941/3895/2 4987/3887/2 4986/3896/2
f 4964/3889/2 4961/3891/2 4960/3897/2
f 4942/3898/2 4941/3892/2 4986/3899/2
f 4964/3889/2 4960/3897/2 4959/3900/2
f 4944/3901/2 4943/3902/2 4986/3896/2
f 4944/3903/2 4986/3899/2 4985/3904/2
f 4964/3889/2 4959/3900/2 4958/3905/2
f 4964/3889/2 4958/3905/2 4957/3906/2
f 4946/3907/2 4945/3908/2 4985/3909/2
f 4964/3889/2 4957/3906/2 4956/3910/2
f 4946/3911/2 4985/3904/2 4984/3912/2
f 4947/3913/2 4946/3911/2 4984/3912/2
f 4964/3889/2 4956/3910/2 4955/3914/2
f 4948/3915/2 4947/3437/2 4984/3916/2
f 4964/3882/2 4955/3917/2 4954/3918/2
f 4949/3919/2 4948/3920/2 4984/3912/2
f 4964/3889/2 4954/3921/2 4953/3922/2
f 4950/3923/2 4949/3919/2 4984/3912/2
f 4964/3889/2 4953/3922/2 4952/3924/2
f 4950/3925/2 4984/3916/2 4983/3926/2
f 4951/3927/943 4950/3925/943 4983/3926/943
f 4964/3882/2 4952/3928/2 4951/3927/2
f 4964/3889/2 4951/3929/2 4983/3930/2
f 4964/3889/2 4983/3930/2 4982/3931/2
f 4965/3932/2 4964/3889/2 4982/3931/2
f 4966/3933/2 4965/3934/2 4982/3935/2
f 4966/3936/2 4982/3931/2 4981/3937/2
f 4967/3938/2 4966/3936/2 4981/3937/2
f 4967/3939/2 4981/3940/2 4980/3941/2
f 4968/3942/2 4967/3939/2 4980/3941/2
f 4969/3943/942 4968/3944/942 4980/3945/942
f 4969/3943/2 4980/3945/2 4979/3946/2
f 4970/3947/2 4969/3388/2 4979/3948/2
f 4971/3949/2 4970/3947/2 4979/3948/2
f 4971/3949/2 4979/3948/2 4978/3950/2
f 4972/3951/2 4971/3949/2 4978/3950/2
f 4973/3952/2 4972/3953/2 4978/3954/2
f 4973/3952/2 4978/3954/2 4977/3955/2
f 4974/3956/942 4973/3957/942 4977/3958/942
f 4975/3959/2 4974/3956/2 4977/3958/2
f 4975/3959/2 4977/3958/2 4976/3960/2
f 5027/3961/2 5026/3962/2 5035/3963/2
f 5035/3963/2 5026/3962/2 5025/3964/2
f 5035/3963/2 5025/3964/2 5036/3965/2
f 5027/3961/2 5035/3963/2 5034/3966/2
f 5027/3961/2 5034/3966/2 5031/3967/2
f 5031/3967/2 5034/3966/2 5033/3968/2
f 5031/3967/2 5033/3968/2 5032/3969/2
f 5027/3961/2 5031/3967/2 5030/3970/2
f 5027/3961/2 5030/3970/2 5029/3971/2
f 5027/3961/2 5029/3971/2 5028/3972/2
f 5090/3973/2 5089/3974/2 5088/3975/2
f 5090/3973/2 5088/3975/2 5087/3976/2
f 5039/3977/2 5038/3978/2 5037/3979/2
f 5039/3977/2 5037/3979/2 5114/3980/2
f 5040/3981/2 5039/3977/2 5114/3980/2
f 5090/3982/2 5087/3983/2 5086/3941/2
f 5041/3364/2 5040/3365/2 5114/2943/2
f 5041/3984/2 5114/3980/2 5113/3985/2
f 5090/3982/2 5086/3941/2 5085/3986/2
f 5091/3987/2 5090/3973/2 5085/3988/2
f 5042/3989/2 5041/3984/2 5113/3985/2
f 5091/3987/2 5085/3988/2 5084/3990/2
f 5043/3991/2 5042/3989/2 5113/3985/2
f 5091/3992/2 5084/3993/2 5083/3994/2
f 5043/3991/2 5113/3985/2 5112/3995/2
f 5044/2890/2 5043/3996/2 5112/3379/2
f 5091/3992/2 5083/3994/2 5082/3997/2
f 5092/3998/2 5091/3987/2 5082/3999/2
f 5045/4000/2 5044/4001/2 5112/3995/2
f 5092/3386/2 5082/3997/2 5081/4002/2
f 5046/3381/2 5045/3378/2 5112/3379/2
f 5092/3386/2 5081/4002/2 5080/3387/2
f 5046/4003/2 5112/3995/2 5111/4004/2
f 5047/4005/2 5046/4003/2 5111/4004/2
f 5092/3386/2 5080/3387/2 5079/3388/2
f 5048/4006/2 5047/4005/2 5111/4004/2
f 5093/4007/2 5092/3998/2 5079/4008/2
f 5093/3399/2 5079/3388/2 5078/4009/2
f 5049/3394/2 5048/2916/2 5111/3390/2
f 5093/3399/2 5078/4009/2 5077/4010/2
f 5093/3399/2 5077/4010/2 5076/3400/2
f 5050/4011/2 5049/4012/2 5111/4004/2
f 5050/4013/2 5111/3390/2 5110/3405/2
f 5093/3399/2 5076/3400/2 5075/3401/2
f 5051/4014/2 5050/4011/2 5110/4015/2
f 5093/3399/2 5075/3401/2 5074/4016/2
f 5094/4017/2 5093/4007/2 5074/4018/2
f 5052/4019/2 5051/4014/2 5110/4015/2
f 5094/3413/2 5074/4016/2 5073/4020/2
f 5053/3407/2 5052/3404/2 5110/3405/2
f 5053/4021/2 5110/4015/2 5109/4022/2
f 5094/3413/2 5073/4020/2 5072/3414/2
f 5054/4023/2 5053/4021/2 5109/4022/2
f 5055/4024/2 5054/3411/2 5109/3412/2
f 5094/3413/2 5072/3414/2 5071/3415/2
f 5056/4025/2 5055/4026/2 5109/4022/2
f 5094/3413/2 5071/3415/2 5070/4027/2
f 5095/4028/2 5094/4017/2 5070/4029/2
f 5057/4030/2 5056/4025/2 5109/4022/2
f 5095/3435/2 5070/4027/2 5069/4031/2
f 5058/3422/2 5057/3423/2 5109/3412/2
f 5095/4028/2 5069/4032/2 5068/4033/2
f 5058/4034/2 5109/4022/2 5108/4035/2
f 5059/4036/2 5058/4034/2 5108/4035/2
f 5095/4028/2 5068/4033/2 5067/4037/2
f 5060/4038/2 5059/4036/2 5108/4035/2
f 5095/4028/2 5067/4037/2 5066/4039/2
f 5061/4040/2 5060/4038/2 5108/4035/2
f 5095/4028/2 5066/4039/2 5065/4041/2
f 5062/4042/2 5061/4040/2 5108/4035/2
f 5095/3435/943 5065/3437/943 5064/3440/943
f 5063/3441/2 5062/3438/2 5108/3431/2
f 5095/3435/945 5064/3440/945 5063/3441/945
f 5095/3435/2 5063/3441/2 5108/3431/2
f 5096/4043/2 5095/4028/2 5108/4035/2
f 5096/4043/2 5108/4035/2 5107/4044/2
f 5097/4045/2 5096/4043/2 5107/4044/2
f 5097/4045/2 5107/4044/2 5106/4046/2
f 5098/4047/2 5097/4045/2 5106/4046/2
f 5098/4048/2 5106/4049/2 5105/3451/2
f 5099/4050/2 5098/4047/2 5105/4051/2
f 5099/3450/2 5105/3451/2 5104/3452/2
f 5100/3457/2 5099/3450/2 5104/3452/2
f 5100/4052/2 5104/4053/2 5103/4054/2
f 5101/3456/943 5103/2935/943 5102/3458/943
f 5139/4055/942 5138/4056/942 5137/4057/942
f 5140/4058/2 5139/4059/2 5137/4060/2
f 5140/4061/2 5137/4057/2 5136/4062/2
f 5141/4063/2 5140/4058/2 5136/4064/2
f 5141/4063/2 5136/4064/2 5135/4065/2
f 5142/4066/2 5141/4063/2 5135/4065/2
f 5142/4066/2 5135/4065/2 5134/4067/2
f 5143/4068/2 5142/4066/2 5134/4067/2
f 5143/4068/2 5134/4067/2 5133/4069/2
f 5144/4070/2 5143/4068/2 5133/4069/2
f 5144/4070/2 5133/4069/2 5189/4071/2
f 5189/4071/2 5133/4069/2 5132/4072/2
f 5144/4073/2 5189/4074/2 5236/2943/2
f 5190/4075/2 5189/4071/2 5132/4072/2
f 5191/4076/2 5190/4077/2 5132/4078/2
f 5144/4073/2 5236/2943/2 5235/4079/2
f 5145/4080/2 5144/4070/2 5235/4081/2
f 5192/4082/2 5191/4083/2 5132/4072/2
f 5192/4082/2 5132/4072/2 5131/4084/2
f 5145/4080/2 5235/4081/2 5234/4085/2
f 5193/4086/2 5192/4082/2 5131/4084/2
f 5145/4080/2 5234/4085/2 5233/4087/2
f 5194/4088/2 5193/4086/2 5131/4084/2
f 5146/4089/2 5145/4080/2 5233/4087/2
f 5194/4088/2 5131/4084/2 5130/4090/2
f 5146/4089/2 5233/4087/2 5232/4091/2
f 5195/4092/2 5194/4088/2 5130/4090/2
f 5146/4093/2 5232/4094/2 5231/4095/2
f 5196/4096/2 5195/4092/2 5130/4090/2
f 5147/4097/2 5146/4089/2 5231/4098/2
f 5196/4096/2 5130/4090/2 5129/4099/2
f 5147/4100/2 5231/4095/2 5230/4101/2
f 5197/4102/2 5196/4096/2 5129/4099/2
f 5148/4103/2 5147/4097/2 5230/4104/2
f 5148/4105/2 5230/4101/2 5229/4106/2
f 5197/4107/2 5129/4108/2 5128/4109/2
f 5198/4110/2 5197/4102/2 5128/4111/2
f 5148/4105/2 5229/4106/2 5228/4112/2
f 5199/4113/2 5198/4110/2 5128/4111/2
f 5149/4114/2 5148/4103/2 5228/4115/2
f 5199/4113/2 5128/4111/2 5127/4116/2
f 5149/4114/2 5228/4115/2 5227/4117/2
f 5200/4118/2 5199/4113/2 5127/4116/2
f 5149/4119/2 5227/4120/2 5226/4121/2
f 5150/4122/2 5149/4114/2 5226/4123/2
f 5200/4118/2 5127/4116/2 5126/4124/2
f 5201/4125/2 5200/4118/2 5126/4124/2
f 5150/4126/2 5226/4121/2 5225/4127/2
f 5151/4128/2 5150/4122/2 5225/4129/2
f 5151/4130/2 5225/4127/2 5224/4131/2
f 5201/4132/2 5126/4133/2 5125/4134/2
f 5202/4135/2 5201/4125/2 5125/4136/2
f 5151/4130/2 5224/4131/2 5223/4137/2
f 5203/4138/2 5202/4135/2 5125/4136/2
f 5152/4139/2 5151/4128/2 5223/4140/2
f 5203/4138/2 5125/4136/2 5124/4141/2
f 5152/4142/2 5223/4137/2 5222/4143/2
f 5204/4144/2 5203/4138/2 5124/4141/2
f 5153/4145/2 5152/4139/2 5222/4146/2
f 5204/4144/2 5124/4141/2 5123/4147/2
f 5153/4145/2 5222/4146/2 5221/4148/2
f 5205/4149/2 5204/4144/2 5123/4147/2
f 5205/4150/2 5123/4151/2 5122/4152/2
f 5154/4153/2 5153/4145/2 5221/4148/2
f 5154/4153/2 5221/4148/2 5220/4154/2
f 5206/4155/2 5205/4149/2 5122/4156/2
f 5206/4157/2 5122/4152/2 5121/4158/2
f 5155/4159/2 5154/4153/2 5220/4154/2
f 5155/4160/2 5220/4161/2 5219/4162/2
f 5207/4163/2 5206/4155/2 5121/4164/2
f 5155/4159/2 5219/4165/2 5218/4166/2
f 5208/4167/2 5207/4163/2 5121/4164/2
f 5208/4167/2 5121/4164/2 5120/4168/2
f 5156/4169/2 5155/4159/2 5218/4166/2
f 5156/4170/2 5218/4171/2 5217/4172/2
f 5209/4173/2 5208/4167/2 5120/4168/2
f 5209/4173/2 5120/4168/2 5119/4174/2
f 5157/4175/2 5156/4169/2 5217/4176/2
f 5157/4175/2 5217/4176/2 5216/4177/2
f 5210/4178/2 5209/4173/2 5119/4174/2
f 5157/4179/2 5216/4180/2 5215/4181/2
f 5211/4182/2 5119/4174/2 5118/4183/2
f 5157/4179/2 5215/4181/2 5214/4184/2
f 5212/4185/2 5211/4182/2 5118/4183/2
f 5158/4186/2 5157/4175/2 5214/4187/2
f 5158/4188/2 5214/4184/2 5213/4189/2
f 5213/4190/2 5212/4185/2 5118/4183/2
f 5158/4188/2 5213/4189/2 5118/4191/2
f 5158/4186/2 5118/4183/2 5117/4192/2
f 5159/4193/2 5158/4186/2 5117/4192/2
f 5159/4193/2 5117/4192/2 5116/4194/2
f 5160/4195/2 5159/4193/2 5116/4194/2
f 5160/4196/2 5116/4197/2 5115/4198/2
f 5161/4199/2 5160/4195/2 5115/4200/2
f 5161/4201/2 5115/4198/2 5188/4202/2
f 5162/4203/2 5161/4201/2 5188/4202/2
f 5162/4203/2 5188/4202/2 5187/4204/2
f 5163/4205/2 5162/4206/2 5187/4207/2
f 5163/4208/2 5187/4204/2 5186/4209/2
f 5163/4208/2 5186/4209/2 5185/4210/2
f 5164/4211/2 5163/4205/2 5185/4212/2
f 5164/4213/2 5185/4210/2 5184/4214/2
f 5164/4213/2 5184/4214/2 5183/4215/2
f 5165/4216/2 5164/4211/2 5183/4217/2
f 5165/4218/942 5182/4219/942 5181/4220/942
f 5166/4221/2 5165/4216/2 5181/4222/2
f 5166/4221/2 5181/4222/2 5180/4223/2
f 5176/4224/2 5175/4225/2 5174/4226/2
f 5177/4227/2 5176/4224/2 5174/4226/2
f 5166/4228/943 5180/4229/943 5179/4230/943
f 5178/4231/2 5177/4227/2 5174/4226/2
f 5166/4228/945 5179/4230/945 5178/4231/945
f 5166/4221/2 5178/4232/2 5174/4233/2
f 5167/4234/2 5166/4221/2 5174/4233/2
f 5168/4235/2 5167/4234/2 5174/4233/2
f 5169/4236/2 5168/4235/2 5174/4233/2
f 5170/4237/2 5169/4238/2 5174/4226/2
f 5171/4239/2 5170/4240/2 5174/4233/2
f 5172/4241/2 5171/4242/2 5174/4226/2
f 5173/4243/2 5172/4241/2 5174/4226/2
f 5272/4244/2 5271/4245/2 5270/4246/2
f 5273/4247/2 5272/4244/2 5270/4246/2
f 5273/4247/2 5270/4246/2 5269/4248/2
f 5274/4249/2 5273/4247/2 5269/4248/2
f 5274/4249/2 5269/4248/2 5268/4250/2
f 5275/4251/2 5274/4249/2 5268/4250/2
f 5275/4252/2 5268/4253/2 5267/4254/2
f 5276/4255/2 5275/4252/2 5267/4254/2
f 5276/4255/2 5267/4254/2 5266/4256/2
f 5277/4257/2 5276/4255/2 5295/4258/2
f 5295/4258/943 5276/4255/943 5266/4256/943
f 5296/4259/2 5295/4258/2 5266/4256/2
f 5297/4260/2 5296/4261/2 5266/4262/2
f 5277/4263/2 5294/4264/2 5293/4265/2
f 5298/4266/2 5297/4267/2 5266/4256/2
f 5277/4257/2 5293/4268/2 5292/4269/2
f 5298/4266/2 5266/4256/2 5265/4270/2
f 5278/4271/2 5277/4257/2 5292/4269/2
f 5299/4272/2 5298/4266/2 5265/4270/2
f 5278/4271/2 5292/4269/2 5291/4273/2
f 5300/4274/2 5299/4272/2 5265/4270/2
f 5278/4271/2 5291/4273/2 5290/4275/2
f 5300/4274/2 5265/4270/2 5264/4276/2
f 5279/4277/2 5278/4271/2 5290/4275/2
f 5301/4278/2 5300/4274/2 5264/4276/2
f 5279/4277/2 5290/4275/2 5289/4279/2
f 5302/4280/2 5301/4278/2 5264/4276/2
f 5279/4277/2 5289/4279/2 5288/4281/2
f 5302/4280/2 5264/4276/2 5263/4282/2
f 5280/4283/2 5279/4277/2 5288/4281/2
f 5303/4284/2 5302/4280/2 5263/4282/2
f 5280/4283/2 5288/4281/2 5287/4285/2
f 5303/4284/2 5263/4282/2 5262/4286/2
f 5281/4287/2 5280/4283/2 5287/4285/2
f 5304/4288/2 5303/4284/2 5262/4286/2
f 5281/4287/2 5287/4285/2 5286/4289/2
f 5305/4290/2 5304/4288/2 5262/4286/2
f 5281/4287/2 5286/4289/2 5285/4291/2
f 5305/4290/2 5262/4286/2 5261/4292/2
f 5282/4293/2 5281/4287/2 5285/4291/2
f 5306/4294/2 5305/4290/2 5261/4292/2
f 5282/4293/2 5285/4291/2 5284/4295/2
f 5306/4294/2 5261/4292/2 5260/4296/2
f 5237/4297/2 5282/4293/2 5284/4295/2
f 5307/4298/2 5306/4294/2 5260/4296/2
f 5237/4297/2 5284/4295/2 5283/4299/2
f 5238/4300/2 5237/4297/2 5283/4299/2
f 5238/4300/2 5283/4299/2 5330/4301/2
f 5308/4302/2 5307/4298/2 5260/4296/2
f 5308/4302/2 5260/4296/2 5259/4303/2
f 5238/4300/2 5330/4301/2 5329/4304/2
f 5309/4305/2 5308/4302/2 5259/4303/2
f 5309/4305/2 5259/4303/2 5258/4306/2
f 5239/4307/2 5238/4300/2 5329/4304/2
f 5239/4307/2 5329/4304/2 5328/4308/2
f 5310/4309/2 5309/4310/2 5258/4311/2
f 5310/4312/2 5258/4306/2 5257/4313/2
f 5240/4314/2 5239/4307/2 5328/4308/2
f 5311/4315/2 5310/4312/2 5257/4313/2
f 5240/4314/2 5328/4308/2 5327/4316/2
f 5311/4315/2 5257/4313/2 5256/4317/2
f 5241/4318/2 5240/4314/2 5327/4316/2
f 5312/4319/2 5311/4315/2 5256/4317/2
f 5241/4318/2 5327/4316/2 5326/4320/2
f 5313/4321/2 5312/4322/2 5256/4323/2
f 5241/4318/2 5326/4320/2 5325/4324/2
f 5313/4325/2 5256/4317/2 5255/4326/2
f 5242/4327/2 5241/4318/2 5325/4324/2
f 5314/4328/2 5313/4325/2 5255/4326/2
f 5242/4327/2 5325/4324/2 5324/4329/2
f 5315/4330/2 5314/4331/2 5255/3076/2
f 5242/4327/2 5324/4329/2 5323/4332/2
f 5315/4333/2 5255/4326/2 5254/4334/2
f 5243/4335/2 5242/4327/2 5323/4332/2
f 5316/4336/2 5315/4330/2 5254/4337/2
f 5243/4335/2 5323/4332/2 5322/4338/2
f 5317/4339/2 5316/4336/2 5254/4337/2
f 5243/4340/2 5322/4341/2 5321/4342/2
f 5317/4343/2 5254/4334/2 5253/4344/2
f 5244/4345/2 5243/4335/2 5321/4346/2
f 5318/4347/2 5317/4339/2 5253/4348/2
f 5244/4345/2 5321/4346/2 5320/4349/2
f 5319/4350/2 5318/4347/2 5253/4348/2
f 5244/4351/2 5320/4352/2 5319/4350/2
f 5244/4351/2 5319/4350/2 5253/4348/2
f 5244/4345/2 5253/4344/2 5252/4353/2
f 5245/4354/2 5244/4345/2 5252/4353/2
f 5245/4354/2 5252/4353/2 5251/4355/2
f 5246/4356/2 5245/4354/2 5251/4355/2
f 5246/4356/2 5251/4355/2 5250/4357/2
f 5247/4358/2 5246/4356/2 5250/4357/2
f 5247/4358/2 5250/4357/2 5249/4359/2
f 5248/4360/2 5247/4358/2 5249/4359/2
f 5336/4361/2 5335/4362/2 5334/4363/2
f 5336/4361/2 5334/4363/2 5338/4364/2
f 5338/4364/2 5334/4363/2 5333/4365/2
f 5333/4365/2 5332/4366/2 5331/4367/2
f 5333/4365/2 5331/4367/2 5340/4368/2
f 5336/4361/2 5338/4364/2 5337/4369/2
f 5339/4370/2 5338/4364/2 5333/4365/2
f 5339/4370/2 5333/4365/2 5340/4368/2
f 5404/4371/2 5403/4372/2 5402/4373/2
f 5405/4374/2 5404/4371/2 5402/4373/2
f 5405/4374/2 5402/4373/2 5401/4375/2
f 5405/4374/2 5401/4375/2 5400/4376/2
f 5405/4374/2 5400/4376/2 5399/4377/2
f 5406/4378/2 5405/4374/2 5399/4377/2
f 5406/4378/2 5399/4377/2 5398/4379/2
f 5406/4378/2 5398/4379/2 5397/4380/2
f 5407/4381/2 5406/4378/2 5397/4380/2
f 5407/4381/2 5397/4380/2 5396/4382/2
f 5407/4381/2 5396/4382/2 5395/4383/2
f 5408/4384/2 5407/4385/2 5395/4386/2
f 5408/4384/2 5395/4386/2 5394/4387/2
f 5408/4384/2 5394/4387/2 5383/4388/2
f 5383/4388/2 5394/4387/2 5384/4389/2
f 5384/4389/2 5394/4387/2 5385/4390/2
f 5385/4390/2 5394/4387/2 5386/4391/2
f 5386/4391/2 5394/4387/2 5387/4392/2
f 5387/4392/2 5394/4387/2 5388/4393/2
f 5388/4393/2 5394/4387/2 5389/4394/2
f 5389/4394/2 5394/4387/2 5390/4395/2
f 5390/4395/2 5394/4387/2 5391/4396/2
f 5391/4396/2 5394/4387/2 5392/4397/2
f 5392/4397/2 5394/4387/2 5393/4398/2
f 5409/4399/2 5408/4384/2 5381/4400/2
f 5381/4400/944 5408/4384/944 5382/4401/944
f 5409/4402/2 5381/4403/2 5380/4404/2
f 5409/4402/2 5380/4404/2 5379/4405/2
f 5409/4399/2 5379/4406/2 5378/4407/2
f 5410/4408/2 5409/4399/2 5378/4407/2
f 5410/4408/2 5378/4407/2 5377/4409/2
f 5410/4408/2 5377/4409/2 5376/4410/2
f 5411/4411/2 5410/4408/2 5376/4410/2
f 5411/4411/2 5376/4410/2 5375/4412/2
f 5411/4411/2 5375/4412/2 5374/4413/2
f 5412/4414/2 5411/4411/2 5374/4413/2
f 5412/4414/2 5374/4413/2 5373/4415/2
f 5413/4416/2 5412/4414/2 5373/4415/2
f 5413/4416/2 5373/4415/2 5372/4417/2
f 5413/4416/2 5372/4417/2 5371/4418/2
f 5414/4419/2 5413/4416/2 5371/4418/2
f 5414/4419/2 5371/4418/2 5370/4420/2
f 5415/4421/2 5414/4419/2 5370/4420/2
f 5415/4421/2 5370/4420/2 5369/4422/2
f 5415/4421/2 5369/4422/2 5368/4423/2
f 5416/4424/2 5415/4421/2 5368/4423/2
f 5343/4425/2 5342/4426/2 5341/4427/2
f 5343/4425/2 5341/4427/2 5344/4428/2
f 5344/4428/2 5341/4427/2 5437/4429/2
f 5416/4424/2 5368/4423/2 5367/4430/2
f 5417/4431/2 5416/4424/2 5367/4430/2
f 5417/4431/2 5367/4430/2 5366/4432/2
f 5345/4433/2 5344/4428/2 5437/4429/2
f 5418/4434/2 5417/4431/2 5366/4432/2
f 5418/4434/2 5366/4432/2 5365/4435/2
f 5418/4434/2 5365/4435/2 5364/4436/2
f 5419/4437/2 5418/4434/2 5364/4436/2
f 5419/4437/2 5364/4436/2 5363/4438/2
f 5420/4439/2 5419/4437/2 5363/4438/2
f 5420/4439/2 5363/4438/2 5362/4440/2
f 5420/4439/2 5362/4440/2 5361/4441/2
f 5421/4442/2 5420/4439/2 5361/4441/2
f 5421/4442/2 5361/4441/2 5360/4443/2
f 5346/4444/2 5345/4433/2 5437/4429/2
f 5348/4445/2 5347/4446/2 5437/4429/2
f 5421/4442/2 5360/4443/2 5359/4447/2
f 5349/4448/2 5348/4449/2 5437/2943/2
f 5351/4450/2 5350/4451/2 5437/2943/2
f 5422/4452/2 5421/4442/2 5358/4453/2
f 5353/4454/2 5352/4455/2 5437/2943/2
f 5354/4456/2 5353/4457/2 5437/4429/2
f 5422/4452/2 5358/4453/2 5357/4458/2
f 5356/4459/2 5355/4460/2 5437/2943/2
f 5422/4452/2 5357/4458/2 5437/4429/2
f 5423/4461/2 5422/4452/2 5437/4429/2
f 5423/4461/2 5437/4429/2 5436/4462/2
f 5423/4463/2 5436/4464/2 5435/4465/2
f 5424/4466/2 5423/4461/2 5435/4467/2
f 5424/4466/2 5435/4467/2 5434/4468/2
f 5425/4469/2 5424/4466/2 5433/4470/2
f 5425/4469/2 5433/4470/2 5432/4471/2
f 5426/4472/2 5425/4469/2 5431/4473/2
f 5426/4472/2 5431/4473/2 5430/4474/2
f 5426/4475/2 5430/4476/2 5429/4477/2
f 5427/4478/2 5426/4475/2 5428/4479/2
f 5440/4480/2 5439/4481/2 5438/4482/2
f 5440/4480/2 5438/4482/2 5441/4483/2
f 5443/4484/2 5442/4485/2 5507/4486/2
f 5507/4486/2 5442/4485/2 5506/4487/2
f 5507/4486/2 5506/4487/2 5505/4488/2
f 5507/4486/2 5505/4488/2 5504/4489/2
f 5507/4486/2 5504/4489/2 5503/4490/2
f 5507/4486/2 5503/4490/2 5502/4491/2
f 5507/4486/2 5502/4491/2 5501/4492/2
f 5507/4486/2 5501/4492/2 5500/4493/2
f 5507/4486/2 5500/4493/2 5499/4494/2
f 5507/4486/2 5499/4494/2 5508/4495/2
f 5508/4495/2 5499/4494/2 5498/4496/2
f 5443/4484/2 5507/4486/2 5530/4497/2
f 5510/3217/943 5509/3216/943 5498/3215/943
f 5510/4498/2 5498/4496/2 5497/4499/2
f 5511/4500/2 5510/4498/2 5497/4499/2
f 5512/4501/2 5511/4500/2 5497/4499/2
f 5513/3224/2 5512/3221/2 5497/3223/2
f 5513/4502/2 5497/4499/2 5496/4503/2
f 5514/4504/2 5513/4502/2 5496/4503/2
f 5515/4505/2 5514/4504/2 5496/4503/2
f 5516/4506/2 5515/4505/2 5496/4503/2
f 5516/4506/2 5496/4503/2 5495/4507/2
f 5517/4508/2 5516/4506/2 5495/4507/2
f 5518/4509/2 5517/4508/2 5495/4507/2
f 5518/4509/2 5495/4507/2 5494/4510/2
f 5519/4511/2 5518/4509/2 5494/4510/2
f 5520/4512/2 5519/4511/2 5494/4510/2
f 5520/4512/2 5494/4510/2 5493/4513/2
f 5521/4514/2 5520/4512/2 5493/4513/2
f 5521/4514/2 5493/4513/2 5492/4515/2
f 5522/4516/2 5521/4514/2 5492/4515/2
f 5523/4517/2 5522/4516/2 5492/4515/2
f 5523/4517/2 5492/4515/2 5491/4518/2
f 5524/3254/2 5523/3251/2 5491/3255/2
f 5524/4519/2 5491/4518/2 5490/4520/2
f 5525/3258/2 5524/3254/2 5490/3259/2
f 5525/4521/2 5490/4520/2 5489/4522/2
f 5526/4523/2 5525/4521/2 5489/4522/2
f 5527/4524/2 5489/4522/2 5488/4525/2
f 5528/4526/2 5488/4525/2 5487/4527/2
f 5443/4484/2 5530/4497/2 5445/4528/2
f 5445/4528/2 5530/4497/2 5529/4529/2
f 5445/4528/2 5529/4529/2 5487/4527/2
f 5445/4528/2 5487/4527/2 5486/4530/2
f 5445/4528/2 5486/4530/2 5485/4531/2
f 5445/4528/2 5485/4531/2 5484/4532/2
f 5445/4528/2 5484/4532/2 5483/4533/2
f 5445/4528/2 5483/4533/2 5482/4534/2
f 5445/4528/2 5482/4534/2 5481/4535/2
f 5445/4528/2 5481/4535/2 5480/4536/2
f 5445/3286/2 5480/3287/2 5446/3288/2
f 5446/3288/2 5480/3287/2 5447/3289/2
f 5447/4537/2 5480/4536/2 5479/4538/2
f 5443/4484/2 5445/4528/2 5444/4539/2
f 5448/4540/2 5479/4538/2 5478/4541/2
f 5449/4542/2 5448/4540/2 5478/4541/2
f 5450/4543/2 5449/4542/2 5478/4541/2
f 5450/4543/2 5478/4541/2 5477/4544/2
f 5451/4545/2 5450/4543/2 5477/4544/2
f 5451/4545/2 5477/4544/2 5476/4546/2
f 5452/4547/2 5451/4545/2 5476/4546/2
f 5452/4547/2 5476/4546/2 5475/4548/2
f 5453/4549/2 5452/4547/2 5475/4548/2
f 5453/4549/2 5475/4548/2 5474/4550/2
f 5454/4551/2 5453/4549/2 5474/4550/2
f 5454/4551/2 5474/4550/2 5473/4552/2
f 5455/4553/2 5454/4551/2 5473/4552/2
f 5455/4553/2 5473/4552/2 5472/4554/2
f 5455/4553/2 5472/4554/2 5471/4555/2
f 5456/4556/2 5455/4553/2 5471/4555/2
f 5456/4556/2 5471/4555/2 5470/4557/2
f 5457/4558/2 5456/4556/2 5470/4557/2
f 5457/4558/2 5470/4557/2 5469/4559/2
f 5457/4558/2 5469/4559/2 5468/4560/2
f 5457/4558/2 5468/4560/2 5467/4561/2
f 5457/4558/2 5467/4561/2 5466/4562/2
f 5457/4558/2 5466/4562/2 5465/4563/2
f 5457/4558/2 5465/4563/2 5464/4564/2
f 5457/4558/2 5464/4564/2 5463/4565/2
f 5457/4558/2 5463/4565/2 5462/4566/2
f 5457/4558/2 5462/4566/2 5461/4567/2
f 5457/4558/2 5461/4567/2 5460/4568/2
f 5457/4558/2 5460/4568/2 5459/4569/2
f 5457/4558/2 5459/4569/2 5458/4570/2
f 5532/4571/2 5531/4572/2 5597/4573/2
f 5597/4573/2 5531/4572/2 5596/4574/2
f 5597/4573/2 5596/4574/2 5595/4575/2
f 5597/4573/2 5595/4575/2 5594/4576/2
f 5597/4573/2 5594/4576/2 5593/4577/2
f 5597/4573/2 5593/4577/2 5592/4578/2
f 5597/4573/2 5592/4578/2 5591/4579/2
f 5597/4573/2 5591/4579/2 5590/4580/2
f 5597/4573/2 5590/4580/2 5589/4581/2
f 5597/4573/2 5589/4581/2 5598/4582/2
f 5598/4582/2 5589/4581/2 5588/4583/2
f 5532/4571/2 5597/4573/2 5619/4584/2
f 5599/4585/2 5588/4583/2 5587/4586/2
f 5600/4587/2 5599/4585/2 5587/4586/2
f 5601/4588/2 5600/4587/2 5587/4586/2
f 5602/4589/2 5587/4586/2 5586/4590/2
f 5603/4591/2 5602/4589/2 5586/4590/2
f 5604/4592/2 5603/4591/2 5586/4590/2
f 5605/4593/2 5604/4594/2 5586/3228/2
f 5605/4595/2 5586/4590/2 5585/4596/2
f 5606/4597/2 5605/4595/2 5585/4596/2
f 5607/4598/2 5606/4597/2 5585/4596/2
f 5607/4598/2 5585/4596/2 5584/4599/2
f 5608/4600/2 5607/4598/2 5584/4599/2
f 5609/3240/2 5608/3241/2 5584/3242/2
f 5609/4601/2 5584/4599/2 5583/4602/2
f 5610/4603/2 5609/4601/2 5583/4602/2
f 5610/4603/2 5583/4602/2 5582/4604/2
f 5611/4605/2 5610/4603/2 5582/4604/2
f 5612/4606/2 5582/4604/2 5581/4607/2
f 5613/3254/2 5612/3251/2 5581/3255/2
f 5613/4608/2 5581/4607/2 5580/4609/2
f 5614/3258/2 5613/3254/2 5580/3259/2
f 5614/4610/2 5580/4609/2 5579/4611/2
f 5615/3264/2 5614/3258/2 5579/3265/2
f 5616/4612/2 5579/4611/2 5578/4613/2
f 5617/4614/2 5578/4613/2 5577/4615/2
f 5532/4571/2 5619/4584/2 5534/4616/2
f 5534/4616/2 5619/4584/2 5618/4617/2
f 5534/4616/2 5618/4617/2 5577/4615/2
f 5534/4616/2 5577/4615/2 5576/4618/2
f 5534/4616/2 5576/4618/2 5575/4619/2
f 5534/4616/2 5575/4619/2 5574/4620/2
f 5534/4616/2 5574/4620/2 5573/4621/2
f 5534/4616/2 5573/4621/2 5572/4622/2
f 5534/4616/2 5572/4622/2 5571/4623/2
f 5534/4616/2 5571/4623/2 5570/4624/2
f 5535/3288/2 5570/3287/2 5536/3289/2
f 5536/3289/2 5570/3287/2 5569/3294/2
f 5532/4571/2 5534/4616/2 5533/4625/2
f 5538/4626/2 5537/4627/2 5569/4628/2
f 5538/3298/2 5569/3294/2 5568/3299/2
f 5539/3300/2 5538/3298/2 5568/3299/2
f 5540/4629/2 5539/4630/2 5568/4631/2
f 5540/3306/2 5568/3299/2 5567/3307/2
f 5541/4632/2 5540/4629/2 5567/4633/2
f 5541/3305/2 5567/3307/2 5566/3311/2
f 5542/4634/2 5541/4632/2 5566/4635/2
f 5542/4634/2 5566/4635/2 5565/4636/2
f 5543/4637/2 5542/4634/2 5565/4636/2
f 5543/4637/2 5565/4636/2 5564/4638/2
f 5544/4639/2 5543/4637/2 5564/4638/2
f 5544/4639/2 5564/4638/2 5563/4640/2
f 5545/4641/2 5544/4639/2 5563/4640/2
f 5545/4641/2 5563/4640/2 5562/4642/2
f 5545/4641/2 5562/4642/2 5561/4643/2
f 5546/4644/2 5545/4641/2 5561/4643/2
f 5546/4644/2 5561/4643/2 5560/4645/2
f 5547/4646/2 5546/4644/2 5560/4645/2
f 5547/4646/2 5560/4645/2 5559/4647/2
f 5547/4646/2 5559/4647/2 5558/4648/2
f 5547/4646/2 5558/4648/2 5557/4649/2
f 5547/4646/2 5557/4649/2 5556/4650/2
f 5547/4646/2 5556/4650/2 5555/4651/2
f 5547/4646/2 5555/4651/2 5554/4652/2
f 5547/4646/2 5554/4652/2 5553/4653/2
f 5547/4646/2 5553/4653/2 5552/4654/2
f 5547/4646/2 5552/4654/2 5551/4655/2
f 5547/4646/2 5551/4655/2 5550/4656/2
f 5547/4646/2 5550/4656/2 5549/4657/2
f 5547/4646/2 5549/4657/2 5548/4658/2
f 5622/4659/2 5621/4660/2 5630/4661/2
f 5630/4661/2 5621/4660/2 5620/4662/2
f 5630/4661/2 5620/4662/2 5631/4663/2
f 5622/4659/2 5630/4661/2 5629/4664/2
f 5622/4659/2 5629/4664/2 5626/4665/2
f 5626/4665/2 5629/4664/2 5628/4666/2
f 5626/4665/2 5628/4666/2 5627/4667/2
f 5622/4659/2 5626/4665/2 5625/4668/2
f 5622/4659/2 5625/4668/2 5624/4669/2
f 5622/4659/2 5624/4669/2 5623/4670/2
f 5634/4671/2 5633/4672/2 5640/4673/2
f 5640/4673/2 5633/4672/2 5632/4674/2
f 5640/4673/2 5632/4674/2 5641/4675/2
f 5634/4671/2 5640/4673/2 5639/4676/2
f 5634/4671/2 5639/4676/2 5636/4677/2
f 5636/4677/2 5639/4676/2 5638/4678/2
f 5636/4677/2 5638/4678/2 5637/4679/2
f 5634/4671/2 5636/4677/2 5635/4680/2
f 5644/4681/2 5643/4682/2 5642/4683/2
f 5644/4681/2 5642/4683/2 5650/4684/2
f 5650/4684/2 5642/4683/2 5649/4685/2
f 5644/4681/2 5650/4684/2 5652/4686/2
f 5651/4687/2 5650/4684/2 5649/4685/2
f 5644/4681/2 5652/4686/2 5646/4688/2
f 5646/4688/2 5652/4686/2 5651/4687/2
f 5646/4688/2 5651/4687/2 5647/4689/2
f 5647/4689/2 5651/4687/2 5649/4685/2
f 5644/4681/2 5646/4688/2 5645/4690/2
f 5648/4691/2 5647/4689/2 5649/4685/2
f 5655/4692/2 5654/4693/2 5653/4694/2
f 5655/4692/2 5653/4694/2 5656/4695/2
f 5659/4696/2 5658/4697/2 5657/4698/2
f 5659/4696/2 5657/4698/2 5662/4699/2
f 5659/4696/2 5662/4699/2 5661/4700/2
f 5659/4696/2 5661/4700/2 5660/4701/2
f 5716/4702/2 5715/4703/2 5714/4704/2
f 5716/4702/2 5714/4704/2 5713/4705/2
f 5665/4706/2 5664/4707/2 5663/4708/2
f 5665/4706/2 5663/4708/2 5740/4709/2
f 5666/4710/2 5665/4706/2 5740/4709/2
f 5716/4702/2 5713/4705/2 5712/4711/2
f 5667/4712/2 5666/4710/2 5740/4709/2
f 5667/4712/2 5740/4709/2 5739/4713/2
f 5716/4702/2 5712/4711/2 5711/4714/2
f 5717/4715/2 5716/4702/2 5711/4714/2
f 5668/4716/2 5667/4712/2 5739/4713/2
f 5717/4715/2 5711/4714/2 5710/4717/2
f 5669/3996/2 5668/4718/2 5739/4719/2
f 5717/4715/2 5710/4717/2 5709/4720/2
f 5669/4721/2 5739/4713/2 5738/4722/2
f 5670/4723/2 5669/4721/2 5738/4722/2
f 5717/4715/2 5709/4720/2 5708/4724/2
f 5718/4725/2 5717/4715/2 5708/4724/2
f 5671/4726/2 5670/4723/2 5738/4722/2
f 5718/4725/2 5708/4724/2 5707/4727/2
f 5672/4728/2 5671/4726/2 5738/4722/2
f 5718/4725/2 5707/4727/2 5706/4729/2
f 5672/4728/2 5738/4722/2 5737/4730/2
f 5673/4731/2 5672/4728/2 5737/4730/2
f 5718/3386/2 5706/3387/2 5705/3388/2
f 5674/4732/2 5673/4731/2 5737/4730/2
f 5719/4733/2 5718/4725/2 5705/4734/2
f 5719/4733/2 5705/4734/2 5704/4735/2
f 5675/4736/2 5674/4732/2 5737/4730/2
f 5719/3399/2 5704/4009/2 5703/4010/2
f 5719/4733/2 5703/4737/2 5702/4738/2
f 5676/4013/2 5675/3394/2 5737/3390/2
f 5676/4739/2 5737/4730/2 5736/4740/2
f 5719/4733/2 5702/4738/2 5701/4741/2
f 5677/4742/2 5676/4739/2 5736/4740/2
f 5719/3399/2 5701/3401/2 5700/4016/2
f 5720/4743/2 5719/4733/2 5700/4744/2
f 5678/4745/2 5677/4742/2 5736/4740/2
f 5720/4743/2 5700/4744/2 5699/4746/2
f 5679/3407/2 5678/3404/2 5736/3405/2
f 5679/4747/2 5736/4740/2 5735/4748/2
f 5720/4743/2 5699/4746/2 5698/4749/2
f 5680/4750/2 5679/4747/2 5735/4748/2
f 5681/4751/2 5680/4750/2 5735/4748/2
f 5720/3413/2 5698/3414/2 5697/3415/2
f 5682/4752/2 5681/4751/2 5735/4748/2
f 5720/3413/2 5697/3415/2 5696/4027/2
f 5721/4753/2 5720/4743/2 5696/4754/2
f 5683/3423/2 5682/4755/2 5735/3412/2
f 5721/4753/2 5696/4754/2 5695/4756/2
f 5684/3422/2 5683/3423/2 5735/3412/2
f 5721/3435/2 5695/4031/2 5694/4757/2
f 5684/4758/2 5735/4748/2 5734/4759/2
f 5685/3430/2 5684/3422/2 5734/3431/2
f 5721/3435/2 5694/4757/2 5693/4760/2
f 5686/4761/2 5685/4762/2 5734/4759/2
f 5721/3435/2 5693/4760/2 5692/3436/2
f 5687/4763/2 5686/4761/2 5734/4759/2
f 5721/3435/2 5692/3436/2 5691/3437/2
f 5688/4764/2 5687/4763/2 5734/4759/2
f 5721/3435/943 5691/3437/943 5690/3440/943
f 5721/3435/942 5690/3440/942 5689/3441/942
f 5721/4753/2 5689/4765/2 5734/4759/2
f 5722/4766/2 5721/4753/2 5734/4759/2
f 5722/4766/2 5734/4759/2 5733/4767/2
f 5723/4768/2 5722/4766/2 5733/4767/2
f 5723/4768/2 5733/4767/2 5732/4769/2
f 5724/4770/2 5723/4768/2 5732/4769/2
f 5724/4770/2 5732/4769/2 5731/4771/2
f 5725/4772/2 5724/4770/2 5731/4771/2
f 5725/4772/2 5731/4771/2 5730/4773/2
f 5726/4774/2 5725/4772/2 5730/4773/2
f 5726/3457/2 5730/3452/2 5729/2935/2
f 5727/3456/2 5726/3457/2 5729/2935/2
f 5727/3456/943 5729/2935/943 5728/3458/943
f 5743/4775/2 5742/4776/2 5741/4777/2
f 5743/4775/2 5741/4777/2 5744/4778/2
f 5811/4371/2 5810/4779/2 5809/4780/2
f 5811/4371/2 5809/4780/2 5808/4781/2
f 5811/4371/2 5808/4781/2 5807/4372/2
f 5811/4371/943 5807/4372/943 5806/4373/943
f 5812/4374/2 5811/4371/2 5806/4373/2
f 5812/4374/2 5806/4373/2 5805/4375/2
f 5812/4374/2 5805/4375/2 5804/4376/2
f 5812/4374/2 5804/4376/2 5803/4377/2
f 5813/4378/2 5812/4374/2 5803/4377/2
f 5813/4378/2 5803/4377/2 5802/4379/2
f 5813/4378/2 5802/4379/2 5801/4380/2
f 5814/4381/2 5813/4378/2 5801/4380/2
f 5814/4381/2 5801/4380/2 5800/4382/2
f 5814/4381/2 5800/4382/2 5799/4383/2
f 5815/4782/2 5814/4783/2 5799/4784/2
f 5815/4782/2 5799/4784/2 5798/4785/2
f 5815/4782/2 5798/4785/2 5787/4786/2
f 5787/4786/2 5798/4785/2 5788/4787/2
f 5788/4787/2 5798/4785/2 5789/4788/2
f 5789/4788/2 5798/4785/2 5790/4789/2
f 5790/4789/2 5798/4785/2 5791/4790/2
f 5791/4790/2 5798/4785/2 5792/4791/2
f 5792/4791/2 5798/4785/2 5793/4792/2
f 5793/4792/2 5798/4785/2 5794/4793/2
f 5794/4793/2 5798/4785/2 5795/4794/2
f 5795/4795/2 5798/4796/2 5796/4797/2
f 5796/4797/2 5798/4796/2 5797/4798/2
f 5816/4799/2 5815/4782/2 5785/4800/2
f 5785/4800/2 5815/4782/2 5786/4801/2
f 5786/4802/2 5815/4803/2 5787/4804/2
f 5816/4402/942 5785/4403/942 5784/4404/942
f 5816/4402/2 5784/4404/2 5783/4405/2
f 5816/4799/2 5783/4805/2 5782/4806/2
f 5817/4807/2 5816/4799/2 5782/4806/2
f 5817/4807/2 5782/4806/2 5781/4808/2
f 5817/4807/2 5781/4808/2 5780/4809/2
f 5818/4810/2 5817/4807/2 5780/4809/2
f 5818/4810/2 5780/4809/2 5779/4811/2
f 5818/4810/2 5779/4811/2 5778/4812/2
f 5819/4813/2 5818/4810/2 5778/4812/2
f 5819/4813/2 5778/4812/2 5777/4814/2
f 5820/4815/2 5819/4813/2 5777/4814/2
f 5820/4815/2 5777/4814/2 5776/4816/2
f 5820/4815/2 5776/4816/2 5775/4817/2
f 5821/4818/2 5820/4815/2 5775/4817/2
f 5821/4818/2 5775/4817/2 5774/4819/2
f 5822/4820/2 5821/4818/2 5774/4819/2
f 5822/4820/2 5774/4819/2 5773/4821/2
f 5822/4820/2 5773/4821/2 5772/4822/2
f 5823/4823/2 5822/4820/2 5772/4822/2
f 5747/4824/2 5746/4825/2 5745/4826/2
f 5747/4824/2 5745/4826/2 5748/4827/2
f 5748/4827/2 5745/4826/2 5845/4828/2
f 5823/4823/2 5772/4822/2 5771/4829/2
f 5824/4830/2 5823/4823/2 5771/4829/2
f 5824/4830/2 5771/4829/2 5770/4831/2
f 5749/4832/2 5748/4827/2 5845/4828/2
f 5825/4833/2 5824/4830/2 5770/4831/2
f 5825/4833/2 5770/4831/2 5769/4834/2
f 5825/4833/2 5769/4834/2 5768/4835/2
f 5826/4836/2 5825/4833/2 5768/4835/2
f 5826/4836/2 5768/4835/2 5767/4837/2
f 5827/4838/2 5826/4836/2 5767/4837/2
f 5827/4839/2 5767/4840/2 5766/4841/2
f 5827/4839/2 5766/4841/2 5765/4842/2
f 5828/4843/2 5827/4838/2 5765/4844/2
f 5828/4843/2 5765/4844/2 5764/4845/2
f 5750/4846/2 5749/4832/2 5845/4828/2
f 5751/4847/2 5750/4846/2 5845/4828/2
f 5752/4848/2 5751/4847/2 5845/4828/2
f 5828/4843/2 5764/4845/2 5763/4849/2
f 5753/4850/2 5752/4848/2 5845/4828/2
f 5755/4851/2 5754/4852/2 5845/4828/2
f 5828/4853/2 5763/4854/2 5762/4855/2
f 5829/4856/2 5828/4843/2 5762/4857/2
f 5756/4455/2 5755/4450/2 5845/2943/2
f 5757/4858/2 5756/4859/2 5845/4828/2
f 5758/4860/2 5757/4858/2 5845/4828/2
f 5829/4856/2 5762/4857/2 5761/4861/2
f 5759/4460/2 5758/4862/2 5845/2943/2
f 5760/4863/2 5759/4864/2 5845/4828/2
f 5761/4865/2 5760/4459/2 5845/2943/2
f 5829/4856/2 5761/4861/2 5845/4828/2
f 5830/4866/2 5829/4856/2 5845/4828/2
f 5830/4866/2 5845/4828/2 5844/4867/2
f 5830/4866/2 5844/4867/2 5843/4868/2
f 5831/4869/2 5830/4866/2 5843/4868/2
f 5831/4869/2 5843/4868/2 5842/4870/2
f 5831/4871/2 5842/4872/2 5841/4873/2
f 5832/4874/2 5831/4869/2 5841/4875/2
f 5832/4874/2 5841/4875/2 5840/4876/2
f 5832/4877/2 5840/4878/2 5839/4879/2
f 5832/4877/2 5839/4879/2 5838/4880/2
f 5833/4881/2 5832/4874/2 5838/4882/2
f 5833/4881/2 5838/4882/2 5837/4883/2
f 5833/4881/2 5837/4883/2 5836/4884/2
f 5833/4475/2 5836/4477/2 5835/4479/2
f 5834/4478/2 5833/4475/2 5835/4479/2
f 5849/4885/4 4155/4885/4 5848/4885/4
f 5847/4886/4 4159/4887/4 5846/4888/4
f 5859/4889/2 5886/4890/2 5887/4891/2
f 5889/4892/2 5851/4893/2 5888/4894/2
f 5892/4895/2 5852/4896/2 5891/4897/2
f 5894/4898/2 5853/4899/2 5893/4900/2
f 5896/4901/2 5854/4902/2 5855/4903/2
f 5897/4904/2 5855/4903/2 5898/4905/2
f 5899/4906/2 5856/4907/2 5900/4908/2
f 5901/4909/2 5857/4910/2 5902/4911/2
f 5903/4912/2 5858/4913/2 5859/4889/2
f 5905/4914/2 5875/4915/2 5904/4916/2
f 5906/4917/2 5861/4918/2 5850/4919/2
f 5909/4920/2 5860/4921/2 5910/4922/2
f 5911/4923/2 5863/4924/2 5908/4925/2
f 5913/4926/2 5862/4927/2 5914/4928/2
f 5915/4929/2 5865/4930/2 5912/4931/2
f 5917/4932/2 5864/4933/2 5918/4934/2
f 5919/4935/2 5867/4936/2 5916/4937/2
f 5920/4938/2 5866/4939/2 5921/4940/2
f 5922/4941/2 5923/4942/2 5869/4943/2
f 5926/4944/2 5868/4945/2 5870/4946/2
f 5928/4947/2 5871/4948/2 5924/4949/2
f 5930/4950/2 5870/4946/2 5929/4951/2
f 5932/4952/2 5873/4953/2 5927/4954/2
f 5934/4955/2 5872/4956/2 5933/4957/2
f 5935/4958/2 5875/4915/2 5931/4959/2
f 5936/4960/2 5874/4961/2 5876/4962/2
f 5876/4962/2 5938/4963/2 5937/4964/2
f 5940/4965/2 5878/4966/2 5877/4967/2
f 5942/4968/2 5879/4969/2 5939/4970/2
f 5944/4971/2 5880/4972/2 5941/4973/2
f 5946/4974/2 5881/4975/2 5880/4972/2
f 5947/4976/2 5882/4977/2 5945/4978/2
f 5949/4979/2 5883/4980/2 5948/4981/2
f 5951/4982/2 5884/4983/2 5950/4984/2
f 5953/4985/2 5885/4986/2 5952/4987/2
f 5907/4988/2 5851/4893/2 5890/4989/2
f 5957/2874/1 5956/2876/1 5958/2875/1
f 5957/2874/1 5959/2877/1 5956/2876/1
f 5961/2878/1 7430/2880/1 5960/2879/1
f 5961/2878/1 5963/2881/1 7430/2880/1
f 5963/2881/1 5962/2883/1 5964/2882/1
f 5963/2881/1 5965/2884/1 5962/2883/1
f 5961/2878/1 5965/2884/1 5963/2881/1
f 6571/2885/1 6841/2887/1 7431/2886/1
f 6571/2885/1 5967/2888/1 6841/2887/1
f 5967/2889/1 7681/2891/1 5966/2890/1
f 5967/2888/1 6572/2893/1 7681/2892/1
f 6571/2885/1 6572/2893/1 5967/2888/1
f 6573/2894/1 6572/2893/1 6571/2885/1
f 6573/2894/1 6842/2895/1 6572/2893/1
f 6842/2895/1 6575/2896/1 6572/2893/1
f 6573/2894/1 6843/2897/1 6842/2895/1
f 6574/2898/1 6575/2896/1 6842/2895/1
f 6578/2899/1 6844/2901/1 7432/2900/1
f 6578/2899/1 6577/2902/1 6844/2901/1
f 6577/2889/1 7585/2891/1 6576/2890/1
f 6577/2902/1 6579/2904/1 7585/2903/1
f 6578/2899/1 6579/2904/1 6577/2902/1
f 6580/2905/1 6579/2904/1 6578/2899/1
f 6580/2905/1 6845/2906/1 6579/2904/1
f 6845/2906/1 5969/2907/1 6579/2904/1
f 6580/2905/1 6846/2908/1 6845/2906/1
f 5968/2909/1 5969/2907/1 6845/2906/1
f 6581/2910/1 7049/2912/1 7433/2911/1
f 6581/2910/1 6582/2913/1 7049/2912/1
f 7048/2914/1 5971/2915/1 7049/2912/1
f 5971/2916/1 7682/2891/1 5970/2917/1
f 5971/2915/1 6847/2919/1 7682/2918/1
f 7434/2920/1 5973/2921/1 7682/2918/1
f 6581/2910/1 6583/2922/1 6582/2913/1
f 6584/2923/1 5971/2915/1 7048/2914/1
f 5971/2915/1 6585/2924/1 6847/2919/1
f 5972/2925/1 5973/2921/1 7434/2920/1
f 6584/2923/1 6585/2924/1 5971/2915/1
f 6848/2926/1 6588/2928/1 6849/2927/1
f 6848/2926/1 5975/2929/1 6588/2928/1
f 6587/2930/1 6586/2931/1 6588/2928/1
f 6586/2916/1 7435/2891/1 7436/2917/1
f 6586/2931/1 5977/2933/1 7435/2932/1
f 5977/2934/1 6850/2935/1 7435/2891/1
f 6850/2936/1 7268/2937/1 7435/2932/1
f 6848/2926/1 5974/2938/1 5975/2929/1
f 6589/2939/1 6586/2931/1 6587/2930/1
f 6586/2931/1 5976/2940/1 5977/2933/1
f 7269/2941/1 7268/2937/1 6850/2936/1
f 6589/2939/1 5976/2940/1 6586/2931/1
f 7051/2942/1 7052/2943/1 7050/2891/1
f 7270/2944/1 7052/2943/1 7051/2942/1
f 7270/2944/1 5979/2945/1 7052/2943/1
f 5978/2946/1 5979/2945/1 7270/2944/1
f 5978/2946/1 5980/2947/1 5979/2945/1
f 5981/2948/16 5980/2947/16 5978/2946/16
f 5981/2948/1 5983/2949/1 5980/2947/1
f 6851/2950/1 5983/2949/1 5981/2948/1
f 6851/2950/1 5982/2951/1 5983/2949/1
f 7053/2952/1 5982/2951/1 6851/2950/1
f 7053/2952/1 5985/2953/1 5982/2951/1
f 5984/2954/1 5985/2953/1 7053/2952/1
f 5984/2954/1 5986/2955/1 5985/2953/1
f 5987/2956/1 5986/2955/1 5984/2954/1
f 5987/2956/1 6590/2957/1 5986/2955/1
f 6591/2958/1 6590/2957/1 5987/2956/1
f 6591/2958/1 7271/2959/1 6590/2957/1
f 7272/2960/1 7271/2959/1 6591/2958/1
f 7272/2960/1 5989/2961/1 7271/2959/1
f 5988/2962/1 5989/2961/1 7272/2960/1
f 5988/2962/1 5990/2963/1 5989/2961/1
f 5988/2962/1 5991/2964/1 5990/2963/1
f 5992/2965/1 5991/2964/1 5988/2962/1
f 6852/2966/1 5991/2964/1 5992/2965/1
f 6852/2966/1 7273/2967/1 5991/2964/1
f 7274/2968/1 7273/2967/1 6852/2966/1
f 7274/2968/1 5994/2969/1 7273/2967/1
f 5993/2970/1 5994/2969/1 7274/2968/1
f 5993/2970/1 5995/2971/1 5994/2969/1
f 5996/2972/1 5995/2971/1 5993/2970/1
f 5996/2972/1 5998/2973/1 5995/2971/1
f 6853/2974/1 5998/2973/1 5996/2972/1
f 6853/2974/1 5997/2975/1 5998/2973/1
f 7275/2976/1 5997/2975/1 6853/2974/1
f 7275/2976/1 6000/2977/1 5997/2975/1
f 5999/2978/1 6000/2977/1 7275/2976/1
f 5999/2978/1 6001/2979/1 6000/2977/1
f 6002/2980/1 6001/2982/1 5999/2981/1
f 6002/2983/1 6004/2984/1 6001/2979/1
f 6854/2985/16 6004/2984/16 6002/2983/16
f 6854/2985/17 6003/2986/17 6004/2984/17
f 7276/2987/1 6003/2986/1 6854/2985/1
f 7276/2987/1 6006/2988/1 6003/2986/1
f 6005/2989/1 6006/2988/1 7276/2987/1
f 6005/2989/17 6007/2990/17 6006/2988/17
f 6008/2991/1 6007/2990/1 6005/2989/1
f 6855/2992/1 6010/2994/1 6856/2993/1
f 6010/2995/1 6011/2997/1 6856/2996/1
f 6010/2995/1 6009/2998/1 6011/2997/1
f 6010/2995/1 7277/2999/1 6009/2998/1
f 6010/2995/1 6857/3000/1 7277/2999/1
f 6010/2995/1 6013/3001/1 6857/3000/1
f 6010/2995/1 6012/3002/1 6013/3001/1
f 6010/2995/1 6014/3003/1 6012/3002/1
f 6014/3003/1 6015/3004/1 6012/3002/1
f 6015/3004/1 7437/3005/1 6012/3002/1
f 6855/2992/1 6606/3006/1 6010/2994/1
f 7054/3007/1 7437/3009/1 6015/3008/1
f 7278/3010/1 7437/3005/1 7054/3011/1
f 6016/3012/1 7437/3009/1 7278/3013/1
f 6016/3014/1 7055/3015/1 7437/3005/1
f 6017/3016/1 7055/3017/1 6016/3012/1
f 6858/3018/1 7055/3017/1 6017/3016/1
f 6858/3019/1 6594/3020/1 7055/3015/1
f 6593/3021/1 6594/3022/1 6858/3018/1
f 6593/3021/1 6592/3023/1 6594/3022/1
f 6018/3024/1 6592/3023/1 6593/3021/1
f 6019/3025/1 6592/3023/1 6018/3024/1
f 6019/3025/1 7438/3026/1 6592/3023/1
f 6859/3027/1 7438/3026/1 6019/3025/1
f 6859/3027/1 7057/3028/1 7438/3026/1
f 7056/3029/1 7057/3028/1 6859/3027/1
f 7056/3029/1 6596/3030/1 7057/3028/1
f 6020/3031/1 6596/3030/1 7056/3029/1
f 6021/3032/1 6596/3030/1 6020/3031/1
f 6021/3032/1 6595/3033/1 6596/3030/1
f 6597/3034/1 6595/3033/1 6021/3032/1
f 6597/3034/1 7440/3035/1 6595/3033/1
f 7439/3036/1 7440/3035/1 6597/3034/1
f 6598/3037/1 7440/3035/1 7439/3036/1
f 6598/3037/1 7058/3038/1 7440/3035/1
f 6599/3039/1 7058/3038/1 6598/3037/1
f 6599/3039/1 6602/3040/1 7058/3038/1
f 7059/3041/1 6602/3040/1 6599/3039/1
f 6601/3042/1 6602/3040/1 7059/3041/1
f 6601/3042/1 6600/3043/1 6602/3040/1
f 6603/3044/1 6600/3046/1 6601/3045/1
f 6603/3047/1 7586/3048/1 6600/3043/1
f 6604/3049/1 7586/3048/1 6603/3047/1
f 7441/3050/1 6860/3051/1 7586/3048/1
f 7442/3052/1 6860/3054/1 7441/3053/1
f 6855/2992/1 6605/3055/1 6606/3006/1
f 6855/2992/1 6860/3051/1 6605/3055/1
f 6855/2992/1 6861/3056/1 6860/3051/1
f 6855/2992/1 6023/3057/1 6861/3056/1
f 6855/2992/1 6022/3058/1 6023/3057/1
f 7444/2942/1 6025/2943/1 7443/2891/1
f 6607/2944/21 6025/2943/21 7444/2942/21
f 6607/2944/1 6024/2945/1 6025/2943/1
f 6608/2946/1 6024/2945/1 6607/2944/1
f 6608/2946/1 7060/2947/1 6024/2945/1
f 7061/2948/16 7060/2947/16 6608/2946/16
f 7061/2948/1 7062/2949/1 7060/2947/1
f 7445/2950/16 7062/2949/16 7061/2948/16
f 7445/2950/1 6027/2951/1 7062/2949/1
f 6609/2952/1 6027/2951/1 7445/2950/1
f 6609/2952/1 6026/2953/1 6027/2951/1
f 6610/2954/1 6026/2953/1 6609/2952/1
f 6610/2954/1 6862/2955/1 6026/2953/1
f 6863/2956/1 6862/2955/1 6610/2954/1
f 6863/2956/1 7063/2957/1 6862/2955/1
f 7279/2958/1 7063/2957/1 6863/2956/1
f 7279/2958/1 6029/2959/1 7063/2957/1
f 6028/2960/1 6029/2959/1 7279/2958/1
f 6028/2960/1 6030/2961/1 6029/2959/1
f 6031/2962/1 6030/2961/1 6028/2960/1
f 6031/2962/1 6864/2963/1 6030/2961/1
f 6031/2962/1 6865/2964/1 6864/2963/1
f 6866/2965/1 6865/2964/1 6031/2962/1
f 7280/2966/1 6865/2964/1 6866/2965/1
f 7280/2966/1 6033/2967/1 6865/2964/1
f 6611/2968/1 6033/2967/1 7280/2966/1
f 6611/2968/1 6032/2969/1 6033/2967/1
f 6612/2970/1 6032/2969/1 6611/2968/1
f 6612/2970/1 7064/2971/1 6032/2969/1
f 7065/2972/1 7064/2971/1 6612/2970/1
f 7065/2972/1 7066/2973/1 7064/2971/1
f 7446/2974/1 7066/2973/1 7065/2972/1
f 7446/2974/1 6035/2975/1 7066/2973/1
f 6034/3059/1 6035/3061/1 7446/3060/1
f 6034/2976/1 6036/2977/1 6035/2975/1
f 6037/2978/1 6036/2977/1 6034/2976/1
f 6037/2978/1 6867/2979/1 6036/2977/1
f 6868/2983/1 6867/2979/1 6037/2978/1
f 6868/2983/1 7067/2984/1 6867/2979/1
f 7281/2985/16 7067/2984/16 6868/2983/16
f 7281/2985/17 6039/2986/17 7067/2984/17
f 6613/2987/1 6039/2986/1 7281/2985/1
f 6613/3062/1 6038/3064/1 6039/3063/1
f 6614/2989/1 6038/2988/1 6613/2987/1
f 6614/2989/17 7068/2990/17 6038/2988/17
f 7069/2991/947 7068/2990/947 6614/2989/947
f 6040/3065/1 7282/3067/1 7283/3066/1
f 6040/3065/1 6041/3068/1 7282/3067/1
f 6041/3068/1 6046/3069/1 7282/3067/1
f 6040/3065/1 6042/3070/1 6041/3068/1
f 7070/3071/1 6046/3069/1 6041/3068/1
f 6040/3065/1 6043/3072/1 6042/3070/1
f 6043/3072/1 7070/3071/1 6042/3070/1
f 6043/3072/1 7284/3073/1 7070/3071/1
f 7284/3073/1 6046/3069/1 7070/3071/1
f 6040/3065/1 6044/3074/1 6043/3072/1
f 6045/3075/1 6046/3069/1 7284/3073/1
f 7072/3076/1 7071/2891/1 7073/3077/1
f 7072/3078/1 6048/3080/1 7071/3079/1
f 6048/3080/1 6047/3081/1 7071/3079/1
f 7072/3078/1 7074/3082/1 6048/3080/1
f 6049/3083/1 6047/3081/1 6048/3080/1
f 7072/3078/1 6616/3084/1 7074/3082/1
f 6616/3084/1 6049/3083/1 7074/3082/1
f 6616/3084/1 7075/3085/1 6049/3083/1
f 7075/3085/1 6047/3081/1 6049/3083/1
f 7072/3078/1 6615/3086/1 6616/3084/1
f 7285/3087/1 6047/3081/1 7075/3085/1
f 6050/3088/1 6052/3090/1 6051/3089/1
f 6052/3090/1 6054/3091/1 6051/3089/1
f 6052/3090/1 6053/3092/1 6054/3091/1
f 6052/3090/1 7286/3093/1 6053/3092/1
f 6052/3090/1 6869/3094/1 7286/3093/1
f 6052/3090/1 6056/3095/1 6869/3094/1
f 6052/3090/1 6055/3096/1 6056/3095/1
f 6052/3090/1 6057/3097/1 6055/3096/1
f 6057/3097/1 6058/3098/1 6055/3096/1
f 6058/3098/1 7288/3099/1 6055/3096/1
f 6050/3088/1 6059/3100/1 6052/3090/1
f 6870/3011/1 7288/3005/1 6058/3004/1
f 7287/3010/1 7288/3005/1 6870/3011/1
f 6617/3014/1 7288/3005/1 7287/3010/1
f 6617/3101/1 6872/3102/1 7288/3099/1
f 6618/3103/1 6872/3015/1 6617/3014/1
f 6871/3019/1 6872/3015/1 6618/3103/1
f 6871/3104/1 6062/3105/1 6872/3102/1
f 6061/3106/1 6062/3020/1 6871/3019/1
f 6061/3107/1 6060/3108/1 6062/3105/1
f 6063/3109/1 6060/3110/1 6061/3106/1
f 6064/3111/1 6060/3108/1 6063/3112/1
f 6064/3111/1 7289/3113/1 6060/3108/1
f 6873/3114/1 7289/3116/1 6064/3115/1
f 6873/3117/1 6875/3118/1 7289/3113/1
f 6874/3119/1 6875/3120/1 6873/3114/1
f 6874/3121/1 6068/3122/1 6875/3118/1
f 6065/3123/1 6068/3122/1 6874/3121/1
f 6066/3124/1 6068/3126/1 6065/3125/1
f 6066/3127/1 6067/3128/1 6068/3122/1
f 6069/3129/1 6067/3130/1 6066/3124/1
f 6069/3131/1 7292/3132/1 6067/3128/1
f 7290/3133/1 7292/3132/1 6069/3131/1
f 7291/3134/1 7292/3136/1 7290/3135/1
f 7291/3137/1 6877/3138/1 7292/3132/1
f 6876/3139/1 6072/3140/1 6877/3138/1
f 6071/3141/1 6072/3140/1 6878/3142/1
f 6071/3141/1 6070/3143/1 6072/3140/1
f 6073/3144/1 7294/3145/1 6070/3143/1
f 6619/3146/1 7294/3147/1 6073/3044/1
f 7293/3148/1 6075/3149/1 7294/3145/1
f 7295/3150/1 6075/3149/1 7293/3148/1
f 6074/3151/1 6075/3054/1 7295/3052/1
f 6050/3088/1 6074/3152/1 6059/3100/1
f 6050/3088/1 6075/3149/1 6074/3152/1
f 6050/3088/1 6076/3153/1 6075/3149/1
f 6050/3088/1 6077/3154/1 6076/3153/1
f 6050/3088/1 6078/3155/1 6077/3154/1
f 6050/3088/1 6080/3157/1 6079/3156/1
f 6081/3158/1 7447/3160/1 7448/3159/1
f 6081/3158/1 6082/3161/1 7447/3160/1
f 6082/3161/1 6087/3162/1 7447/3160/1
f 6081/3158/1 6083/3163/1 6082/3161/1
f 7076/3164/1 6087/3162/1 6082/3161/1
f 6081/3158/1 6084/3165/1 6083/3163/1
f 6084/3165/1 7076/3164/1 6083/3163/1
f 6084/3165/1 7296/3166/1 7076/3164/1
f 7296/3166/1 6087/3162/1 7076/3164/1
f 6081/3158/1 6085/3167/1 6084/3165/1
f 6086/3168/1 6087/3162/1 7296/3166/1
f 7078/3169/1 7077/3171/1 7079/3170/1
f 7078/3169/1 7080/3172/1 7077/3171/1
f 6621/3173/1 6622/3175/1 6620/3174/1
f 6621/3173/1 7081/3176/1 6622/3175/1
f 6880/3177/1 6879/3179/1 6881/3178/1
f 6880/3177/1 6882/3180/1 6879/3179/1
f 6624/3181/1 6625/3183/1 6623/3182/1
f 6624/3181/1 7082/3184/1 6625/3183/1
f 7449/3185/1 6884/3187/1 6885/3186/1
f 6884/3187/1 6883/3188/1 6885/3186/1
f 6884/3187/1 6886/3189/1 6883/3188/1
f 7449/3185/1 7083/3190/1 6884/3187/1
f 7449/3185/1 7450/3191/1 7083/3190/1
f 7450/3191/1 6627/3192/1 7083/3190/1
f 7450/3191/1 6626/3193/1 6627/3192/1
f 7449/3185/1 7084/3194/1 7450/3191/1
f 7449/3185/1 6629/3195/1 7084/3194/1
f 7449/3185/1 6628/3196/1 6629/3195/1
f 7086/3197/1 6089/3199/1 7085/3198/1
f 6089/3199/1 7087/3200/1 7085/3198/1
f 6089/3199/1 7088/3201/1 7087/3200/1
f 6089/3199/1 6090/3202/1 7088/3201/1
f 6089/3199/1 6088/3203/1 6090/3202/1
f 6089/3199/1 7297/3204/1 6088/3203/1
f 6089/3199/1 6887/3205/1 7297/3204/1
f 6089/3199/1 6631/3206/1 6887/3205/1
f 6089/3199/1 6630/3207/1 6631/3206/1
f 6089/3208/1 6091/3210/1 6630/3209/1
f 6091/3211/1 7451/3212/1 6630/3207/1
f 7086/3197/1 6092/3213/1 6089/3199/1
f 6888/3214/1 7451/3215/1 6091/3210/1
f 7298/3216/17 7451/3215/17 6888/3214/17
f 6093/3217/1 7451/3215/1 7298/3216/1
f 6093/3218/1 6891/3219/1 7451/3212/1
f 6094/3220/1 6891/3219/1 6093/3218/1
f 6889/3221/1 6891/3223/1 6094/3222/1
f 6890/3224/1 6891/3223/1 6889/3221/1
f 6890/3225/1 6634/3226/1 6891/3219/1
f 6095/3227/1 6634/3228/1 6890/3224/1
f 6096/3229/1 6634/3226/1 6095/3230/1
f 6633/3231/1 6634/3226/1 6096/3229/1
f 6633/3231/1 6632/3232/1 6634/3226/1
f 6635/3233/1 6632/3232/1 6633/3231/1
f 6097/3234/1 6632/3236/1 6635/3235/1
f 6097/3237/1 7452/3238/1 6632/3232/1
f 6098/3239/1 7452/3238/1 6097/3237/1
f 7089/3240/1 7452/3242/1 6098/3241/1
f 7089/3243/1 6893/3244/1 7452/3238/1
f 6892/3245/1 6893/3246/1 7089/3240/1
f 6892/3247/1 6101/3248/1 6893/3244/1
f 6636/3249/1 6101/3250/1 6892/3245/1
f 6100/3251/1 6101/3250/1 6636/3249/1
f 6100/3252/1 6099/3253/1 6101/3248/1
f 6102/3254/1 6099/3255/1 6100/3251/1
f 6102/3256/1 7300/3257/1 6099/3253/1
f 7299/3258/1 7300/3259/1 6102/3254/1
f 7299/3260/1 6894/3261/1 7300/3257/1
f 6637/3262/1 6894/3261/1 7299/3260/1
f 6638/3263/1 6894/3265/1 6637/3264/1
f 6638/3266/1 6641/3267/1 6894/3261/1
f 6895/3268/1 6641/3267/1 6638/3266/1
f 6640/3269/1 6641/3271/1 6895/3270/1
f 6640/3272/1 6639/3273/1 6641/3267/1
f 6103/3274/1 6639/3275/1 6640/3269/1
f 6104/3276/1 6639/3273/1 6103/3277/1
f 7086/3197/1 6642/3278/1 6092/3213/1
f 6642/3278/1 6104/3276/1 6092/3213/1
f 6642/3278/1 6639/3273/1 6104/3276/1
f 6642/3278/1 6643/3279/1 6639/3273/1
f 6642/3278/1 6644/3280/1 6643/3279/1
f 6642/3278/1 6106/3281/1 6644/3280/1
f 6642/3278/1 6105/3282/1 6106/3281/1
f 6642/3278/1 6645/3283/1 6105/3282/1
f 6642/3278/1 6646/3284/1 6645/3283/1
f 6642/3278/1 6647/3285/1 6646/3284/1
f 6642/3286/1 6648/3288/1 6647/3287/1
f 6648/3288/1 7090/3289/1 6647/3287/1
f 7090/3290/1 6108/3291/1 6647/3285/1
f 7086/3197/1 7453/3292/1 6642/3278/1
f 7454/3293/1 6108/3294/1 7090/3289/1
f 6107/3295/1 6108/3291/1 7454/3296/1
f 6109/3297/1 6108/3291/1 6107/3295/1
f 6109/3298/1 6896/3299/1 6108/3294/1
f 6897/3300/1 6896/3299/1 6109/3298/1
f 7301/3301/1 6896/3303/1 6897/3302/1
f 7301/3301/1 6111/3304/1 6896/3303/1
f 6110/3305/1 6111/3307/1 7301/3306/1
f 6110/3308/1 6112/3309/1 6111/3304/1
f 6113/3310/1 6112/3311/1 6110/3305/1
f 6113/3312/1 6114/3313/1 6112/3309/1
f 7091/3314/1 6114/3315/1 6113/3310/1
f 7091/3316/1 7302/3317/1 6114/3313/1
f 7455/3318/1 7302/3319/1 7091/3314/1
f 7455/3320/1 6650/3321/1 7302/3317/1
f 6649/3322/1 6650/3321/1 7455/3320/1
f 6649/3322/1 6651/3323/1 6650/3321/1
f 6649/3322/1 6652/3324/1 6651/3323/1
f 6653/3325/1 6652/3324/1 6649/3322/1
f 6653/3325/1 7092/3326/1 6652/3324/1
f 7093/3327/1 7092/3326/1 6653/3325/1
f 7093/3327/1 7094/3328/1 7092/3326/1
f 7093/3327/1 6655/3329/1 7094/3328/1
f 7093/3327/1 6654/3330/1 6655/3329/1
f 7093/3327/1 7456/3331/1 6654/3330/1
f 7093/3327/1 6898/3332/1 7456/3331/1
f 7093/3327/1 6116/3333/1 6898/3332/1
f 7093/3334/1 6115/3336/1 6116/3335/1
f 7093/3327/1 7303/3338/1 6115/3337/1
f 7093/3327/1 6899/3339/1 7303/3338/1
f 7093/3327/1 6118/3340/1 6899/3339/1
f 7093/3327/1 6117/3341/1 6118/3340/1
f 6657/3342/1 6120/3344/1 6656/3343/1
f 6120/3344/1 7683/3345/1 6656/3343/1
f 6120/3344/1 7095/3346/1 7683/3345/1
f 6657/3342/1 6119/3347/1 6120/3344/1
f 6657/3342/1 6122/3348/1 6119/3347/1
f 6122/3348/1 6900/3349/1 6119/3347/1
f 6122/3348/1 6901/3350/1 6900/3349/1
f 6657/3342/1 6121/3351/1 6122/3348/1
f 6657/3342/1 7096/3352/1 6121/3351/1
f 6657/3342/1 7097/3353/1 7096/3352/1
f 6126/3354/1 7098/3356/1 7457/3355/1
f 6126/3354/1 6127/3357/1 7098/3356/1
f 6124/3358/1 7587/3360/1 6123/3359/1
f 6124/3358/1 7099/3361/1 7587/3360/1
f 7100/3362/1 7099/3361/1 6124/3358/1
f 6126/3354/1 6125/3363/1 6127/3357/1
f 7304/3364/1 7099/2943/1 7100/3365/1
f 7304/3366/1 6129/3367/1 7099/3361/1
f 6126/3354/1 7305/3368/1 6125/3363/1
f 6658/3369/1 7305/3368/1 6126/3354/1
f 6128/3370/1 6129/3367/1 7304/3366/1
f 6658/3369/1 7101/3371/1 7305/3368/1
f 6658/3369/1 6660/3372/1 7101/3371/1
f 6902/3373/1 6131/3374/1 6129/3367/1
f 6903/3375/1 6131/3374/1 6902/3373/1
f 6658/3369/1 6659/3376/1 6660/3372/1
f 6661/3377/1 6659/3376/1 6658/3369/1
f 7306/3378/1 6131/3379/1 6903/2890/1
f 6661/3377/1 7458/3380/1 6659/3376/1
f 6130/3381/1 6131/3379/1 7306/3378/1
f 6661/3377/1 7102/3382/1 7458/3380/1
f 6130/3383/1 6132/3384/1 6131/3374/1
f 6133/3385/1 6132/3384/1 6130/3383/1
f 6661/3386/1 6663/3388/1 7102/3387/1
f 6904/2916/1 6132/3390/1 6133/3389/1
f 6135/3391/1 6663/3392/1 6661/3377/1
f 6135/3391/1 6662/3393/1 6663/3392/1
f 7459/3394/1 6132/3390/1 6904/2916/1
f 6135/3391/1 7307/3395/1 6662/3393/1
f 6135/3391/1 6906/3396/1 7307/3395/1
f 6664/3397/1 6138/3398/1 6132/3384/1
f 6135/3399/1 6905/3401/1 6906/3400/1
f 6136/3402/1 6134/3403/1 6135/3391/1
f 7104/3404/1 6138/3405/1 7103/2889/1
f 6136/3402/1 7309/3406/1 6134/3403/1
f 7308/3407/1 6138/3405/1 7104/3404/1
f 7308/3408/1 6137/3409/1 6138/3398/1
f 6136/3402/1 6907/3410/1 7309/3406/1
f 6139/3411/1 6137/3412/1 7308/3407/1
f 6136/3413/1 6666/3415/1 6907/3414/1
f 7106/3416/1 6137/3409/1 7105/3417/1
f 6136/3402/1 6665/3419/1 6666/3418/1
f 6140/3420/1 6665/3419/1 6136/3402/1
f 6140/3420/1 7310/3421/1 6665/3419/1
f 6667/3422/1 6137/3412/1 7684/3423/1
f 6140/3420/1 6908/3424/1 7310/3421/1
f 6667/3425/1 6144/3426/1 6137/3409/1
f 6668/3427/1 6144/3426/1 6667/3425/1
f 6140/3420/1 6142/3428/1 6908/3424/1
f 7107/3429/1 6144/3431/1 6668/3430/1
f 6140/3420/1 6141/3432/1 6142/3428/1
f 7311/3433/16 6144/3426/16 7107/3434/16
f 6140/3435/16 7312/3437/16 6141/3436/16
f 6143/3438/1 6144/3431/1 7311/3439/1
f 6140/3435/1 6910/3440/1 7312/3437/1
f 6140/3435/21 6909/3441/21 6910/3440/21
f 6140/3420/1 6144/3426/1 6909/3442/1
f 6911/3443/1 6144/3426/1 6140/3420/1
f 6911/3443/1 7108/3444/1 6144/3426/1
f 7109/3445/1 7108/3444/1 6911/3443/1
f 7109/3445/1 7313/3446/1 7108/3444/1
f 7314/3447/1 7313/3446/1 7109/3445/1
f 7314/3447/1 7110/3448/1 7313/3446/1
f 7460/3449/1 7110/3448/1 7314/3447/1
f 7460/3450/1 6912/3452/1 7110/3451/1
f 7588/3453/1 6912/3454/1 7460/3449/1
f 7588/3453/1 6146/3455/1 6912/3454/1
f 6145/3456/17 6146/2935/17 7588/3457/17
f 6145/3456/1 6147/3458/1 6146/2935/1
f 6148/3459/1 6149/3461/1 7590/3460/1
f 6149/3461/1 7589/3462/1 7590/3460/1
f 6149/3461/1 7591/3463/1 7589/3462/1
f 6148/3459/1 6150/3464/1 6149/3461/1
f 6148/3459/1 6151/3465/1 6150/3464/1
f 6151/3465/1 6913/3466/1 6150/3464/1
f 6151/3465/1 6914/3467/1 6913/3466/1
f 6148/3459/1 6152/3468/1 6151/3465/1
f 6154/3469/1 6153/3471/1 6155/3470/1
f 6154/3469/1 6156/3472/1 6153/3471/1
f 6156/3472/1 6157/3473/1 6153/3471/1
f 6154/3469/1 6158/3474/1 6156/3472/1
f 6159/3475/1 6157/3473/1 6156/3472/1
f 6154/3469/1 6915/3476/1 6158/3474/1
f 6915/3476/1 6159/3475/1 6158/3474/1
f 6915/3476/1 7315/3477/1 6159/3475/1
f 7315/3477/1 6157/3473/1 6159/3475/1
f 6154/3469/1 6916/3478/1 6915/3476/1
f 7461/3479/1 6157/3473/1 7315/3477/1
f 7112/3480/1 7111/3482/1 7113/3481/1
f 7112/3480/1 7114/3483/1 7111/3482/1
f 7112/3480/1 7462/3484/1 7114/3483/1
f 7112/3480/1 7463/3485/1 7462/3484/1
f 6670/3486/1 6669/3488/1 6671/3487/1
f 6670/3486/1 6672/3489/1 6669/3488/1
f 6670/3486/1 7115/3490/1 6672/3489/1
f 6670/3486/1 7116/3491/1 7115/3490/1
f 6161/3492/1 6162/3494/1 6160/3493/1
f 6162/3494/1 7685/3495/1 6160/3493/1
f 6162/3494/1 6673/3496/1 7685/3495/1
f 6161/3492/1 6163/3497/1 6162/3494/1
f 6161/3492/1 6674/3498/1 6163/3497/1
f 6674/3498/1 7464/3499/1 6163/3497/1
f 6674/3498/1 7465/3500/1 7464/3499/1
f 6161/3492/1 6675/3501/1 6674/3498/1
f 6161/3492/1 6676/3502/1 6675/3501/1
f 6161/3492/1 6677/3503/1 6676/3502/1
f 7118/3504/1 6165/3506/1 7117/3505/1
f 6165/3506/1 7119/3507/1 7117/3505/1
f 6165/3506/1 7466/3508/1 7119/3507/1
f 6165/3506/1 7316/3509/1 7466/3508/1
f 6165/3506/1 7120/3510/1 7316/3509/1
f 6165/3506/1 6917/3511/1 7120/3510/1
f 6165/3506/1 6678/3512/1 6917/3511/1
f 6165/3506/1 6166/3513/1 6678/3512/1
f 6165/3506/1 6164/3514/1 6166/3513/1
f 6165/3506/1 6167/3515/1 6164/3514/1
f 6167/3515/1 7592/3516/1 6164/3514/1
f 7118/3504/1 6168/3517/1 6165/3506/1
f 6679/3518/1 7592/3437/1 6167/3388/1
f 6918/3519/1 7592/3437/1 6679/3518/1
f 7121/3520/1 7592/3437/1 6918/3519/1
f 7121/3521/1 7469/3522/1 7592/3516/1
f 7317/3523/17 7469/3524/17 7121/3520/17
f 7467/3525/1 7469/3522/1 7317/3526/1
f 7468/3527/1 7469/3522/1 7467/3525/1
f 7468/3527/1 7318/3528/1 7469/3522/1
f 6169/3529/1 7318/3528/1 7468/3527/1
f 6170/3530/1 7318/3528/1 6169/3529/1
f 6680/3531/1 7318/3528/1 6170/3530/1
f 6680/3531/1 7123/3532/1 7318/3528/1
f 6919/3533/1 7123/3532/1 6680/3531/1
f 7122/3534/1 7123/3532/1 6919/3533/1
f 7122/3534/1 6921/3535/1 7123/3532/1
f 7124/3536/1 6921/3535/1 7122/3534/1
f 6920/3537/1 6921/3535/1 7124/3536/1
f 6920/3537/1 6682/3538/1 6921/3535/1
f 6681/3539/1 6682/3538/1 6920/3537/1
f 6681/3539/1 6174/3540/1 6682/3538/1
f 6171/3541/1 6174/3540/1 6681/3539/1
f 6172/3542/1 6174/3543/1 6171/3457/1
f 6172/3544/1 6173/3545/1 6174/3540/1
f 6175/3546/1 6173/3545/1 6172/3544/1
f 6176/3547/1 6173/3549/1 6175/3548/1
f 6176/3550/1 7594/3551/1 6173/3545/1
f 7125/3552/1 7594/3551/1 6176/3550/1
f 7319/3553/1 7594/3551/1 7125/3552/1
f 7470/3554/1 7594/3551/1 7319/3553/1
f 7593/3555/16 7594/3557/16 7470/3556/16
f 7593/3558/1 7471/3559/1 7594/3551/1
f 6177/3560/1 7471/3559/1 7593/3558/1
f 6178/3561/1 7471/3559/1 6177/3560/1
f 7118/3504/1 7320/3562/1 6168/3517/1
f 7320/3562/1 6178/3561/1 6168/3517/1
f 7320/3562/1 7471/3559/1 6178/3561/1
f 7320/3562/1 7321/3563/1 7471/3559/1
f 7320/3562/1 7126/3564/1 7321/3563/1
f 7320/3562/1 6922/3565/1 7126/3564/1
f 7320/3562/1 6683/3566/1 6922/3565/1
f 7320/3562/1 6180/3567/1 6683/3566/1
f 7320/3568/1 6179/2890/1 6180/3569/1
f 7118/3504/1 7322/3570/1 7320/3562/1
f 7128/3571/1 6182/3573/1 7127/3572/1
f 6182/3573/1 7129/3574/1 7127/3572/1
f 6182/3573/1 7472/3575/1 7129/3574/1
f 6182/3573/1 7323/3576/1 7472/3575/1
f 6182/3573/1 7130/3577/1 7323/3576/1
f 6182/3573/1 6923/3578/1 7130/3577/1
f 6182/3573/1 6684/3579/1 6923/3578/1
f 6182/3573/1 6183/3580/1 6684/3579/1
f 6182/3573/1 6181/3581/1 6183/3580/1
f 6182/3573/1 6184/3582/1 6181/3581/1
f 6184/3582/1 7595/3583/1 6181/3581/1
f 7128/3571/1 6185/3584/1 6182/3573/1
f 6685/3518/1 7595/3437/1 6184/3388/1
f 6924/3519/1 7595/3437/1 6685/3518/1
f 7131/3520/1 7595/3437/1 6924/3519/1
f 7131/3585/1 7475/3586/1 7595/3583/1
f 7324/3587/17 7475/3586/17 7131/3585/17
f 7473/3588/1 7475/3586/1 7324/3587/1
f 7474/3589/1 7475/3586/1 7473/3588/1
f 7474/3589/1 7325/3590/1 7475/3586/1
f 6186/3591/1 7325/3590/1 7474/3589/1
f 6187/3592/1 7325/3590/1 6186/3591/1
f 6686/3593/1 7325/3590/1 6187/3592/1
f 6686/3593/1 7133/3594/1 7325/3590/1
f 6925/3399/1 7133/3596/1 6686/3595/1
f 7132/3597/1 7133/3594/1 6925/3598/1
f 7132/3597/1 6927/3599/1 7133/3594/1
f 7134/3600/1 6927/3599/1 7132/3597/1
f 6926/3601/1 6927/3599/1 7134/3600/1
f 6926/3601/1 6688/3602/1 6927/3599/1
f 6687/3603/1 6688/3602/1 6926/3601/1
f 6687/3603/1 6191/3604/1 6688/3602/1
f 6188/3605/1 6191/3604/1 6687/3603/1
f 6189/3542/1 6191/3543/1 6188/3457/1
f 6189/3606/1 6190/3607/1 6191/3604/1
f 6192/3608/1 6190/3607/1 6189/3606/1
f 6193/3547/1 6190/3549/1 6192/3548/1
f 6193/3609/1 7597/3610/1 6190/3607/1
f 7135/3611/1 7597/3610/1 6193/3609/1
f 7326/3612/1 7597/3610/1 7135/3611/1
f 7476/3613/1 7597/3610/1 7326/3612/1
f 7596/3555/1 7597/3557/1 7476/3556/1
f 7596/3614/1 7477/3615/1 7597/3610/1
f 6194/3616/1 7477/3615/1 7596/3614/1
f 6195/3617/17 7477/3615/17 6194/3616/17
f 7128/3571/1 7327/3618/1 6185/3584/1
f 7327/3618/1 6195/3617/1 6185/3584/1
f 7327/3618/1 7477/3615/1 6195/3617/1
f 7327/3618/1 7328/3619/1 7477/3615/1
f 7327/3618/1 7136/3620/1 7328/3619/1
f 7327/3618/1 6928/3621/1 7136/3620/1
f 7327/3618/1 6689/3622/1 6928/3621/1
f 7327/3568/1 6197/3569/1 6689/3623/1
f 7327/3568/1 6196/2890/1 6197/3569/1
f 7128/3571/1 7329/3624/1 7327/3618/1
f 7138/3625/1 7137/3627/1 7139/3626/1
f 7138/3625/1 6929/3628/1 7137/3627/1
f 6929/3628/1 6200/3629/1 7137/3627/1
f 7138/3625/1 7140/3630/1 6929/3628/1
f 6199/3631/1 6200/3629/1 6929/3628/1
f 7138/3625/1 7478/3632/1 7140/3630/1
f 7478/3632/1 6199/3631/1 7140/3630/1
f 7478/3632/1 6198/3633/1 6199/3631/1
f 6198/3633/1 6200/3629/1 6199/3631/1
f 7138/3625/1 7479/3634/1 7478/3632/1
f 6201/3635/1 6200/3629/1 6198/3633/1
f 6203/3636/16 6204/3638/16 6690/3637/16
f 6203/3636/1 6202/3639/1 6204/3638/1
f 6203/3636/1 7598/3640/1 6202/3639/1
f 7141/3641/1 7598/3643/1 6203/3642/1
f 7141/3641/1 7480/3644/1 7598/3643/1
f 7141/3645/1 7330/3647/1 7480/3646/1
f 7141/3645/1 7142/3648/1 7330/3647/1
f 6691/3649/1 7142/3650/1 7141/3641/1
f 6691/3649/1 6930/3651/1 7142/3650/1
f 6691/3649/1 6692/3652/1 6930/3651/1
f 6691/3653/1 6207/3655/1 6692/3654/1
f 6206/3656/1 6207/3657/1 6691/3649/1
f 6206/3656/1 6205/3658/1 6207/3657/1
f 6206/3656/1 7600/3659/1 6205/3658/1
f 6206/3660/1 7599/2891/1 7600/3661/1
f 7601/3662/1 7599/3663/1 6206/3656/1
f 7601/3662/1 7481/3664/1 7599/3663/1
f 7481/3664/1 7482/3665/1 7599/3663/1
f 7482/3665/1 7602/3666/1 7599/3663/1
f 7602/3666/1 6208/3667/1 7599/3663/1
f 6208/3667/1 6209/3668/1 7599/3663/1
f 6209/3668/1 6693/3669/1 7599/3663/1
f 6693/3669/1 6931/3670/1 7599/3663/1
f 6931/3670/1 7143/3671/1 7599/3663/1
f 7143/3671/1 7331/3672/1 7599/3663/1
f 7331/3673/1 7483/3674/1 7599/2891/1
f 7483/3674/1 7603/2943/1 7599/2891/1
f 6210/3675/1 6211/3676/1 7601/3662/1
f 6211/3677/1 7144/3679/1 7601/3678/1
f 6210/3680/1 6213/3682/1 6212/3681/1
f 6214/3683/1 6213/3684/1 6210/3675/1
f 6214/3683/1 6694/3685/1 6213/3684/1
f 6214/3686/1 6695/3688/1 6694/3687/1
f 6696/3689/1 6695/3690/1 6214/3683/1
f 6696/3689/1 6932/3691/1 6695/3690/1
f 6696/3689/1 6933/3692/1 6932/3691/1
f 6934/3693/1 6933/3692/1 6696/3689/1
f 6934/3693/1 6935/3694/1 6933/3692/1
f 7145/3695/1 6935/3694/1 6934/3693/1
f 7145/3695/1 6697/3696/1 6935/3694/1
f 7145/3695/1 6216/3697/1 6697/3696/1
f 7332/3698/1 6216/3697/1 7145/3695/1
f 7332/3698/1 6215/3699/1 6216/3697/1
f 7484/3700/1 6215/3699/1 7332/3698/1
f 7484/3700/1 7604/3701/1 6215/3699/1
f 7484/3700/1 7485/3702/1 7604/3701/1
f 7605/3703/1 7485/3702/1 7484/3700/1
f 7605/3703/1 6218/3704/1 7485/3702/1
f 6217/3705/1 6218/3704/1 7605/3703/1
f 6217/3705/1 6219/3706/1 6218/3704/1
f 6220/3707/1 6219/3706/1 6217/3705/1
f 6220/3707/1 6698/3708/1 6219/3706/1
f 6699/3709/1 6698/3708/1 6220/3707/1
f 6699/3709/1 6700/3710/1 6698/3708/1
f 6936/3711/1 6700/3710/1 6699/3709/1
f 6936/3711/1 6222/3712/1 6700/3710/1
f 6223/3713/1 7487/3715/1 7606/3714/1
f 6936/3716/1 6221/3718/1 6222/3717/1
f 6224/3719/1 7487/3715/1 6223/3713/1
f 7146/3720/1 6221/3721/1 6936/3711/1
f 6701/3722/1 7487/3724/1 6224/3723/1
f 7146/3720/1 7333/3725/1 6221/3721/1
f 6937/3726/1 7487/3724/1 6701/3722/1
f 7147/3727/1 7487/3724/1 6937/3726/1
f 7146/3728/1 7334/3730/1 7333/3729/1
f 7335/3731/1 7487/3724/1 7147/3727/1
f 7336/3732/1 7334/3733/1 7146/3720/1
f 7486/3734/1 7487/3724/1 7335/3731/1
f 7336/3732/1 7338/3735/1 7334/3733/1
f 7607/3736/1 7487/3724/1 7486/3734/1
f 6225/3737/1 7487/3724/1 7607/3736/1
f 7336/3732/1 7337/3738/1 7338/3735/1
f 6226/3739/1 7487/3724/1 6225/3737/1
f 6702/3740/1 7487/3724/1 6226/3739/1
f 6938/3741/16 7487/3724/16 6702/3740/16
f 7336/3732/1 7487/3724/1 6938/3741/1
f 7488/3742/1 7487/3724/1 7336/3732/1
f 7608/3743/1 7339/3744/1 7488/3742/1
f 7608/3743/1 7148/3745/1 7339/3744/1
f 7608/3743/1 6939/3746/1 7148/3745/1
f 7608/3747/1 6228/3749/1 6939/3748/1
f 6227/3750/1 6228/3751/1 7608/3743/1
f 6227/3750/1 6229/3752/1 6228/3751/1
f 6227/3753/1 6230/3755/1 6229/3754/1
f 6232/3756/1 6231/3757/1 6227/3750/1
f 6232/3758/1 6704/3760/1 6703/3759/1
f 6705/3761/1 6704/3760/1 6232/3758/1
f 6234/3762/1 6233/3764/1 6235/3763/1
f 6234/3762/1 6236/3765/1 6233/3764/1
f 6236/3765/1 6237/3766/1 6233/3764/1
f 6234/3762/1 6238/3767/1 6236/3765/1
f 6239/3768/1 6237/3766/1 6236/3765/1
f 6234/3762/1 6940/3769/1 6238/3767/1
f 6940/3769/1 6239/3768/1 6238/3767/1
f 6940/3769/1 7340/3770/1 6239/3768/1
f 7340/3770/1 6237/3766/1 6239/3768/1
f 6234/3762/1 6941/3771/1 6940/3769/1
f 7489/3772/1 6237/3766/1 7340/3770/1
f 7150/3773/1 7149/3775/1 7151/3774/1
f 7150/3773/1 7152/3776/1 7149/3775/1
f 7610/3777/1 6241/3779/1 7609/3778/1
f 7610/3777/1 6240/3780/1 6241/3779/1
f 6242/3781/1 7490/2890/1 7611/3782/1
f 6242/3781/1 7341/3783/1 7490/2890/1
f 6242/3781/1 7153/3784/1 7341/3783/1
f 6243/3785/1 7153/3784/1 6242/3781/1
f 6243/3785/1 6942/3786/1 7153/3784/1
f 6243/3787/17 6706/3789/17 6942/3788/17
f 6245/3790/1 6706/3791/1 6243/3785/1
f 6245/3790/1 6246/3792/1 6706/3791/1
f 6245/3790/1 6244/3793/1 6246/3792/1
f 6247/3794/1 6244/3793/1 6245/3790/1
f 6247/3794/1 7612/3795/1 6244/3793/1
f 6247/3796/1 7491/3798/1 7612/3797/1
f 7154/3799/1 7491/3798/1 6247/3796/1
f 7154/3800/1 7342/3802/1 7491/3801/1
f 7154/3800/1 7157/3803/1 7342/3802/1
f 7156/3804/1 7157/3805/1 7154/3799/1
f 7156/3806/1 7155/2891/1 7157/3803/1
f 7156/3804/1 7158/3808/1 7155/3807/1
f 7158/3808/1 7159/3809/1 7155/3807/1
f 7159/3809/1 7160/3810/1 7155/3807/1
f 7160/3811/1 7161/3812/1 7155/2891/1
f 7161/3813/1 6248/3814/1 7155/3807/1
f 6248/3815/1 6249/3816/1 7155/2891/1
f 6249/3816/1 6707/3817/1 7155/2891/1
f 6707/3817/1 6943/3818/1 7155/2891/1
f 6943/3818/1 7162/2943/1 7155/2891/1
f 7492/3819/1 6708/3820/1 7156/3804/1
f 6708/3821/1 6944/3822/1 7156/3806/1
f 6944/3822/1 7158/3823/1 7156/3806/1
f 7613/3824/1 6250/3825/1 7492/3819/1
f 6250/3826/21 6251/3828/21 7492/3827/21
f 6251/3828/1 6708/3821/1 7492/3827/1
f 6252/3829/1 6253/3830/1 7613/3824/1
f 6253/3831/1 6250/3826/1 7613/3832/1
f 6252/3833/14 6254/3834/14 6253/3831/14
f 6252/3833/16 6255/3835/16 6254/3834/16
f 6252/3833/1 6256/3836/1 6255/3835/1
f 6252/3833/1 6257/3837/1 6256/3836/1
f 6252/3833/1 6258/3838/1 6257/3837/1
f 6259/3839/1 6258/3840/1 6252/3829/1
f 6259/2889/1 6261/3841/1 6258/3838/1
f 6259/3839/1 6260/3843/1 6261/3842/1
f 6259/2889/1 6709/3845/1 6260/3844/1
f 6710/3846/1 6709/3847/1 6259/3839/1
f 6710/3848/1 6945/3457/1 6709/3845/1
f 6710/3848/1 6946/3849/1 6945/3457/1
f 6947/3850/1 6946/3851/1 6710/3846/1
f 6947/3850/1 7163/3852/1 6946/3851/1
f 6947/3853/1 6948/3855/1 7163/3854/1
f 7164/3856/1 6948/3857/1 6947/3850/1
f 7164/3858/1 6711/3859/1 6948/3855/1
f 7164/3856/1 6263/3861/1 6711/3860/1
f 7343/3862/1 6263/3861/1 7164/3856/1
f 7343/3862/1 6262/3863/1 6263/3861/1
f 7493/3864/1 6262/3863/1 7343/3862/1
f 7493/3864/1 7614/3865/1 6262/3863/1
f 7493/3864/1 7494/3866/1 7614/3865/1
f 7615/3867/1 7494/3866/1 7493/3864/1
f 7615/3867/1 6265/3868/1 7494/3866/1
f 6264/3869/1 6265/3868/1 7615/3867/1
f 6264/3869/1 6266/3870/1 6265/3868/1
f 6267/3871/1 6266/3870/1 6264/3869/1
f 6267/3871/1 6712/3872/1 6266/3870/1
f 6713/3873/1 6712/3872/1 6267/3871/1
f 6713/3873/1 6714/3874/1 6712/3872/1
f 6949/3875/1 6714/3874/1 6713/3873/1
f 7165/3876/1 6714/3874/1 6949/3875/1
f 7165/3876/1 6269/3877/1 6714/3874/1
f 7344/3878/1 6269/3877/1 7165/3876/1
f 7495/3879/1 6269/3877/1 7344/3878/1
f 7495/3879/1 6268/3880/1 6269/3877/1
f 7616/3881/1 6268/3880/1 7495/3879/1
f 6274/3882/1 7496/3884/1 7617/3883/1
f 7616/3885/1 6271/3887/1 6268/3886/1
f 6270/3888/1 6271/3887/1 7616/3885/1
f 6274/3889/1 7345/3891/1 7496/3890/1
f 6272/3892/1 6271/3894/1 6270/3893/1
f 6272/3895/1 6715/3896/1 6271/3887/1
f 6274/3889/1 7166/3897/1 7345/3891/1
f 6716/3898/1 6715/3899/1 6272/3892/1
f 6274/3889/1 6950/3900/1 7166/3897/1
f 7168/3901/1 6715/3896/1 7167/3902/1
f 7168/3903/1 7346/3904/1 6715/3899/1
f 6274/3889/1 6717/3905/1 6950/3900/1
f 6274/3889/1 6275/3906/1 6717/3905/1
f 7498/3907/1 7346/3909/1 7497/3908/1
f 6274/3889/1 6273/3910/1 6275/3906/1
f 7498/3911/1 6277/3912/1 7346/3904/1
f 7618/3913/1 6277/3912/1 7498/3911/1
f 6274/3889/1 7619/3914/1 6273/3910/1
f 6276/3915/1 6277/3916/1 7618/3437/1
f 6274/3882/1 7499/3918/1 7619/3917/1
f 6278/3919/1 6277/3912/1 6276/3920/1
f 6274/3889/1 7347/3922/1 7499/3921/1
f 6718/3923/1 6277/3912/1 6278/3919/1
f 6274/3889/1 7169/3924/1 7347/3922/1
f 6718/3925/1 6279/3926/1 6277/3916/1
f 6951/3927/1 6279/3926/1 6718/3925/1
f 6274/3882/1 6951/3927/1 7169/3928/1
f 6274/3889/1 6279/3930/1 6951/3929/1
f 6274/3889/1 6280/3931/1 6279/3930/1
f 6281/3932/1 6280/3931/1 6274/3889/1
f 6719/3933/1 6280/3935/1 6281/3934/1
f 6719/3936/1 6283/3937/1 6280/3931/1
f 6952/3938/1 6283/3937/1 6719/3936/1
f 6952/3939/1 6282/3941/1 6283/3940/1
f 7170/3942/1 6282/3941/1 6952/3939/1
f 7348/3943/1 6282/3945/1 7170/3944/1
f 7348/3943/1 7500/3946/1 6282/3945/1
f 7501/3947/1 7500/3948/1 7348/3388/1
f 7620/3949/1 7500/3948/1 7501/3947/1
f 7620/3949/1 6285/3950/1 7500/3948/1
f 6284/3951/17 6285/3950/17 7620/3949/17
f 6286/3952/16 6285/3954/16 6284/3953/16
f 6286/3952/1 6720/3955/1 6285/3954/1
f 6721/3956/1 6720/3958/1 6286/3957/1
f 6953/3959/1 6720/3958/1 6721/3956/1
f 6953/3959/1 7171/3960/1 6720/3958/1
f 7621/3961/1 7503/3963/1 7504/3962/1
f 7503/3963/1 7502/3964/1 7504/3962/1
f 7503/3963/1 7505/3965/1 7502/3964/1
f 7621/3961/1 7172/3966/1 7503/3963/1
f 7621/3961/1 6954/3967/1 7172/3966/1
f 6954/3967/1 7173/3968/1 7172/3966/1
f 6954/3967/1 7174/3969/1 7173/3968/1
f 7621/3961/1 6722/3970/1 6954/3967/1
f 7621/3961/1 6288/3971/1 6722/3970/1
f 7621/3961/1 6287/3972/1 6288/3971/1
f 6727/3973/1 7175/3975/1 7349/3974/1
f 6727/3973/1 6955/3976/1 7175/3975/1
f 6724/3977/1 6723/3979/1 6725/3978/1
f 6724/3977/1 6726/3980/1 6723/3979/1
f 7176/3981/1 6726/3980/1 6724/3977/1
f 6727/3982/1 6728/3941/1 6955/3983/1
f 7350/3364/1 6726/2943/1 7176/3365/1
f 7350/3984/1 7351/3985/1 6726/3980/1
f 6727/3982/1 6291/3986/1 6728/3941/1
f 6290/3987/1 6291/3988/1 6727/3973/1
f 7506/3989/1 7351/3985/1 7350/3984/1
f 6290/3987/1 6289/3990/1 6291/3988/1
f 7622/3991/1 7351/3985/1 7506/3989/1
f 6290/3992/1 7623/3994/1 6289/3993/1
f 7622/3991/1 6293/3995/1 7351/3985/1
f 6292/2890/1 6293/3379/1 7622/3996/1
f 6290/3992/1 7507/3997/1 7623/3994/1
f 6295/3998/1 7507/3999/1 6290/3987/1
f 6294/4000/1 6293/3995/1 6292/4001/1
f 6295/3386/1 7352/4002/1 7507/3997/1
f 6729/3381/1 6293/3379/1 6294/3378/1
f 6295/3386/1 7177/3387/1 7352/4002/1
f 6729/4003/1 6956/4004/1 6293/3995/1
f 6957/4005/1 6956/4004/1 6729/4003/1
f 6295/3386/1 6958/3388/1 7177/3387/1
f 7178/4006/1 6956/4004/1 6957/4005/1
f 6296/4007/1 6958/4008/1 6295/3998/1
f 6296/3399/1 6730/4009/1 6958/3388/1
f 7353/3394/1 6956/3390/1 7178/2916/1
f 6296/3399/1 6298/4010/1 6730/4009/1
f 6296/3399/1 6297/3400/1 6298/4010/1
f 7508/4011/1 6956/4004/1 7353/4012/1
f 7508/4013/1 6300/3405/1 6956/3390/1
f 6296/3399/1 7625/3401/1 6297/3400/1
f 7624/4014/1 6300/4015/1 7508/4011/1
f 6296/3399/1 7509/4016/1 7625/3401/1
f 6731/4017/1 7509/4018/1 6296/4007/1
f 6299/4019/1 6300/4015/1 7624/4014/1
f 6731/3413/1 7354/4020/1 7509/4016/1
f 6301/3407/1 6300/3405/1 6299/3404/1
f 6301/4021/1 6306/4022/1 6300/4015/1
f 6731/3413/1 7179/3414/1 7354/4020/1
f 6732/4023/1 6306/4022/1 6301/4021/1
f 6959/4024/1 6306/3412/1 6732/3411/1
f 6731/3413/1 6960/3415/1 7179/3414/1
f 7180/4025/1 6306/4022/1 6959/4026/1
f 6731/3413/1 6733/4027/1 6960/3415/1
f 6303/4028/1 6733/4029/1 6731/4017/1
f 7355/4030/1 6306/4022/1 7180/4025/1
f 6303/3435/1 6304/4031/1 6733/4027/1
f 7510/3422/1 6306/3412/1 7355/3423/1
f 6303/4028/1 6302/4033/1 6304/4032/1
f 7510/4034/1 6305/4035/1 6306/4022/1
f 7626/4036/1 6305/4035/1 7510/4034/1
f 6303/4028/1 7627/4037/1 6302/4033/1
f 6307/4038/1 6305/4035/1 7626/4036/1
f 6303/4028/1 7511/4039/1 7627/4037/1
f 6308/4040/1 6305/4035/1 6307/4038/1
f 6303/4028/16 7356/4041/16 7511/4039/16
f 6734/4042/1 6305/4035/1 6308/4040/1
f 6303/3435/14 7181/3440/14 7356/3437/14
f 6961/3441/1 6305/3431/1 6734/3438/1
f 6303/3435/21 6961/3441/21 7181/3440/21
f 6303/3435/1 6305/3431/1 6961/3441/1
f 7182/4043/1 6305/4035/1 6303/4028/1
f 7182/4043/1 7357/4044/1 6305/4035/1
f 7358/4045/1 7357/4044/1 7182/4043/1
f 7358/4045/1 7512/4046/1 7357/4044/1
f 7513/4047/1 7512/4046/1 7358/4045/1
f 7513/4048/1 7359/3451/1 7512/4049/1
f 7628/4050/1 7359/4051/1 7513/4047/1
f 7628/3450/1 6310/3452/1 7359/3451/1
f 6309/3457/1 6310/3452/1 7628/3450/1
f 6309/4052/1 6311/4054/1 6310/4053/1
f 6735/3456/16 6736/3458/16 6311/2935/16
f 6312/4055/1 7514/4057/1 7629/4056/1
f 6313/4058/1 7514/4060/1 6312/4059/1
f 6313/4061/1 7360/4062/1 7514/4057/1
f 6737/4063/1 7360/4064/1 6313/4058/1
f 6737/4063/1 7183/4065/1 7360/4064/1
f 6962/4066/1 7183/4065/1 6737/4063/1
f 6962/4066/1 6964/4067/1 7183/4065/1
f 6963/4068/1 6964/4067/1 6962/4066/1
f 6963/4068/1 6739/4069/1 6964/4067/1
f 6965/4070/1 6739/4069/1 6963/4068/1
f 6965/4070/1 6738/4071/1 6739/4069/1
f 6738/4071/1 6316/4072/1 6739/4069/1
f 6965/4073/16 6742/2943/16 6738/4074/16
f 6740/4075/1 6316/4072/1 6738/4071/1
f 6741/4076/1 6316/4078/1 6740/4077/1
f 6965/4073/1 6318/4079/1 6742/2943/1
f 7515/4080/1 6318/4081/1 6965/4070/1
f 6315/4082/1 6316/4072/1 6741/4083/1
f 6315/4082/1 6314/4084/1 6316/4072/1
f 7515/4080/1 6317/4085/1 6318/4081/1
f 6319/4086/1 6314/4084/1 6315/4082/1
f 7515/4080/1 7630/4087/1 6317/4085/1
f 6320/4088/1 6314/4084/1 6319/4086/1
f 7631/4089/1 7630/4087/1 7515/4080/1
f 6320/4088/1 7632/4090/1 6314/4084/1
f 7631/4089/1 7516/4091/1 7630/4087/1
f 6321/4092/1 7632/4090/1 6320/4088/1
f 7631/4093/1 6323/4095/1 7516/4094/1
f 6743/4096/1 7632/4090/1 6321/4092/1
f 6322/4097/1 6323/4098/1 7631/4089/1
f 6743/4096/1 7517/4099/1 7632/4090/1
f 6322/4100/1 6324/4101/1 6323/4095/1
f 6966/4102/1 7517/4099/1 6743/4096/1
f 6325/4103/1 6324/4104/1 6322/4097/1
f 6325/4105/1 6744/4106/1 6324/4101/1
f 6966/4107/1 7362/4109/1 7517/4108/1
f 7184/4110/1 7362/4111/1 6966/4102/1
f 6325/4105/1 6745/4112/1 6744/4106/1
f 7361/4113/1 7362/4111/1 7184/4110/1
f 6746/4114/1 6745/4115/1 6325/4103/1
f 7361/4113/1 7186/4116/1 7362/4111/1
f 6746/4114/1 6327/4117/1 6745/4115/1
f 7185/4118/1 7186/4116/1 7361/4113/1
f 6746/4119/1 6326/4121/1 6327/4120/1
f 6967/4122/1 6326/4123/1 6746/4114/1
f 7185/4118/1 6969/4124/1 7186/4116/1
f 6968/4125/1 6969/4124/1 7185/4118/1
f 6967/4126/1 7187/4127/1 6326/4121/1
f 7188/4128/1 7187/4129/1 6967/4122/1
f 7188/4130/1 7363/4131/1 7187/4127/1
f 6968/4132/1 6747/4134/1 6969/4133/1
f 6328/4135/1 6747/4136/1 6968/4125/1
f 7188/4130/1 7364/4137/1 7363/4131/1
f 6329/4138/1 6747/4136/1 6328/4135/1
f 7365/4139/1 7364/4140/1 7188/4128/1
f 6329/4138/1 6332/4141/1 6747/4136/1
f 7365/4142/1 7189/4143/1 7364/4137/1
f 6331/4144/1 6332/4141/1 6329/4138/1
f 7518/4145/1 7189/4146/1 7365/4139/1
f 6331/4144/1 6330/4147/1 6332/4141/1
f 7518/4145/1 6970/4148/1 7189/4146/1
f 6333/4149/1 6330/4147/1 6331/4144/1
f 6333/4150/1 7634/4152/1 6330/4151/1
f 7633/4153/1 6970/4148/1 7518/4145/1
f 7633/4153/1 6335/4154/1 6970/4148/1
f 7190/4155/1 7634/4156/1 6333/4149/1
f 7190/4157/1 7520/4158/1 7634/4152/1
f 6334/4159/1 6335/4154/1 7633/4153/1
f 6334/4160/1 6336/4162/1 6335/4161/1
f 7366/4163/1 7520/4164/1 7190/4155/1
f 6334/4159/1 6337/4166/1 6336/4165/1
f 7519/4167/1 7520/4164/1 7366/4163/1
f 7519/4167/1 7368/4168/1 7520/4164/1
f 6338/4169/1 6337/4166/1 6334/4159/1
f 6338/4170/1 6748/4172/1 6337/4171/1
f 7367/4173/1 7368/4168/1 7519/4167/1
f 7367/4173/1 7191/4174/1 7368/4168/1
f 6749/4175/1 6748/4176/1 6338/4169/1
f 6749/4175/1 6971/4177/1 6748/4176/1
f 7369/4178/1 7191/4174/1 7367/4173/1
f 6749/4179/1 6972/4181/1 6971/4180/1
f 6750/4182/1 6976/4183/1 7191/4174/1
f 6749/4179/1 6973/4184/1 6972/4181/1
f 6751/4185/1 6976/4183/1 6750/4182/1
f 6974/4186/1 6973/4187/1 6749/4175/1
f 6974/4188/1 6975/4189/1 6973/4184/1
f 6975/4190/1 6976/4183/1 6751/4185/1
f 6974/4188/1 6976/4191/1 6975/4189/1
f 6974/4186/1 6753/4192/1 6976/4183/1
f 6752/4193/1 6753/4192/1 6974/4186/1
f 6752/4193/1 6341/4194/1 6753/4192/1
f 6340/4195/1 6341/4194/1 6752/4193/1
f 6340/4196/1 6339/4198/1 6341/4197/1
f 6342/4199/1 6339/4200/1 6340/4195/1
f 6342/4201/1 6343/4202/1 6339/4198/1
f 7635/4203/1 6343/4202/1 6342/4201/1
f 7635/4203/1 6345/4204/1 6343/4202/1
f 6344/4205/1 6345/4207/1 7635/4206/1
f 6344/4208/1 6346/4209/1 6345/4204/1
f 6344/4208/1 6347/4210/1 6346/4209/1
f 6348/4211/1 6347/4212/1 6344/4205/1
f 6348/4213/1 6754/4214/1 6347/4210/1
f 6348/4213/1 6755/4215/1 6754/4214/1
f 6756/4216/1 6755/4217/1 6348/4211/1
f 6756/4218/1 6978/4220/1 6977/4219/1
f 6979/4221/1 6978/4222/1 6756/4216/1
f 6979/4221/1 6757/4223/1 6978/4222/1
f 7192/4224/1 6352/4226/1 7193/4225/1
f 7194/4227/1 6352/4226/1 7192/4224/1
f 6979/4228/1 6350/4230/1 6757/4229/1
f 6349/4231/1 6352/4226/1 7194/4227/1
f 6979/4228/16 6349/4231/16 6350/4230/16
f 6979/4221/1 6352/4233/1 6349/4232/1
f 7195/4234/1 6352/4233/1 6979/4221/1
f 7370/4235/1 6352/4233/1 7195/4234/1
f 7521/4236/1 6352/4233/1 7370/4235/1
f 7636/4237/1 6352/4226/1 7521/4238/1
f 6351/4239/1 6352/4233/1 7636/4240/1
f 6353/4241/17 6352/4226/17 6351/4242/17
f 6758/4243/1 6352/4226/1 6353/4241/1
f 6354/4244/1 7371/4246/1 7522/4245/1
f 6355/4247/1 7371/4246/1 6354/4244/1
f 6355/4247/1 7196/4248/1 7371/4246/1
f 6759/4249/1 7196/4248/1 6355/4247/1
f 6759/4249/1 6981/4250/1 7196/4248/1
f 6980/4251/1 6981/4250/1 6759/4249/1
f 6980/4252/1 6761/4254/1 6981/4253/1
f 6760/4255/1 6761/4254/1 6980/4252/1
f 6760/4255/1 6360/4256/1 6761/4254/1
f 7372/4257/1 6762/4258/1 6760/4255/1
f 6762/4258/1 6360/4256/1 6760/4255/1
f 6356/4259/1 6360/4256/1 6762/4258/1
f 6357/4260/1 6360/4262/1 6356/4261/1
f 7372/4263/1 7373/4265/1 7523/4264/1
f 6359/4266/1 6360/4256/1 6357/4267/1
f 7372/4257/1 7197/4269/1 7373/4268/1
f 6359/4266/1 6358/4270/1 6360/4256/1
f 7524/4271/1 7197/4269/1 7372/4257/1
f 6361/4272/1 6358/4270/1 6359/4266/1
f 7524/4271/1 6982/4273/1 7197/4269/1
f 6362/4274/1 6358/4270/1 6361/4272/1
f 7524/4271/1 6763/4275/1 6982/4273/1
f 6362/4274/1 7638/4276/1 6358/4270/1
f 7637/4277/1 6763/4275/1 7524/4271/1
f 7374/4278/1 7638/4276/1 6362/4274/1
f 7637/4277/1 6364/4279/1 6763/4275/1
f 7525/4280/1 7638/4276/1 7374/4278/1
f 7637/4277/1 6363/4281/1 6364/4279/1
f 7525/4280/1 7527/4282/1 7638/4276/1
f 6365/4283/1 6363/4281/1 7637/4277/1
f 7526/4284/1 7527/4282/1 7525/4280/1
f 6365/4283/1 6366/4285/1 6363/4281/1
f 7526/4284/1 7375/4286/1 7527/4282/1
f 6367/4287/1 6366/4285/1 6365/4283/1
f 6368/4288/1 7375/4286/1 7526/4284/1
f 6367/4287/1 6764/4289/1 6366/4285/1
f 6369/4290/1 7375/4286/1 6368/4288/1
f 6367/4287/1 6765/4291/1 6764/4289/1
f 6369/4290/1 7198/4292/1 7375/4286/1
f 6766/4293/1 6765/4291/1 6367/4287/1
f 6767/4294/1 7198/4292/1 6369/4290/1
f 6766/4293/1 6983/4295/1 6765/4291/1
f 6767/4294/1 6986/4296/1 7198/4292/1
f 7199/4297/1 6983/4295/1 6766/4293/1
f 6984/4298/1 6986/4296/1 6767/4294/1
f 7199/4297/1 7200/4299/1 6983/4295/1
f 7201/4300/1 7200/4299/1 7199/4297/1
f 7201/4300/1 6768/4301/1 7200/4299/1
f 6985/4302/1 6986/4296/1 6984/4298/1
f 6985/4302/1 6770/4303/1 6986/4296/1
f 7201/4300/1 6371/4304/1 6768/4301/1
f 6769/4305/1 6770/4303/1 6985/4302/1
f 6769/4305/1 6374/4306/1 6770/4303/1
f 7376/4307/1 6371/4304/1 7201/4300/1
f 7376/4307/1 6370/4308/1 6371/4304/1
f 6373/4309/1 6374/4311/1 6769/4310/1
f 6373/4312/1 6372/4313/1 6374/4306/1
f 7528/4314/1 6370/4308/1 7376/4307/1
f 6375/4315/1 6372/4313/1 6373/4312/1
f 7528/4314/1 7639/4316/1 6370/4308/1
f 6375/4315/1 7641/4317/1 6372/4313/1
f 7640/4318/1 7639/4316/1 7528/4314/1
f 6376/4319/1 7641/4317/1 6375/4315/1
f 7640/4318/1 7529/4320/1 7639/4316/1
f 6377/4321/1 7641/4323/1 6376/4322/1
f 7640/4318/1 6379/4324/1 7529/4320/1
f 6377/4325/1 7530/4326/1 7641/4317/1
f 6378/4327/1 6379/4324/1 7640/4318/1
f 6771/4328/1 7530/4326/1 6377/4325/1
f 6378/4327/1 6380/4329/1 6379/4324/1
f 6987/4330/1 7530/3076/1 6771/4331/1
f 6378/4327/1 6381/4332/1 6380/4329/1
f 6987/4333/1 7378/4334/1 7530/4326/1
f 6382/4335/1 6381/4332/1 6378/4327/1
f 7202/4336/1 7378/4337/1 6987/4330/1
f 6382/4335/1 6772/4338/1 6381/4332/1
f 7377/4339/1 7378/4337/1 7202/4336/1
f 6382/4340/1 6384/4342/1 6772/4341/1
f 7377/4343/1 6989/4344/1 7378/4334/1
f 6773/4345/1 6384/4346/1 6382/4335/1
f 7379/4347/1 6989/4348/1 7377/4339/1
f 6773/4345/1 6383/4349/1 6384/4346/1
f 6988/4350/1 6989/4348/1 7379/4347/1
f 6773/4351/1 6988/4350/1 6383/4352/1
f 6773/4351/1 6989/4348/1 6988/4350/1
f 6773/4345/1 6990/4353/1 6989/4344/1
f 6991/4354/1 6990/4353/1 6773/4345/1
f 6991/4354/1 6774/4355/1 6990/4353/1
f 7203/4356/1 6774/4355/1 6991/4354/1
f 7203/4356/1 6386/4357/1 6774/4355/1
f 7380/4358/1 6386/4357/1 7203/4356/1
f 7380/4358/1 6385/4359/1 6386/4357/1
f 7531/4360/1 6385/4359/1 7380/4358/1
f 6387/4361/1 7532/4363/1 7642/4362/1
f 6387/4361/1 6388/4364/1 7532/4363/1
f 6388/4364/1 7205/4365/1 7532/4363/1
f 7205/4365/1 7204/4367/1 7206/4366/1
f 7205/4365/1 7207/4368/1 7204/4367/1
f 6387/4361/1 6389/4369/1 6388/4364/1
f 6992/4370/1 7205/4365/1 6388/4364/1
f 6992/4370/1 7207/4368/1 7205/4365/1
f 6993/4371/1 6775/4373/1 6994/4372/1
f 6391/4374/1 6775/4373/1 6993/4371/1
f 6391/4374/1 6392/4375/1 6775/4373/1
f 6391/4374/1 6390/4376/1 6392/4375/1
f 6391/4374/1 7643/4377/1 6390/4376/1
f 6393/4378/1 7643/4377/1 6391/4374/1
f 6393/4378/1 7533/4379/1 7643/4377/1
f 6393/4378/1 7381/4380/1 7533/4379/1
f 6776/4381/1 7381/4380/1 6393/4378/1
f 6776/4381/1 7208/4382/1 7381/4380/1
f 6776/4381/1 6996/4383/1 7208/4382/1
f 6995/4384/1 6996/4386/1 6776/4385/1
f 6995/4384/1 6395/4387/1 6996/4386/1
f 6995/4384/1 7686/4388/1 6395/4387/1
f 7686/4388/1 6394/4389/1 6395/4387/1
f 6394/4389/1 6396/4390/1 6395/4387/1
f 6396/4390/1 6777/4391/1 6395/4387/1
f 6777/4391/1 6997/4392/1 6395/4387/1
f 6997/4392/1 7209/4393/1 6395/4387/1
f 7209/4393/1 7382/4394/1 6395/4387/1
f 7382/4394/1 7534/4395/1 6395/4387/1
f 7534/4395/1 7644/4396/1 6395/4387/1
f 7644/4396/1 6397/4397/1 6395/4387/1
f 6397/4397/1 6398/4398/1 6395/4387/1
f 6998/4399/1 7383/4400/1 6995/4384/1
f 7383/4400/1 7535/4401/1 6995/4384/1
f 6998/4402/16 7210/4404/16 7383/4403/16
f 6998/4402/1 6999/4405/1 7210/4404/1
f 6998/4399/1 6778/4407/1 6999/4406/1
f 6400/4408/1 6778/4407/1 6998/4399/1
f 6400/4408/1 6401/4409/1 6778/4407/1
f 6400/4408/1 6399/4410/1 6401/4409/1
f 6402/4411/1 6399/4410/1 6400/4408/1
f 6402/4411/1 7645/4412/1 6399/4410/1
f 6402/4411/1 7537/4413/1 7645/4412/1
f 7536/4414/1 7537/4413/1 6402/4411/1
f 7536/4414/1 7384/4415/1 7537/4413/1
f 6403/4416/1 7384/4415/1 7536/4414/1
f 6403/4416/1 7211/4417/1 7384/4415/1
f 6403/4416/1 7000/4418/1 7211/4417/1
f 6404/4419/1 7000/4418/1 6403/4416/1
f 6404/4419/1 6779/4420/1 7000/4418/1
f 6406/4421/1 6779/4420/1 6404/4419/1
f 6406/4421/1 6407/4422/1 6779/4420/1
f 6406/4421/1 6405/4423/1 6407/4422/1
f 6408/4424/1 6405/4423/1 6406/4421/1
f 7539/4425/1 7538/4427/1 7540/4426/1
f 7539/4425/1 6409/4428/1 7538/4427/1
f 6409/4428/1 6410/4429/1 7538/4427/1
f 6408/4424/1 7646/4430/1 6405/4423/1
f 7212/4431/1 7646/4430/1 6408/4424/1
f 7212/4431/1 7541/4432/1 7646/4430/1
f 6411/4433/1 6410/4429/1 6409/4428/1
f 7385/4434/1 7541/4432/1 7212/4431/1
f 7385/4434/1 7386/4435/1 7541/4432/1
f 7385/4434/1 7214/4436/1 7386/4435/1
f 7213/4437/1 7214/4436/1 7385/4434/1
f 7213/4437/1 7001/4438/1 7214/4436/1
f 6780/4439/1 7001/4438/1 7213/4437/1
f 6780/4439/1 6781/4440/1 7001/4438/1
f 6780/4439/1 6414/4441/1 6781/4440/1
f 6413/4442/1 6414/4441/1 6780/4439/1
f 6413/4442/1 6412/4443/1 6414/4441/1
f 6782/4444/1 6410/4429/1 6411/4433/1
f 7216/4445/1 6410/4429/1 7215/4446/1
f 6413/4442/1 7687/4447/1 6412/4443/1
f 7387/4448/1 6410/2943/1 7216/4449/1
f 7648/4450/1 6410/2943/1 7647/4451/1
f 6415/4452/1 7543/4453/1 6413/4442/1
f 6417/4454/1 6410/2943/1 6416/4455/1
f 6783/4456/1 6410/4429/1 6417/4457/1
f 6415/4452/1 7542/4458/1 7543/4453/1
f 7218/4459/1 6410/2943/1 7217/4460/1
f 6415/4452/1 6410/4429/1 7542/4458/1
f 6784/4461/1 6410/4429/1 6415/4452/1
f 6784/4461/1 6419/4462/1 6410/4429/1
f 6784/4463/1 6418/4465/1 6419/4464/1
f 7002/4466/1 6418/4467/1 6784/4461/1
f 7002/4466/1 7219/4468/1 6418/4467/1
f 7221/4469/1 7220/4470/1 7002/4466/1
f 7221/4469/1 7388/4471/1 7220/4470/1
f 7389/4472/1 7003/4473/1 7221/4469/1
f 7389/4472/1 6786/4474/1 7003/4473/1
f 7389/4475/1 6785/4477/1 6786/4476/1
f 7545/4478/1 7544/4479/1 7389/4475/1
f 7223/4480/1 7222/4482/1 7224/4481/1
f 7223/4480/1 7225/4483/1 7222/4482/1
f 6420/4484/1 6421/4486/1 7688/4485/1
f 6421/4486/1 6423/4487/1 7688/4485/1
f 6421/4486/1 6422/4488/1 6423/4487/1
f 6421/4486/1 7649/4489/1 6422/4488/1
f 6421/4486/1 7546/4490/1 7649/4489/1
f 6421/4486/1 7390/4491/1 7546/4490/1
f 6421/4486/1 7226/4492/1 7390/4491/1
f 6421/4486/1 7004/4493/1 7226/4492/1
f 6421/4486/1 6788/4494/1 7004/4493/1
f 6421/4486/1 6787/4495/1 6788/4494/1
f 6787/4495/1 6427/4496/1 6788/4494/1
f 6420/4484/1 6424/4497/1 6421/4486/1
f 6426/3217/1 6427/3215/1 6789/3216/1
f 6426/4498/1 6425/4499/1 6427/4496/1
f 6428/4500/1 6425/4499/1 6426/4498/1
f 6429/4501/1 6425/4499/1 6428/4500/1
f 6430/3224/1 6425/3223/1 6429/3221/1
f 6430/4502/1 7650/4503/1 6425/4499/1
f 6790/4504/1 7650/4503/1 6430/4502/1
f 7005/4505/1 7650/4503/1 6790/4504/1
f 7227/4506/1 7650/4503/1 7005/4505/1
f 7227/4506/1 7548/4507/1 7650/4503/1
f 7391/4508/1 7548/4507/1 7227/4506/1
f 7547/4509/1 7548/4507/1 7391/4508/1
f 7547/4509/1 7392/4510/1 7548/4507/1
f 7549/4511/1 7392/4510/1 7547/4509/1
f 6431/4512/1 7392/4510/1 7549/4511/1
f 6431/4512/1 7228/4513/1 7392/4510/1
f 6432/4514/1 7228/4513/1 6431/4512/1
f 6432/4514/1 7007/4515/1 7228/4513/1
f 6791/4516/1 7007/4515/1 6432/4514/1
f 7006/4517/1 7007/4515/1 6791/4516/1
f 7006/4517/1 6793/4518/1 7007/4515/1
f 6792/3254/1 6793/3255/1 7006/3251/1
f 6792/4519/1 6435/4520/1 6793/4518/1
f 6434/3258/1 6435/3259/1 6792/3254/1
f 6434/4521/1 6433/4522/1 6435/4520/1
f 6436/4523/1 6433/4522/1 6434/4521/1
f 6437/4524/1 7652/4525/1 6433/4522/1
f 7651/4526/1 7009/4527/1 7652/4525/1
f 6420/4484/1 6438/4528/1 6424/4497/1
f 6438/4528/1 7008/4529/1 6424/4497/1
f 6438/4528/1 7009/4527/1 7008/4529/1
f 6438/4528/1 7010/4530/1 7009/4527/1
f 6438/4528/1 7011/4531/1 7010/4530/1
f 6438/4528/1 7012/4532/1 7011/4531/1
f 6438/4528/1 6794/4533/1 7012/4532/1
f 6438/4528/1 6440/4534/1 6794/4533/1
f 6438/4528/1 6439/4535/1 6440/4534/1
f 6438/4528/1 7013/4536/1 6439/4535/1
f 6438/3286/1 7014/3288/1 7013/3287/1
f 7014/3288/1 7229/3289/1 7013/3287/1
f 7229/4537/1 7393/4538/1 7013/4536/1
f 6420/4484/1 6441/4539/1 6438/4528/1
f 7689/4540/1 6443/4541/1 7393/4538/1
f 6442/4542/1 6443/4541/1 7689/4540/1
f 6444/4543/1 6443/4541/1 6442/4542/1
f 6444/4543/1 6795/4544/1 6443/4541/1
f 6796/4545/1 6795/4544/1 6444/4543/1
f 6796/4545/1 7015/4546/1 6795/4544/1
f 7016/4547/1 7015/4546/1 6796/4545/1
f 7016/4547/1 6797/4548/1 7015/4546/1
f 7230/4549/1 6797/4548/1 7016/4547/1
f 7230/4549/1 6446/4550/1 6797/4548/1
f 7394/4551/1 6446/4550/1 7230/4549/1
f 7394/4551/1 6445/4552/1 6446/4550/1
f 7550/4553/1 6445/4552/1 7394/4551/1
f 7550/4553/1 7653/4554/1 6445/4552/1
f 7550/4553/1 7551/4555/1 7653/4554/1
f 7654/4556/1 7551/4555/1 7550/4553/1
f 7654/4556/1 6448/4557/1 7551/4555/1
f 6447/4558/1 6448/4557/1 7654/4556/1
f 6447/4558/1 6449/4559/1 6448/4557/1
f 6447/4558/1 6450/4560/1 6449/4559/1
f 6447/4558/1 6451/4561/1 6450/4560/1
f 6447/4558/1 6452/4562/1 6451/4561/1
f 6447/4558/1 6453/4563/1 6452/4562/1
f 6447/4558/1 6454/4564/1 6453/4563/1
f 6447/4558/1 6455/4565/1 6454/4564/1
f 6447/4558/1 6456/4566/1 6455/4565/1
f 6447/4558/1 6457/4567/1 6456/4566/1
f 6447/4558/1 6458/4568/1 6457/4567/1
f 6447/4558/1 6459/4569/1 6458/4568/1
f 6447/4558/1 6460/4570/1 6459/4569/1
f 7553/4571/1 6462/4573/1 7552/4572/1
f 6462/4573/1 7554/4574/1 7552/4572/1
f 6462/4573/1 7555/4575/1 7554/4574/1
f 6462/4573/1 7395/4576/1 7555/4575/1
f 6462/4573/1 7231/4577/1 7395/4576/1
f 6462/4573/1 7017/4578/1 7231/4577/1
f 6462/4573/1 6798/4579/1 7017/4578/1
f 6462/4573/1 6463/4580/1 6798/4579/1
f 6462/4573/1 6461/4581/1 6463/4580/1
f 6462/4573/1 6464/4582/1 6461/4581/1
f 6464/4582/1 7655/4583/1 6461/4581/1
f 7553/4571/1 6465/4584/1 6462/4573/1
f 7396/4585/1 7558/4586/1 7655/4583/1
f 7397/4587/1 7558/4586/1 7396/4585/1
f 7556/4588/1 7558/4586/1 7397/4587/1
f 7557/4589/1 7398/4590/1 7558/4586/1
f 6466/4591/1 7398/4590/1 7557/4589/1
f 6467/4592/1 7398/4590/1 6466/4591/1
f 6799/4593/1 7398/3228/1 6467/4594/1
f 6799/4595/1 7233/4596/1 7398/4590/1
f 7018/4597/1 7233/4596/1 6799/4595/1
f 7232/4598/1 7233/4596/1 7018/4597/1
f 7232/4598/1 7020/4599/1 7233/4596/1
f 7234/4600/1 7020/4599/1 7232/4598/1
f 7019/3240/1 7020/3242/1 7234/3241/1
f 7019/4601/1 6801/4602/1 7020/4599/1
f 6800/4603/1 6801/4602/1 7019/4601/1
f 6800/4603/1 6470/4604/1 6801/4602/1
f 6802/4605/1 6470/4604/1 6800/4603/1
f 6469/4606/1 6468/4607/1 6470/4604/1
f 6471/3254/1 6468/3255/1 6469/3251/1
f 6471/4608/1 7656/4609/1 6468/4607/1
f 7021/3258/1 7656/3259/1 6471/3254/1
f 7021/4610/1 7560/4611/1 7656/4609/1
f 7235/3264/1 7560/3265/1 7021/3258/1
f 7559/4612/1 7400/4613/1 7560/4611/1
f 7399/4614/1 6474/4615/1 7400/4613/1
f 7553/4571/1 6472/4616/1 6465/4584/1
f 6472/4616/1 6473/4617/1 6465/4584/1
f 6472/4616/1 6474/4615/1 6473/4617/1
f 6472/4616/1 6475/4618/1 6474/4615/1
f 6472/4616/1 6476/4619/1 6475/4618/1
f 6472/4616/1 6477/4620/1 6476/4619/1
f 6472/4616/1 6478/4621/1 6477/4620/1
f 6472/4616/1 6479/4622/1 6478/4621/1
f 6472/4616/1 6480/4623/1 6479/4622/1
f 6472/4616/1 6481/4624/1 6480/4623/1
f 6803/3288/1 6804/3289/1 6481/3287/1
f 6804/3289/1 7022/3294/1 6481/3287/1
f 7553/4571/1 7657/4625/1 6472/4616/1
f 7402/4626/1 7022/4628/1 7401/4627/1
f 7402/3298/1 7023/3299/1 7022/3294/1
f 7561/3300/1 7023/3299/1 7402/3298/1
f 7658/4629/1 7023/4631/1 7561/4630/1
f 7658/3306/1 6483/3307/1 7023/3299/1
f 6482/4632/1 6483/4633/1 7658/4629/1
f 6482/3305/1 6484/3311/1 6483/3307/1
f 6485/4634/1 6484/4635/1 6482/4632/1
f 6485/4634/1 6486/4636/1 6484/4635/1
f 6805/4637/1 6486/4636/1 6485/4634/1
f 6805/4637/1 7024/4638/1 6486/4636/1
f 7025/4639/1 7024/4638/1 6805/4637/1
f 7025/4639/1 7236/4640/1 7024/4638/1
f 7237/4641/1 7236/4640/1 7025/4639/1
f 7237/4641/1 7403/4642/1 7236/4640/1
f 7237/4641/1 7238/4643/1 7403/4642/1
f 7404/4644/1 7238/4643/1 7237/4641/1
f 7404/4644/1 7026/4645/1 7238/4643/1
f 7562/4646/1 7026/4645/1 7404/4644/1
f 7562/4646/1 6806/4647/1 7026/4645/1
f 7562/4646/1 6488/4648/1 6806/4647/1
f 7562/4646/1 6487/4649/1 6488/4648/1
f 7562/4646/1 7659/4650/1 6487/4649/1
f 7562/4646/1 7563/4651/1 7659/4650/1
f 7562/4646/1 7405/4652/1 7563/4651/1
f 7562/4646/1 7239/4653/1 7405/4652/1
f 7562/4646/1 7027/4654/1 7239/4653/1
f 7562/4646/1 6807/4655/1 7027/4654/1
f 7562/4646/1 6490/4656/1 6807/4655/1
f 7562/4646/1 6489/4657/1 6490/4656/1
f 7562/4646/1 7660/4658/1 6489/4657/1
f 7406/4659/1 7241/4661/1 7242/4660/1
f 7241/4661/1 7240/4662/1 7242/4660/1
f 7241/4661/1 7243/4663/1 7240/4662/1
f 7406/4659/1 6808/4664/1 7241/4661/1
f 7406/4659/1 6492/4665/1 6808/4664/1
f 6492/4665/1 6809/4666/1 6808/4664/1
f 6492/4665/1 6810/4667/1 6809/4666/1
f 7406/4659/1 6491/4668/1 6492/4665/1
f 7406/4659/1 7564/4669/1 6491/4668/1
f 7406/4659/1 7565/4670/1 7564/4669/1
f 6494/4671/1 6495/4673/1 6493/4672/1
f 6495/4673/1 7690/4674/1 6493/4672/1
f 6495/4673/1 7691/4675/1 7690/4674/1
f 6494/4671/1 6811/4676/1 6495/4673/1
f 6494/4671/1 6812/4677/1 6811/4676/1
f 6812/4677/1 7244/4678/1 6811/4676/1
f 6812/4677/1 7245/4679/1 7244/4678/1
f 6494/4671/1 6813/4680/1 6812/4677/1
f 6815/4681/1 6814/4683/1 6816/4682/1
f 6815/4681/1 6497/4684/1 6814/4683/1
f 6497/4684/1 6496/4685/1 6814/4683/1
f 6815/4681/1 6817/4686/1 6497/4684/1
f 6498/4687/1 6496/4685/1 6497/4684/1
f 6815/4681/1 7246/4688/1 6817/4686/1
f 7246/4688/1 6498/4687/1 6817/4686/1
f 7246/4688/1 7566/4689/1 6498/4687/1
f 7566/4689/1 6496/4685/1 6498/4687/1
f 6815/4681/1 7247/4690/1 7246/4688/1
f 7661/4691/1 6496/4685/1 7566/4689/1
f 7408/4692/1 7407/4694/1 7409/4693/1
f 7408/4692/1 7410/4695/1 7407/4694/1
f 6500/4696/1 6499/4698/1 6501/4697/1
f 6500/4696/1 6502/4699/1 6499/4698/1
f 6500/4696/1 7028/4700/1 6502/4699/1
f 6500/4696/1 7029/4701/1 7028/4700/1
f 6504/4702/1 6505/4704/1 6818/4703/1
f 6504/4702/1 6503/4705/1 6505/4704/1
f 6506/4706/1 7662/4708/1 7663/4707/1
f 6506/4706/1 6507/4709/1 7662/4708/1
f 6508/4710/1 6507/4709/1 6506/4706/1
f 6504/4702/1 7664/4711/1 6503/4705/1
f 6819/4712/1 6507/4709/1 6508/4710/1
f 6819/4712/1 6820/4713/1 6507/4709/1
f 6504/4702/1 7567/4714/1 7664/4711/1
f 7248/4715/1 7567/4714/1 6504/4702/1
f 7030/4716/1 6820/4713/1 6819/4712/1
f 7248/4715/1 7411/4717/1 7567/4714/1
f 7249/3996/1 6820/4719/1 7030/4718/1
f 7248/4715/1 7250/4720/1 7411/4717/1
f 7249/4721/1 6510/4722/1 6820/4713/1
f 7412/4723/1 6510/4722/1 7249/4721/1
f 7248/4715/1 7031/4724/1 7250/4720/1
f 6513/4725/1 7031/4724/1 7248/4715/1
f 7568/4726/1 6510/4722/1 7412/4723/1
f 6513/4725/1 6821/4727/1 7031/4724/1
f 7665/4728/1 6510/4722/1 7568/4726/1
f 6513/4725/1 6514/4729/1 6821/4727/1
f 7665/4728/1 6509/4730/1 6510/4722/1
f 6511/4731/1 6509/4730/1 7665/4728/1
f 6513/3386/1 6512/3388/1 6514/3387/1
f 6515/4732/1 6509/4730/1 6511/4731/1
f 6516/4733/1 6512/4734/1 6513/4725/1
f 6516/4733/1 7666/4735/1 6512/4734/1
f 6822/4736/1 6509/4730/1 6515/4732/1
f 6516/3399/1 7569/4010/1 7666/4009/1
f 6516/4733/1 7413/4738/1 7569/4737/1
f 7032/4013/1 6509/3390/1 6822/3394/1
f 7032/4739/1 7251/4740/1 6509/4730/1
f 6516/4733/1 7253/4741/1 7413/4738/1
f 7252/4742/1 7251/4740/1 7032/4739/1
f 6516/3399/1 7033/4016/1 7253/3401/1
f 6520/4743/1 7033/4744/1 6516/4733/1
f 7414/4745/1 7251/4740/1 7252/4742/1
f 6520/4743/1 6823/4746/1 7033/4744/1
f 7570/3407/1 7251/3405/1 7414/3404/1
f 7570/4747/1 6518/4748/1 7251/4740/1
f 6520/4743/1 6521/4749/1 6823/4746/1
f 7667/4750/1 6518/4748/1 7570/4747/1
f 6517/4751/1 6518/4748/1 7667/4750/1
f 6520/3413/1 6519/3415/1 6521/3414/1
f 6522/4752/1 6518/4748/1 6517/4751/1
f 6520/3413/1 7668/4027/1 6519/3415/1
f 6525/4753/1 7668/4754/1 6520/4743/1
f 6824/3423/1 6518/3412/1 6522/4755/1
f 6525/4753/1 7571/4756/1 7668/4754/1
f 7034/3422/1 6518/3412/1 6824/3423/1
f 6525/3435/1 7415/4757/1 7571/4031/1
f 7034/4758/1 6524/4759/1 6518/4748/1
f 7254/3430/1 6524/3431/1 7034/3422/1
f 6525/3435/1 7255/4760/1 7415/4757/1
f 7416/4761/1 6524/4759/1 7254/4762/1
f 6525/3435/1 7035/3436/1 7255/4760/1
f 7572/4763/1 6524/4759/1 7416/4761/1
f 6525/3435/1 6825/3437/1 7035/3436/1
f 7669/4764/1 6524/4759/1 7572/4763/1
f 6525/3435/16 6526/3440/16 6825/3437/16
f 6525/3435/14 6523/3441/14 6526/3440/14
f 6525/4753/1 6524/4759/1 6523/4765/1
f 6527/4766/1 6524/4759/1 6525/4753/1
f 6527/4766/1 6826/4767/1 6524/4759/1
f 6827/4768/1 6826/4767/1 6527/4766/1
f 6827/4768/1 7036/4769/1 6826/4767/1
f 7037/4770/1 7036/4769/1 6827/4768/1
f 7037/4770/1 6828/4771/1 7036/4769/1
f 7256/4772/1 6828/4771/1 7037/4770/1
f 7256/4772/1 6529/4773/1 6828/4771/1
f 7417/4774/1 6529/4773/1 7256/4772/1
f 7417/3457/1 6528/2935/1 6529/3452/1
f 7573/3456/1 6528/2935/1 7417/3457/1
f 7573/3456/16 7670/3458/16 6528/2935/16
f 7419/4775/1 7418/4777/1 7420/4776/1
f 7419/4775/1 7421/4778/1 7418/4777/1
f 6531/4371/16 6530/4780/16 6532/4779/16
f 6531/4371/1 7671/4781/1 6530/4780/1
f 6531/4371/1 7574/4372/1 7671/4781/1
f 6531/4371/1 7422/4373/1 7574/4372/1
f 7038/4374/1 7422/4373/1 6531/4371/1
f 7038/4374/1 7257/4375/1 7422/4373/1
f 7038/4374/1 7039/4376/1 7257/4375/1
f 7038/4374/1 6829/4377/1 7039/4376/1
f 6534/4378/1 6829/4377/1 7038/4374/1
f 6534/4378/1 6535/4379/1 6829/4377/1
f 6534/4378/1 6533/4380/1 6535/4379/1
f 6536/4381/1 6533/4380/1 6534/4378/1
f 6536/4381/1 7672/4382/1 6533/4380/1
f 6536/4381/1 7575/4383/1 7672/4382/1
f 6542/4782/1 7575/4784/1 6536/4783/1
f 6542/4782/1 6538/4785/1 7575/4784/1
f 6542/4782/1 6831/4786/1 6538/4785/1
f 6831/4786/1 7040/4787/1 6538/4785/1
f 7040/4787/1 7258/4788/1 6538/4785/1
f 7258/4788/1 7423/4789/1 6538/4785/1
f 7423/4789/1 7576/4790/1 6538/4785/1
f 7576/4790/1 7673/4791/1 6538/4785/1
f 7673/4791/1 6537/4792/1 6538/4785/1
f 6537/4792/1 6539/4793/1 6538/4785/1
f 6539/4793/1 6830/4794/1 6538/4785/1
f 6830/4795/1 7041/4797/1 6538/4796/1
f 7041/4797/1 7259/4798/1 6538/4796/1
f 6541/4799/1 6540/4800/1 6542/4782/1
f 6540/4800/21 6543/4801/21 6542/4782/21
f 6543/4802/1 6831/4804/1 6542/4803/1
f 6541/4402/1 7674/4404/1 6540/4403/1
f 6541/4402/1 7577/4405/1 7674/4404/1
f 6541/4799/1 7424/4806/1 7577/4805/1
f 6544/4807/1 7424/4806/1 6541/4799/1
f 6544/4807/1 7260/4808/1 7424/4806/1
f 6544/4807/1 7042/4809/1 7260/4808/1
f 6545/4810/1 7042/4809/1 6544/4807/1
f 6545/4810/1 6832/4811/1 7042/4809/1
f 6545/4810/1 6548/4812/1 6832/4811/1
f 6547/4813/1 6548/4812/1 6545/4810/1
f 6547/4813/1 6546/4814/1 6548/4812/1
f 6549/4815/1 6546/4814/1 6547/4813/1
f 6549/4815/1 7675/4816/1 6546/4814/1
f 6549/4815/1 7578/4817/1 7675/4816/1
f 7261/4818/1 7578/4817/1 6549/4815/1
f 7261/4818/1 7425/4819/1 7578/4817/1
f 7262/4820/1 7425/4819/1 7261/4818/1
f 7262/4820/1 7263/4821/1 7425/4819/1
f 7262/4820/1 7044/4822/1 7263/4821/1
f 7043/4823/1 7044/4822/1 7262/4820/1
f 6551/4824/1 6550/4826/1 6552/4825/1
f 6551/4824/1 6553/4827/1 6550/4826/1
f 6553/4827/1 6554/4828/1 6550/4826/1
f 7043/4823/1 6834/4829/1 7044/4822/1
f 6833/4830/1 6834/4829/1 7043/4823/1
f 6833/4830/1 6557/4831/1 6834/4829/1
f 7264/4832/1 6554/4828/1 6553/4827/1
f 6556/4833/1 6557/4831/1 6833/4830/1
f 6556/4833/1 6555/4834/1 6557/4831/1
f 6556/4833/1 7676/4835/1 6555/4834/1
f 6558/4836/1 7676/4835/1 6556/4833/1
f 6558/4836/1 7579/4837/1 7676/4835/1
f 6835/4838/1 7579/4837/1 6558/4836/1
f 6835/4839/1 7426/4841/1 7579/4840/1
f 6835/4839/1 7265/4842/1 7426/4841/1
f 6838/4843/1 7265/4844/1 6835/4838/1
f 6838/4843/1 7045/4845/1 7265/4844/1
f 7427/4846/1 6554/4828/1 7264/4832/1
f 7580/4847/1 6554/4828/1 7427/4846/1
f 7677/4848/1 6554/4828/1 7580/4847/1
f 6838/4843/1 6839/4849/1 7045/4845/1
f 6559/4850/1 6554/4828/1 7677/4848/1
f 6837/4851/1 6554/4828/1 6836/4852/1
f 6838/4853/1 6562/4855/1 6839/4854/1
f 6561/4856/1 6562/4857/1 6838/4843/1
f 7046/4455/1 6554/2943/1 6837/4450/1
f 7266/4858/1 6554/4828/1 7046/4859/1
f 7428/4860/16 6554/4828/16 7266/4858/16
f 6561/4856/1 6560/4861/1 6562/4857/1
f 7581/4460/1 6554/2943/1 7428/4862/1
f 7678/4863/1 6554/4828/1 7581/4864/1
f 6560/4865/1 6554/2943/1 7678/4459/1
f 6561/4856/1 6554/4828/1 6560/4861/1
f 7429/4866/1 6554/4828/1 6561/4856/1
f 7429/4866/1 7267/4867/1 6554/4828/1
f 7429/4866/1 7047/4868/1 7267/4867/1
f 7582/4869/1 7047/4868/1 7429/4866/1
f 7582/4869/1 6840/4870/1 7047/4868/1
f 7582/4871/1 6564/4873/1 6840/4872/1
f 7679/4874/1 6564/4875/1 7582/4869/1
f 7679/4874/1 6563/4876/1 6564/4875/1
f 7679/4877/1 7680/4879/1 6563/4878/1
f 7679/4877/1 6566/4880/1 7680/4879/1
f 6565/4881/1 6566/4882/1 7679/4874/1
f 6565/4881/1 6567/4883/1 6566/4882/1
f 6565/4881/1 6568/4884/1 6567/4883/1
f 6565/4475/1 6569/4479/1 6568/4477/1
f 6570/4478/1 6569/4479/1 6565/4475/1
f 7048/4885/3 5955/4885/3 5954/4885/3
f 7434/4887/3 7583/4886/3 7584/4888/3
f 7692/4890/1 7759/4889/1 7693/4891/1
f 7750/4892/1 7752/4896/1 7749/4893/1
f 7773/4895/1 7754/4899/1 7753/4894/1
f 7722/4898/1 7755/4902/1 7772/4897/1
f 7756/4903/1 7721/4900/1 7723/4901/1
f 7694/4904/1 7724/4907/1 7774/4990/1
f 7725/4906/1 7726/4910/1 7695/4905/1
f 7776/4909/1 7757/4913/1 7775/4908/1
f 7777/4912/1 7759/4889/1 7758/4911/1
f 7762/4916/1 7760/4967/1 7761/4914/1
f 7727/4917/1 7730/4919/1 7728/4925/1
f 7696/4920/1 7706/4927/1 7705/4921/1
f 7778/4923/1 7731/4918/1 7736/4931/1
f 7733/4926/1 7734/4933/1 7732/4922/1
f 7737/4929/1 7791/4924/1 7764/4937/1
f 7738/4932/1 7739/4939/1 7735/4928/1
f 7765/4935/1 7782/4930/1 7709/4941/1
f 7707/4938/1 7740/4945/1 7766/4934/1
f 7767/4943/1 7710/4942/1 7709/4941/1
f 7711/4946/1 7708/4940/1 7792/4944/1
f 7714/4947/1 7767/4943/1 7769/4954/1
f 7785/4950/1 7715/4956/1 7712/4991/1
f 7717/4952/1 7768/4948/1 7716/4959/1
f 7786/4955/1 7794/4961/1 7784/4951/1
f 7718/4958/1 7770/4953/1 7763/4915/1
f 7741/4960/1 7795/4962/1 7793/4957/1
f 7742/4964/1 7720/4986/1 7795/4962/1
f 7788/4965/1 7760/4967/1 7787/4970/1
f 7789/4968/1 7771/4966/1 7781/4973/1
f 7790/4971/1 7780/4969/1 7744/4992/1
f 7743/4972/1 7697/4978/1 7698/4974/1
f 7783/4976/1 7745/4975/1 7699/4981/1
f 7700/4979/1 7746/4977/1 7701/4984/1
f 7702/4982/1 7747/4980/1 7703/4987/1
f 7704/4985/1 7719/4983/1 7720/4986/1
f 7751/4989/1 7730/4919/1 7729/4988/1
f 5930/4950/3 7712/4991/3 5925/4991/3
f 4713/3542/948 6171/3457/948 4712/3457/948
f 4576/3424/949 6142/3428/949 4575/3428/949
f 4624/3460/3 7589/3462/3 4623/3462/3
f 4571/3442/950 6144/3426/950 4616/3426/950
f 5933/4957/3 7786/4955/3 5934/4955/3
f 4709/3536/951 7122/3534/951 4708/3534/951
f 4681/3540/952 6173/3545/952 4680/3545/952
f 4632/3463/4 6149/3461/4 4631/3461/4
f 4717/3553/953 7125/3552/953 4716/3552/953
f 4623/3462/6 7591/3463/6 4632/3463/6
f 4572/3440/954 6909/3441/954 4571/3441/954
f 5872/4956/4 7794/4961/4 5874/4961/4
f 4640/3473/4 7461/3479/4 4639/3479/4
f 5936/4960/3 7793/4957/3 5933/4957/3
f 4677/3563/955 7126/3564/955 4676/3564/955
f 4721/3561/956 6177/3560/956 4720/3560/956
f 4648/3484/6 7463/3485/6 4647/3485/6
f 4604/3443/957 6140/3420/957 4603/3420/957
f 4670/3570/4 7118/3504/4 4669/3504/4
f 4673/3569/958 6179/2890/958 4672/2890/958
f 4664/3499/6 7465/3500/6 4663/3500/6
f 4612/3454/959 6146/3455/959 4611/3455/959
f 5874/4961/4 7795/4962/4 5876/4962/4
f 5876/4962/13 7720/4986/13 5885/4986/13
f 4744/3580/960 6181/3581/960 4743/3581/960
f 4695/3507/961 7466/3508/961 4694/3508/961
f 5905/4914/9 7788/4965/9 5940/4965/9
f 4748/3576/962 7130/3577/962 4747/3577/962
f 4752/3582/4 6182/3573/4 4751/3573/4
f 4628/3467/4 6151/3465/4 4627/3465/4
f 4687/3516/963 7469/3522/963 4686/3522/963
f 5942/4968/6 7781/4973/6 5941/4973/6
f 4756/3587/964 7131/3585/964 4755/3585/964
f 4751/3573/6 6185/3584/6 4777/3584/6
f 5879/4969/5 7771/4966/5 5878/4966/5
f 4760/3592/965 6186/3591/965 4759/3591/965
f 5941/4973/6 7790/4971/6 5944/4971/6
f 4740/3590/966 7133/3594/966 4739/3594/966
f 4768/3542/948 6188/3457/948 4767/3457/948
f 4703/3527/967 7467/3525/967 4702/3525/967
f 4636/3478/4 6154/3469/4 4635/3469/4
f 5890/4989/13 7729/4988/13 5907/4988/13
f 4652/3486/5 6671/3487/5 4651/3487/5
f 5919/4935/4 7709/4941/4 5922/4941/4
f 4736/3604/952 6190/3607/952 4735/3607/952
f 4711/3539/968 6920/3537/968 4710/3537/968
f 4660/3502/6 6677/3503/6 4659/3503/6
f 5945/4978/6 7783/4976/6 5947/4976/6
f 4764/3600/951 7132/3597/951 4763/3597/951
f 4719/3555/969 7470/3556/969 4718/3556/969
f 4772/3612/953 7135/3611/953 4771/3611/953
f 4691/3511/970 6678/3512/970 4690/3512/970
f 5926/4944/3 7708/4940/3 5921/4940/3
f 4776/3617/956 6194/3616/956 4775/3616/956
f 4679/3551/971 7471/3559/971 4678/3559/971
f 4699/3519/972 6679/3518/972 4698/3518/972
f 4732/3619/955 7136/3620/955 4731/3620/955
f 4728/3569/958 6196/2890/958 4727/2890/958
f 4707/3533/973 6680/3531/973 4706/3531/973
f 4725/3624/4 7128/3571/4 4724/3571/4
f 5897/4904/5 7774/4990/5 5895/4990/5
f 4780/3625/974 7139/3626/974 4779/3626/974
f 4683/3535/975 6682/3538/975 4682/3538/975
f 4788/3630/3 6199/3631/3 4787/3631/3
f 4784/3635/976 6198/3633/976 4783/3633/976
f 4715/3547/977 6175/3548/977 4714/3548/977
f 4796/3647/978 7142/3648/978 4795/3648/978
f 4800/3638/979 6202/3639/979 4799/3639/979
f 4675/3565/980 6683/3566/980 4674/3566/980
f 4804/3649/981 7141/3641/981 4803/3641/981
f 4792/3657/982 6205/3658/982 4791/3658/982
f 4746/3578/970 6684/3579/970 4745/3579/970
f 4881/3672/983 7143/3671/983 4880/3671/983
f 4877/3668/984 6208/3667/984 4876/3667/984
f 4754/3519/972 6685/3518/972 4753/3518/972
f 4866/3691/985 6933/3692/985 4865/3692/985
f 4871/3676/986 6210/3675/986 4807/3675/986
f 4762/3399/973 6686/3595/973 4761/3595/973
f 4807/3680/987 6212/3681/987 4870/3681/987
f 4672/2890/988 7320/3568/988 4671/3568/988
f 4738/3599/975 6688/3602/975 4737/3602/975
f 4870/3681/989 6213/3682/989 4869/3682/989
f 4750/3574/961 7472/3575/961 4749/3575/961
f 4812/3698/990 7145/3695/990 4811/3695/990
f 4808/3683/991 6210/3675/991 4807/3675/991
f 4770/3547/977 6192/3548/977 4769/3548/977
f 4858/3704/992 6219/3706/992 4857/3706/992
f 4862/3697/993 6215/3699/993 4861/3699/993
f 4742/3583/963 7475/3586/963 4741/3586/963
f 4730/3621/980 6689/3622/980 4729/3622/980
f 4816/3707/994 6217/3705/994 4815/3705/994
f 4758/3589/967 7473/3588/967 4757/3588/967
f 4802/3636/995 6690/3637/995 4801/3637/995
f 4842/3731/996 7147/3727/996 4841/3727/996
f 4854/3717/997 6221/3718/997 4853/3718/997
f 4820/3732/998 7146/3720/998 4819/3720/998
f 4838/3719/999 6223/3713/999 4837/3713/999
f 4766/3603/968 6926/3601/968 4765/3601/968
f 4794/3651/1000 6692/3652/1000 4793/3652/1000
f 4850/3735/1001 7337/3738/1001 4849/3738/1001
f 4846/3739/1002 6225/3737/1002 4845/3737/1002
f 4774/3555/969 7476/3556/969 4773/3556/969
f 4879/3670/1003 6693/3669/1003 4878/3669/1003
f 4834/3744/1004 7148/3745/1004 4833/3745/1004
f 4827/3759/1005 6704/3760/1005 4826/3760/1005
f 4734/3610/971 7477/3615/971 4733/3615/971
f 4829/3755/1006 6227/3753/1006 4823/3753/1006
f 4830/3754/1007 6230/3755/1007 4829/3755/1007
f 4810/3693/342 6696/3689/342 4809/3689/342
f 4889/3770/4 6940/3769/4 4888/3769/4
f 4823/3750/1008 6231/3757/1008 4828/3757/1008
f 4864/3694/1009 6697/3696/1009 4863/3696/1009
f 4897/3773/5 7151/3774/5 4896/3774/5
f 4824/3756/1010 6227/3750/1010 4823/3750/1010
f 4913/3783/1011 7153/3784/1011 4912/3784/1011
f 4885/3763/3 6233/3764/3 4884/3764/3
f 4856/3708/1012 6700/3710/1012 4855/3710/1012
f 4818/3711/1013 6699/3709/1013 4817/3709/1013
f 4884/3764/1014 6237/3766/1014 4891/3766/1014
f 4840/3726/1015 6701/3722/1015 4839/3722/1015
f 4905/3802/1016 7157/3803/1016 4904/3803/1016
f 4892/3765/1017 6238/3767/1017 4894/3767/1017
f 4848/3741/1018 6702/3740/1018 4847/3740/1018
f 4921/3804/1019 7154/3799/1019 4920/3799/1019
f 4893/3768/1020 6236/3765/1020 4892/3765/1020
f 4832/3748/1021 6228/3749/1021 4831/3749/1021
f 4901/3779/6 6240/3780/6 4900/3780/6
f 4727/2890/988 7327/3568/988 4726/3568/988
f 4826/3760/1022 6705/3761/1022 4825/3761/1022
f 5017/3809/1023 7158/3808/1023 5016/3808/1023
f 4917/3785/1024 6242/3781/1024 4916/3781/1024
f 4782/3632/1025 7479/3634/1025 4781/3634/1025
f 5009/3835/1026 6256/3836/1026 5008/3836/1026
f 5001/3851/1027 7163/3852/1027 5000/3852/1027
f 4909/3792/1028 6244/3793/1028 4908/3793/1028
f 4798/3643/1029 7480/3644/1029 4797/3644/1029
f 4887/3771/4 6234/3762/4 4886/3762/4
f 5021/3816/1030 6248/3815/1030 5020/3815/1030
f 4790/3661/1031 7599/2891/1031 4789/2891/1031
f 5013/3828/1032 6250/3826/1032 5012/3826/1032
f 4806/3662/1033 6206/3656/1033 4805/3656/1033
f 4911/3788/1034 6706/3789/1034 4910/3789/1034
f 4929/3862/1035 7164/3856/1035 4928/3856/1035
f 4993/3868/1036 6266/3870/1036 4992/3870/1036
f 4919/3794/1037 6245/3790/1037 4918/3790/1037
f 5023/3818/1038 6707/3817/1038 5022/3817/1038
f 4875/3666/1039 7482/3665/1039 4874/3665/1039
f 5015/3822/1040 6708/3821/1040 5014/3821/1040
f 4937/3878/1041 7165/3876/1041 4936/3876/1041
f 5007/3837/1042 6258/3838/1042 5006/3838/1042
f 4961/3891/1043 7166/3897/1043 4960/3897/1043
f 4925/3839/457 6252/3829/457 4924/3829/457
f 5005/3842/1044 6260/3843/1044 5004/3843/1044
f 4985/3904/1045 7168/3903/1045 4944/3903/1045
f 4997/3861/1046 6262/3863/1046 4996/3863/1046
f 4927/3850/1047 6710/3846/1047 4926/3846/1047
f 4985/3904/817 6277/3912/817 4984/3912/817
f 4999/3855/1048 6711/3859/1048 4998/3859/1048
f 4953/3922/1049 7169/3924/1049 4952/3924/1049
f 4933/3871/1050 6264/3869/1050 4932/3869/1050
f 4989/3877/1051 6268/3880/1051 4988/3880/1051
f 4883/2943/1052 7483/3674/1052 4882/3674/1052
f 4991/3872/1053 6714/3874/1053 4990/3874/1053
f 4969/3943/1054 7170/3944/1054 4968/3944/1054
f 4789/2891/6 7603/2943/6 4883/2943/6
f 4935/3875/1055 6713/3873/1055 4934/3873/1055
f 4977/3958/1056 7171/3960/1056 4976/3960/1056
f 4941/3892/1057 6270/3893/1057 4940/3893/1057
f 4868/3687/1058 6695/3688/1058 4867/3688/1058
f 4986/3899/1059 6716/3898/1059 4942/3898/1059
f 5033/3968/6 7174/3969/6 5032/3969/6
f 4957/3906/1060 6273/3910/1060 4956/3910/1060
f 4959/3900/1061 6717/3905/1061 4958/3905/1061
f 5089/3974/3 7175/3975/3 5088/3975/3
f 4949/3919/1062 6276/3920/1062 4948/3920/1062
f 4860/3701/1063 7485/3702/1063 4859/3702/1063
f 5041/3364/1064 7176/3365/1064 5040/3365/1064
f 4814/3703/1065 7484/3700/1065 4813/3700/1065
f 4951/3927/1066 6718/3925/1066 4950/3925/1066
f 5113/3985/1067 6293/3995/1067 5112/3995/1067
f 4983/3930/1068 6280/3931/1068 4982/3931/1068
f 4965/3932/1069 6274/3889/1069 4964/3889/1069
f 4836/3714/6 7487/3715/6 4835/3715/6
f 5081/4002/1070 7177/3387/1070 5080/3387/1070
f 4981/3940/1071 6282/3941/1071 4980/3941/1071
f 4967/3938/1072 6719/3936/1072 4966/3936/1072
f 5049/3394/1073 7178/2916/1073 5048/2916/1073
f 4973/3952/1074 6284/3953/1074 4972/3953/1074
f 5029/3971/6 6287/3972/6 5028/3972/6
f 4975/3959/1075 6721/3956/1075 4974/3956/1075
f 5073/4020/1076 7179/3414/1076 5072/3414/1076
f 4852/3729/1077 7334/3730/1077 4851/3730/1077
f 5031/3967/6 6722/3970/6 5030/3970/6
f 5085/3988/1078 6289/3990/1078 5084/3990/1078
f 5039/3977/5 6725/3978/5 5038/3978/5
f 5057/4030/1079 7180/4025/1079 5056/4025/1079
f 5045/4000/1080 6292/4001/1080 5044/4001/1080
f 4844/3736/1081 7486/3734/1081 4843/3734/1081
f 5087/3983/1082 6728/3941/1082 5086/3941/1082
f 5065/3437/1083 7181/3440/1083 5064/3440/1083
f 5093/4007/1084 6295/3998/1084 5092/3998/1084
f 5077/4010/1085 6297/3400/1085 5076/3400/1085
f 5047/4005/1086 6729/4003/1086 5046/4003/1086
f 5097/4045/1087 7182/4043/1087 5096/4043/1087
f 5105/3451/1088 6310/3452/1088 5104/3452/1088
f 5053/3407/1089 6299/3404/1089 5052/3404/1089
f 5079/3388/1090 6730/4009/1090 5078/4009/1090
f 4835/3724/1091 7488/3742/1091 4821/3742/1091
f 5111/3390/1092 6300/3405/1092 5110/3405/1092
f 5136/4064/1093 7183/4065/1093 5135/4065/1093
f 5069/4032/1094 6302/4033/1094 5068/4033/1094
f 4821/3742/1095 7339/3744/1095 4834/3744/1095
f 5109/4022/1096 6305/4035/1096 5108/4035/1096
f 4822/3743/1097 7488/3742/1097 4821/3742/1097
f 5055/4024/1098 6732/3411/1098 5054/3411/1098
f 5144/4070/1099 6963/4068/1099 5143/4068/1099
f 4891/3766/4 7489/3772/4 4890/3772/4
f 5191/4076/1100 6740/4077/1100 5190/4077/1100
f 5061/4040/1101 6307/4038/1101 5060/4038/1101
f 4899/3777/5 7609/3778/5 4898/3778/5
f 5071/3415/1102 6733/4027/1102 5070/4027/1102
f 5231/4095/1103 6324/4101/1103 5230/4101/1103
f 4898/3778/3 6241/3779/3 4901/3779/3
f 5095/4028/1104 6731/4017/1104 5094/4017/1104
f 5199/4113/875 7184/4110/875 5198/4110/875
f 5103/4054/1105 6309/4052/1105 5100/4052/1105
f 5140/4058/1106 6312/4059/1106 5139/4059/1106
f 4915/3782/1107 7490/2890/1107 4914/2890/1107
f 5128/4111/1108 7186/4116/1108 5127/4116/1108
f 5063/3441/1109 6734/3438/1109 5062/3438/1109
f 5132/4072/1110 6314/4084/1110 5131/4084/1110
f 4907/3797/1111 7491/3798/1111 4906/3798/1111
f 5103/2935/1112 6736/3458/1112 5102/3458/1112
f 5235/4081/1113 6317/4085/1113 5234/4085/1113
f 5142/4066/1114 6737/4063/1114 5141/4063/1114
f 5019/3812/1115 7160/3811/1115 5018/3811/1115
f 5134/4067/1116 6739/4069/1116 5133/4069/1116
f 5152/4139/1117 7188/4128/1117 5151/4128/1117
f 5195/4092/1118 6320/4088/1118 5194/4088/1118
f 4923/3824/1119 7492/3819/1119 4922/3819/1119
f 5223/4137/1120 7189/4143/1120 5222/4143/1120
f 5207/4163/1121 7190/4155/1121 5206/4155/1121
f 5197/4102/1122 6743/4096/1122 5196/4096/1122
f 5148/4103/1123 6322/4097/1123 5147/4097/1123
f 5011/3831/1124 6254/3834/1124 5010/3834/1124
f 5229/4106/1125 6745/4112/1125 5228/4112/1125
f 5120/4168/1126 7191/4174/1126 5119/4174/1126
f 5227/4120/1127 6326/4121/1127 5226/4121/1127
f 5003/3845/1128 6945/3457/1128 5002/3457/1128
f 5119/4174/1129 7369/4178/1129 5210/4178/1129
f 5203/4138/1130 6328/4135/1130 5202/4135/1130
f 5211/4182/1131 7191/4174/1131 5119/4174/1131
f 5215/4181/1132 6973/4184/1132 5214/4184/1132
f 5124/4141/1133 6330/4147/1133 5123/4147/1133
f 5150/4122/1134 6746/4114/1134 5149/4114/1134
f 5160/4195/1135 6752/4193/1135 5159/4193/1135
f 4995/3865/1136 7494/3866/1136 4994/3866/1136
f 5176/4224/1137 7193/4225/1137 5175/4225/1137
f 4931/3867/1138 7493/3864/1138 4930/3864/1138
f 5126/4133/1139 6747/4134/1139 5125/4134/1139
f 5168/4235/964 7195/4234/964 5167/4234/964
f 5219/4165/1140 6337/4166/1140 5218/4166/1140
f 4939/3881/1141 7495/3879/1141 4938/3879/1141
f 5205/4149/1142 6331/4144/1142 5204/4144/1142
f 5270/4246/1143 7196/4248/1143 5269/4248/1143
f 5156/4169/1144 6334/4159/1144 5155/4159/1144
f 5221/4148/1145 6335/4154/1145 5220/4154/1145
f 4963/3883/1146 7496/3884/1146 4962/3884/1146
f 5277/4257/1147 6760/4255/1147 5276/4255/1147
f 5116/4197/1148 6339/4198/1148 5115/4198/1148
f 4987/3887/1149 6715/3896/1149 4986/3896/1149
f 5293/4268/1150 7197/4269/1150 5292/4269/1150
f 5115/4198/1151 6343/4202/1151 5188/4202/1151
f 5301/4278/1152 6362/4274/1152 5300/4274/1152
f 4947/3913/1153 7498/3911/1153 4946/3911/1153
f 5158/4186/1154 6749/4175/1154 5157/4175/1154
f 5213/4190/1155 6751/4185/1155 5212/4185/1155
f 5262/4286/1156 7198/4292/1156 5261/4292/1156
f 5187/4204/1157 6346/4209/1157 5186/4209/1157
f 4955/3917/1158 7499/3918/1158 4954/3918/1158
f 5118/4183/1159 6753/4192/1159 5117/4192/1159
f 5285/4291/1160 6983/4295/1160 5284/4295/1160
f 5164/4211/414 6344/4205/414 5163/4205/414
f 4971/3949/1161 7501/3947/1161 4970/3947/1161
f 5179/4230/1162 6349/4231/1162 5178/4231/1162
f 4979/3948/1163 6285/3950/1163 4978/3950/1163
f 5183/4217/1164 6756/4216/1164 5165/4216/1164
f 5027/3961/5 7504/3962/5 5026/3962/5
f 5165/4218/1165 6977/4219/1165 5182/4219/1165
f 5172/4241/1166 6351/4242/1166 5171/4242/1166
f 5309/4305/1167 6985/4302/1167 5308/4302/1167
f 5273/4247/1168 6354/4244/1168 5272/4244/1168
f 5035/3963/6 7172/3966/6 5034/3966/6
f 5166/4221/1169 6756/4216/1169 5165/4216/1169
f 5239/4307/1170 7201/4300/1170 5238/4300/1170
f 5297/4260/1171 6356/4261/1171 5296/4261/1171
f 5091/3987/1065 6727/3973/1065 5090/3973/1065
f 5181/4222/1172 6757/4223/1172 5180/4223/1172
f 5325/4324/1173 6380/4329/1173 5324/4329/1173
f 5174/4226/1174 6758/4243/1174 5173/4243/1174
f 5317/4339/1175 7202/4336/1175 5316/4336/1175
f 5266/4256/1176 6358/4270/1176 5265/4270/1176
f 5043/3991/1177 7506/3989/1177 5042/3989/1177
f 5275/4251/1178 6759/4249/1178 5274/4249/1178
f 5254/4334/1179 6989/4344/1179 5253/4344/1179
f 5083/3994/1180 7507/3997/1180 5082/3997/1180
f 5268/4253/1181 6761/4254/1181 5267/4254/1181
f 5289/4279/1182 6363/4281/1182 5288/4281/1182
f 5299/4272/1183 6359/4266/1183 5298/4266/1183
f 5291/4273/1184 6763/4275/1184 5290/4275/1184
f 5281/4287/1185 6365/4283/1185 5280/4283/1185
f 5051/4014/1186 7508/4011/1186 5050/4011/1186
f 5247/4358/1187 7203/4356/1187 5246/4356/1187
f 5305/4290/1188 6368/4288/1188 5304/4288/1188
f 5333/4365/5 7206/4366/5 5332/4366/5
f 5329/4304/1189 6370/4308/1189 5328/4308/1189
f 5075/3401/1190 7509/4016/1190 5074/4016/1190
f 5307/4298/290 6767/4294/290 5306/4294/290
f 5397/4380/1191 7208/4382/1191 5396/4382/1191
f 5258/4306/1192 6372/4313/1192 5257/4313/1192
f 5260/4296/1193 6770/4303/1193 5259/4303/1193
f 5389/4394/1194 7209/4393/1194 5388/4393/1194
f 5313/4321/1195 6376/4322/1195 5312/4322/1195
f 5059/4036/1196 7510/4034/1196 5058/4034/1196
f 5315/4330/1197 6771/4331/1197 5314/4331/1197
f 5323/4332/1198 6772/4338/1198 5322/4338/1198
f 5381/4403/1199 7210/4404/1199 5380/4404/1199
f 5067/4037/1200 7511/4039/1200 5066/4039/1200
f 5410/4408/1201 6998/4399/1201 5409/4399/1201
f 5107/4044/1202 7512/4046/1202 5106/4046/1202
f 5243/4335/1203 6378/4327/1203 5242/4327/1203
f 5373/4415/1204 7211/4417/1204 5372/4417/1204
f 5321/4346/1205 6383/4349/1205 5320/4349/1205
f 5418/4434/1206 7212/4431/1206 5417/4431/1206
f 5250/4357/1207 6385/4359/1207 5249/4359/1207
f 5099/4050/1208 7513/4047/1208 5098/4047/1208
f 5245/4354/1209 6773/4345/1209 5244/4345/1209
f 5365/4435/1210 7214/4436/1210 5364/4436/1210
f 5337/4369/4 6387/4361/4 5336/4361/4
f 5138/4056/1211 7514/4057/1211 5137/4057/1211
f 5252/4353/28 6774/4355/28 5251/4355/28
f 5339/4370/1212 6388/4364/1212 5338/4364/1212
f 5401/4375/1213 6390/4376/1213 5400/4376/1213
f 5349/4448/1214 7216/4449/1214 5348/4449/1214
f 5406/4378/1215 6391/4374/1215 5405/4374/1215
f 5403/4372/1216 6775/4373/1216 5402/4373/1216
f 5437/2943/1217 7218/4459/1217 5356/4459/1217
f 5193/4086/1218 6315/4082/1218 5192/4082/1218
f 5385/4390/1219 6394/4389/1219 5384/4389/1219
f 5408/4384/1220 6776/4385/1220 5407/4385/1220
f 5432/4471/1221 7221/4469/1221 5425/4469/1221
f 5146/4089/1222 7515/4080/1222 5145/4080/1222
f 5425/4469/1223 7003/4473/1223 5431/4473/1223
f 5393/4398/1224 6397/4397/1224 5392/4397/1224
f 5233/4087/1225 7516/4091/1225 5232/4091/1225
f 5395/4386/1226 6395/4387/1226 5394/4387/1226
f 5426/4472/1227 7221/4469/1227 5425/4469/1227
f 5440/4480/5 7224/4481/5 5439/4481/5
f 5377/4409/1228 6399/4410/1228 5376/4410/1228
f 5130/4090/1229 7517/4099/1229 5129/4099/1229
f 5387/4392/1230 6777/4391/1230 5386/4391/1230
f 5502/4491/1231 7226/4492/1231 5501/4492/1231
f 5414/4419/1232 6403/4416/1232 5413/4416/1232
f 5201/4125/506 7185/4118/506 5200/4118/506
f 5379/4406/1233 6778/4407/1233 5378/4407/1233
f 5517/4508/1234 7227/4506/1234 5516/4506/1234
f 5225/4127/1235 7363/4131/1235 5224/4131/1235
f 5369/4422/900 6405/4423/900 5368/4423/900
f 5494/4510/1236 7228/4513/1236 5493/4513/1236
f 5371/4418/1237 6779/4420/1237 5370/4420/1237
f 5154/4153/1238 7518/4145/1238 5153/4145/1238
f 5525/3258/1239 6792/3254/1239 5524/3254/1239
f 5345/4433/5 6409/4428/5 5344/4428/5
f 5416/4424/1240 6406/4421/1240 5415/4421/1240
f 5486/4530/1241 7011/4531/1241 5485/4531/1241
f 5122/4152/1242 7520/4158/1242 5121/4158/1242
f 5361/4441/1243 6412/4443/1243 5360/4443/1243
f 5363/4438/1244 6781/4440/1244 5362/4440/1244
f 5479/4538/1245 7229/4537/1245 5447/4537/1245
f 5422/4452/1246 6413/4442/1246 5421/4442/1246
f 5437/4429/1247 6782/4444/1247 5346/4444/1247
f 5478/4541/1248 6795/4544/1248 5477/4544/1248
f 5352/4455/1249 6410/2943/1249 5437/2943/1249
f 5209/4173/1250 7519/4167/1250 5208/4167/1250
f 5437/4429/1251 6783/4456/1251 5354/4456/1251
f 5353/4454/431 6416/4455/431 5352/4455/431
f 5217/4176/1252 6971/4177/1252 5216/4177/1252
f 5436/4464/1253 6418/4465/1253 5435/4465/1253
f 5454/4551/1254 7230/4549/1254 5453/4549/1254
f 5162/4203/1255 6342/4201/1255 5161/4201/1255
f 5470/4557/1256 6449/4559/1256 5469/4559/1256
f 5185/4210/1257 6754/4214/1257 5184/4214/1257
f 5424/4466/1258 6784/4461/1258 5423/4461/1258
f 5462/4566/1259 6457/4567/1259 5461/4567/1259
f 5506/4487/1260 6422/4488/1260 5505/4488/1260
f 5177/4227/1261 7192/4224/1261 5176/4224/1261
f 5431/4473/376 6786/4474/376 5430/4474/376
f 5594/4576/1262 7231/4577/1262 5593/4577/1262
f 5170/4237/1263 7521/4238/1263 5169/4238/1263
f 5500/4493/1264 6788/4494/1264 5499/4494/1264
f 5600/4587/1265 7396/4585/1265 5599/4585/1265
f 5498/4496/1266 6425/4499/1266 5497/4499/1266
f 5272/4244/1267 7522/4245/1267 5271/4245/1267
f 5508/4495/4 6421/4486/4 5507/4486/4
f 5586/4590/1268 7233/4596/1268 5585/4596/1268
f 5507/4486/6 6424/4497/6 5530/4497/6
f 5513/3224/1269 6429/3221/1269 5512/3221/1269
f 5515/4505/1270 6790/4504/1270 5514/4504/1270
f 5279/4277/1271 7524/4271/1271 5278/4271/1271
f 5523/4517/1272 6791/4516/1272 5522/4516/1272
f 5608/4600/1273 7232/4598/1273 5607/4598/1273
f 5521/4514/1274 6431/4512/1274 5520/4512/1274
f 5577/4615/1275 7399/4614/1275 5617/4614/1275
f 5264/4276/1276 7527/4282/1276 5263/4282/1276
f 5492/4515/1277 6793/4518/1277 5491/4518/1277
f 5578/4613/1278 6474/4615/1278 5577/4615/1278
f 5303/4284/1279 7525/4280/1279 5302/4280/1279
f 5490/4520/1280 6433/4522/1280 5489/4522/1280
f 5618/4617/1281 6474/4615/1281 5577/4615/1281
f 5489/4522/1282 6436/4523/1282 5526/4523/1282
f 5570/3287/1283 7022/3294/1283 5569/3294/1283
f 5287/4285/1284 6764/4289/1284 5286/4289/1284
f 5527/4524/1285 6433/4522/1285 5489/4522/1285
f 5537/4627/1286 7022/4628/1286 5569/4628/1286
f 5538/4626/1287 7401/4627/1287 5537/4627/1287
f 5482/4534/1288 6439/4535/1288 5481/4535/1288
f 5311/4315/1289 6373/4312/1289 5310/4312/1289
f 5444/4539/4 6420/4484/4 5443/4484/4
f 5241/4318/1290 7528/4314/1290 5240/4314/1290
f 5450/4543/1291 6442/4542/1291 5449/4542/1291
f 5327/4316/1292 7529/4320/1292 5326/4320/1292
f 5562/4642/1293 7238/4643/1293 5561/4643/1293
f 5474/4550/1294 6445/4552/1294 5473/4552/1294
f 5484/4532/1295 6794/4533/1295 5483/4533/1295
f 5546/4644/1296 7237/4641/1296 5545/4641/1296
f 5256/4317/1297 7530/4326/1297 5255/4326/1297
f 5554/4652/1298 7239/4653/1298 5553/4653/1298
f 5622/4659/5 7242/4660/5 5621/4660/5
f 5319/4350/934 7379/4347/934 5318/4347/934
f 5446/3288/4 6438/3286/4 5445/3286/4
f 5630/4661/6 6808/4664/6 5629/4664/6
f 5249/4359/1299 7531/4360/1299 5248/4360/1299
f 5638/4678/6 7245/4679/6 5637/4679/6
f 5646/4688/1025 7247/4690/1025 5645/4690/1025
f 5466/4562/1300 6453/4563/1300 5465/4563/1300
f 5335/4362/3 7532/4363/3 5334/4363/3
f 5452/4547/1301 6796/4545/1301 5451/4545/1301
f 5476/4546/1302 6797/4548/1302 5475/4548/1302
f 5654/4693/3 7407/4694/3 5653/4694/3
f 5468/4560/1303 6451/4561/1303 5467/4561/1303
f 5653/4694/6 7410/4695/6 5656/4695/6
f 5399/4377/1304 7533/4379/1304 5398/4379/1304
f 5460/4568/1305 6459/4569/1305 5459/4569/1305
f 5662/4699/3 7028/4700/3 5661/4700/3
f 5391/4396/1306 7534/4395/1306 5390/4395/1306
f 5592/4578/1231 6798/4579/1231 5591/4579/1231
f 5408/4384/1307 7535/4401/1307 5382/4401/1307
f 5606/4597/1234 6799/4595/1234 5605/4595/1234
f 5710/4717/1308 7250/4720/1308 5709/4720/1308
f 5458/4570/4 6447/4558/4 5457/4558/4
f 5375/4412/1309 7537/4413/1309 5374/4413/1309
f 5584/4599/1236 6801/4602/1236 5583/4602/1236
f 5670/4723/1310 7249/4721/1310 5669/4721/1310
f 5590/4580/1264 6461/4581/1264 5589/4581/1264
f 5412/4414/1311 6402/4411/1311 5411/4411/1311
f 5718/4725/1312 7248/4715/1312 5717/4715/1312
f 5598/4582/4 6462/4573/4 5597/4573/4
f 5614/3258/1239 6471/3254/1239 5613/3254/1239
f 5343/4425/5 7540/4426/5 5342/4426/5
f 5576/4618/1241 6476/4619/1241 5575/4619/1241
f 5702/4738/1313 7253/4741/1313 5701/4741/1313
f 5597/4573/6 6465/4584/6 5619/4584/6
f 5604/4592/1270 6466/4591/1270 5603/4591/1270
f 5367/4430/1070 7541/4432/1070 5366/4432/1070
f 5569/3294/1245 6804/3289/1245 5536/3289/1245
f 5678/4745/1314 7252/4742/1314 5677/4742/1314
f 5568/3299/1248 6483/3307/1248 5567/3307/1248
f 5582/4604/1277 6468/4607/1277 5581/4607/1277
f 5420/4439/1315 7213/4437/1315 5419/4437/1315
f 5350/4451/1316 6410/2943/1316 5437/2943/1316
f 5694/4757/949 7255/4760/949 5693/4760/949
f 5351/4450/1317 7647/4451/1317 5350/4451/1317
f 5544/4639/1318 6805/4637/1318 5543/4637/1318
f 5686/4761/1319 7254/4762/1319 5685/4762/1319
f 5421/4442/1320 7543/4453/1320 5358/4453/1320
f 5560/4645/1256 6806/4647/1256 5559/4647/1256
f 5734/4759/579 6826/4767/579 5733/4767/579
f 5552/4654/1259 6807/4655/1259 5551/4655/1259
f 5428/4479/1321 7545/4478/1321 5427/4478/1321
f 5628/4666/6 6810/4667/6 5627/4667/6
f 5636/4677/6 6813/4680/6 5635/4680/6
f 5726/4774/1322 7256/4772/1322 5725/4772/1322
f 5504/4489/1262 7546/4490/1262 5503/4490/1262
f 5644/4681/974 6816/4682/974 5643/4682/974
f 5511/4500/1265 6426/4498/1265 5510/4498/1265
f 5652/4686/3 6498/4687/3 5651/4687/3
f 5742/4776/3 7418/4777/3 5741/4777/3
f 5574/4620/1295 6478/4621/1295 5573/4621/1295
f 5741/4777/6 7421/4778/6 5744/4778/6
f 5496/4503/1268 7548/4507/1268 5495/4507/1268
f 5660/4701/4 6500/4696/4 5659/4696/4
f 5806/4373/1323 7257/4375/1323 5805/4375/1323
f 5570/4624/1324 6472/4616/1324 5534/4616/1324
f 5716/4702/5 6818/4703/5 5715/4703/5
f 5814/4381/850 6534/4378/850 5813/4378/850
f 5519/4511/1273 7547/4509/1273 5518/4509/1273
f 5487/4527/1275 7651/4526/1275 5528/4526/1275
f 5790/4789/1325 7258/4788/1325 5789/4788/1325
f 5542/4634/1301 6482/4632/1301 5541/4632/1301
f 5488/4525/1278 7009/4527/1278 5487/4527/1278
f 5740/4709/1326 6820/4713/1326 5739/4713/1326
f 5798/4796/6 7259/4798/6 5797/4798/6
f 5529/4529/1281 7009/4527/1281 5487/4527/1281
f 5566/4635/1302 6486/4636/1302 5565/4636/1302
f 5668/4716/1327 6819/4712/1327 5667/4712/1327
f 5480/4536/1328 7393/4538/1328 5479/4538/1328
f 5558/4648/1303 6487/4649/1303 5557/4649/1303
f 5782/4806/1329 7260/4808/1329 5781/4808/1329
f 5550/4656/1330 6489/4657/1330 5549/4657/1330
f 5708/4724/1331 6821/4727/1331 5707/4727/1331
f 5822/4820/1332 7261/4818/1332 5821/4818/1332
f 5626/4665/6 6491/4668/6 5625/4668/6
f 5634/4671/5 6493/4672/5 5633/4672/5
f 5676/4013/1333 6822/3394/1333 5675/3394/1333
f 5774/4819/1334 7263/4821/1334 5773/4821/1334
f 5472/4554/1293 7551/4555/1293 5471/4555/1293
f 5456/4556/1296 7550/4553/1296 5455/4553/1296
f 5700/4744/1335 6823/4746/1335 5699/4746/1335
f 5464/4564/1336 6455/4565/1336 5463/4565/1336
f 5766/4841/1337 7265/4842/1337 5765/4842/1337
f 5684/3422/1338 6824/3423/1338 5683/3423/1338
f 5658/4697/3 6499/4698/3 5657/4698/3
f 5750/4846/1339 7264/4832/1339 5749/4832/1339
f 5596/4574/1260 7555/4575/1260 5595/4575/1260
f 5657/4698/6 6502/4699/6 5662/4699/6
f 5692/3436/1340 6825/3437/1340 5691/3437/1340
f 5758/4860/1341 7266/4858/1341 5757/4858/1341
f 5714/4704/6 6503/4705/6 5713/4705/6
f 5588/4583/1266 7558/4586/1266 5587/4586/1266
f 5724/4770/1342 6827/4768/1342 5723/4768/1342
f 5830/4866/1343 6561/4856/1343 5829/4856/1343
f 5666/4710/1344 6506/4706/1344 5665/4706/1344
f 5732/4769/1345 6828/4771/1345 5731/4771/1345
f 5845/4828/1346 7267/4867/1346 5844/4867/1346
f 5587/4586/1347 7556/4588/1347 5601/4588/1347
f 5738/4722/1348 6509/4730/1348 5737/4730/1348
f 5812/4374/1349 6531/4371/1349 5811/4371/1349
f 5837/4883/1350 6568/4884/1350 5836/4884/1350
f 5602/4589/1351 7558/4586/1351 5587/4586/1351
f 5610/4603/1352 7019/4601/1352 5609/4601/1352
f 5804/4376/1353 6829/4377/1353 5803/4377/1353
f 4119/2880/1354 5963/2881/1354 4118/2881/1354
f 5706/3387/1355 6512/3388/1355 5705/3388/1355
f 5580/4609/1280 7560/4611/1280 5579/4611/1280
f 5674/4732/1356 6511/4731/1356 5673/4731/1356
f 5579/3265/1282 7235/3264/1282 5615/3264/1282
f 4127/2886/3 6841/2887/3 4126/2887/3
f 5616/4612/1285 7560/4611/1285 5579/4611/1285
f 5788/4787/1357 6831/4786/1357 5787/4786/1357
f 4139/2900/3 6844/2901/3 4138/2901/3
f 5572/4622/1288 6480/4623/1288 5571/4623/1288
f 5698/3414/1358 6519/3415/1358 5697/3415/1358
f 5796/4797/1359 6830/4795/1359 5795/4795/1359
f 5533/4625/4 7553/4571/4 5532/4571/4
f 5682/4752/101 6517/4751/101 5681/4751/101
f 4151/2911/3 7049/2912/3 4150/2912/3
f 5689/4765/950 6524/4759/950 5734/4759/950
f 5780/4809/1360 6832/4811/1360 5779/4811/1360
f 4150/2912/1361 6582/2913/1361 4154/2913/1361
f 5540/4629/1291 7561/4630/1291 5539/4630/1291
f 5820/4815/1362 6547/4813/1362 5819/4813/1362
f 4154/4885/3 7048/4885/3 4155/4885/3
f 5564/4638/1294 7236/4640/1294 5563/4640/1294
f 5690/3440/954 6523/3441/954 5689/3441/954
f 5748/4827/4 6551/4824/4 5747/4824/4
f 4155/2914/1363 7049/2912/1363 4150/2912/1363
f 4158/4993/3 7434/4887/3 4159/4887/3
f 5722/4766/957 6525/4753/957 5721/4753/957
f 5772/4822/1364 6834/4829/1364 5771/4829/1364
f 4167/2926/5 6849/2927/5 4166/2927/5
f 5730/3452/959 6528/2935/959 5729/2935/959
f 5828/4843/1365 6835/4838/1365 5827/4838/1365
f 4163/2917/3 7435/2891/3 4162/2891/3
f 5810/4779/1366 6530/4780/1366 5809/4780/1366
f 5764/4845/1367 6839/4849/1367 5763/4849/1367
f 5556/4650/1300 7563/4651/1300 5555/4651/1300
f 5802/4379/1368 6533/4380/1368 5801/4380/1368
f 4162/2932/6 7268/2937/6 4176/2937/6
f 5756/4455/1369 6837/4450/1369 5755/4450/1369
f 4208/2975/422 6000/2977/422 4207/2977/422
f 5843/4868/1370 6840/4870/1370 5842/4870/1370
f 5794/4793/1371 6537/4792/1371 5793/4792/1371
f 4134/2893/1372 6575/2896/1372 4133/2896/1372
f 4242/3005/1373 7055/3015/1373 4241/3015/1373
f 4150/2912/1374 5971/2915/1374 4149/2915/1374
f 5786/4801/1375 6540/4800/1375 5785/4800/1375
f 5548/4658/4 7562/4646/4 5547/4646/4
f 5818/4810/1376 6544/4807/1376 5817/4807/1376
f 4238/3026/1377 7057/3028/1377 4237/3028/1377
f 5624/4669/6 7565/4670/6 5623/4670/6
f 5640/4673/6 6811/4676/6 5639/4676/6
f 5778/4812/1378 6546/4814/1378 5777/4814/1378
f 4178/2942/1379 7050/2891/1379 4177/2891/1379
f 4266/3036/1380 6597/3034/1380 4265/3034/1380
f 4177/2891/1381 7052/2943/1381 4224/2943/1381
f 4223/2945/485 5980/2947/485 4222/2947/485
f 4234/3035/1382 7058/3038/1382 4233/3038/1382
f 5648/4691/976 7566/4689/976 5647/4689/976
f 5746/4825/3 6550/4826/3 5745/4826/3
f 5656/4695/4 7408/4692/4 5655/4692/4
f 4270/3042/1383 7059/3041/1383 4269/3041/1383
f 5745/4826/6 6554/4828/6 5845/4828/6
f 4183/2952/473 6851/2950/473 4182/2950/473
f 4274/3052/1384 7441/3053/1384 4273/3053/1384
f 5664/4707/3 7662/4708/3 5663/4708/3
f 4219/2953/467 5986/2955/467 4218/2955/467
f 4278/2942/1379 7443/2891/1379 4277/2891/1379
f 5663/4708/6 6507/4709/6 5740/4709/6
f 5770/4831/1385 6555/4834/1385 5769/4834/1385
f 4211/2969/192 5995/2971/192 4210/2971/192
f 4277/2891/1381 6025/2943/1381 4324/2943/1381
f 5826/4836/1386 6556/4833/1386 5825/4833/1386
f 4207/2977/1387 6001/2979/1387 4206/2979/1387
f 5712/4711/1388 7567/4714/1388 5711/4714/1388
f 5845/4828/1389 6559/4850/1389 5753/4850/1389
f 4253/3007/1390 6015/3008/1390 4252/3008/1390
f 4322/2947/1391 7062/2949/1391 4321/2949/1391
f 5762/4857/1392 6560/4861/1392 5761/4861/1392
f 4241/3015/1393 6594/3020/1393 4240/3020/1393
f 4282/2950/677 7061/2948/677 4281/2948/677
f 5672/4728/1394 7568/4726/1394 5671/4726/1394
f 4314/2963/449 6865/2964/449 4313/2964/449
f 5841/4875/1395 6563/4876/1395 5840/4876/1395
f 5704/4009/1396 7569/4010/1396 5703/4010/1396
f 4237/3028/1397 6596/3030/1397 4236/3030/1397
f 5720/4743/1398 6516/4733/1398 5719/4733/1398
f 4310/2971/436 7066/2973/436 4309/2973/436
f 4294/2974/434 7065/2972/434 4293/2972/434
f 4306/2979/409 7067/2984/409 4305/2984/409
f 5736/4740/1399 6518/4748/1399 5735/4748/1399
f 5834/4478/1400 6565/4475/1400 5833/4475/1400
f 4233/3038/1401 6602/3040/1401 4232/3040/1401
f 4302/2990/1402 7069/2991/1402 4301/2991/1402
f 5680/4750/1403 7570/4747/1403 5679/4747/1403
f 4269/3041/1404 6599/3039/1404 4268/3039/1404
f 4333/3068/1017 6042/3070/1017 4335/3070/1017
f 4129/2894/1405 6571/2885/1405 4128/2885/1405
f 4334/3071/1020 6041/3068/1020 4333/3068/1020
f 5696/4754/1406 7571/4756/1406 5695/4756/1406
f 4133/2896/4 6574/2898/4 4132/2898/4
f 4338/3076/974 7073/3077/974 4337/3077/974
f 4137/2889/1407 6576/2890/1407 4136/2890/1407
f 4398/3150/1384 7293/3148/1384 4397/3148/1384
f 5688/4764/1408 7572/4763/1408 5687/4763/1408
f 4141/2905/1405 6578/2899/1405 4140/2899/1405
f 4281/2948/483 6608/2946/483 4280/2946/483
f 4402/3159/3 7447/3160/3 4401/3160/3
f 5728/3458/1409 7573/3456/1409 5727/3456/1409
f 4321/2949/475 6027/2951/475 4320/2951/475
f 5744/4778/4 7419/4775/4 5743/4775/4
f 4153/2922/4 6581/2910/4 4152/2910/4
f 4317/2957/459 6029/2959/459 4316/2959/459
f 4401/3160/1014 6087/3162/1014 4408/3162/1014
f 4157/2924/4 6584/2923/4 4156/2923/4
f 4414/3169/5 7079/3170/5 4413/3170/5
f 5808/4781/1410 7574/4372/1410 5807/4372/1410
f 4426/3183/6 7082/3184/6 4425/3184/6
f 4165/2928/1374 6586/2931/1374 4164/2931/1374
f 4293/2972/439 6612/2970/439 4292/2970/439
f 4430/3185/5 6885/3186/5 4429/3186/5
f 5800/4382/1411 7575/4383/1411 5799/4383/1411
f 4309/2973/429 6035/2975/429 4308/2975/429
f 4305/2984/1412 6039/2986/1412 4304/2986/1412
f 4434/3191/6 7084/3194/6 4433/3194/6
f 5792/4791/1413 7576/4790/1413 5791/4790/1413
f 5816/4799/1414 6542/4782/1414 5815/4782/1414
f 4301/2991/1415 6614/2989/1415 4300/2989/1415
f 4505/3200/1260 7088/3201/1260 4504/3201/1260
f 4186/2958/461 5987/2956/461 4185/2956/461
f 5784/4404/1416 7577/4405/1416 5783/4405/1416
f 4214/2963/449 5991/2964/449 4213/2964/449
f 4210/2971/436 5998/2973/436 4209/2973/436
f 4497/3212/1266 6891/3219/1266 4496/3219/1266
f 5776/4816/1417 7578/4817/1417 5775/4817/1417
f 4206/2979/409 6004/2984/409 4205/2984/409
f 4337/3077/3 7071/2891/3 4336/2891/3
f 5824/4830/1418 7043/4823/1418 5823/4823/1418
f 4240/3022/1419 6592/3023/1419 4239/3023/1419
f 4336/3079/1014 6047/3081/1014 4343/3081/1014
f 4344/3080/1017 7074/3082/1017 4346/3082/1017
f 4517/3233/1234 6633/3231/1234 4516/3231/1234
f 5768/4835/1420 7579/4837/1420 5767/4837/1420
f 4345/3083/1020 6048/3080/1020 4344/3080/1020
f 4493/3238/1236 6893/3244/1236 4492/3244/1236
f 4236/3030/1421 6595/3033/1421 4235/3033/1421
f 4521/3245/1352 7089/3240/1352 4520/3240/1352
f 5752/4848/1422 7580/4847/1422 5751/4847/1422
f 4341/3085/4 6616/3084/4 4340/3084/4
f 4268/3039/1423 6598/3037/1423 4267/3037/1423
f 4349/3156/1424 6080/3157/1424 4348/3157/1424
f 4525/3258/1239 6102/3254/1239 4524/3254/1239
f 5760/4863/1425 7581/4864/1425 5759/4864/1425
f 4529/3269/1426 6895/3270/1426 4528/3270/1426
f 4232/3040/1427 6600/3043/1427 4231/3043/1427
f 4485/3279/1241 6644/3280/1241 4484/3280/1241
f 4272/3049/1428 6603/3047/1428 4271/3047/1428
f 4413/3170/3 7077/3171/3 4412/3171/3
f 4481/3283/1288 6646/3284/1288 4480/3284/1288
f 5832/4874/1429 7582/4869/1429 5831/4869/1429
f 4276/3006/3 6605/3055/3 4275/3055/3
f 4412/3171/6 7080/3172/6 4419/3172/6
f 5839/4879/1430 6566/4880/1430 5838/4880/1430
f 4417/3176/4 6621/3173/4 4416/3173/4
f 4442/3292/4 7086/3197/4 4441/3197/4
f 4124/2890/3 7681/2891/3 4123/2891/3
f 4280/2946/489 6607/2944/489 4279/2944/489
f 4446/3293/1431 7090/3289/1431 4445/3289/1431
f 4123/2892/1432 6572/2893/1432 4134/2893/1432
f 4425/3184/4 6624/3181/4 4424/3181/4
f 4140/2899/1433 7432/2900/1433 4139/2900/1433
f 4437/3190/3 6627/3192/3 4436/3192/3
f 4152/2910/5 7433/2911/5 4151/2911/5
f 4284/2954/1434 6609/2952/1434 4283/2952/1434
f 4433/3194/3 6629/3195/3 4432/3195/3
f 4454/3318/1318 7091/3314/1318 4453/3314/1318
f 4316/2959/1435 6030/2961/1435 4315/2961/1435
f 4441/3197/5 7085/3198/5 4440/3198/5
f 4148/2917/3 7682/2891/3 4147/2891/3
f 4147/2918/1436 6847/2919/1436 4158/2919/1436
f 4440/3198/3 7087/3200/3 4505/3200/3
f 4469/3326/1437 7094/3328/1437 4468/3328/1437
f 4159/2920/1438 7682/2918/1438 4147/2918/1438
f 4292/2970/444 6611/2968/444 4291/2968/444
f 4308/2975/422 6036/2977/422 4307/2977/422
f 4504/3201/1439 6090/3202/1439 4503/3202/1439
f 4147/2918/6 5973/2921/6 4161/2921/6
f 4520/3240/1440 6098/3241/1440 4519/3241/1440
f 4156/2923/1441 7048/2914/1441 4155/2914/1441
f 4524/3254/1442 6100/3251/1442 4523/3251/1442
f 4160/2925/5 7434/2920/5 4159/2920/5
f 4300/2989/1443 6613/2987/1443 4299/2987/1443
f 4484/3280/1444 6106/3281/1444 4483/3281/1444
f 4465/3331/1445 6898/3332/1445 4464/3332/1445
f 4217/2957/459 7271/2959/459 4216/2959/459
f 4340/3084/1025 6615/3086/1025 4339/3086/1025
f 4480/3284/1446 6647/3285/1446 4479/3285/1446
f 4213/2964/448 7273/2967/448 4212/2967/448
f 4380/3103/1447 6617/3014/1447 4379/3014/1447
f 4396/3146/1428 6073/3044/1428 4395/3044/1428
f 4445/3289/1448 6648/3288/1448 4444/3288/1448
f 4239/3023/1449 7438/3026/1449 4238/3026/1449
f 4400/3100/3 6074/3152/3 4399/3152/3
f 4476/3304/1450 6112/3309/1450 4475/3309/1450
f 4416/3173/5 6620/3174/5 4415/3174/5
f 4415/3174/3 6622/3175/3 4418/3175/3
f 4458/3341/1451 7093/3327/1451 4457/3327/1451
f 4231/3043/1452 7586/3048/1452 4230/3048/1452
f 4424/3181/5 6623/3182/5 4423/3182/5
f 4453/3314/1453 6113/3310/1453 4452/3310/1453
f 4230/3048/1454 6604/3049/1454 4272/3049/1454
f 4423/3182/3 6625/3183/3 4426/3183/3
f 4472/3321/1455 6651/3323/1455 4471/3323/1455
f 4597/3355/3 7098/3356/3 4596/3356/3
f 4273/3050/1456 7586/3048/1456 4230/3048/1456
f 4436/3192/6 6626/3193/6 4435/3193/6
f 4432/3195/6 6628/3196/6 4431/3196/6
f 4589/3380/1070 7102/3382/1070 4588/3382/1070
f 4279/2944/494 7444/2942/494 4278/2942/494
f 4457/3327/1457 6653/3325/1457 4456/3325/1457
f 4323/2945/1458 7060/2947/1458 4322/2947/1458
f 4499/3206/1264 6630/3207/1264 4498/3207/1264
f 4468/3328/1459 6655/3329/1459 4467/3329/1459
f 4601/3391/1084 6661/3377/1084 4600/3377/1084
f 4319/2953/467 6862/2955/467 4318/2955/467
f 4557/3394/1073 6904/2916/1073 4556/2916/1073
f 4311/2969/192 7064/2971/192 4310/2971/192
f 4544/3346/4 6120/3344/4 4543/3344/4
f 4615/3444/1202 7313/3446/1202 4614/3446/1202
f 4307/2977/1387 6867/2979/1387 4306/2979/1387
f 4495/3226/1268 6632/3232/1268 4494/3232/1268
f 4335/3070/3 7070/3071/3 4334/3071/3
f 4343/3081/4 7285/3087/4 4342/3087/4
f 4607/3449/1208 7314/3447/1208 4606/3447/1208
f 4379/3014/1460 7287/3010/1460 4378/3010/1460
f 4523/3251/1272 6636/3249/1272 4522/3249/1272
f 4631/3461/6 6150/3464/6 4630/3464/6
f 4383/3109/1461 6061/3106/1461 4382/3106/1461
f 4527/3263/1462 6637/3264/1462 4526/3264/1462
f 4536/3353/4 6657/3342/4 4535/3342/4
f 4399/3151/1155 7295/3052/1155 4398/3052/1155
f 4351/3154/1463 6078/3155/1463 4350/3155/1463
f 4487/3267/1278 6639/3273/1278 4486/3273/1278
f 4596/3356/6 6127/3357/6 4595/3357/6
f 4639/3479/976 7315/3477/976 4638/3477/976
f 4403/3158/974 7448/3159/974 4402/3159/974
f 4411/3163/3 7076/3164/3 4410/3164/3
f 4548/3362/1344 6124/3358/1344 4547/3358/1344
f 4419/3172/4 7078/3169/4 4414/3169/4
f 4647/3485/4 7112/3480/4 4646/3480/4
f 4592/3371/1308 6660/3372/1308 4591/3372/1308
f 4655/3489/3 7115/3490/3 4654/3490/3
f 4439/3189/4 6884/3187/4 4438/3187/4
f 4621/3367/1067 6131/3374/1067 4620/3374/1067
f 4600/3377/1312 6658/3369/1312 4599/3369/1312
f 4663/3500/4 6674/3498/4 4662/3498/4
f 4588/3387/1464 6663/3388/1464 4587/3388/1464
f 4694/3508/1465 7316/3509/1465 4693/3509/1465
f 4435/3193/4 7450/3191/4 4434/3191/4
f 4559/2889/1466 6138/3405/1466 4618/3405/1466
f 4702/3525/1467 7317/3526/1467 4701/3526/1467
f 4560/3404/1468 7103/2889/1468 4559/2889/1468
f 4563/3417/1469 6137/3409/1469 4617/3409/1469
f 4686/3522/1470 7318/3528/1470 4685/3528/1470
f 4431/3196/4 7449/3185/4 4430/3185/4
f 4444/3288/4 6642/3286/4 4443/3286/4
f 4564/3416/101 7105/3417/101 4563/3417/101
f 4479/3285/1471 6108/3291/1471 4478/3291/1471
f 4518/3234/1472 6635/3235/1472 4517/3235/1472
f 4568/3429/1473 6668/3430/1473 4567/3430/1473
f 4710/3537/1474 7124/3536/1474 4709/3536/1474
f 4490/3253/1475 7300/3257/1475 4489/3257/1475
f 4718/3554/1476 7319/3553/1476 4717/3553/1476
f 4471/3323/1293 6652/3324/1293 4470/3324/1293
f 4605/3445/1087 6911/3443/1087 4604/3443/1087
f 4678/3559/1477 7321/3563/1477 4677/3563/1477
f 4526/3262/1478 7299/3260/1478 4525/3260/1478
f 4456/3325/1296 6649/3322/1296 4455/3322/1296
f 4613/3451/1088 6912/3452/1088 4612/3452/1088
f 4671/3562/6 7322/3570/6 4670/3570/6
f 4486/3273/1479 6643/3279/1479 4485/3279/1479
f 4467/3329/1480 6654/3330/1480 4466/3330/1480
f 4629/3466/6 6914/3467/6 4628/3467/6
f 4482/3282/1481 6645/3283/1481 4481/3283/1481
f 4535/3342/5 6656/3343/5 4534/3343/5
f 4637/3476/1025 6916/3478/1025 4636/3478/1025
f 4749/3575/1465 7323/3576/1465 4748/3576/1465
f 4443/3278/6 7453/3292/6 4442/3292/6
f 4757/3588/1467 7324/3587/1467 4756/3587/1467
f 4478/3294/1482 6896/3299/1482 4477/3299/1482
f 4599/3369/1065 6126/3354/1065 4598/3354/1065
f 4645/3481/3 7111/3482/3 4644/3482/3
f 4474/3313/1483 7302/3317/1483 4473/3317/1483
f 4644/3482/6 7114/3483/6 4649/3483/6
f 4741/3586/1470 7325/3590/1470 4740/3590/1470
f 4591/3372/1180 6659/3376/1180 4590/3376/1180
f 4455/3322/639 7455/3320/639 4454/3320/639
f 4653/3491/4 6670/3486/4 4652/3486/4
f 4466/3330/1484 7456/3331/1484 4465/3331/1484
f 4587/3392/1090 6662/3393/1090 4586/3393/1090
f 4661/3501/3 6676/3502/3 4660/3502/3
f 4765/3601/1474 7134/3600/1474 4764/3600/1474
f 4462/3337/1485 7303/3338/1485 4461/3338/1485
f 4558/3397/1486 6132/3384/1486 4619/3384/1486
f 4669/3504/5 7117/3505/5 4668/3505/5
f 4773/3613/1476 7326/3612/1476 4772/3612/1476
f 4618/3398/1487 6664/3397/1487 4558/3397/1487
f 4733/3615/1477 7328/3619/1477 4732/3619/1477
f 4534/3343/3 7683/3345/3 4533/3345/3
f 4619/3384/1092 6138/3398/1092 4618/3398/1092
f 4668/3505/3 7119/3507/3 4695/3507/3
f 4726/3618/6 7329/3624/6 4725/3624/6
f 4533/3345/6 7095/3346/6 4544/3346/6
f 4542/3347/3 6900/3349/3 4541/3349/3
f 4579/3418/1102 6665/3419/1102 4578/3419/1102
f 4692/3510/1488 6917/3511/1488 4691/3511/1488
f 4598/3354/5 7457/3355/5 4597/3355/5
f 4700/3520/1489 6918/3519/1489 4699/3519/1489
f 4708/3534/1490 6919/3533/1490 4707/3533/1490
f 4781/3634/4 7138/3625/4 4780/3625/4
f 4567/3427/1196 6667/3425/1196 4566/3425/1196
f 4684/3532/1491 6921/3535/1491 4683/3535/1491
f 4797/3646/1492 7330/3647/1492 4796/3647/1492
f 4594/3363/1388 7305/3368/1388 4593/3368/1388
f 4611/2935/1112 6147/3458/1112 4610/3458/1112
f 4805/3656/1493 6691/3649/1493 4804/3649/1493
f 4627/3465/6 6152/3468/6 4626/3468/6
f 4874/3665/1494 7481/3664/1494 4873/3664/1494
f 4550/3370/1327 7304/3366/1327 4549/3366/1327
f 4635/3469/974 6155/3470/974 4634/3470/974
f 4716/3552/1495 6176/3550/1495 4715/3550/1495
f 4882/3674/1496 7331/3673/1496 4881/3673/1496
f 4643/3474/3 6159/3475/3 4642/3475/3
f 4676/3564/1497 6922/3565/1497 4675/3565/1497
f 4867/3690/1498 6932/3691/1498 4866/3691/1498
f 4590/3376/1499 7458/3380/1499 4589/3380/1499
f 4724/3571/5 7127/3572/5 4723/3572/5
f 4619/3390/1500 7459/3394/1500 4557/3394/1500
f 4651/3487/3 6669/3488/3 4650/3488/3
f 4650/3488/6 6672/3489/6 4655/3489/6
f 4723/3572/3 7129/3574/3 4750/3574/3
f 4813/3700/1134 7332/3698/1134 4812/3698/1134
f 4586/3393/1396 7307/3395/1396 4585/3395/1396
f 4859/3702/1501 6218/3704/1501 4858/3704/1501
f 4565/3423/1502 6137/3412/1502 4617/3412/1502
f 4667/3496/4 6162/3494/4 4666/3494/4
f 4747/3577/1488 6923/3578/1488 4746/3578/1488
f 4566/3422/1338 7684/3423/1338 4565/3423/1338
f 4755/3520/1489 6924/3519/1489 4754/3519/1489
f 4843/3734/1503 7335/3731/1503 4842/3731/1503
f 4617/3409/1096 6144/3426/1096 4616/3426/1096
f 4763/3597/1490 6925/3598/1490 4762/3598/1490
f 4851/3733/523 7338/3735/523 4850/3735/523
f 4739/3594/1491 6927/3599/1491 4738/3599/1491
f 4849/3738/1504 7336/3732/1504 4820/3732/1504
f 4609/3456/1505 7588/3457/1505 4608/3457/1505
f 4659/3503/4 6161/3492/4 4658/3492/4
f 4820/3732/1506 6938/3741/1506 4848/3741/1506
f 4625/3459/5 7590/3460/5 4624/3460/5
f 4690/3512/1507 6166/3513/1507 4689/3513/1507
f 4771/3611/1495 6193/3609/1495 4770/3609/1495
f 4821/3742/1508 7336/3732/1508 4820/3732/1508
f 4698/3518/1509 6167/3388/1509 4697/3388/1509
f 4731/3620/1497 6928/3621/1497 4730/3621/1497
f 4706/3531/1510 6170/3530/1510 4705/3530/1510
f 4649/3483/3 7462/3484/3 4648/3484/3
f 4779/3626/3 7137/3627/3 4778/3627/3
f 4890/3772/976 7340/3770/976 4889/3770/976
f 4682/3538/1511 6174/3540/1511 4681/3540/1511
f 4902/3776/4 7150/3773/4 4897/3773/4
f 4657/3493/3 7685/3495/3 4656/3495/3
f 4778/3627/1014 6200/3629/1014 4785/3629/1014
f 4656/3495/6 6673/3496/6 4667/3496/6
f 4786/3628/1017 7140/3630/1017 4788/3630/1017
f 4914/2890/1512 7341/3783/1512 4913/3783/1512
f 4665/3497/3 7464/3499/3 4664/3499/3
f 4714/3546/1513 6172/3544/1513 4713/3544/1513
f 4787/3631/1020 6929/3628/1020 4786/3628/1020
f 4722/3517/3 6178/3561/3 4721/3561/3
f 4803/3641/1514 6203/3642/1514 4802/3642/1514
f 4906/3801/1515 7342/3802/1515 4905/3802/1515
f 4674/3566/1516 6180/3567/1516 4673/3567/1516
f 4688/3514/1517 7592/3516/1517 4687/3516/1517
f 4795/3650/1518 6930/3651/1518 4794/3651/1518
f 5018/3810/1519 7159/3809/1519 5017/3809/1519
f 4745/3579/1507 6183/3580/1507 4744/3580/1507
f 4880/3671/1520 6931/3670/1520 4879/3670/1520
f 4922/3819/1521 7156/3804/1521 4921/3804/1521
f 4753/3518/1509 6184/3388/1509 4752/3388/1509
f 4872/3679/1522 6211/3677/1522 4871/3677/1522
f 4761/3593/1510 6187/3592/1510 4760/3592/1510
f 4704/3529/1254 7468/3527/1254 4703/3527/1254
f 5010/3834/1523 6255/3835/1523 5009/3835/1523
f 4712/3541/1524 6681/3539/1524 4711/3539/1524
f 4737/3602/1511 6191/3604/1511 4736/3604/1511
f 4865/3692/1525 6935/3694/1525 4864/3694/1525
f 5002/3457/1526 6946/3849/1526 5001/3849/1526
f 4811/3695/1527 6934/3693/1527 4810/3693/1527
f 4680/3545/1528 7594/3551/1528 4679/3551/1528
f 4857/3706/1529 6698/3708/1529 4856/3708/1529
f 4769/3608/1513 6189/3606/1513 4768/3606/1513
f 4930/3864/1530 7343/3862/1530 4929/3862/1530
f 4777/3584/3 6195/3617/3 4776/3617/3
f 4994/3866/1531 6265/3868/1531 4993/3868/1531
f 4729/3623/1516 6197/3569/1516 4728/3569/1516
f 4785/3629/4 6201/3635/4 4784/3635/4
f 4819/3720/1532 6936/3711/1532 4818/3711/1532
f 4938/3879/1533 7344/3878/1533 4937/3878/1533
f 4720/3560/1534 7593/3558/1534 4719/3558/1534
f 4841/3727/1535 6937/3726/1535 4840/3726/1535
f 4801/3637/1536 6204/3638/1536 4800/3638/1536
f 4833/3745/1537 6939/3746/1537 4832/3746/1537
f 4962/3890/1538 7345/3891/1538 4961/3891/1538
f 4888/3769/1025 6941/3771/1025 4887/3771/1025
f 4986/3899/1539 7346/3904/1539 4985/3904/1539
f 4743/3581/1517 7595/3583/1517 4742/3583/1517
f 4793/3654/1143 6207/3655/1143 4792/3655/1143
f 4945/3908/1540 7346/3909/1540 4985/3909/1540
f 4896/3774/3 7149/3775/3 4895/3775/3
f 4946/3907/1541 7497/3908/1541 4945/3908/1541
f 4878/3669/1542 6209/3668/1542 4877/3668/1542
f 4895/3775/6 7152/3776/6 4902/3776/6
f 4954/3921/1543 7347/3922/1543 4953/3922/1543
f 4759/3591/1254 7474/3589/1254 4758/3589/1254
f 4912/3784/1544 6942/3786/1544 4911/3786/1544
f 4767/3605/1524 6687/3603/1524 4766/3603/1524
f 4920/3799/1545 6247/3796/1545 4919/3796/1545
f 4809/3689/1546 6214/3683/1546 4808/3683/1546
f 4970/3947/1547 7348/3388/1547 4969/3388/1547
f 4735/3607/1528 7597/3610/1528 4734/3610/1528
f 4863/3696/1548 6216/3697/1548 4862/3697/1548
f 4904/3803/1549 7155/2891/1549 4903/2891/1549
f 4978/3954/1550 6720/3955/1550 4977/3955/1550
f 5026/3962/3 7502/3964/3 5025/3964/3
f 4817/3709/1551 6220/3707/1551 4816/3707/1551
f 5025/3964/6 7505/3965/6 5036/3965/6
f 4855/3710/1552 6222/3712/1552 4854/3712/1552
f 5034/3966/3 7173/3968/3 5033/3968/3
f 4775/3616/1534 7596/3614/1534 4774/3614/1534
f 4839/3722/1553 6224/3723/1553 4838/3723/1553
f 5090/3973/5 7349/3974/5 5089/3974/5
f 4847/3740/1554 6226/3739/1554 4846/3739/1554
f 4831/3751/1555 6229/3752/1555 4830/3752/1555
f 4783/3633/4 7478/3632/4 4782/3632/4
f 4828/3757/1556 6232/3756/1556 4824/3756/1556
f 5114/3980/1326 7351/3985/1326 5113/3985/1326
f 4824/3758/1557 6703/3759/1557 4827/3759/1557
f 5024/2943/1558 6943/3818/1558 5023/3818/1558
f 5042/3989/1559 7350/3984/1559 5041/3984/1559
f 4799/3639/1560 7598/3640/1560 4798/3640/1560
f 4903/2891/6 7162/2943/6 5024/2943/6
f 4825/3761/1561 6232/3758/1561 4824/3758/1561
f 5016/3823/1562 6944/3822/1562 5015/3822/1562
f 5082/3997/1331 7352/4002/1331 5081/4002/1331
f 4886/3762/974 6235/3763/974 4885/3763/974
f 5008/3836/1563 6257/3837/1563 5007/3837/1563
f 4791/3658/1564 7600/3659/1564 4790/3659/1564
f 4894/3767/3 6239/3768/3 4893/3768/3
f 5050/4011/1565 7353/4012/1565 5049/4012/1565
f 4873/3664/1566 7601/3662/1566 4806/3662/1566
f 4918/3790/1567 6243/3785/1567 4917/3785/1567
f 4876/3667/1568 7602/3666/1568 4875/3666/1568
f 5074/4016/1335 7354/4020/1335 5073/4020/1335
f 4807/3675/1569 7601/3662/1569 4806/3662/1569
f 4910/3791/1570 6246/3792/1570 4909/3792/1570
f 5000/3854/1571 6948/3855/1571 4999/3855/1571
f 5022/3817/1572 6249/3816/1572 5021/3816/1572
f 4928/3856/1573 6947/3850/1573 4927/3850/1573
f 5058/3422/1338 7355/3423/1338 5057/3423/1338
f 4806/3678/1574 7144/3679/1574 4872/3679/1574
f 5014/3821/1575 6251/3828/1575 5013/3828/1575
f 4992/3870/1576 6712/3872/1576 4991/3872/1576
f 4869/3684/1577 6694/3685/1577 4868/3685/1577
f 5066/4039/1340 7356/4041/1340 5065/4041/1340
f 4861/3699/1578 7604/3701/1578 4860/3701/1578
f 4936/3876/1579 6949/3875/1579 4935/3875/1579
f 5006/3838/1580 6261/3841/1580 5005/3841/1580
f 4960/3897/1335 6950/3900/1335 4959/3900/1335
f 5098/4047/1342 7358/4045/1342 5097/4045/1342
f 4815/3705/1581 7605/3703/1581 4814/3703/1581
f 4943/3902/1582 6715/3896/1582 4986/3896/1582
f 5106/4049/1345 7359/3451/1345 5105/3451/1345
f 4837/3713/1583 7606/3714/1583 4836/3714/1583
f 4926/3846/1584 6259/3839/1584 4925/3839/1584
f 4944/3901/1585 7167/3902/1585 4943/3902/1585
f 4853/3721/1586 7333/3725/1586 4852/3725/1586
f 4998/3860/1587 6263/3861/1587 4997/3861/1587
f 4984/3916/1588 6279/3926/1588 4983/3926/1588
f 5137/4057/1589 7360/4062/1589 5136/4062/1589
f 4845/3737/1590 7607/3736/1590 4844/3736/1590
f 4934/3873/1591 6267/3871/1591 4933/3871/1591
f 4952/3928/1592 6951/3927/1592 4951/3927/1592
f 4990/3874/1593 6269/3877/1593 4989/3877/1593
f 5145/4080/1594 6965/4070/1594 5144/4070/1594
f 4823/3750/1595 7608/3743/1595 4822/3743/1595
f 4968/3942/1596 6952/3939/1596 4967/3939/1596
f 5192/4082/1597 6741/4083/1597 5191/4083/1597
f 4942/3898/1598 6272/3892/1598 4941/3892/1598
f 5232/4094/1599 6323/4095/1599 5231/4095/1599
f 4976/3960/1600 6953/3959/1600 4975/3959/1600
f 4958/3905/1601 6275/3906/1601 4957/3906/1601
f 5129/4108/1602 7362/4109/1602 5128/4109/1602
f 4900/3780/4 7610/3777/4 4899/3777/4
f 4916/3781/1603 7611/3782/1603 4915/3782/1603
f 4950/3923/1604 6278/3919/1604 4949/3919/1604
f 5032/3969/4 6954/3967/4 5031/3967/4
f 5200/4118/1605 7361/4113/1605 5199/4113/1605
f 4908/3793/1606 7612/3795/1606 4907/3795/1606
f 4966/3933/1607 6281/3934/1607 4965/3934/1607
f 5088/3975/6 6955/3976/6 5087/3976/6
f 5224/4131/1608 7364/4137/1608 5223/4137/1608
f 5020/3814/1609 7161/3813/1609 5019/3813/1609
f 4982/3931/1610 6283/3937/1610 4981/3937/1610
f 5040/3981/1344 6724/3977/1344 5039/3977/1344
f 4924/3829/1611 7613/3824/1611 4923/3824/1611
f 5112/3995/1348 6956/4004/1348 5111/4004/1348
f 5153/4145/1612 7365/4139/1612 5152/4139/1612
f 4974/3956/1613 6286/3957/1613 4973/3957/1613
f 5208/4167/1614 7366/4163/1614 5207/4163/1614
f 5012/3826/1615 6253/3831/1615 5011/3831/1615
f 5030/3970/3 6288/3971/3 5029/3971/3
f 5004/3844/1616 6709/3845/1616 5003/3845/1616
f 5080/3387/1464 6958/3388/1464 5079/3388/1464
f 5121/4164/1617 7368/4168/1617 5120/4168/1617
f 4996/3863/1618 7614/3865/1618 4995/3865/1618
f 5038/3978/3 6723/3979/3 5037/3979/3
f 5048/4006/1356 6957/4005/1356 5047/4005/1356
f 5037/3979/6 6726/3980/6 5114/3980/6
f 5216/4180/1619 6972/4181/1619 5215/4181/1619
f 5161/4199/1620 6340/4195/1620 5160/4195/1620
f 4932/3869/1621 7615/3867/1621 4931/3867/1621
f 5086/3941/1388 6291/3986/1388 5085/3986/1388
f 5184/4214/1622 6755/4215/1622 5183/4215/1622
f 5072/3414/1358 6960/3415/1358 5071/3415/1358
f 4964/3882/5 7617/3883/5 4963/3883/5
f 5056/4025/101 6959/4026/101 5055/4026/101
f 5169/4236/1623 7370/4235/1623 5168/4235/1623
f 5046/3381/1624 6294/3378/1624 5045/3378/1624
f 4988/3886/1625 6271/3887/1625 4987/3887/1625
f 5271/4245/1626 7371/4246/1626 5270/4246/1626
f 4940/3888/1627 7616/3885/1627 4939/3885/1627
f 5078/4009/1628 6298/4010/1628 5077/4010/1628
f 5064/3440/954 6961/3441/954 5063/3441/954
f 5094/4017/1398 6296/4007/1398 5093/4007/1398
f 5295/4258/1629 7372/4257/1629 5277/4257/1629
f 5096/4043/957 6303/4028/957 5095/4028/957
f 5277/4263/1630 7523/4264/1630 5294/4264/1630
f 4956/3910/1631 7619/3914/1631 4955/3914/1631
f 5104/4053/959 6311/4054/959 5103/4054/959
f 4948/3915/1632 7618/3437/1632 4947/3437/1632
f 5110/4015/1399 6306/4022/1399 5109/4022/1399
f 5294/4264/1633 7373/4265/1633 5293/4265/1633
f 4980/3945/1634 7500/3946/1634 4979/3946/1634
f 5054/4023/1403 6301/4021/1403 5053/4021/1403
f 5135/4065/1635 6964/4067/1635 5134/4067/1635
f 5143/4068/1636 6962/4066/1636 5142/4066/1636
f 5278/4271/1637 7372/4257/1637 5277/4257/1637
f 5070/4027/1406 6304/4031/1406 5069/4031/1406
f 5302/4280/1638 7374/4278/1638 5301/4278/1638
f 4972/3951/1639 7620/3949/1639 4971/3949/1639
f 5189/4074/1640 6742/2943/1640 5236/2943/1640
f 5062/4042/1408 6308/4040/1408 5061/4040/1408
f 5190/4075/1641 6738/4071/1641 5189/4071/1641
f 5263/4282/679 7375/4286/679 5262/4286/679
f 5036/3965/4 7503/3963/4 5035/3963/4
f 5101/3456/1642 6311/2935/1642 5103/2935/1642
f 5230/4101/1643 6744/4106/1643 5229/4106/1643
f 5102/3458/1409 6735/3456/1409 5101/3456/1409
f 5198/4110/1644 6966/4102/1644 5197/4102/1644
f 5141/4063/1645 6313/4058/1645 5140/4058/1645
f 5286/4289/1646 6765/4291/1646 5285/4291/1646
f 5133/4069/1647 6316/4072/1647 5132/4072/1647
f 5127/4116/1648 6969/4124/1648 5126/4124/1648
f 5028/3972/4 7621/3961/4 5027/3961/4
f 5310/4309/1649 6769/4310/1649 5309/4310/1649
f 5240/4314/1650 7376/4307/1650 5239/4307/1650
f 5236/2943/1651 6318/4079/1651 5235/4079/1651
f 5151/4128/1652 6967/4122/1652 5150/4122/1652
f 5326/4320/1653 6379/4324/1653 5325/4324/1653
f 5084/3993/1308 7623/3994/1308 5083/3994/1308
f 5222/4146/1654 6970/4148/1654 5221/4148/1654
f 5196/4096/1655 6321/4092/1655 5195/4092/1655
f 5206/4155/1656 6333/4149/1656 5205/4149/1656
f 5255/4326/1657 7378/4334/1657 5254/4334/1657
f 5044/2890/1310 7622/3996/1310 5043/3996/1310
f 5092/3998/1312 6290/3987/1312 5091/3987/1312
f 5119/4174/1658 6976/4183/1658 5118/4183/1658
f 5318/4347/1659 7377/4339/1659 5317/4339/1659
f 5076/3400/1313 7625/3401/1313 5075/3401/1313
f 5149/4114/1660 6325/4103/1660 5148/4103/1660
f 5228/4115/1661 6327/4117/1661 5227/4117/1661
f 5052/4019/1468 7624/4014/1468 5051/4014/1468
f 5214/4184/1662 6975/4189/1662 5213/4189/1662
f 5248/4360/1663 7380/4358/1663 5247/4358/1663
f 5125/4136/1664 6332/4141/1664 5124/4141/1664
f 5204/4144/1665 6329/4138/1665 5203/4138/1665
f 5334/4363/1666 7205/4365/1666 5333/4365/1666
f 5068/4033/949 7627/4037/949 5067/4037/949
f 5159/4193/1667 6974/4186/1667 5158/4186/1667
f 5060/4038/1473 7626/4036/1473 5059/4036/1473
f 5220/4161/1668 6336/4162/1668 5219/4162/1668
f 5182/4219/1669 6978/4220/1669 5181/4220/1669
f 5108/4035/579 7357/4044/579 5107/4044/579
f 5398/4379/1670 7381/4380/1670 5397/4380/1670
f 5157/4175/1671 6338/4169/1671 5156/4169/1671
f 5100/3457/1322 7628/3450/1322 5099/3450/1322
f 5212/4185/1672 6750/4182/1672 5211/4182/1672
f 5175/4225/1673 6352/4226/1673 5174/4226/1673
f 5139/4055/1674 7629/4056/1674 5138/4056/1674
f 5390/4395/1371 7382/4394/1371 5389/4394/1371
f 5234/4085/1675 7630/4087/1675 5233/4087/1675
f 5117/4192/1676 6341/4194/1676 5116/4194/1676
f 5194/4088/1677 6319/4086/1677 5193/4086/1677
f 5188/4202/6 6345/4204/6 5187/4204/6
f 5382/4401/1375 7383/4400/1375 5381/4400/1375
f 5411/4411/1376 6400/4408/1376 5410/4408/1376
f 5131/4084/1678 7632/4090/1678 5130/4090/1678
f 5167/4234/1679 6979/4221/1679 5166/4221/1679
f 5374/4413/1378 7384/4415/1378 5373/4415/1378
f 5165/4216/1680 6348/4211/1680 5164/4211/1680
f 5269/4248/1681 6981/4250/1681 5268/4250/1681
f 5180/4229/1682 6350/4230/1682 5179/4230/1682
f 5276/4255/1683 6980/4252/1683 5275/4252/1683
f 5342/4426/3 7538/4427/3 5341/4427/3
f 5147/4097/1684 7631/4089/1684 5146/4089/1684
f 5173/4243/1685 6353/4241/1685 5172/4241/1685
f 5292/4269/177 6982/4273/177 5291/4273/177
f 5226/4121/1686 7187/4127/1686 5225/4127/1686
f 5274/4249/1687 6355/4247/1687 5273/4247/1687
f 5300/4274/1688 6361/4272/1688 5299/4272/1688
f 5341/4427/6 6410/4429/6 5437/4429/6
f 5202/4135/1689 6968/4125/1689 5201/4125/1689
f 5267/4254/1690 6360/4256/1690 5266/4256/1690
f 5261/4292/1691 6986/4296/1691 5260/4296/1691
f 5366/4432/1385 7386/4435/1385 5365/4435/1385
f 5123/4151/1692 7634/4152/1692 5122/4152/1692
f 5237/4297/1693 6766/4293/1693 5282/4293/1693
f 5419/4437/1386 7385/4434/1386 5418/4434/1386
f 5437/2943/1389 7387/4448/1389 5349/4448/1389
f 5298/4266/1694 6357/4267/1694 5297/4267/1694
f 5358/4453/1392 7542/4458/1392 5357/4458/1392
f 5155/4159/1695 7633/4153/1695 5154/4153/1695
f 5284/4295/1696 7200/4299/1696 5283/4299/1696
f 5357/4458/1697 6410/4429/1697 5437/4429/1697
f 5218/4171/1698 6748/4172/1698 5217/4172/1698
f 5290/4275/1699 6364/4279/1699 5289/4279/1699
f 5238/4300/1700 7199/4297/1700 5237/4297/1700
f 5433/4470/1395 7388/4471/1395 5432/4471/1395
f 5210/4178/1701 7367/4173/1701 5209/4173/1701
f 5283/4299/1702 6768/4301/1702 5330/4301/1702
f 5308/4302/1703 6984/4298/1703 5307/4298/1703
f 5429/4477/1704 7389/4475/1704 5426/4475/1704
f 5163/4205/1705 7635/4206/1705 5162/4206/1705
f 5282/4293/1706 6367/4287/1706 5281/4287/1706
f 5324/4329/1707 6381/4332/1707 5323/4332/1707
f 5426/4475/1708 7544/4479/1708 5428/4479/1708
f 5186/4209/1709 6347/4210/1709 5185/4210/1709
f 5306/4294/1710 6369/4290/1710 5305/4290/1710
f 5316/4336/1711 6987/4330/1711 5315/4330/1711
f 5427/4478/1400 7389/4475/1400 5426/4475/1400
f 5178/4231/1712 7194/4227/1712 5177/4227/1712
f 5330/4301/1713 6371/4304/1713 5329/4304/1713
f 5253/4344/1714 6990/4353/1714 5252/4353/1714
f 5441/4483/4 7223/4480/4 5440/4480/4
f 5171/4239/1413 7636/4240/1413 5170/4240/1413
f 5259/4303/1715 6374/4306/1715 5258/4306/1715
f 5503/4490/1716 7390/4491/1716 5502/4491/1716
f 5296/4259/1717 6762/4258/1717 5295/4258/1717
f 5246/4356/1718 6991/4354/1718 5245/4354/1718
f 5510/3217/1719 6789/3216/1719 5509/3216/1719
f 5314/4328/1720 6377/4325/1720 5313/4325/1720
f 5518/4509/1472 7391/4508/1472 5517/4508/1472
f 5265/4270/1721 7638/4276/1721 5264/4276/1721
f 5332/4366/3 7204/4367/3 5331/4367/3
f 5331/4367/6 7207/4368/6 5340/4368/6
f 5495/4507/1722 7392/4510/1722 5494/4510/1722
f 5340/4368/4 6992/4370/4 5339/4370/4
f 5322/4341/1723 6384/4342/1723 5321/4342/1723
f 5404/4371/1724 6994/4372/1724 5403/4372/1724
f 5244/4345/1725 6382/4335/1725 5243/4335/1725
f 5526/4523/1478 6434/4521/1478 5525/4521/1478
f 5251/4355/1726 6386/4357/1726 5250/4357/1726
f 5396/4382/1411 6996/4383/1411 5395/4383/1411
f 5487/4527/1479 7010/4530/1479 5486/4530/1479
f 5280/4283/1727 7637/4277/1727 5279/4277/1727
f 5338/4364/6 6389/4369/6 5337/4369/6
f 5479/4538/1728 6443/4541/1728 5478/4541/1728
f 5288/4281/1729 6366/4285/1729 5287/4285/1729
f 5304/4288/1730 7526/4284/1730 5303/4284/1730
f 5402/4373/1323 6392/4375/1323 5401/4375/1323
f 5388/4393/1413 6997/4392/1413 5387/4392/1413
f 5328/4308/1731 7639/4316/1731 5327/4316/1731
f 5407/4381/850 6393/4378/850 5406/4378/850
f 5409/4399/1414 6995/4384/1414 5408/4384/1414
f 5455/4553/639 7394/4551/639 5454/4551/639
f 5471/4555/1732 6448/4557/1732 5470/4557/1732
f 5257/4313/1733 7641/4317/1733 5256/4317/1733
f 5386/4391/1325 6396/4390/1325 5385/4390/1325
f 5380/4404/1416 6999/4405/1416 5379/4405/1416
f 5463/4565/1485 6456/4566/1485 5462/4566/1485
f 5394/4387/6 6398/4398/6 5393/4398/6
f 5532/4571/5 7552/4572/5 5531/4572/5
f 5312/4319/1734 6375/4315/1734 5311/4315/1734
f 5372/4417/1417 7000/4418/1417 5371/4418/1417
f 5378/4407/1329 6401/4409/1329 5377/4409/1329
f 5531/4572/3 7554/4574/3 5596/4574/3
f 5415/4421/1332 6404/4419/1332 5414/4419/1332
f 5417/4431/1418 6408/4424/1418 5416/4424/1418
f 5595/4575/1439 7395/4576/1439 5594/4576/1439
f 5370/4420/1334 6407/4422/1334 5369/4422/1334
f 5364/4436/1420 7001/4438/1420 5363/4438/1420
f 5601/4588/1735 7397/4587/1735 5600/4587/1735
f 5242/4327/1736 7640/4318/1736 5241/4318/1736
f 5320/4352/1737 6988/4350/1737 5319/4350/1737
f 5347/4446/1738 6410/4429/1738 5437/4429/1738
f 5587/4586/1739 7398/4590/1739 5586/4590/1739
f 5336/4361/5 7642/4362/5 5335/4362/5
f 5362/4440/1337 6414/4441/1337 5361/4441/1337
f 5348/4445/1740 7215/4446/1740 5347/4446/1740
f 5405/4374/1349 6993/4371/1349 5404/4371/1349
f 5355/4460/1741 6410/2943/1741 5437/2943/1741
f 5346/4444/1339 6411/4433/1339 5345/4433/1339
f 5356/4459/1425 7217/4460/1425 5355/4460/1425
f 5400/4376/1353 7643/4377/1353 5399/4377/1353
f 5609/3240/1440 7234/3241/1440 5608/3241/1440
f 5354/4456/1341 6417/4457/1341 5353/4457/1341
f 5434/4468/1742 7002/4466/1742 5424/4466/1742
f 5578/4613/1743 7559/4612/1743 5616/4612/1743
f 5383/4388/1744 6995/4384/1744 5408/4384/1744
f 5424/4466/1582 7220/4470/1582 5433/4470/1582
f 5579/4611/1745 7400/4613/1745 5578/4613/1745
f 5423/4461/1343 6415/4452/1343 5422/4452/1343
f 5425/4469/1429 7002/4466/1429 5424/4466/1429
f 5617/4614/1746 7400/4613/1746 5578/4613/1746
f 5384/4389/1357 7686/4388/1357 5383/4388/1357
f 5437/4429/1346 6419/4462/1346 5436/4462/1346
f 5571/4623/1747 6481/4624/1747 5570/4624/1747
f 5430/4476/1350 6785/4477/1350 5429/4477/1350
f 5439/4481/3 7222/4482/3 5438/4482/3
f 5392/4397/1359 7644/4396/1359 5391/4396/1359
f 5438/4482/6 7225/4483/6 5441/4483/6
f 5498/4496/1748 6787/4495/1748 5508/4495/1748
f 5539/3300/1749 7402/3298/1749 5538/3298/1749
f 5376/4410/1360 7645/4412/1360 5375/4412/1360
f 5499/4494/1750 6427/4496/1750 5498/4496/1750
f 5501/4492/1751 7004/4493/1751 5500/4493/1751
f 5563/4640/1455 7403/4642/1455 5562/4642/1455
f 5413/4416/1752 7536/4414/1752 5412/4414/1752
f 5509/3216/1095 6427/3215/1095 5498/3215/1095
f 5516/4506/1753 7005/4505/1753 5515/4505/1753
f 5344/4428/4 7539/4425/4 5343/4425/4
f 5514/4504/1754 6430/4502/1754 5513/4502/1754
f 5493/4513/1755 7007/4515/1755 5492/4515/1755
f 5547/4646/1457 7404/4644/1457 5546/4644/1457
f 5368/4423/1364 7646/4430/1364 5367/4430/1364
f 5522/4516/1756 6432/4514/1756 5521/4514/1756
f 5555/4651/1757 7405/4652/1757 5554/4652/1757
f 5421/4442/1365 6780/4439/1365 5420/4439/1365
f 5491/4518/1475 6435/4520/1475 5490/4520/1475
f 5524/3254/1442 7006/3251/1442 5523/3251/1442
f 5631/4663/4 7241/4661/4 5630/4661/4
f 5359/4447/1758 6413/4442/1758 5421/4442/1758
f 5530/4497/3 7008/4529/3 5529/4529/3
f 5360/4443/1367 7687/4447/1367 5359/4447/1367
f 5483/4533/1481 6440/4534/1481 5482/4534/1481
f 5485/4531/1444 7012/4532/1444 5484/4532/1444
f 5437/2943/1759 7648/4450/1759 5351/4450/1759
f 5445/4528/6 6441/4539/6 5444/4539/6
f 5435/4467/1370 7219/4468/1370 5434/4468/1370
f 5447/3289/1760 7014/3288/1760 5446/3288/1760
f 5443/4484/5 7688/4485/5 5442/4485/5
f 5477/4544/1761 7015/4546/1761 5476/4546/1761
f 5623/4670/4 7406/4659/4 5622/4659/4
f 5451/4545/1762 6444/4543/1762 5450/4543/1762
f 5639/4676/3 7244/4678/3 5638/4678/3
f 5442/4485/3 6423/4487/3 5506/4487/3
f 5475/4548/1763 6446/4550/1763 5474/4550/1763
f 5467/4561/1764 6452/4562/1764 5466/4562/1764
f 5453/4549/1453 7016/4547/1453 5452/4547/1453
f 5505/4488/1439 7649/4489/1439 5504/4489/1439
f 5459/4569/1765 6460/4570/1765 5458/4570/1765
f 5469/4559/1459 6450/4560/1459 5468/4560/1459
f 5647/4689/4 7246/4688/4 5646/4688/4
f 5512/4501/1735 6428/4500/1735 5511/4500/1735
f 5461/4567/1766 6458/4568/1766 5460/4568/1766
f 5655/4692/5 7409/4693/5 5654/4693/5
f 5591/4579/1751 6463/4580/1751 5590/4580/1751
f 5497/4499/1739 7650/4503/1739 5496/4503/1739
f 5605/4593/1753 6467/4594/1753 5604/4594/1753
f 5593/4577/1716 7017/4578/1716 5592/4578/1716
f 5711/4714/1767 7411/4717/1767 5710/4717/1767
f 5607/4598/1472 7018/4597/1472 5606/4597/1472
f 5583/4602/1768 6470/4604/1768 5582/4604/1768
f 5671/4726/1080 7412/4723/1080 5670/4723/1080
f 5582/4604/1769 6802/4605/1769 5611/4605/1769
f 5585/4596/1722 7020/4599/1722 5584/4599/1722
f 5719/4733/1084 6513/4725/1084 5718/4725/1084
f 5520/4512/1440 7549/4511/1440 5519/4511/1440
f 5612/4606/1770 6470/4604/1770 5582/4604/1770
f 5488/4525/1743 6437/4524/1743 5527/4524/1743
f 5613/3254/1442 6469/3251/1442 5612/3251/1442
f 5703/4737/1085 7413/4738/1085 5702/4738/1085
f 5489/4522/1745 7652/4525/1745 5488/4525/1745
f 5619/4584/3 6473/4617/3 5618/4617/3
f 5615/3264/1478 7021/3258/1478 5614/3258/1478
f 5528/4526/1746 7652/4525/1746 5488/4525/1746
f 5575/4619/1771 6477/4620/1771 5574/4620/1771
f 5577/4615/1479 6475/4618/1479 5576/4618/1479
f 5679/3407/1089 7414/3404/1089 5678/3404/1089
f 5481/4535/1446 7013/4536/1446 5480/4536/1446
f 5535/3288/1772 6481/3287/1772 5570/3287/1772
f 5569/3294/1773 7023/3299/1773 5568/3299/1773
f 5448/4540/1774 7393/4538/1774 5479/4538/1774
f 5536/3289/1448 6803/3288/1448 5535/3288/1448
f 5695/4031/1094 7415/4757/1094 5694/4757/1094
f 5567/3307/1761 6484/3311/1761 5566/3311/1761
f 5735/4748/1096 6524/4759/1096 5734/4759/1096
f 5449/4542/1749 7689/4540/1749 5448/4540/1749
f 5545/4641/639 7025/4639/639 5544/4639/639
f 5473/4552/1455 7653/4554/1455 5472/4554/1455
f 5561/4643/1732 7026/4645/1732 5560/4645/1732
f 5687/4763/1101 7416/4761/1101 5686/4761/1101
f 5543/4637/1775 6485/4634/1775 5542/4634/1775
f 5553/4653/1485 7027/4654/1485 5552/4654/1485
f 5559/4647/1459 6488/4648/1459 5558/4648/1459
f 5457/4558/1457 7654/4556/1457 5456/4556/1457
f 5551/4655/1766 6490/4656/1766 5550/4656/1766
f 5621/4660/3 7240/4662/3 5620/4662/3
f 5727/3456/1776 7417/3457/1776 5726/3457/1776
f 5465/4563/1757 6454/4564/1757 5464/4564/1757
f 5620/4662/6 7243/4663/6 5631/4663/6
f 5743/4775/5 7420/4776/5 5742/4776/5
f 5629/4664/3 6809/4666/3 5628/4666/3
f 5588/4583/1748 6464/4582/1748 5598/4582/1748
f 5627/4667/4 6492/4665/4 5626/4665/4
f 5807/4372/1216 7422/4373/1216 5806/4373/1216
f 5589/4581/1750 7655/4583/1750 5588/4583/1750
f 5599/4585/1777 7655/4583/1777 5588/4583/1777
f 5637/4679/4 6812/4677/4 5636/4677/4
f 5815/4782/1220 6536/4783/1220 5814/4783/1220
f 5603/4591/1778 7557/4589/1778 5602/4589/1778
f 5611/4605/1756 6800/4603/1756 5610/4603/1756
f 5635/4680/4 6494/4671/4 5634/4671/4
f 5799/4784/1226 6538/4785/1226 5798/4785/1226
f 5581/4607/1475 7656/4609/1475 5580/4609/1475
f 5643/4682/3 6814/4683/3 5642/4683/3
f 5645/4690/4 6815/4681/4 5644/4681/4
f 5791/4790/1230 7423/4789/1230 5790/4789/1230
f 5661/4700/6 7029/4701/6 5660/4701/6
f 5573/4621/1481 6479/4622/1481 5572/4622/1481
f 5642/4683/1014 6496/4685/1014 5649/4685/1014
f 5717/4715/1065 6504/4702/1065 5716/4702/1065
f 5783/4805/1233 7424/4806/1233 5782/4806/1233
f 5534/4616/6 7657/4625/6 5533/4625/6
f 5650/4684/1017 6817/4686/1017 5652/4686/1017
f 5651/4687/1020 6497/4684/1020 5650/4684/1020
f 5669/3996/1177 7030/4718/1177 5668/4718/1177
f 5659/4696/5 6501/4697/5 5658/4697/5
f 5775/4817/1237 7425/4819/1237 5774/4819/1237
f 5541/4632/1762 7658/4629/1762 5540/4629/1762
f 5709/4720/1180 7031/4724/1180 5708/4724/1180
f 5565/4636/1763 7024/4638/1763 5564/4638/1763
f 5715/4703/3 6505/4704/3 5714/4704/3
f 5823/4823/1240 7262/4820/1240 5822/4820/1240
f 5557/4649/1764 7659/4650/1764 5556/4650/1764
f 5549/4657/1765 7660/4658/1765 5548/4658/1765
f 5667/4712/1064 6508/4710/1064 5666/4710/1064
f 5767/4840/1244 7426/4841/1244 5766/4841/1244
f 5625/4668/3 7564/4669/3 5624/4669/3
f 5739/4713/1067 6510/4722/1067 5738/4722/1067
f 5677/4742/1186 7032/4739/1186 5676/4739/1186
f 5751/4847/1779 7427/4846/1779 5750/4846/1779
f 5633/4672/3 7690/4674/3 5632/4674/3
f 5707/4727/1602 6514/4729/1602 5706/4729/1602
f 5701/3401/1780 7033/4016/1780 5700/4016/1780
f 5641/4675/4 6495/4673/4 5640/4673/4
f 5759/4460/1781 7428/4862/1781 5758/4862/1781
f 5632/4674/6 7691/4675/6 5641/4675/6
f 5675/4736/1782 6515/4732/1782 5674/4732/1782
f 5649/4685/4 7661/4691/4 5648/4691/4
f 5665/4706/5 7663/4707/5 5664/4707/5
f 5699/4746/1783 6521/4749/1783 5698/4749/1783
f 5685/3430/1784 7034/3422/1784 5684/3422/1784
f 5831/4869/1258 7429/4866/1258 5830/4866/1258
f 5713/4705/1082 7664/4711/1082 5712/4711/1082
f 5683/3423/1079 6522/4755/1079 5682/4755/1079
f 5693/4760/1200 7035/3436/1200 5692/3436/1200
f 5838/4882/376 6567/4883/376 5837/4883/376
f 5733/4767/1202 7036/4769/1202 5732/4769/1202
f 4154/4885/2 5955/4885/2 6582/4885/2
f 5691/3437/1083 6526/3440/1083 5690/3440/1083
f 4158/4993/2 7583/4886/2 6847/4993/2
f 5673/4731/1086 7665/4728/1086 5672/4728/1086
f 5848/4885/4 5955/4885/4 5849/4885/4
f 5846/4888/4 7583/4886/4 5847/4886/4
f 5725/4772/1208 7037/4770/1208 5724/4770/1208
f 5705/4734/1090 7666/4735/1090 5704/4735/1090
f 5723/4768/1087 6527/4766/1087 5722/4766/1087
f 4113/2875/3 5956/2876/3 4112/2876/3
f 4120/2879/3 7430/2880/3 4119/2880/3
f 5737/4730/1092 7251/4740/1092 5736/4740/1092
f 5731/4771/1088 6529/4773/1088 5730/4773/1088
f 5805/4375/1213 7039/4376/1213 5804/4376/1213
f 4112/2876/6 5959/2877/6 4115/2877/6
f 4128/2885/1433 7431/2886/1433 4127/2886/1433
f 5811/4371/1785 6532/4779/1785 5810/4779/1785
f 5813/4378/1215 7038/4374/1215 5812/4374/1215
f 4121/2878/1786 5960/2879/1786 4120/2879/1786
f 5681/4751/1787 7667/4750/1787 5680/4750/1787
f 5803/4377/1304 6535/4379/1304 5802/4379/1304
f 5789/4788/1219 7040/4787/1219 5788/4787/1219
f 4117/2882/3 5962/2883/3 4116/2883/3
f 4132/2898/1788 6842/2895/1788 4131/2895/1788
f 5697/3415/1789 7668/4027/1789 5696/4027/1789
f 4116/2883/1790 5965/2884/1790 4122/2884/1790
f 5721/4753/1791 6520/4743/1791 5720/4743/1791
f 5795/4794/1306 6539/4793/1306 5794/4793/1306
f 5797/4798/1224 7041/4797/1224 5796/4797/1224
f 4125/2889/1407 5966/2890/1407 4124/2890/1407
f 4136/2890/3 7585/2891/3 4135/2891/3
f 4145/2907/4 5968/2909/4 4144/2909/4
f 4135/2903/1432 6579/2904/1432 4146/2904/1432
f 5734/4759/1792 7669/4764/1792 5688/4764/1792
f 5787/4804/1793 6543/4802/1793 5786/4802/1793
f 5781/4808/1228 7042/4809/1228 5780/4809/1228
f 4149/2916/1794 5970/2917/1794 4148/2917/1794
f 5729/2935/1112 7670/3458/1112 5728/3458/1112
f 4161/2921/4 5972/2925/4 4160/2925/4
f 5779/4811/1309 6548/4812/1309 5778/4812/1309
f 5821/4818/1232 6549/4815/1232 5820/4815/1232
f 4169/2929/6 5974/2938/6 4168/2938/6
f 4144/2909/1788 6845/2906/1788 4143/2906/1788
f 5809/4780/1795 7671/4781/1795 5808/4781/1795
f 5819/4813/1311 6545/4810/1311 5818/4810/1311
f 4173/2933/1796 5976/2940/1796 4172/2940/1796
f 5773/4821/900 7044/4822/900 5772/4822/900
f 4164/2916/1794 7436/2917/1794 4163/2917/1794
f 5801/4380/1191 7672/4382/1191 5800/4382/1191
f 5747/4824/5 6552/4825/5 5746/4825/5
f 4168/2938/4 6848/2926/4 4167/2926/4
f 4181/2948/483 5978/2946/483 4180/2946/483
f 4176/2937/4 7269/2941/4 4175/2941/4
f 5793/4792/1194 7673/4791/1194 5792/4791/1194
f 5771/4829/1070 6557/4831/1070 5770/4831/1070
f 5749/4832/5 6553/4827/5 5748/4827/5
f 4221/2949/475 5982/2951/475 4220/2951/475
f 4172/2940/4 6589/2939/4 4171/2939/4
f 5785/4403/1199 7674/4404/1199 5784/4404/1199
f 5827/4838/1315 6558/4836/1315 5826/4836/1315
f 5765/4844/1243 7045/4845/1243 5764/4845/1243
f 5817/4807/1201 6541/4799/1201 5816/4799/1201
f 5754/4852/1316 6554/4828/1316 5845/4828/1316
f 5829/4856/1246 6838/4843/1246 5828/4843/1246
f 4185/2956/465 5984/2954/465 4184/2954/465
f 4224/2943/1797 5979/2945/1797 4223/2945/1797
f 5755/4851/1317 6836/4852/1317 5754/4852/1317
f 4180/2946/1798 7270/2944/1798 4179/2944/1798
f 5777/4814/1204 7675/4816/1204 5776/4816/1204
f 5757/4858/431 7046/4859/431 5756/4859/431
f 5825/4833/1206 6833/4830/1206 5824/4830/1206
f 5763/4854/1799 6562/4855/1799 5762/4855/1799
f 5844/4867/1800 7047/4868/1800 5843/4868/1800
f 5836/4477/1801 6569/4479/1801 5835/4479/1801
f 4189/2965/450 5988/2962/450 4188/2962/450
f 4220/2951/470 5985/2953/470 4219/2953/470
f 5769/4834/1210 7676/4835/1210 5768/4835/1210
f 5842/4872/1802 6564/4873/1802 5841/4873/1802
f 4115/2877/4 5957/2874/4 4114/2874/4
f 4184/2954/1434 7053/2952/1434 4183/2952/1434
f 5835/4479/1321 6570/4478/1321 5834/4478/1321
f 4131/2895/1803 6843/2897/1803 4130/2897/1803
f 4114/2874/5 5958/2875/5 4113/2875/5
f 4143/2906/1803 6846/2908/1803 4142/2908/1803
f 4193/2972/439 5993/2970/439 4192/2970/439
f 5753/4850/1214 7677/4848/1214 5752/4848/1214
f 4118/2881/1804 5964/2882/1804 4117/2882/1804
f 4209/2973/429 5997/2975/429 4208/2975/429
f 4216/2959/1435 5989/2961/1435 4215/2961/1435
f 4122/2884/4 5961/2878/4 4121/2878/4
f 4171/2939/1441 6587/2930/1441 4170/2930/1441
f 4188/2962/453 7272/2960/453 4187/2960/453
f 5761/4865/1805 7678/4459/1805 5760/4459/1805
f 4175/2941/5 6850/2936/5 4174/2936/5
f 4126/2887/1806 5967/2888/1806 4125/2888/1806
f 4197/2980/414 5999/2981/414 4196/2981/414
f 4179/2944/494 7051/2942/494 4178/2942/494
f 4205/2984/1807 6003/2986/1807 4204/2986/1807
f 4212/2967/445 5994/2969/445 4211/2969/445
f 4192/2970/444 7274/2968/444 4191/2968/444
f 5840/4878/1808 7680/4879/1808 5839/4879/1808
f 4130/2897/4 6573/2894/4 4129/2894/4
f 4187/2960/457 6591/2958/457 4186/2958/457
f 4201/2991/1415 6005/2989/1415 4200/2989/1415
f 5833/4881/1227 7679/4874/1227 5832/4874/1227
f 4215/2961/451 5990/2963/451 4214/2963/451
f 4196/2978/635 7275/2976/635 4195/2976/635
f 5848/4885/2 7048/4885/2 5954/4885/2
f 4138/2901/1806 6577/2902/1806 4137/2902/1806
f 4248/2997/1809 6009/2998/1809 4247/2998/1809
f 5846/4888/2 7434/4887/2 7584/4888/2
f 5886/4890/11 7693/4891/11 5887/4891/11
f 4191/2968/446 6852/2966/446 4190/2966/446
f 4244/3001/1810 6012/3002/1810 4243/3002/1810
f 4204/2986/396 6006/2988/396 4203/2988/396
f 5898/4905/5 7694/4904/5 5897/4904/5
f 4200/2989/1443 7276/2987/1443 4199/2987/1443
f 5909/4920/11 7692/4890/11 5886/4890/11
f 4146/2904/1372 5969/2907/1372 4145/2907/1372
f 4252/3004/1811 6014/3003/1811 4251/3003/1811
f 5946/4974/6 7697/4978/6 5945/4978/6
f 4142/2908/4 6580/2905/4 4141/2905/4
f 4195/2976/1812 6853/2974/1812 4194/2974/1812
f 4247/2998/1813 7277/2999/1813 4246/2999/1813
f 5948/4981/6 7700/4979/6 5949/4979/6
f 4154/2913/6 6583/2922/6 4153/2922/6
f 4256/3016/1814 6016/3012/1814 4255/3012/1814
f 4251/3003/4 6010/2995/4 4250/2995/4
f 5950/4984/6 7702/4982/6 5951/4982/6
f 4158/2919/1796 6585/2924/1796 4157/2924/1796
f 4260/3025/1815 6018/3024/1815 4259/3024/1815
f 5952/4987/6 7704/4985/6 5953/4985/6
f 4199/2987/399 6854/2985/399 4198/2985/399
f 4264/3032/1816 6020/3031/1816 4263/3031/1816
f 4243/3002/1817 7437/3005/1817 4242/3005/1817
f 4166/2927/3 6588/2928/3 4165/2928/3
f 4203/2988/1818 6007/2990/1818 4202/2990/1818
f 4227/3057/1463 6022/3058/1463 4226/3058/1463
f 4250/2994/6 6606/3006/6 4276/3006/6
f 5860/4921/4 7706/4927/4 5862/4927/4
f 4165/2928/1361 5975/2929/1361 4169/2929/1361
f 4324/2943/1797 6024/2945/1797 4323/2945/1797
f 5921/4940/3 7707/4938/3 5920/4938/3
f 4170/2930/1363 6588/2928/1363 4165/2928/1363
f 4320/2951/470 6026/2953/470 4319/2953/470
f 5922/4941/4 7710/4942/4 5923/4942/4
f 4174/2935/4 5977/2934/4 4173/2934/4
f 4246/2999/1819 6857/3000/1819 4245/3000/1819
f 4255/3012/1820 7278/3013/1820 4254/3013/1820
f 4254/3010/1821 7054/3011/1821 4253/3011/1821
f 5924/4949/4 7714/4947/4 5928/4947/4
f 4258/3021/1822 6858/3018/1822 4257/3018/1822
f 4288/2962/453 6028/2960/453 4287/2960/453
f 4259/3024/1461 6593/3021/1461 4258/3021/1461
f 5870/4946/4 7715/4956/4 5872/4956/4
f 4222/2947/1391 5983/2949/1391 4221/2949/1391
f 4262/3029/1823 6859/3027/1823 4261/3027/1823
f 4312/2967/445 6032/2969/445 4311/2969/445
f 4263/3031/1824 7056/3029/1824 4262/3029/1824
f 5932/4952/4 7716/4959/4 5931/4959/4
f 4182/2950/677 5981/2948/677 4181/2948/677
f 4229/3051/1825 6861/3056/1825 4228/3056/1825
f 5931/4959/4 7718/4958/4 5935/4958/4
f 4218/2955/463 6590/2957/463 4217/2957/463
f 4235/3033/1826 7440/3035/1826 4234/3035/1826
f 4296/2978/635 6034/2976/635 4295/2976/635
f 5885/4986/5 7719/4983/5 5884/4983/5
f 4190/2966/447 5992/2965/447 4189/2965/447
f 4318/2955/463 7063/2957/463 4317/2957/463
f 4304/3063/396 6038/3064/396 4303/3064/396
f 4267/3037/1827 7439/3036/1827 4266/3036/1827
f 5893/4900/5 7722/4898/5 5894/4898/5
f 4286/2958/461 6863/2956/461 4285/2956/461
f 5896/4901/5 7721/4900/5 5893/4900/5
f 4271/3044/97 6601/3045/97 4270/3045/97
f 4194/2974/434 5996/2972/434 4193/2972/434
f 4290/2966/447 6866/2965/447 4289/2965/447
f 5899/4906/5 7695/4905/5 5898/4905/5
f 4328/3074/4 6040/3065/4 4327/3065/4
f 4230/3048/1828 6860/3051/1828 4229/3051/1828
f 5856/4907/6 7726/4910/6 5857/4910/6
f 4332/3069/4 6045/3075/4 4331/3075/4
f 4229/3054/1829 7442/3052/1829 4274/3052/1829
f 5906/4917/4 7728/4925/4 5908/4925/4
f 4198/2985/406 6002/2983/406 4197/2983/406
f 4298/2985/406 6868/2983/406 4297/2983/406
f 4275/3055/1830 6860/3051/1830 4229/3051/1830
f 5907/4988/13 7727/4917/13 5906/4917/13
f 4202/2990/1402 6008/2991/1402 4201/2991/1402
f 4225/2992/5 6856/2993/5 4249/2993/5
f 4326/3066/3 7282/3067/3 4325/3067/3
f 4347/3088/5 6051/3089/5 4373/3089/5
f 5861/4918/3 7730/4919/3 5850/4919/3
f 4283/2952/473 7445/2950/473 4282/2950/473
f 5913/4926/3 7732/4922/3 5910/4922/3
f 4325/3067/1014 6046/3069/1014 4332/3069/1014
f 4249/2996/3 6011/2997/3 4248/2997/3
f 4372/3091/1809 6053/3092/1809 4371/3092/1809
f 5912/4931/4 7737/4929/4 5915/4929/4
f 4287/2960/457 7279/2958/457 4286/2958/457
f 5917/4932/3 7735/4928/3 5914/4928/3
f 4245/3000/1831 6013/3001/1831 4244/3001/1831
f 4330/3073/4 6043/3072/4 4329/3072/4
f 4368/3095/1810 6055/3096/1810 4367/3096/1810
f 4315/2961/451 6864/2963/451 4314/2963/451
f 5864/4933/4 7739/4939/4 5866/4939/4
f 4346/3082/3 6049/3083/3 4345/3083/3
f 4257/3018/1832 6017/3016/1832 4256/3016/1832
f 4376/3098/1811 6057/3097/1811 4375/3097/1811
f 5868/4945/4 7711/4946/4 5870/4946/4
f 4261/3027/1833 6019/3025/1833 4260/3025/1833
f 4291/2968/446 7280/2966/446 4290/2966/446
f 5937/4964/12 7741/4960/12 5936/4960/12
f 4265/3034/1834 6021/3032/1834 4264/3032/1834
f 4342/3087/976 7075/3085/976 4341/3085/976
f 5881/4975/5 7743/4972/5 5880/4972/5
f 4364/3105/1419 6060/3108/1419 4363/3108/1419
f 4295/3059/1812 7446/3060/1812 4294/3060/1812
f 4370/3093/1819 6869/3094/1819 4369/3094/1819
f 5883/4980/5 7746/4977/5 5882/4977/5
f 4378/3010/880 6870/3011/880 4377/3011/880
f 4384/3111/1815 6063/3112/1815 4383/3112/1815
f 5953/4985/12 7748/4963/12 5938/4963/12
f 4228/3056/1835 6023/3057/1835 4227/3057/1835
f 4299/2987/1836 7281/2985/1836 4298/2985/1836
f 5850/4919/12 7749/4893/12 5851/4893/12
f 4226/3058/1837 6855/2992/1837 4225/2992/1837
f 4366/3099/1373 6872/3102/1373 4365/3102/1373
f 4388/3124/1838 6065/3125/1838 4387/3125/1838
f 4303/2988/1818 7068/2990/1818 4302/2990/1818
f 5889/4892/13 7751/4989/13 5890/4989/13
f 4327/3065/974 7283/3066/974 4326/3066/974
f 4360/3122/1421 6067/3128/1421 4359/3128/1421
f 5852/4896/6 7754/4899/6 5853/4899/6
f 4285/2956/1839 6610/2954/1839 4284/2954/1839
f 4382/3106/1822 6871/3019/1822 4381/3019/1822
f 4355/3143/1840 6071/3141/1840 4394/3141/1840
f 4331/3075/976 7284/3073/976 4330/3073/976
f 5854/4902/6 7756/4903/6 5855/4903/6
f 4362/3113/1377 6875/3118/1377 4361/3118/1377
f 4356/3140/1427 6070/3143/1427 4355/3143/1427
f 4386/3119/1823 6873/3114/1823 4385/3114/1823
f 4395/3144/1841 6070/3143/1841 4355/3143/1841
f 5858/4913/6 7759/4889/6 5859/4889/6
f 4289/2965/450 6031/2962/450 4288/2962/450
f 4313/2964/448 6033/2967/448 4312/2967/448
f 4390/3133/1380 6069/3131/1380 4389/3131/1380
f 4339/3086/4 7072/3078/4 4338/3078/4
f 5904/4916/9 7761/4914/9 5905/4914/9
f 4357/3138/1842 7291/3137/1842 4391/3137/1842
f 4358/3132/1382 6877/3138/1382 4357/3138/1382
f 4371/3092/1813 7286/3093/1813 4370/3093/1813
f 5877/4967/11 7763/4915/11 5875/4915/11
f 4297/2983/414 6037/2978/414 4296/2978/414
f 4392/3139/1843 6877/3138/1843 4357/3138/1843
f 4352/3153/1835 6077/3154/1835 4351/3154/1835
f 4375/3097/4 6052/3090/4 4374/3090/4
f 4329/3072/1025 6044/3074/1025 4328/3074/1025
f 4394/3141/1383 6878/3142/1383 4393/3142/1383
f 4350/3155/1837 6050/3088/1837 4347/3088/1837
f 5862/4927/4 7734/4933/4 5864/4933/4
f 4347/3088/1844 6079/3156/1844 4349/3156/1844
f 4367/3096/1817 7288/3099/1817 4366/3099/1817
f 5916/4937/4 7765/4935/4 5919/4935/4
f 4373/3089/3 6054/3091/3 4372/3091/3
f 4354/3145/1828 6075/3149/1828 4353/3149/1828
f 4348/3157/4 6050/3088/4 4347/3088/4
f 4374/3090/6 6059/3100/6 4400/3100/6
f 5920/4938/3 7766/4934/3 5918/4934/3
f 4369/3094/1831 6056/3095/1831 4368/3095/1831
f 5871/4948/3 7767/4943/3 5869/4943/3
f 4377/3011/1390 6058/3004/1390 4376/3004/1390
f 4409/3161/1017 6083/3163/1017 4411/3163/1017
f 4381/3019/1832 6618/3103/1832 4380/3103/1832
f 4410/3164/1020 6082/3161/1020 4409/3161/1020
f 4404/3167/4 6081/3158/4 4403/3158/4
f 5873/4953/3 7768/4948/3 5871/4948/3
f 4408/3162/4 6086/3168/4 4407/3168/4
f 4363/3108/1449 7289/3113/1449 4362/3113/1449
f 5935/4958/9 7762/4916/9 5904/4916/9
f 4365/3102/1393 6062/3105/1393 4364/3105/1393
f 5878/4966/5 7760/4967/5 5877/4967/5
f 4406/3166/4 6084/3165/4 4405/3165/4
f 4503/3202/1262 6088/3203/1262 4502/3203/1262
f 4387/3123/1824 6874/3121/1824 4386/3121/1824
f 5851/4893/6 7752/4896/6 5852/4896/6
f 4385/3114/1833 6064/3115/1833 4384/3115/1833
f 4418/3175/6 7081/3176/6 4417/3176/6
f 4507/3210/4 6089/3208/4 4506/3208/4
f 4422/3177/5 6881/3178/5 4421/3178/5
f 4506/3199/6 6092/3213/6 4532/3213/6
f 4359/3128/1826 7292/3132/1826 4358/3132/1826
f 5891/4897/5 7773/4895/5 5892/4895/5
f 4361/3118/1397 6068/3122/1397 4360/3122/1397
f 4438/3187/6 7083/3190/6 4437/3190/6
f 4511/3220/1845 6093/3218/1845 4510/3218/1845
f 5894/4898/5 7772/4897/5 5891/4897/5
f 4515/3229/1270 6095/3230/1270 4514/3230/1270
f 4391/3134/1827 7290/3135/1827 4390/3135/1827
f 5895/4990/5 7723/4901/5 5896/4901/5
f 4501/3204/1231 6887/3205/1231 4500/3205/1231
f 4519/3239/1273 6097/3237/1273 4518/3237/1273
f 5901/4909/5 7775/4908/5 5900/4908/5
f 4389/3129/1834 6066/3124/1834 4388/3124/1834
f 4509/3216/1846 6888/3214/1846 4508/3214/1846
f 5887/4891/11 7777/4912/11 5903/4912/11
f 4356/3140/1847 6876/3139/1847 4392/3139/1847
f 4513/3224/1848 6889/3221/1848 4512/3221/1848
f 4491/3248/1277 6099/3253/1277 4490/3253/1277
f 4355/3143/1452 7294/3145/1452 4354/3145/1452
f 4357/3138/1401 6072/3140/1401 4356/3140/1401
f 5908/4925/4 7778/4923/4 5911/4923/4
f 4354/3147/1849 6619/3146/1849 4396/3146/1849
f 4393/3142/1850 6072/3140/1850 4356/3140/1850
f 5869/4943/3 7779/4936/3 5867/4936/3
f 4531/3276/1851 6103/3277/1851 4530/3277/1851
f 4489/3257/1280 6894/3261/1280 4488/3261/1280
f 4397/3148/1456 7294/3145/1456 4354/3145/1456
f 4483/3281/1295 6105/3282/1295 4482/3282/1295
f 4353/3149/1852 6076/3153/1852 4352/3153/1852
f 4405/3165/1025 6085/3167/1025 4404/3167/1025
f 5880/4972/5 7780/4969/5 5879/4969/5
f 4448/3297/1853 6107/3295/1853 4447/3295/1853
f 4407/3168/976 7296/3166/976 4406/3166/976
f 5949/4979/6 7701/4984/6 5950/4984/6
f 4450/3301/1854 6897/3302/1854 4449/3302/1854
f 4427/3180/4 6880/3177/4 4422/3177/4
f 4421/3178/3 6879/3179/3 4420/3179/3
f 5951/4982/6 7703/4987/6 5952/4987/6
f 4477/3303/1855 6111/3304/1855 4476/3304/1855
f 4420/3179/6 6882/3180/6 4427/3180/6
f 5903/4912/5 7758/4911/5 5902/4911/5
f 4473/3317/1294 6650/3321/1294 4472/3321/1294
f 4452/3310/1301 6110/3305/1301 4451/3305/1301
f 4502/3203/1716 7297/3204/1716 4501/3204/1716
f 4461/3338/1856 6899/3339/1856 4460/3339/1856
f 4475/3309/1302 6114/3313/1302 4474/3313/1302
f 4429/3186/3 6883/3188/3 4428/3188/3
f 5867/4936/3 7782/4930/3 5865/4930/3
f 4541/3349/6 6901/3350/6 4540/3350/6
f 4463/3335/1298 6115/3336/1298 4462/3336/1298
f 4498/3207/1750 7451/3212/1750 4497/3212/1750
f 4428/3188/6 6886/3189/6 4439/3189/6
f 5923/4942/4 7713/4949/4 5924/4949/4
f 4537/3352/6 7097/3353/6 4536/3353/6
f 4459/3340/1330 6117/3341/1330 4458/3341/1330
f 4543/3344/6 6119/3347/6 4542/3347/6
f 4500/3205/1751 6631/3206/1751 4499/3206/1751
f 5875/4915/3 7770/4953/3 5873/4953/3
f 4549/3364/1064 7100/3365/1064 4548/3365/1064
f 4539/3348/6 6121/3351/6 4538/3351/6
f 4510/3217/1857 7298/3216/1857 4509/3216/1857
f 4508/3214/1858 6091/3210/1858 4507/3210/1858
f 5947/4976/6 7699/4981/6 5948/4981/6
f 4622/3361/1326 6129/3367/1326 4621/3367/1326
f 4547/3358/5 6123/3359/5 4546/3359/5
f 4512/3221/1735 6094/3222/1735 4511/3222/1735
f 5882/4977/5 7745/4975/5 5881/4975/5
f 4514/3227/1754 6890/3224/1754 4513/3224/1754
f 4593/3368/1078 7101/3371/1078 4592/3371/1078
f 4595/3357/1082 6125/3363/1082 4594/3363/1082
f 4496/3219/1739 6634/3226/1739 4495/3226/1739
f 5884/4983/5 7747/4980/5 5883/4980/5
f 4621/3367/1859 6128/3370/1859 4550/3370/1859
f 4494/3232/1860 7452/3238/1860 4493/3238/1860
f 4553/3378/1861 6903/2890/1861 4552/2890/1861
f 5853/4899/6 7755/4902/6 5854/4902/6
f 4516/3231/1862 6096/3229/1862 4515/3229/1862
f 5855/4903/6 7724/4907/6 5856/4907/6
f 4585/3395/1085 6906/3396/1085 4584/3396/1085
f 4555/3385/1086 6130/3383/1086 4554/3383/1086
f 4522/3249/1756 6892/3245/1756 4521/3245/1756
f 5900/4908/5 7725/4906/5 5899/4906/5
f 4601/3391/1863 6134/3403/1863 4582/3403/1863
f 4530/3274/1864 6640/3269/1864 4529/3269/1864
f 5902/4911/5 7776/4909/5 5901/4909/5
f 4561/3407/1089 7104/3404/1089 4560/3404/1089
f 4492/3244/1768 6101/3248/1768 4491/3248/1768
f 5911/4923/4 7736/4931/4 5912/4931/4
f 4618/3398/1399 6137/3409/1399 4617/3409/1399
f 4447/3295/1865 7454/3296/1865 4446/3296/1865
f 5915/4929/4 7764/4937/4 5916/4937/4
f 4581/3406/1783 6907/3410/1783 4580/3410/1783
f 4617/3412/1866 6139/3411/1866 4562/3411/1866
f 5928/4947/4 7769/4954/4 5927/4954/4
f 4617/3409/1867 7106/3416/1867 4564/3416/1867
f 4603/3420/1104 6136/3402/1104 4602/3402/1104
f 5929/4951/3 7785/4950/3 5930/4950/3
f 4451/3305/1868 7301/3306/1868 4450/3306/1868
f 4488/3261/1745 6641/3267/1745 4487/3267/1745
f 5927/4954/4 7717/4952/4 5932/4952/4
f 4577/3421/1094 6908/3424/1094 4576/3424/1094
f 4575/3428/1200 6141/3432/1200 4574/3432/1200
f 4470/3324/1732 7092/3326/1732 4469/3326/1732
f 4528/3268/1869 6638/3266/1869 4527/3266/1869
f 5934/4955/3 7784/4951/3 5929/4951/3
f 4616/3431/1792 6143/3438/1792 4570/3438/1792
f 4538/3351/3 7096/3352/3 4537/3352/3
f 5938/4963/12 7742/4964/12 5937/4964/12
f 4569/3433/1101 7107/3434/1101 4568/3434/1101
f 5940/4965/6 7787/4970/6 5939/4970/6
f 4610/3458/1409 6145/3456/1409 4609/3456/1409
f 4546/3359/3 7587/3360/3 4545/3360/3
f 4532/3213/3 6104/3276/3 4531/3276/3
f 5939/4970/6 7789/4968/6 5942/4968/6
f 4573/3437/1083 6910/3440/1083 4572/3440/1083
f 4545/3360/6 7099/3361/6 4622/3361/6
f 5944/4971/6 7744/4992/6 5943/4992/6
f 5943/4992/6 7698/4974/6 5946/4974/6
f 4554/3381/1394 7306/3378/1394 4553/3378/1394
f 4449/3300/1870 6109/3298/1870 4448/3298/1870
f 4606/3447/1342 7109/3445/1342 4605/3445/1342
f 4626/3468/4 6148/3459/4 4625/3459/4
f 4602/3402/1398 6135/3391/1398 4601/3391/1398
f 4464/3332/1757 6116/3333/1757 4463/3333/1757
f 5859/4889/9 7705/4921/9 5860/4921/9
f 4614/3446/1345 7110/3448/1345 4613/3448/1345
f 4460/3339/1766 6118/3340/1766 4459/3340/1766
f 5888/4894/5 7750/4892/5 5889/4892/5
f 4630/3464/3 6913/3466/3 4629/3466/3
f 4634/3470/3 6153/3471/3 4633/3471/3
f 4582/3403/1335 7309/3406/1335 4581/3406/1335
f 5892/4895/5 7753/4894/5 5888/4894/5
f 4633/3471/1014 6157/3473/1014 4640/3473/1014
f 4540/3350/4 6122/3348/4 4539/3348/4
f 5857/4910/6 7757/4913/6 5858/4913/6
f 4638/3477/4 6915/3476/4 4637/3476/4
f 4641/3472/1017 6158/3474/1017 4643/3474/1017
f 4562/3411/1871 7308/3407/1871 4561/3407/1871
f 4551/3373/1872 6129/3367/1872 4621/3367/1872
f 4646/3480/5 7113/3481/5 4645/3481/5
f 4642/3475/1020 6156/3472/1020 4641/3472/1020
f 5910/4922/3 7696/4920/3 5909/4920/3
f 4654/3490/6 7116/3491/6 4653/3491/6
f 4658/3492/5 6160/3493/5 4657/3493/5
f 4578/3419/1406 7310/3421/1406 4577/3421/1406
f 4552/3375/1310 6902/3373/1310 4551/3373/1310
f 5863/4924/3 7731/4918/3 5861/4918/3
f 4662/3498/6 6675/3501/6 4661/3501/6
f 4620/3374/1348 6132/3384/1348 4619/3384/1348
f 4666/3494/6 6163/3497/6 4665/3497/6
f 5914/4928/3 7733/4926/3 5913/4926/3
f 4574/3436/1340 7312/3437/1340 4573/3437/1340
f 4556/2916/1873 6133/3389/1873 4555/3389/1873
f 5865/4930/3 7791/4924/3 5863/4924/3
f 4693/3509/962 7120/3510/962 4692/3510/962
f 4689/3513/960 6164/3514/960 4688/3514/960
f 4570/3438/1408 7311/3439/1408 4569/3439/1408
f 4583/3401/1874 6135/3399/1874 4601/3399/1874
f 5918/4934/3 7738/4932/3 5917/4932/3
f 4697/3515/4 6165/3506/4 4696/3506/4
f 4616/3426/579 7108/3444/579 4615/3444/579
f 4584/3400/1313 6905/3401/1313 4583/3401/1313
f 4701/3523/964 7121/3520/964 4700/3520/964
f 5866/4939/4 7740/4945/4 5868/4945/4
f 4696/3506/6 6168/3517/6 4722/3517/6
f 4580/3414/1358 6666/3415/1358 4579/3415/1358
f 5925/4991/3 7792/4944/3 5926/4944/3
f 4685/3528/966 7123/3532/966 4684/3532/966
f 4705/3530/965 6169/3529/965 4704/3529/965
f 4608/3453/1322 7460/3449/1322 4607/3449/1322
f 696/6/1 699/4994/1 4/4/1
f 4/4/1 2/4995/1 23/5/1
f 709/8/1 705/4996/1 702/3/1
f 702/3/1 26/2/1 28/7/1
f 704/9/1 707/20/1 6/10/1
f 4/4/1 699/4994/1 704/9/1
f 2249/4997/1 2251/17/1 29/23/1
f 713/4998/1 709/8/1 28/7/1
f 28/7/1 2253/18/1 2252/4999/1
f 713/4998/1 28/7/1 2252/4999/1
f 2249/4997/1 29/23/1 717/14/1
f 2245/5000/1 2248/5001/1 2249/4997/1
f 2250/16/1 2245/5000/1 2249/4997/1
f 717/14/1 713/4998/1 2252/4999/1
f 717/14/1 2252/4999/1 2247/15/1
f 2250/16/1 2249/4997/1 717/14/1
f 28/7/1 29/23/1 2251/17/1
f 711/21/1 716/26/1 8/19/1
f 8/19/1 6/10/1 707/20/1
f 722/22/1 717/14/1 29/23/1
f 29/23/1 32/29/1 726/24/1
f 719/27/1 723/32/1 10/25/1
f 10/25/1 8/19/1 716/26/1
f 730/28/1 726/24/1 32/29/1
f 32/29/1 33/35/1 731/30/1
f 727/33/1 733/38/1 12/31/1
f 12/31/1 10/25/1 723/32/1
f 737/34/1 731/30/1 33/35/1
f 33/35/1 36/41/1 743/36/1
f 740/39/1 741/44/1 13/37/1
f 13/37/1 12/31/1 733/38/1
f 745/40/1 743/36/1 36/41/1
f 36/41/1 38/47/1 752/42/1
f 747/45/1 750/50/1 16/43/1
f 16/43/1 13/37/1 741/44/1
f 753/46/1 752/42/1 38/47/1
f 38/47/1 40/89/1 759/48/1
f 756/51/1 758/54/1 18/49/1
f 18/49/1 16/43/1 750/50/1
f 766/52/1 763/58/1 20/53/1
f 20/53/1 18/49/1 758/54/1
f 767/56/1 762/5002/1 759/48/1
f 759/48/1 40/89/1 41/55/1
f 763/58/1 770/5003/1 43/57/1
f 43/57/1 22/5004/1 20/53/1
f 778/60/1 696/6/1 23/5/1
f 23/5/1 45/97/1 776/61/1
f 780/63/1 774/96/1 48/62/1
f 48/62/1 26/2/1 698/1/1
f 48/62/1 49/100/1 28/7/1
f 2264/5005/1 2268/5006/1 2267/5007/1
f 2266/5008/1 2256/5009/1 2258/5010/1
f 2310/5011/1 2264/5005/1 2267/5007/1
f 2266/5008/1 2258/5010/1 2260/5012/1
f 2266/5008/1 2260/5012/1 2261/5013/1
f 28/7/1 2274/5014/1 2273/5015/1
f 28/7/1 2273/5015/1 2272/5016/1
f 2266/5008/1 2261/5013/1 52/74/1
f 2267/5007/1 2266/5008/1 52/74/1
f 28/7/1 2272/5016/1 2280/5017/1
f 28/7/1 2280/5017/1 2286/5018/1
f 2267/5007/1 52/74/1 29/23/1
f 2310/5011/1 2267/5007/1 29/23/1
f 28/7/1 2286/5018/1 2284/5019/1
f 28/7/1 2284/5019/1 2282/5020/1
f 2313/5021/1 2310/5011/1 29/23/1
f 2312/700/1 2313/5021/1 29/23/1
f 28/7/1 2282/5020/1 2288/5022/1
f 28/7/1 2288/5022/1 2292/5023/1
f 2311/5024/1 2312/700/1 29/23/1
f 2316/701/1 2311/5024/1 29/23/1
f 28/7/1 2292/5023/1 2291/5025/1
f 29/23/1 28/7/1 2291/5025/1
f 2315/702/1 2316/701/1 29/23/1
f 2314/5026/1 2315/702/1 29/23/1
f 29/23/1 2291/5025/1 2296/5027/1
f 29/23/1 2296/5027/1 2301/5028/1
f 2319/5029/1 2314/5026/1 29/23/1
f 2318/5030/1 2319/5029/1 29/23/1
f 29/23/1 2301/5028/1 2299/5031/1
f 29/23/1 2299/5031/1 2303/5032/1
f 2317/68/1 2318/5030/1 29/23/1
f 29/23/1 2303/5032/1 2306/67/1
f 2270/5033/1 2274/5014/1 28/7/1
f 28/7/1 49/100/1 2257/5034/1
f 2257/5034/1 2258/5010/1 2256/5009/1
f 2254/69/1 2313/5021/1 2312/700/1
f 28/7/1 2257/5034/1 2256/5009/1
f 2254/69/1 2312/700/1 2255/5035/1
f 28/7/1 2256/5009/1 2254/69/1
f 2271/5036/1 2270/5033/1 28/7/1
f 2254/69/16 2255/5035/16 2269/70/16
f 2269/70/1 2271/5036/1 28/7/1
f 2281/5037/1 2294/5038/1 2278/5039/1
f 2278/5039/1 2277/5040/1 2279/5041/1
f 2279/5041/1 2276/5042/1 2275/71/1
f 2275/71/1 2259/5043/1 2321/5044/1
f 2321/5044/17 2320/5045/17 2309/5046/17
f 2309/5046/1 2308/698/1 2322/699/1
f 2322/699/1 2305/697/1 2307/72/1
f 2307/72/1 2304/5047/1 2302/5048/1
f 2302/5048/1 2298/5049/1 2300/5050/1
f 2300/5050/1 2295/5051/1 2297/5052/1
f 2297/5052/1 2290/5053/1 2289/73/1
f 2289/73/1 2287/5054/1 2293/5055/1
f 2293/5055/1 2283/5056/1 2285/5057/1
f 2285/5057/1 2281/5037/1 2278/5039/1
f 2278/5039/1 2279/5041/1 2275/71/1
f 2275/71/1 2321/5044/1 2309/5046/1
f 2309/5046/1 2322/699/1 2307/72/1
f 2307/72/1 2302/5048/1 2300/5050/1
f 2300/5050/1 2297/5052/1 2289/73/1
f 2289/73/1 2293/5055/1 2285/5057/1
f 2285/5057/1 2278/5039/1 2275/71/1
f 2275/71/1 2309/5046/1 2307/72/1
f 2307/72/1 2300/5050/1 2289/73/1
f 2289/73/1 2285/5057/1 2275/71/1
f 52/74/1 53/75/1 32/29/1
f 53/75/1 55/76/1 33/35/1
f 55/76/1 57/80/1 36/41/1
f 2338/5058/1 2332/5059/1 2327/77/1
f 2327/77/1 2328/5060/1 2329/5061/1
f 2329/5061/1 60/5062/1 2334/78/1
f 2334/78/1 2335/5063/1 2337/79/1
f 2337/79/1 2338/5058/1 2327/77/1
f 2327/77/1 2329/5061/1 2334/78/1
f 2336/5064/1 2333/5065/1 38/47/1
f 38/47/1 36/41/1 57/80/1
f 57/80/1 2323/5066/1 2326/5067/1
f 57/80/1 2326/5067/1 2325/5068/1
f 2336/5064/1 38/47/1 57/80/1
f 2339/5069/1 2336/5064/1 57/80/1
f 57/80/1 2325/5068/1 2324/5070/1
f 57/80/1 2324/5070/1 2331/81/1
f 2330/82/1 2339/5069/1 57/80/1
f 2366/85/1 2365/5071/1 2364/5072/1
f 2364/5072/1 2374/5073/1 2360/5074/1
f 2360/5074/1 2361/5075/1 2363/5076/1
f 2363/5076/1 2359/5077/1 2356/83/1
f 2356/83/1 2355/5078/1 2353/5079/1
f 2353/5079/1 2352/5080/1 2350/5081/1
f 2350/5081/1 2347/5082/1 2342/5083/1
f 2342/5083/1 2344/5084/1 2346/84/1
f 2346/84/1 2341/5085/1 2334/78/1
f 2334/78/1 60/5062/1 2366/85/1
f 2366/85/1 2364/5072/1 2360/5074/1
f 2360/5074/1 2363/5076/1 2356/83/1
f 2356/83/1 2353/5079/1 2350/5081/1
f 2350/5081/1 2342/5083/1 2346/84/1
f 2346/84/1 2334/78/1 2366/85/1
f 2366/85/1 2360/5074/1 2356/83/1
f 2356/83/1 2350/5081/1 2346/84/1
f 2368/5086/1 2367/5087/1 62/88/1
f 62/88/1 40/89/1 38/47/1
f 38/47/1 2333/5065/1 2340/5088/1
f 38/47/1 2340/5088/1 2345/5089/1
f 2371/5090/1 2368/5086/1 62/88/1
f 2370/5091/1 2371/5090/1 62/88/1
f 38/47/1 2345/5089/1 2343/5092/1
f 38/47/1 2343/5092/1 2348/5093/1
f 2370/5091/1 62/88/1 38/47/1
f 2369/5094/1 2370/5091/1 38/47/1
f 38/47/1 2348/5093/1 2349/5095/1
f 38/47/1 2349/5095/1 2351/5096/1
f 2373/5097/1 2369/5094/1 38/47/1
f 2372/5098/1 2373/5097/1 38/47/1
f 38/47/1 2351/5096/1 2354/5099/1
f 38/47/1 2354/5099/1 2357/5100/1
f 2362/87/1 2372/5098/1 38/47/1
f 38/47/1 2357/5100/1 2358/86/1
f 62/88/1 64/92/1 41/55/1
f 785/91/1 783/132/1 66/90/1
f 43/57/1 770/5003/1 785/91/1
f 781/93/1 788/5101/1 771/59/1
f 771/59/1 41/55/1 64/92/1
f 796/94/1 790/138/1 69/95/1
f 69/95/1 48/62/1 774/96/1
f 794/99/1 776/61/1 45/97/1
f 45/97/1 68/139/1 792/98/1
f 69/95/1 71/108/1 49/100/1
f 2433/101/1 2375/5102/1 2376/102/1
f 2384/104/1 2377/107/1 2378/105/1
f 2423/5103/1 2406/5104/1 74/109/1
f 52/74/1 2261/5013/1 2434/5105/1
f 52/74/1 2434/5105/1 2441/5106/1
f 2423/5103/1 74/109/1 52/74/1
f 2426/5107/1 2427/5108/1 2422/5109/1
f 2422/5109/1 2423/5103/1 52/74/1
f 52/74/1 2441/5106/1 2439/5110/1
f 2439/5110/1 2435/5111/1 2433/101/1
f 2432/103/1 2382/5112/1 2440/5113/1
f 2439/5110/1 2433/101/1 2432/103/1
f 2425/5114/1875 2426/5107/1875 2422/5109/1875
f 2430/5115/1 2428/5116/1 2425/5114/1
f 2418/5117/1876 2417/5118/1876 2430/5115/1876
f 2420/5119/1 2419/5120/1 2418/5117/1
f 2431/5121/1 2421/5122/1 2420/5119/1
f 2408/5123/1877 2407/5124/1877 2431/5121/1877
f 2408/5123/1878 2431/5121/1878 2420/5119/1878
f 2420/5119/1 2418/5117/1 2430/5115/1
f 2430/5115/1879 2425/5114/1879 2422/5109/1879
f 2439/5110/1 2432/103/1 2440/5113/1
f 2437/5125/1 2383/5126/1 2384/104/1
f 52/74/1 2439/5110/1 2440/5113/1
f 2437/5125/1 2384/104/1 2385/106/1
f 52/74/1 2440/5113/1 2437/5125/1
f 2420/5119/1 2430/5115/1 2422/5109/1
f 2409/5127/1 2408/5123/1 2420/5119/1
f 2409/5127/1 2420/5119/1 2422/5109/1
f 2385/106/1 2386/5128/1 2400/5129/1
f 2385/106/1 2400/5129/1 2402/5130/1
f 2437/5125/1 2385/106/1 2402/5130/1
f 2403/5131/1 2413/5132/1 2429/5133/1
f 2437/5125/1 2402/5130/1 2403/5131/1
f 2410/5134/1 2409/5127/1 2422/5109/1
f 2411/5135/1880 2410/5134/1880 2422/5109/1880
f 2403/5131/1 2429/5133/1 2436/5136/1
f 2437/5125/1 2403/5131/1 2436/5136/1
f 2404/5137/1 2405/5138/1 2416/5139/1
f 2397/5140/1 2404/5137/1 2416/5139/1
f 2397/5140/1 2416/5139/1 2415/5141/1
f 2398/5142/1 2397/5140/1 2415/5141/1
f 2398/5142/1 2415/5141/1 2414/5143/1
f 2399/5144/1 2398/5142/1 2414/5143/1
f 2399/5144/1 2414/5143/1 2412/5145/1
f 2396/5146/1 2399/5144/1 2412/5145/1
f 2396/5146/1 2412/5145/1 2411/5135/1
f 2395/5147/1 2396/5146/1 2411/5135/1
f 52/74/1 2437/5125/1 2436/5136/1
f 52/74/1 2436/5136/1 2438/5148/1
f 2395/5147/1 2411/5135/1 2422/5109/1
f 2401/5149/1 2395/5147/1 2422/5109/1
f 52/74/1 2438/5148/1 2424/5150/1
f 2422/5109/1 52/74/1 2424/5150/1
f 2392/5151/1 2401/5149/1 2422/5109/1
f 2393/5152/1 2392/5151/1 2422/5109/1
f 2422/5109/1 2424/5150/1 2379/5153/1
f 2393/5152/1 2422/5109/1 2379/5153/1
f 2394/5154/1 2393/5152/1 2379/5153/1
f 2390/5155/1 2394/5154/1 2379/5153/1
f 2391/5156/1 2390/5155/1 2379/5153/1
f 2389/5157/1 2391/5156/1 2379/5153/1
f 2387/5158/1 2389/5157/1 2379/5153/1
f 2381/5159/1 2387/5158/1 2379/5153/1
f 71/108/1 2380/5160/1 2388/5161/1
f 2388/5161/1 2381/5159/1 2379/5153/1
f 71/108/1 2388/5161/1 2379/5153/1
f 2257/5034/1 49/100/1 71/108/1
f 2375/5102/1 2257/5034/1 71/108/1
f 71/108/1 2379/5153/1 2378/105/1
f 71/108/1 2378/105/1 2377/107/1
f 2376/102/1 2375/5102/1 71/108/1
f 74/109/1 79/110/1 53/75/1
f 79/110/1 81/111/1 55/76/1
f 81/111/1 85/157/1 57/80/1
f 2446/5162/1 2445/5163/1 89/5164/1
f 2453/5165/1 2462/126/1 2475/125/1
f 2453/5165/1 2475/125/1 2452/5166/1
f 2451/5167/1 2461/5168/1 2460/5169/1
f 2451/5167/1 2460/5169/1 2474/5170/1
f 2451/5167/1 2474/5170/1 2473/772/1
f 2451/5167/1 2473/772/1 2458/5171/1
f 2451/5167/1 2458/5171/1 2457/5172/1
f 2451/5167/1 2457/5172/1 2456/5173/1
f 2451/5167/1 2456/5173/1 2450/5174/1
f 2451/5167/1 2450/5174/1 2449/5175/1
f 2452/5166/1 2451/5167/1 2449/5175/1
f 2448/5176/1 2323/5066/1 57/80/1
f 2452/5166/1 2449/5175/1 2448/5176/1
f 2453/5165/1 2452/5166/1 2448/5176/1
f 2448/5176/1 57/80/1 85/157/1
f 85/157/1 2444/5177/1 2443/5178/1
f 85/157/1 2443/5178/1 2447/5179/1
f 2453/5165/1 2448/5176/1 85/157/1
f 2442/113/1 2453/5165/1 85/157/1
f 2442/113/1 85/157/1 2447/5179/1
f 2467/114/1 2446/5162/1 89/5164/1
f 2442/113/1 2447/5179/1 2467/114/1
f 2467/114/1 89/5164/1 2466/112/1
f 2472/120/1 2459/5180/1 60/5062/1
f 60/5062/1 2329/5061/1 2454/118/1
f 2454/118/1 2455/773/1 2468/5181/1
f 2468/5181/1 2469/5182/1 2470/119/1
f 2470/119/1 2471/5183/1 2472/120/1
f 2472/120/1 60/5062/1 2454/118/1
f 2454/118/1 2468/5181/1 2470/119/1
f 2517/5184/1 2463/5185/1 2465/5186/1
f 2517/5184/1 2465/5186/1 2491/5187/1
f 2492/5188/1 2466/112/1 89/5164/1
f 89/5164/1 2497/5189/1 2496/5190/1
f 2492/5188/1 89/5164/1 2496/5190/1
f 2492/5188/1 2496/5190/1 2490/789/1
f 2492/5188/1 2490/789/1 2493/5191/1
f 2492/5188/1 2493/5191/1 2494/5192/1
f 2494/5192/1 2495/5193/1 93/130/1
f 93/130/1 62/88/1 2367/5087/1
f 93/130/1 2367/5087/1 2514/5194/1
f 2492/5188/1 2494/5192/1 93/130/1
f 2491/5187/1 2492/5188/1 93/130/1
f 93/130/1 2514/5194/1 2515/5195/1
f 93/130/1 2515/5195/1 2516/5196/1
f 2517/5184/1 2491/5187/1 93/130/1
f 2513/121/1 2517/5184/1 93/130/1
f 93/130/1 2516/5196/1 2512/5197/1
f 93/130/1 2512/5197/1 2518/5198/1
f 2513/121/1 93/130/1 2518/5198/1
f 2513/121/1 2518/5198/1 2519/5199/1
f 2477/5200/1 2460/5169/1 2461/5168/1
f 2478/5201/1 2477/5200/1 2461/5168/1
f 2513/121/1 2519/5199/1 2520/5202/1
f 2513/121/1 2520/5202/1 2507/5203/1
f 2483/5204/1 2478/5201/1 2461/5168/1
f 2480/5205/1 2483/5204/1 2461/5168/1
f 2513/121/1 2507/5203/1 2504/5206/1
f 2513/121/1 2504/5206/1 2501/5207/1
f 2480/5205/1 2461/5168/1 2513/121/1
f 2486/5208/1 2480/5205/1 2513/121/1
f 2513/121/1 2501/5207/1 2488/122/1
f 2487/123/1 2486/5208/1 2513/121/1
f 2505/5209/1 2521/5210/1 2509/127/1
f 2509/127/1 2511/5211/1 2510/5212/1
f 2510/5212/1 2366/85/1 60/5062/1
f 60/5062/1 2459/5180/1 2476/5213/1
f 2476/5213/1 2484/5214/1 2479/128/1
f 2479/128/1 2482/5215/1 2481/5216/1
f 2481/5216/1 2485/5217/1 2499/5218/1
f 2499/5218/1 2498/5219/1 2502/5220/1
f 2502/5220/1 2500/5221/1 2508/129/1
f 2508/129/1 2503/5222/1 2506/5223/1
f 2506/5223/1 2505/5209/1 2509/127/1
f 2509/127/1 2510/5212/1 60/5062/1
f 60/5062/1 2476/5213/1 2479/128/1
f 2479/128/1 2481/5216/1 2499/5218/1
f 2499/5218/1 2502/5220/1 2508/129/1
f 2508/129/1 2506/5223/1 2509/127/1
f 2509/127/1 60/5062/1 2479/128/1
f 2479/128/1 2499/5218/1 2508/129/1
f 93/130/1 98/184/1 64/92/1
f 804/133/1 800/186/1 101/131/1
f 101/131/1 66/90/1 783/132/1
f 802/135/1 781/93/1 64/92/1
f 64/92/1 98/184/1 798/134/1
f 812/136/1 806/5224/1 109/137/1
f 109/137/1 69/95/1 790/138/1
f 809/141/1 792/98/1 68/139/1
f 68/139/1 105/192/1 807/140/1
f 109/137/1 115/196/1 71/108/1
f 2549/5225/16 2554/5226/16 2551/5227/16
f 2551/5227/14 2599/715/14 2558/714/14
f 2558/714/21 2565/5228/21 2561/5229/21
f 2561/5229/1 2563/5230/1 2573/5231/1
f 2573/5231/1 2567/5232/1 2571/5233/1
f 2571/5233/21 2569/5234/21 2590/5235/21
f 2590/5235/14 2576/5236/14 2578/5237/14
f 2578/5237/1878 2577/5238/1878 2574/5239/1878
f 2574/5239/1878 2575/5240/1878 2595/5241/1878
f 2595/5241/19 2568/5242/19 2570/5243/19
f 2570/5243/1 2566/5244/1 2572/5245/1
f 2572/5245/21 2562/716/21 2564/717/21
f 2564/717/14 2559/5246/14 2560/5247/14
f 2560/5247/14 2598/712/14 2550/709/14
f 2550/709/1 2553/711/1 2548/5248/1
f 2548/5248/1 2555/5249/1 2543/5250/1
f 2543/5250/1 2546/5251/1 2539/5252/1
f 2539/5252/1 2540/5253/1 2538/5254/1
f 2538/5254/1 2535/5255/1 2533/5256/1
f 2533/5256/1 2531/5257/1 2525/5258/1
f 2538/5254/1 2533/5256/1 2525/5258/1
f 2543/5250/1 2539/5252/1 2538/5254/1
f 2550/709/1 2548/5248/1 2543/5250/1
f 2564/717/1 2560/5247/1 2550/709/1
f 2570/5243/1 2572/5245/1 2564/717/1
f 2574/5239/1 2595/5241/1 2570/5243/1
f 2590/5235/1 2578/5237/1 2574/5239/1
f 2573/5231/1 2571/5233/1 2590/5235/1
f 2558/714/1 2561/5229/1 2573/5231/1
f 2549/5225/1 2551/5227/1 2558/714/1
f 2542/5259/1 2556/5260/1 2549/5225/1
f 2547/5261/16 2544/5262/16 2542/5259/16
f 2557/5263/17 2541/5264/17 2547/5261/17
f 2534/5265/1 2536/5266/1 2557/5263/1
f 2526/5267/1 2530/5268/1 2534/5265/1
f 115/196/1 2529/201/1 2526/5267/1
f 2604/5269/1 2380/5160/1 71/108/1
f 2605/5270/1 2604/5269/1 71/108/1
f 71/108/1 115/196/1 2526/5267/1
f 2526/5267/1 2534/5265/1 2557/5263/1
f 2557/5263/1 2547/5261/1 2542/5259/1
f 2542/5259/1 2549/5225/1 2558/714/1
f 2558/714/1 2573/5231/1 2590/5235/1
f 2590/5235/1 2574/5239/1 2570/5243/1
f 2570/5243/1 2564/717/1 2550/709/1
f 2550/709/1 2543/5250/1 2538/5254/1
f 2550/709/1 2538/5254/1 2525/5258/1
f 2590/5235/1 2570/5243/1 2550/709/1
f 2542/5259/1 2558/714/1 2590/5235/1
f 2526/5267/1 2557/5263/1 2542/5259/1
f 2606/5271/1 2605/5270/1 71/108/1
f 2602/5272/1 2606/5271/1 71/108/1
f 2526/5267/1 2542/5259/1 2590/5235/1
f 2590/5235/1 2550/709/1 2525/5258/1
f 2526/5267/1 2590/5235/1 2525/5258/1
f 2603/5273/1 2602/5272/1 71/108/1
f 2600/5274/1 2603/5273/1 71/108/1
f 71/108/1 2526/5267/1 2525/5258/1
f 71/108/1 2525/5258/1 2524/5275/1
f 2601/5276/1 2600/5274/1 71/108/1
f 2522/5277/1 2528/5278/1 2601/5276/1
f 2522/5277/1 2601/5276/1 71/108/1
f 2592/5279/1 2596/5280/1 118/154/1
f 74/109/1 2406/5104/1 2655/5281/1
f 2655/5281/16 2656/5282/16 2650/5283/16
f 2650/5283/16 2651/5284/16 2652/5285/16
f 2652/5285/1 2663/5286/1 2654/5287/1
f 2654/5287/1 2649/5288/1 2648/5289/1
f 2648/5289/16 2640/5290/16 2632/5291/16
f 2632/5291/14 2633/5292/14 2642/5293/14
f 2642/5293/1 2644/5294/1 2660/5295/1
f 2632/5291/1 2642/5293/1 2660/5295/1
f 2654/5287/1 2648/5289/1 2632/5291/1
f 2650/5283/1 2652/5285/1 2654/5287/1
f 74/109/1 2655/5281/1 2650/5283/1
f 2591/5296/1 2592/5279/1 118/154/1
f 2588/5297/1 2591/5296/1 118/154/1
f 74/109/1 2650/5283/1 2654/5287/1
f 2654/5287/1 2632/5291/1 2660/5295/1
f 74/109/1 2654/5287/1 2660/5295/1
f 2587/5298/1 2588/5297/1 118/154/1
f 2586/5299/1 2587/5298/1 118/154/1
f 118/154/1 74/109/1 2660/5295/1
f 118/154/1 2660/5295/1 2661/5300/1
f 2583/5301/1 2586/5299/1 118/154/1
f 2581/5302/1 2583/5301/1 118/154/1
f 118/154/1 2661/5300/1 2659/5303/1
f 118/154/1 2659/5303/1 2658/144/1
f 2579/5304/1 2581/5302/1 118/154/1
f 2580/5305/1 2579/5304/1 118/154/1
f 2523/5306/1 2522/5277/1 71/108/1
f 2582/5307/1 2580/5305/1 118/154/1
f 2523/5306/1 71/108/1 2524/5275/1
f 2523/5306/1 2524/5275/1 2532/5308/1
f 2582/5307/1 118/154/1 2658/144/1
f 2585/5309/1 2582/5307/1 2658/144/1
f 2658/144/1 2523/5306/1 2532/5308/1
f 2658/144/1 2532/5308/1 2537/5310/1
f 2584/5311/1 2585/5309/1 2658/144/1
f 2589/5312/1 2584/5311/1 2658/144/1
f 2658/144/1 2537/5310/1 2545/5313/1
f 2658/144/1 2545/5313/1 2552/710/1
f 2594/5314/1 2589/5312/1 2658/144/1
f 2593/143/1 2594/5314/1 2658/144/1
f 2658/144/1 2552/710/1 2597/142/1
f 2612/5315/1 2608/5316/1 2609/5317/1
f 2609/5317/1 2607/5318/1 2610/5319/1
f 2610/5319/1 2613/5320/1 2614/145/1
f 2614/145/1 2615/5321/1 2643/5322/1
f 2643/5322/1 2641/5323/1 2639/5324/1
f 2639/5324/1 2664/5325/1 2628/5326/1
f 2628/5326/17 2629/5327/17 2627/146/17
f 2627/146/1 2630/5328/1 2625/5329/1
f 2625/5329/1 2626/5330/1 2624/5331/1
f 2624/5331/1 2620/5332/1 2619/5333/1
f 2619/5333/1 2621/5334/1 2622/147/1
f 2622/147/1 2623/5335/1 2617/5336/1
f 2617/5336/17 2618/5337/17 2616/5338/17
f 2616/5338/1 2612/5315/1 2609/5317/1
f 2609/5317/1 2610/5319/1 2614/145/1
f 2614/145/1 2643/5322/1 2639/5324/1
f 2639/5324/1 2628/5326/1 2627/146/1
f 2627/146/1 2625/5329/1 2624/5331/1
f 2624/5331/1 2619/5333/1 2622/147/1
f 2622/147/1 2617/5336/1 2616/5338/1
f 2616/5338/1 2609/5317/1 2614/145/1
f 2614/145/1 2639/5324/1 2627/146/1
f 2627/146/1 2624/5331/1 2622/147/1
f 2622/147/1 2616/5338/1 2614/145/1
f 2653/5339/1 2405/5138/1 2404/5137/1
f 2653/5339/1 2404/5137/1 2634/5340/1
f 2635/149/1 2653/5339/1 2634/5340/1
f 2637/150/1 2638/5341/1 2636/148/1
f 2635/149/1 2634/5340/1 2637/150/1
f 2662/153/1 2659/5303/1 2661/5300/1
f 2661/5300/1 2601/5276/1 2528/5278/1
f 2611/151/1 2527/5342/1 2646/5343/1
f 2661/5300/1 2528/5278/1 2611/151/1
f 2647/5344/1 2657/5345/1 2662/153/1
f 2662/153/1 2661/5300/1 2611/151/1
f 2611/151/1 2646/5343/1 2631/5346/1
f 2645/152/1 2647/5344/1 2662/153/1
f 2611/151/1 2631/5346/1 2645/152/1
f 118/154/1 122/155/1 79/110/1
f 122/155/1 126/156/1 81/111/1
f 126/156/1 129/163/1 85/157/1
f 2686/160/17 2687/5347/17 2693/5348/17
f 2693/5348/1 2700/5349/1 2703/5350/1
f 2703/5350/1 2726/5351/1 2718/5352/1
f 2718/5352/1 2708/5353/1 2707/158/1
f 2707/158/1 89/5164/1 2445/5163/1
f 2445/5163/15 2716/5354/15 2717/5355/15
f 2717/5355/17 2722/5356/17 2723/5357/17
f 2723/5357/16 2724/5358/16 2725/159/16
f 2725/159/1 2731/5359/1 2688/5360/1
f 2688/5360/16 2690/5361/16 2686/160/16
f 2686/160/1 2693/5348/1 2703/5350/1
f 2703/5350/1 2718/5352/1 2707/158/1
f 2707/158/1 2445/5163/1 2717/5355/1
f 2717/5355/1 2723/5357/1 2725/159/1
f 2725/159/1 2688/5360/1 2686/160/1
f 2686/160/1 2703/5350/1 2707/158/1
f 2707/158/1 2717/5355/1 2725/159/1
f 2710/5362/1 2709/5363/1 2719/5364/1
f 2710/5362/1 2719/5364/1 2727/5365/1
f 2679/5366/1 2710/5362/1 2727/5365/1
f 2679/5366/1 2727/5365/1 2695/5367/1
f 2712/5368/1 2711/5369/1 2682/5370/1
f 2679/5366/1 2695/5367/1 2694/5371/1
f 2720/5372/1 2712/5368/1 2682/5370/1
f 2679/5366/1 2694/5371/1 2681/5373/1
f 2728/5374/1 2720/5372/1 2682/5370/1
f 2679/5366/1 2681/5373/1 2680/5375/1
f 2729/813/1 2728/5374/1 2682/5370/1
f 2679/5366/1 2680/5375/1 2678/5376/1
f 2696/5377/1 2729/813/1 2682/5370/1
f 2682/5370/1 2679/5366/1 2678/5376/1
f 2682/5370/1 2678/5376/1 2672/5378/1
f 2697/5379/1 2696/5377/1 2682/5370/1
f 2698/5380/1 2697/5379/1 2682/5370/1
f 2699/5381/1 2698/5380/1 2682/5370/1
f 2669/5382/1 2699/5381/1 2682/5370/1
f 2666/5383/1 2669/5382/1 2682/5370/1
f 2667/5384/1 2666/5383/1 2682/5370/1
f 2667/5384/1 2682/5370/1 2672/5378/1
f 129/163/1 2668/5385/1 2665/5386/1
f 2665/5386/1 2667/5384/1 2672/5378/1
f 129/163/1 2665/5386/1 2672/5378/1
f 2444/5177/1 85/157/1 129/163/1
f 2691/5387/1 2444/5177/1 129/163/1
f 129/163/1 2672/5378/1 2674/5388/1
f 129/163/1 2674/5388/1 2673/5389/1
f 2692/5390/1 2691/5387/1 129/163/1
f 2683/5391/1 2692/5390/1 129/163/1
f 129/163/1 2673/5389/1 2677/5392/1
f 129/163/1 2677/5392/1 2676/5393/1
f 2684/5394/1 2683/5391/1 129/163/1
f 2685/162/1 2684/5394/1 129/163/1
f 129/163/1 2676/5393/1 2675/161/1
f 2730/5395/1 2702/5396/1 2704/5397/1
f 2704/5397/1 2701/5398/1 2732/164/1
f 2732/164/1 2689/812/1 2671/814/1
f 2671/814/1 2670/5399/1 2715/165/1
f 2715/165/1 2713/5400/1 2714/5401/1
f 2714/5401/1 2721/5402/1 2706/166/1
f 2706/166/1 2705/5403/1 2730/5395/1
f 2730/5395/1 2704/5397/1 2732/164/1
f 2732/164/1 2671/814/1 2715/165/1
f 2715/165/1 2714/5401/1 2706/166/1
f 2706/166/1 2730/5395/1 2732/164/1
f 2752/817/1 2769/5404/1 2744/167/1
f 2744/167/1 2742/5405/1 2748/5406/1
f 2748/5406/1 2740/5407/1 2737/5408/1
f 2737/5408/1 2735/5409/1 2734/5410/1
f 2734/5410/1 2713/5400/1 2715/165/1
f 2715/165/1 2774/5411/1 2773/822/1
f 2773/822/16 2772/820/16 2753/168/16
f 2753/168/16 2756/818/16 2751/815/16
f 2751/815/1 2752/817/1 2744/167/1
f 2744/167/1 2748/5406/1 2737/5408/1
f 2737/5408/1 2734/5410/1 2715/165/1
f 2715/165/1 2773/822/1 2753/168/1
f 2753/168/1 2751/815/1 2744/167/1
f 2744/167/1 2737/5408/1 2715/165/1
f 2775/825/1878 2782/5412/1878 2822/5413/1878
f 2804/5414/1 2806/5415/1 138/5416/1
f 2775/825/1 2822/5413/1 2804/5414/1
f 2776/826/16 2777/823/16 2775/825/16
f 2780/5417/1 2781/5418/1 2776/826/1
f 2821/5419/17 2795/5420/17 2780/5417/17
f 2790/5421/16 2793/5422/16 2821/5419/16
f 2797/5423/1 2788/5424/1 2790/5421/1
f 2805/5425/17 2799/5426/17 2797/5423/17
f 2810/5427/1 2811/5428/1 2807/5429/1
f 2805/5425/1 2797/5423/1 2790/5421/1
f 2814/5430/1881 2810/5427/1881 2807/5429/1881
f 2805/5425/1 2790/5421/1 2821/5419/1
f 2813/5431/1 2814/5430/1 2807/5429/1
f 2805/5425/1 2821/5419/1 2780/5417/1
f 2812/5432/1882 2813/5431/1882 2807/5429/1882
f 2805/5425/1 2780/5417/1 2776/826/1
f 2802/5433/1883 2812/5432/1883 2807/5429/1883
f 2805/5425/1 2776/826/1 2775/825/1
f 2803/5434/1 2802/5433/1 2807/5429/1
f 2805/5425/1 2775/825/1 2804/5414/1
f 2816/5435/1 2803/5434/1 2807/5429/1
f 2805/5425/1 2804/5414/1 138/5416/1
f 2817/5436/14 2816/5435/14 2807/5429/14
f 2807/5429/1 2805/5425/1 138/5416/1
f 138/5416/1 93/130/1 2495/5193/1
f 138/5416/16 2495/5193/16 2853/5437/16
f 2818/5438/1 2817/5436/1 2807/5429/1
f 138/5416/17 2853/5437/17 2854/5439/17
f 138/5416/1 2854/5439/1 2848/5440/1
f 2819/5441/16 2818/5438/16 2807/5429/16
f 138/5416/1 2848/5440/1 2849/5442/1
f 138/5416/1 2849/5442/1 2850/5443/1
f 2798/5444/1 2819/5441/1 2807/5429/1
f 138/5416/1 2850/5443/1 2851/5445/1
f 138/5416/1 2851/5445/1 2845/5446/1
f 2800/5447/17 2798/5444/17 2807/5429/17
f 138/5416/1 2845/5446/1 2846/5448/1
f 138/5416/1 2846/5448/1 2843/5449/1
f 2801/5450/1 2800/5447/1 2807/5429/1
f 138/5416/1 2843/5449/1 2844/5451/1
f 138/5416/1 2844/5451/1 2847/5452/1
f 2796/5453/1 2801/5450/1 2807/5429/1
f 2807/5429/1 138/5416/1 2847/5452/1
f 2820/5454/1 2796/5453/1 2807/5429/1
f 2733/5455/1 2709/5363/1 2710/5362/1
f 2746/5456/1 2733/5455/1 2710/5362/1
f 2747/5457/1 2746/5456/1 2710/5362/1
f 2747/5457/1 2710/5362/1 2809/5458/1
f 2755/5459/1 2747/5457/1 2809/5458/1
f 2808/169/1 2711/5369/1 2712/5368/1
f 2760/5460/1 2755/5459/1 2809/5458/1
f 2808/169/1 2712/5368/1 2736/5461/1
f 2779/5462/1 2760/5460/1 2809/5458/1
f 2808/169/1 2736/5461/1 2739/5463/1
f 2786/5464/1 2779/5462/1 2809/5458/1
f 2808/169/1 2739/5463/1 2741/5465/1
f 2785/5466/1 2786/5464/1 2809/5458/1
f 2808/169/1 2741/5465/1 2749/5467/1
f 2815/5468/1 2785/5466/1 2809/5458/1
f 2808/169/1 2749/5467/1 2743/5469/1
f 2828/5470/1 2815/5468/1 2809/5458/1
f 2808/169/1 2743/5469/1 2766/816/1
f 2842/5471/1 2828/5470/1 2809/5458/1
f 2808/169/1 2766/816/1 2767/819/1
f 2862/5472/1 2842/5471/1 2809/5458/1
f 2808/169/1 2767/819/1 2768/821/1
f 2861/5473/1 2862/5472/1 2809/5458/1
f 2808/169/1 2768/821/1 2770/5474/1
f 2860/5475/1 2861/5473/1 2809/5458/1
f 2808/169/1 2770/5474/1 2771/5476/1
f 2852/5477/1 2860/5475/1 2809/5458/1
f 2808/169/1 2771/5476/1 2765/5478/1
f 2847/5452/1 2852/5477/1 2809/5458/1
f 2808/169/1 2765/5478/1 2762/5479/1
f 2847/5452/1 2809/5458/1 2808/169/1
f 2762/5479/1 2763/5480/1 2761/5481/1
f 2807/5429/14 2847/5452/14 2808/169/14
f 2762/5479/1 2761/5481/1 2764/5482/1
f 2762/5479/1 2764/5482/1 2794/824/1
f 2820/5454/1 2807/5429/1 2808/169/1
f 2787/5483/1 2820/5454/1 2808/169/1
f 2808/169/1 2762/5479/1 2794/824/1
f 2808/169/14 2794/824/14 2792/5484/14
f 2789/171/1 2787/5483/1 2808/169/1
f 2808/169/1 2792/5484/1 2791/170/1
f 2783/5485/1 2826/5486/1 2827/5487/1
f 2827/5487/1 2830/5488/1 2829/5489/1
f 2829/5489/1 2841/5490/1 2840/5491/1
f 2840/5491/1 2859/5492/1 2858/5493/1
f 2858/5493/1 2857/5494/1 2856/5495/1
f 2856/5495/1 2855/5496/1 2839/172/1
f 2839/172/1 2838/5497/1 2837/5498/1
f 2837/5498/1 2836/788/1 2835/790/1
f 2835/790/1884 2834/5499/1884 2833/5500/1884
f 2833/5500/1 2832/5501/1 2831/5502/1
f 2831/5502/1 2824/5503/1 2825/5504/1
f 2823/5505/1 2497/5189/1 89/5164/1
f 2833/5500/1 2831/5502/1 2825/5504/1
f 2823/5505/1 89/5164/1 2707/158/1
f 2835/790/1 2833/5500/1 2825/5504/1
f 2825/5504/1 2823/5505/1 2707/158/1
f 2707/158/1 2738/5506/1 2750/5507/1
f 2750/5507/1 2745/5508/1 2754/5509/1
f 2754/5509/1 2757/5510/1 2758/5511/1
f 2758/5511/1 2759/5512/1 2778/173/1
f 2778/173/1 2784/5513/1 2783/5485/1
f 2783/5485/1 2827/5487/1 2829/5489/1
f 2829/5489/1 2840/5491/1 2858/5493/1
f 2858/5493/1 2856/5495/1 2839/172/1
f 2839/172/21 2837/5498/21 2835/790/21
f 2835/790/1 2825/5504/1 2707/158/1
f 2707/158/1 2750/5507/1 2754/5509/1
f 2754/5509/1 2758/5511/1 2778/173/1
f 2778/173/1 2783/5485/1 2829/5489/1
f 2829/5489/1 2858/5493/1 2839/172/1
f 2839/172/1 2835/790/1 2707/158/1
f 2707/158/1 2754/5509/1 2778/173/1
f 2778/173/1 2829/5489/1 2839/172/1
f 2868/179/1 2873/5514/1 2879/177/1
f 2879/177/1 2881/5515/1 2869/178/1
f 2865/180/1 2882/5516/1 2883/181/1
f 2867/5517/1 2888/5518/1 2866/5519/1
f 2871/5520/1 2876/5521/1 2870/5522/1
f 2874/5523/1 2880/5524/1 142/222/1
f 2878/5525/1 2874/5523/1 142/222/1
f 138/5416/1 2871/5520/1 2870/5522/1
f 138/5416/1 2870/5522/1 2868/179/1
f 2878/5525/1 142/222/1 98/184/1
f 2886/5526/1 2881/5515/1 2879/177/1
f 2879/177/1 2878/5525/1 98/184/1
f 93/130/1 138/5416/1 2868/179/1
f 93/130/1 2868/179/1 2869/178/1
f 2886/5526/1 2879/177/1 98/184/1
f 2883/181/1 2882/5516/1 2885/5527/1
f 2885/5527/1 2886/5526/1 98/184/1
f 93/130/1 2869/178/1 2867/5517/1
f 93/130/1 2867/5517/1 2866/5519/1
f 2884/5528/1 2883/181/1 2885/5527/1
f 2887/5529/1 2884/5528/1 2885/5527/1
f 93/130/1 2866/5519/1 2865/180/1
f 93/130/1 2865/180/1 2864/182/1
f 2887/5529/1 2885/5527/1 98/184/1
f 93/130/1 2864/182/1 2863/183/1
f 2863/183/1 2887/5529/1 98/184/1
f 819/187/1 815/5530/1 144/185/1
f 144/185/1 101/131/1 800/186/1
f 818/189/1 798/134/1 98/184/1
f 98/184/1 142/222/1 813/188/1
f 825/191/1 152/195/1 109/137/1
f 109/137/1 806/5224/1 829/190/1
f 828/194/1 807/140/1 105/192/1
f 105/192/1 150/234/1 822/193/1
f 152/195/1 158/202/1 115/196/1
f 2898/5531/1 2899/5532/1 2891/5533/1
f 2889/200/1 2916/5534/1 2917/5535/1
f 2901/5536/1 2898/5531/1 2891/5533/1
f 2889/200/1 2917/5535/1 2890/5537/1
f 2902/5538/1 2901/5536/1 2891/5533/1
f 2889/200/17 2890/5537/17 2904/5539/17
f 158/202/1 2902/5538/1 2891/5533/1
f 2889/200/1885 2904/5539/1885 2903/5540/1885
f 158/202/1 2891/5533/1 2889/200/1
f 2529/201/1 115/196/1 158/202/1
f 2889/200/1879 2903/5540/1879 2529/201/1879
f 2905/5541/1 2910/5542/1 2908/5543/1
f 2905/5541/1 2908/5543/1 2909/5544/1
f 2903/5540/1 2904/5539/1 2905/5541/1
f 2919/5545/1 2903/5540/1 2905/5541/1
f 2919/5545/1 2905/5541/1 2909/5544/1
f 2913/5546/1 2919/5545/1 2909/5544/1
f 2906/5547/1 2907/5548/1 2914/5549/1
f 2913/5546/1 2909/5544/1 2906/5547/1
f 2911/5550/1 2913/5546/1 2906/5547/1
f 2911/5550/1 2906/5547/1 2914/5549/1
f 2912/713/1 2911/5550/1 2914/5549/1
f 2915/5551/1 2912/713/1 2914/5549/1
f 118/154/1 2596/5280/1 2915/5551/1
f 2897/5552/1 162/205/1 118/154/1
f 2898/5531/1 2897/5552/1 118/154/1
f 118/154/1 2915/5551/1 2914/5549/1
f 118/154/1 2914/5549/1 2917/5535/1
f 2899/5532/1 2898/5531/1 118/154/1
f 2895/5553/1 2896/5554/1 2900/204/1
f 2900/204/1 2899/5532/1 118/154/1
f 118/154/1 2917/5535/1 2916/5534/1
f 2918/203/1 2895/5553/1 2900/204/1
f 118/154/1 2916/5534/1 2918/203/1
f 162/205/1 164/206/1 122/155/1
f 164/206/1 170/207/1 126/156/1
f 170/207/1 174/248/1 129/163/1
f 2923/5555/1 2922/252/1 178/254/1
f 178/254/1 2959/5556/1 2920/5557/1
f 2923/5555/1 178/254/1 2920/5557/1
f 174/248/1 2924/5558/1 2921/5559/1
f 2921/5559/1 2923/5555/1 2920/5557/1
f 174/248/1 2921/5559/1 2920/5557/1
f 2668/5385/1 129/163/1 174/248/1
f 2949/5560/1 2948/5561/1 2925/210/1
f 2925/210/1 2668/5385/1 174/248/1
f 174/248/1 2920/5557/1 2928/5562/1
f 2955/5563/1 2958/5564/1 2957/5565/1
f 2955/5563/1 2957/5565/1 2956/5566/1
f 2955/5563/1 2956/5566/1 2927/5567/1
f 2928/5562/1 2955/5563/1 2927/5567/1
f 174/248/1 2928/5562/1 2927/5567/1
f 2946/5568/1 2949/5560/1 2925/210/1
f 2952/837/1 2946/5568/1 2925/210/1
f 174/248/1 2927/5567/1 2926/5569/1
f 174/248/1 2926/5569/1 2931/5570/1
f 2953/834/1 2952/837/1 2925/210/1
f 2932/5571/1 2953/834/1 2925/210/1
f 2925/210/1 174/248/1 2931/5570/1
f 2925/210/1 2931/5570/1 2930/5572/1
f 2933/5573/1 2932/5571/1 2925/210/1
f 2934/5574/1 2933/5573/1 2925/210/1
f 2925/210/1 2930/5572/1 2929/208/1
f 2935/209/1 2934/5574/1 2925/210/1
f 2954/5575/1 2942/836/1 2941/838/1
f 2941/838/17 2943/5576/17 2940/211/17
f 2940/211/1 2936/835/1 2937/5577/1
f 2937/5577/1 2938/5578/1 2939/212/1
f 2939/212/1 2951/5579/1 2950/5580/1
f 2950/5580/1 2945/5581/1 2947/213/1
f 2947/213/1 2944/5582/1 2954/5575/1
f 2954/5575/1 2941/838/1 2940/211/1
f 2940/211/1 2937/5577/1 2939/212/1
f 2939/212/1 2950/5580/1 2947/213/1
f 2947/213/1 2954/5575/1 2940/211/1
f 2973/5583/1 2970/5584/1 2969/214/1
f 2969/214/1 2967/5585/1 2966/5586/1
f 2966/5586/1 2962/5587/1 2960/5588/1
f 2960/5588/1 2961/5589/1 2950/5580/1
f 2950/5580/1 2951/5579/1 2981/215/1
f 2981/215/1 2980/5590/1 2979/5591/1
f 2979/5591/16 2975/5592/16 2974/216/16
f 2974/216/1 2977/5593/1 2971/5594/1
f 2971/5594/1 2973/5583/1 2969/214/1
f 2969/214/1 2966/5586/1 2960/5588/1
f 2960/5588/1 2950/5580/1 2981/215/1
f 2981/215/1 2979/5591/1 2974/216/1
f 2974/216/1 2971/5594/1 2969/214/1
f 2969/214/1 2960/5588/1 2981/215/1
f 2986/5595/1878 3012/5596/1878 3013/5597/1878
f 2986/5595/1 3013/5597/1 3038/5598/1
f 2996/5599/1 3011/5600/1 2986/5595/1
f 2999/5601/1 2997/5602/1 2996/5599/1
f 3008/5603/1 2998/5604/1 2999/5601/1
f 3000/5605/1 3001/5606/1 3008/5603/1
f 3021/5607/1 3018/5608/1 3000/5605/1
f 3037/5609/21 3022/5610/21 3021/5607/21
f 3032/5611/1886 3034/5612/1886 3036/5613/1886
f 3037/5609/1 3021/5607/1 3000/5605/1
f 3041/5614/1 3032/5611/1 3036/5613/1
f 3037/5609/1 3000/5605/1 3008/5603/1
f 3040/5615/1 3041/5614/1 3036/5613/1
f 3037/5609/1 3008/5603/1 2999/5601/1
f 3039/5616/1 3040/5615/1 3036/5613/1
f 3037/5609/1 2999/5601/1 2996/5599/1
f 3031/5617/1 3039/5616/1 3036/5613/1
f 3037/5609/1 2996/5599/1 2986/5595/1
f 3028/5618/1 3031/5617/1 3036/5613/1
f 3037/5609/1 2986/5595/1 3038/5598/1
f 3029/5619/1 3028/5618/1 3036/5613/1
f 3030/5620/14 3029/5619/14 3036/5613/14
f 3027/5621/1 3026/5622/1 3030/5620/1
f 3024/5623/1 3023/5624/1 3027/5621/1
f 3024/5623/14 3027/5621/14 3030/5620/14
f 3024/5623/1 3030/5620/1 3036/5613/1
f 3025/5625/1 3024/5623/1 3036/5613/1
f 3020/5626/1 3025/5625/1 3036/5613/1
f 3019/5627/1 3020/5626/1 3036/5613/1
f 2991/5628/1 2992/5629/1 2990/5630/1
f 2988/5631/1 2991/5628/1 2990/5630/1
f 2988/5631/1 2990/5630/1 2989/5632/1
f 2987/5633/1 2988/5631/1 2989/5632/1
f 2987/5633/1 2989/5632/1 3007/5634/1
f 3010/5635/1 2987/5633/1 3007/5634/1
f 3010/5635/1 3007/5634/1 3006/5636/1
f 3009/5637/1 3010/5635/1 3006/5636/1
f 3009/5637/1 3006/5636/1 3016/5638/1
f 2976/5639/1 3009/5637/1 3016/5638/1
f 2976/5639/1 3016/5638/1 3015/5640/1
f 2972/5641/1 2976/5639/1 3015/5640/1
f 2972/5641/1 3015/5640/1 3017/5642/1
f 2968/5643/1 2972/5641/1 3017/5642/1
f 2968/5643/1 3017/5642/1 3019/5627/1
f 2978/5644/1 2968/5643/1 3019/5627/1
f 2978/5644/1 3019/5627/1 3036/5613/1
f 2965/5645/1 2978/5644/1 3036/5613/1
f 2963/5646/1 2965/5645/1 3036/5613/1
f 2948/5561/1 2949/5560/1 2964/5647/1
f 2964/5647/1 2963/5646/1 3036/5613/1
f 2948/5561/1 2964/5647/1 3036/5613/1
f 138/5416/1 2806/5415/1 3033/5648/1
f 3033/5648/1 2948/5561/1 3036/5613/1
f 138/5416/1 3033/5648/1 3036/5613/1
f 2994/5649/1 2995/5650/1 182/219/1
f 178/254/1 2985/258/1 2984/5651/1
f 2959/5556/1 178/254/1 2984/5651/1
f 3003/5652/1 2959/5556/1 2984/5651/1
f 3003/5652/1 2984/5651/1 2994/5649/1
f 3003/5652/1 2994/5649/1 182/219/1
f 182/219/1 138/5416/1 3036/5613/1
f 182/219/1 3036/5613/1 3037/5609/1
f 3002/218/1 3003/5652/1 182/219/1
f 3014/5653/1 3004/5654/1 3005/5655/1
f 2993/5656/1 3014/5653/1 3005/5655/1
f 2957/5565/1 2983/5657/1 2982/5658/1
f 2982/5658/1 2993/5656/1 3005/5655/1
f 2956/5566/1 2957/5565/1 2982/5658/1
f 3035/217/1 2956/5566/1 2982/5658/1
f 3035/217/1 2982/5658/1 3005/5655/1
f 182/219/1 3037/5609/1 3038/5598/1
f 3035/217/1 3005/5655/1 3002/218/1
f 182/219/1 3038/5598/1 3035/217/1
f 3046/5659/1 3055/5660/1 3045/5661/1
f 3050/5662/1 3051/5663/1 3059/5664/1
f 3056/5665/1 3050/5662/1 3059/5664/1
f 3054/5666/1 3056/5665/1 3059/5664/1
f 3048/5667/1 3049/5668/1 3054/5666/1
f 3073/5669/1 3048/5667/1 3054/5666/1
f 3073/5669/1 3054/5666/1 3059/5664/1
f 3042/5670/1 3065/5671/1 3064/5672/1
f 3075/5673/1 3068/5674/1 3076/5675/1
f 3061/5676/1 2871/5520/1 138/5416/1
f 138/5416/1 182/219/1 3053/5677/1
f 138/5416/1 3053/5677/1 3052/5678/1
f 3062/5679/1 3061/5676/1 138/5416/1
f 3063/227/1 3062/5679/1 138/5416/1
f 3058/221/1 3057/5680/1 187/278/1
f 142/222/1 2880/5524/1 3069/5681/1
f 142/222/1 3069/5681/1 3070/226/1
f 3058/221/1 187/278/1 142/222/1
f 3064/5672/1 3063/227/1 138/5416/1
f 3042/5670/1 3064/5672/1 138/5416/1
f 142/222/1 3070/226/1 3074/5682/1
f 142/222/1 3074/5682/1 3075/5673/1
f 3043/225/1 3042/5670/1 138/5416/1
f 3044/5683/1 3043/225/1 138/5416/1
f 142/222/1 3075/5673/1 3076/5675/1
f 142/222/1 3076/5675/1 3071/5684/1
f 3045/5661/1 3044/5683/1 138/5416/1
f 3046/5659/1 3045/5661/1 138/5416/1
f 142/222/1 3071/5684/1 3072/223/1
f 142/222/1 3072/223/1 3073/5669/1
f 3047/5685/1 3046/5659/1 138/5416/1
f 3047/5685/1 138/5416/1 3052/5678/1
f 142/222/1 3073/5669/1 3059/5664/1
f 3060/220/1 3047/5685/1 3052/5678/1
f 142/222/1 3059/5664/1 3060/220/1
f 3060/220/1 3052/5678/1 3058/221/1
f 3043/225/1 3044/5683/1 3072/223/1
f 3072/223/1 3071/5684/1 3066/224/1
f 3067/5686/1 3074/5682/1 3070/226/1
f 3070/226/1 2875/176/1 2877/175/1
f 2877/175/1 3062/5679/1 3063/227/1
f 3063/227/1 3067/5686/1 3070/226/1
f 835/229/1 191/5687/1 144/185/1
f 144/185/1 815/5530/1 839/228/1
f 837/231/1 813/188/1 142/222/1
f 142/222/1 187/278/1 832/230/1
f 848/232/1 846/283/1 197/233/1
f 197/233/1 152/195/1 825/191/1
f 841/236/1 822/193/1 150/234/1
f 150/234/1 192/284/1 844/235/1
f 197/233/1 201/287/1 158/202/1
f 3127/5688/1 3128/5689/1 3125/5690/1
f 3125/5690/1 3126/5691/1 3135/5692/1
f 3135/5692/1 3121/5693/1 3123/237/1
f 3123/237/1 3120/5694/1 3118/5695/1
f 3118/5695/1 3112/5696/1 3109/5697/1
f 3109/5697/1 3113/5698/1 3105/5699/1
f 3105/5699/16 3107/5700/16 3102/238/16
f 3102/238/1 3101/5701/1 3104/5702/1
f 3104/5702/16 3099/5703/16 3100/5704/16
f 3100/5704/17 3098/5705/17 3095/5706/17
f 3095/5706/1 3096/5707/1 3097/239/1
f 3097/239/1 3156/5708/1 3155/5709/1
f 3155/5709/14 3137/5710/14 3154/5711/14
f 3154/5711/17 3127/5688/17 3125/5690/17
f 3125/5690/1 3135/5692/1 3123/237/1
f 3123/237/1 3118/5695/1 3109/5697/1
f 3109/5697/1 3105/5699/1 3102/238/1
f 3102/238/1 3104/5702/1 3100/5704/1
f 3100/5704/1 3095/5706/1 3097/239/1
f 3097/239/1 3155/5709/1 3154/5711/1
f 3154/5711/1 3125/5690/1 3123/237/1
f 3123/237/1 3109/5697/1 3102/238/1
f 3102/238/1 3100/5704/1 3097/239/1
f 3097/239/1 3154/5711/1 3123/237/1
f 3147/5712/1 3148/5713/1 3145/5714/1
f 3146/5715/1 3138/5716/1 3130/5717/1
f 3153/5718/1 3147/5712/1 3145/5714/1
f 3146/5715/1 3130/5717/1 3157/5719/1
f 3152/5720/1 3153/5718/1 3145/5714/1
f 3146/5715/1 3157/5719/1 3139/5721/1
f 3151/5722/1 3152/5720/1 3145/5714/1
f 3146/5715/1 3139/5721/1 3143/5723/1
f 3150/5724/1 3151/5722/1 3145/5714/1
f 3146/5715/1 3143/5723/1 204/240/1
f 3140/5725/1 3150/5724/1 3145/5714/1
f 3145/5714/1 3146/5715/1 204/240/1
f 204/240/1 162/205/1 2897/5552/1
f 204/240/1 2897/5552/1 3168/5726/1
f 3140/5725/1 3145/5714/1 204/240/1
f 3142/5727/1 3140/5725/1 204/240/1
f 204/240/1 3168/5726/1 3169/5728/1
f 204/240/1 3169/5728/1 3170/5729/1
f 3144/5730/1 3142/5727/1 204/240/1
f 3141/5731/1 3133/5732/1 3134/5733/1
f 3141/5731/1 3134/5733/1 3144/5730/1
f 3167/242/1 3141/5731/1 3144/5730/1
f 204/240/1 3170/5729/1 3166/241/1
f 3167/242/1 3144/5730/1 204/240/1
f 3089/5734/1 3091/5735/1 3131/5736/1
f 3089/5734/1 3131/5736/1 3161/5737/1
f 3089/5734/1 3161/5737/1 3163/5738/1
f 3163/5738/1 3149/5739/1 3172/5740/1
f 3164/5741/1 3166/241/1 3170/5729/1
f 3163/5738/1 3172/5740/1 3164/5741/1
f 3089/5734/1 3163/5738/1 3164/5741/1
f 3164/5741/1 3170/5729/1 3078/5742/1
f 3077/5743/1 3162/5744/1 3165/5745/1
f 3089/5734/1 3164/5741/1 3078/5742/1
f 3079/5746/1 3089/5734/1 3078/5742/1
f 3165/5745/1 3169/5728/1 3168/5726/1
f 3165/5745/1 3168/5726/1 3160/5747/1
f 3077/5743/1 3165/5745/1 3160/5747/1
f 3159/5748/1 3171/5749/1 2902/5538/1
f 3159/5748/1 2902/5538/1 158/202/1
f 201/287/1 3088/5750/1 3087/5751/1
f 201/287/1 3087/5751/1 3090/5752/1
f 3159/5748/1 158/202/1 201/287/1
f 3160/5747/1 3159/5748/1 201/287/1
f 201/287/1 3090/5752/1 3117/5753/1
f 201/287/1 3117/5753/1 3116/5754/1
f 3077/5743/1 3160/5747/1 201/287/1
f 3078/5742/1 3077/5743/1 201/287/1
f 201/287/1 3116/5754/1 3108/5755/1
f 201/287/1 3108/5755/1 3114/5756/1
f 3079/5746/1 3078/5742/1 201/287/1
f 3080/245/1 3079/5746/1 201/287/1
f 3132/5757/1 3133/5732/1 3141/5731/1
f 3122/5758/1 3132/5757/1 3141/5731/1
f 3129/5759/1 3130/5717/1 3138/5716/1
f 3129/5759/1 3138/5716/1 3086/5760/1
f 3136/5761/1 3129/5759/1 3086/5760/1
f 3124/5762/1 3136/5761/1 3086/5760/1
f 3158/5763/1 3124/5762/1 3086/5760/1
f 3114/5756/1 3158/5763/1 3086/5760/1
f 3122/5758/1 3141/5731/1 3080/245/1
f 3119/5764/1 3122/5758/1 3080/245/1
f 201/287/1 3114/5756/1 3086/5760/1
f 201/287/1 3086/5760/1 3081/5765/1
f 3111/5766/1 3119/5764/1 3080/245/1
f 3110/5767/1 3111/5766/1 3080/245/1
f 3080/245/1 201/287/1 3081/5765/1
f 3080/245/1 3081/5765/1 3085/5768/1
f 3106/5769/1 3110/5767/1 3080/245/1
f 3115/5770/1 3106/5769/1 3080/245/1
f 3080/245/1 3085/5768/1 3084/5771/1
f 3080/245/1 3084/5771/1 3083/5772/1
f 3103/5773/1 3115/5770/1 3080/245/1
f 3092/5774/1 3103/5773/1 3080/245/1
f 3080/245/1 3083/5772/1 3082/5775/1
f 3080/245/1 3082/5775/1 3094/243/1
f 3093/244/1 3092/5774/1 3080/245/1
f 204/240/1 209/246/1 164/206/1
f 209/246/1 214/247/1 170/207/1
f 214/247/1 216/305/1 174/248/1
f 2922/252/1 3178/5776/1 3176/253/1
f 3179/5777/1 3177/5778/1 3175/5779/1
f 3175/5779/1 2924/5558/1 174/248/1
f 174/248/1 216/305/1 218/259/1
f 218/259/1 3183/261/1 3174/255/1
f 3173/256/1 3179/5777/1 3175/5779/1
f 174/248/1 218/259/1 3174/255/1
f 3173/256/1 3175/5779/1 174/248/1
f 178/254/1 3176/253/1 3184/257/1
f 3187/5780/1 3186/5781/1 3190/5782/1
f 3190/5782/1 3189/5783/1 221/5784/1
f 182/219/1 2995/5650/1 3193/5785/1
f 182/219/1 3193/5785/1 3194/5786/1
f 3190/5782/1 221/5784/1 182/219/1
f 3191/5787/1 3187/5780/1 3190/5782/1
f 3177/5778/1 3179/5777/1 3195/263/1
f 3191/5787/1 3190/5782/1 182/219/1
f 3196/262/1 3177/5778/1 3195/263/1
f 3195/263/1 3191/5787/1 182/219/1
f 182/219/1 3194/5786/1 3196/262/1
f 3180/264/1 3182/5788/1 3188/265/1
f 3214/5789/17 3210/5790/17 3224/5791/17
f 3224/5791/1 3204/5792/1 3205/5793/1
f 3205/5793/17 3208/5794/17 3209/267/17
f 3209/267/1 3248/5795/1 3250/687/1
f 3250/687/1 3239/688/1 3240/5796/1
f 3240/5796/1 3238/5797/1 3249/5798/1
f 3249/5798/1 3233/5799/1 3235/268/1
f 3235/268/1 3236/5800/1 3231/5801/1
f 3231/5801/1 3230/5802/1 3228/5803/1
f 3228/5803/1 3225/5804/1 3226/5805/1
f 3226/5805/1 3218/5806/1 3219/269/1
f 3219/269/1 3221/5807/1 3216/5808/1
f 3216/5808/1 3223/5809/1 3211/5810/1
f 3211/5810/1 3214/5789/1 3224/5791/1
f 3224/5791/1 3205/5793/1 3209/267/1
f 3209/267/1 3250/687/1 3240/5796/1
f 3240/5796/1 3249/5798/1 3235/268/1
f 3235/268/1 3231/5801/1 3228/5803/1
f 3228/5803/1 3226/5805/1 3219/269/1
f 3219/269/1 3216/5808/1 3211/5810/1
f 3211/5810/1 3224/5791/1 3209/267/1
f 3209/267/1 3240/5796/1 3235/268/1
f 3235/268/1 3228/5803/1 3219/269/1
f 3219/269/1 3211/5810/1 3209/267/1
f 3286/5811/1 3284/5812/1 3280/270/1
f 3280/270/1 3265/5813/1 3268/5814/1
f 3280/270/1 3268/5814/1 3278/5815/1
f 3282/5816/1 3286/5811/1 3280/270/1
f 3312/5817/1 3282/5816/1 3280/270/1
f 3280/270/1 3278/5815/1 3272/5818/1
f 3280/270/1 3272/5818/1 3276/271/1
f 3274/272/1 3312/5817/1 3280/270/1
f 3307/5819/1 3254/5820/1 3257/5821/1
f 3307/5819/1 3257/5821/1 3258/5822/1
f 187/278/1 3057/5680/1 3307/5819/1
f 3242/5823/1 222/329/1 187/278/1
f 3241/5824/1 3242/5823/1 187/278/1
f 187/278/1 3307/5819/1 3258/5822/1
f 3260/5825/1 3256/5826/1 3255/5827/1
f 187/278/1 3258/5822/1 3260/5825/1
f 3244/5828/1 3241/5824/1 187/278/1
f 3243/5829/1 3244/5828/1 187/278/1
f 187/278/1 3260/5825/1 3255/5827/1
f 187/278/1 3255/5827/1 3308/5830/1
f 3247/5831/1 3243/5829/1 187/278/1
f 3246/5832/1 3247/5831/1 187/278/1
f 187/278/1 3308/5830/1 3280/270/1
f 3280/270/1 3284/5812/1 3294/5833/1
f 3280/270/1 3294/5833/1 3288/5834/1
f 3245/275/1 3246/5832/1 187/278/1
f 187/278/1 3280/270/1 3288/5834/1
f 187/278/1 3288/5834/1 3292/5835/1
f 221/5784/1 3203/5836/1 3199/5837/1
f 3053/5677/1 182/219/1 221/5784/1
f 3197/5838/1 3259/5839/1 3253/5840/1
f 3253/5840/1 3053/5677/1 221/5784/1
f 221/5784/1 3199/5837/1 3202/5841/1
f 221/5784/1 3202/5841/1 3201/5842/1
f 3197/5838/1 3253/5840/1 221/5784/1
f 3268/5814/1 3265/5813/1 3198/5843/1
f 3198/5843/1 3197/5838/1 221/5784/1
f 221/5784/1 3201/5842/1 3200/5844/1
f 221/5784/1 3200/5844/1 3207/5845/1
f 3270/5846/1 3268/5814/1 3198/5843/1
f 3266/5847/1 3270/5846/1 3198/5843/1
f 3198/5843/1 221/5784/1 3207/5845/1
f 3198/5843/1 3207/5845/1 3206/5848/1
f 3264/5849/1 3266/5847/1 3198/5843/1
f 3262/5850/1 3264/5849/1 3198/5843/1
f 3198/5843/1 3206/5848/1 3213/5851/1
f 3198/5843/1 3213/5851/1 3212/5852/1
f 3261/5853/1 3262/5850/1 3198/5843/1
f 3263/5854/1 3261/5853/1 3198/5843/1
f 3198/5843/1 3212/5852/1 3222/5855/1
f 3198/5843/1 3222/5855/1 3215/5856/1
f 3281/5857/1 3263/5854/1 3198/5843/1
f 3267/5858/1 3281/5857/1 3198/5843/1
f 3198/5843/1 3215/5856/1 3220/5859/1
f 3198/5843/1 3220/5859/1 3217/5860/1
f 3271/5861/17 3267/5858/17 3198/5843/17
f 3269/5862/16 3271/5861/16 3198/5843/16
f 3198/5843/1 3217/5860/1 3227/5863/1
f 3198/5843/1 3227/5863/1 3229/5864/1
f 3279/5865/1 3269/5862/1 3198/5843/1
f 3273/5866/1 3279/5865/1 3198/5843/1
f 3198/5843/1 3229/5864/1 3237/5867/1
f 3198/5843/1 3237/5867/1 3232/5868/1
f 3273/5866/1 3198/5843/1 3232/5868/1
f 3273/5866/1 3232/5868/1 3234/5869/1
f 3277/5870/1 3273/5866/1 3234/5869/1
f 3277/5870/1 3234/5869/1 3251/5871/1
f 3275/5872/1 3277/5870/1 3251/5871/1
f 3275/5872/1 3251/5871/1 3252/5873/1
f 3311/5874/1 3275/5872/1 3252/5873/1
f 187/278/1 3292/5835/1 3290/5875/1
f 187/278/1 3290/5875/1 3310/5876/1
f 3311/5874/1 3252/5873/1 3245/275/1
f 3283/5877/1 3311/5874/1 3245/275/1
f 187/278/1 3310/5876/1 3296/5878/1
f 187/278/1 3296/5878/1 3298/5879/1
f 3287/5880/1 3283/5877/1 3245/275/1
f 3285/5881/1 3287/5880/1 3245/275/1
f 187/278/1 3298/5879/1 3300/5882/1
f 187/278/1 3300/5882/1 3305/5883/1
f 3295/5884/1 3285/5881/1 3245/275/1
f 3289/5885/1 3295/5884/1 3245/275/1
f 187/278/1 3305/5883/1 3303/5886/1
f 187/278/1 3303/5886/1 3302/5887/1
f 3293/5888/1 3289/5885/1 3245/275/1
f 3291/5889/1 3293/5888/1 3245/275/1
f 187/278/1 3302/5887/1 3304/5890/1
f 187/278/1 3304/5890/1 3301/5891/1
f 3309/5892/16 3291/5889/16 3245/275/16
f 3297/5893/1 3309/5892/1 3245/275/1
f 3245/275/1 187/278/1 3301/5891/1
f 3245/275/1887 3301/5891/1887 3306/273/1887
f 3299/274/1 3297/5893/1 3245/275/1
f 853/276/1 852/328/1 225/277/1
f 225/277/1 191/5687/1 835/229/1
f 850/280/1 832/230/1 187/278/1
f 187/278/1 222/329/1 856/279/1
f 864/281/1 862/334/1 228/282/1
f 228/282/1 197/233/1 846/283/1
f 857/286/1 844/235/1 192/284/1
f 192/284/1 226/335/1 859/285/1
f 228/282/1 230/294/1 201/287/1
f 3379/288/1 3380/5894/1 3451/289/1
f 3449/291/1 3450/5895/1 3458/292/1
f 3332/5896/1 3325/5897/1 3326/5898/1
f 3326/5898/16 3333/5899/16 3340/5900/16
f 3340/5900/17 3345/5901/17 3358/5902/17
f 3358/5902/1 3346/5903/1 3353/5904/1
f 3353/5904/1 3347/5905/1 3351/5906/1
f 3351/5906/1 3348/5907/1 3361/5908/1
f 3361/5908/1 3364/5909/1 3362/5910/1
f 3362/5910/1 3366/5911/1 3368/5912/1
f 3368/5912/1 3381/5913/1 3370/5914/1
f 3370/5914/1 3371/5915/1 3377/5916/1
f 3377/5916/1 3376/5917/1 3405/5918/1
f 3405/5918/1 3391/5919/1 3389/5920/1
f 3389/5920/1 3404/5921/1 3392/5922/1
f 3392/5922/1 3399/5923/1 3387/5924/1
f 3387/5924/14 3388/5925/14 3386/5926/14
f 3386/5926/1 3390/5927/1 3385/5928/1
f 3385/5928/1 3384/5929/1 3383/5930/1
f 3383/5930/1 3374/5931/1 3375/5932/1
f 3375/5932/21 3373/5933/21 3380/5894/21
f 3380/5894/1 3379/288/1 3319/5934/1
f 3321/5935/1 3450/5895/1 3449/291/1
f 3375/5932/1 3380/5894/1 3319/5934/1
f 3321/5935/1 3449/291/1 3408/5936/1
f 3383/5930/1 3375/5932/1 3319/5934/1
f 3321/5935/1 3408/5936/1 3407/5937/1
f 3385/5928/1 3383/5930/1 3319/5934/1
f 3386/5926/1 3385/5928/1 3319/5934/1
f 3392/5922/1 3387/5924/1 3386/5926/1
f 3405/5918/1 3389/5920/1 3392/5922/1
f 3370/5914/1 3377/5916/1 3405/5918/1
f 3362/5910/1 3368/5912/1 3370/5914/1
f 3351/5906/1 3361/5908/1 3362/5910/1
f 3358/5902/1 3353/5904/1 3351/5906/1
f 3326/5898/1 3340/5900/1 3358/5902/1
f 3337/5938/14 3332/5896/14 3326/5898/14
f 3338/5939/1 3339/5940/1 3337/5938/1
f 3341/5941/21 3344/5942/21 3338/5939/21
f 3342/5943/21 3343/5944/21 3341/5941/21
f 3356/5945/19 3357/5946/19 3342/5943/19
f 3355/5947/1 3356/5945/1 3342/5943/1
f 3342/5943/17 3341/5941/17 3338/5939/17
f 3338/5939/1 3337/5938/1 3326/5898/1
f 3326/5898/1 3358/5902/1 3351/5906/1
f 3351/5906/1 3362/5910/1 3370/5914/1
f 3370/5914/1 3405/5918/1 3392/5922/1
f 3392/5922/1 3386/5926/1 3319/5934/1
f 3370/5914/1 3392/5922/1 3319/5934/1
f 3326/5898/1 3351/5906/1 3370/5914/1
f 3342/5943/1 3338/5939/1 3326/5898/1
f 3355/5947/1 3342/5943/1 3326/5898/1
f 3411/5948/1 3088/5750/1 201/287/1
f 204/240/1 3143/5723/1 3465/5949/1
f 204/240/1 3465/5949/1 3466/5950/1
f 3412/5951/1 3411/5948/1 201/287/1
f 3413/5952/1 3412/5951/1 201/287/1
f 204/240/1 3466/5950/1 3467/5953/1
f 204/240/1 3467/5953/1 3468/5954/1
f 3409/5955/1 3413/5952/1 201/287/1
f 3410/5956/1 3409/5955/1 201/287/1
f 204/240/1 3468/5954/1 3442/5957/1
f 204/240/1 3442/5957/1 3444/5958/1
f 3410/5956/1 201/287/1 230/294/1
f 3407/5937/1 3410/5956/1 230/294/1
f 204/240/1 3444/5958/1 3446/5959/1
f 3446/5959/1 3448/5960/1 3461/5961/1
f 204/240/1 3446/5959/1 3461/5961/1
f 3321/5935/1 3407/5937/1 230/294/1
f 3319/5934/1 3321/5935/1 230/294/1
f 232/295/1 204/240/1 3461/5961/1
f 232/295/1 3461/5961/1 3462/293/1
f 3355/5947/1 3326/5898/1 3370/5914/1
f 3355/5947/1 3370/5914/1 3319/5934/1
f 232/295/1 3462/293/1 3458/292/1
f 3459/5962/1 3440/5963/1 3438/5964/1
f 232/295/1 3458/292/1 3459/5962/1
f 3327/5965/1 3355/5947/1 3319/5934/1
f 3328/5966/1 3327/5965/1 3319/5934/1
f 3459/5962/1 3438/5964/1 3460/5967/1
f 3457/290/1 3451/289/1 3452/738/1
f 232/295/1 3459/5962/1 3460/5967/1
f 3457/290/1 3452/738/1 3453/5968/1
f 232/295/1 3460/5967/1 3457/290/1
f 3328/5966/1 3319/5934/1 230/294/1
f 3329/5969/16 3328/5966/16 230/294/16
f 232/295/1 3457/290/1 3453/5968/1
f 232/295/1 3453/5968/1 3454/5970/1
f 3330/5971/1 3329/5969/1 230/294/1
f 3331/5972/1 3330/5971/1 230/294/1
f 232/295/1 3454/5970/1 3455/5973/1
f 232/295/1 3455/5973/1 3456/5974/1
f 3318/5975/1 3331/5972/1 230/294/1
f 3320/5976/1 3318/5975/1 230/294/1
f 232/295/1 3456/5974/1 3463/5977/1
f 232/295/1 3463/5977/1 3464/744/1
f 3322/5978/1 3320/5976/1 230/294/1
f 3323/5979/1 3322/5978/1 230/294/1
f 232/295/1 3464/744/1 3396/743/1
f 232/295/1 3396/743/1 3397/745/1
f 3315/5980/1 3323/5979/1 230/294/1
f 3316/5981/1 3315/5980/1 230/294/1
f 232/295/1 3397/745/1 3395/5982/1
f 232/295/1 3395/5982/1 3393/5983/1
f 3313/5984/1 3316/5981/1 230/294/1
f 3314/5985/1 3313/5984/1 230/294/1
f 232/295/1 3393/5983/1 3394/5986/1
f 232/295/1 3394/5986/1 3398/742/1
f 3317/5987/1 3314/5985/1 230/294/1
f 3324/5988/1 3317/5987/1 230/294/1
f 232/295/1 3398/742/1 3400/5989/1
f 232/295/1 3400/5989/1 3401/5990/1
f 3334/5991/1 3324/5988/1 230/294/1
f 3335/5992/1 3334/5991/1 230/294/1
f 232/295/1 3401/5990/1 3402/737/1
f 232/295/1 3402/737/1 3403/5993/1
f 3336/5994/1 3335/5992/1 230/294/1
f 3359/5995/1 3336/5994/1 230/294/1
f 232/295/1 3403/5993/1 3406/5996/1
f 232/295/1 3406/5996/1 3378/5997/1
f 3354/5998/1 3359/5995/1 230/294/1
f 3352/5999/1 3354/5998/1 230/294/1
f 232/295/1 3378/5997/1 3372/6000/1
f 232/295/1 3372/6000/1 3382/6001/1
f 3350/6002/1 3352/5999/1 230/294/1
f 3349/6003/1 3350/6002/1 230/294/1
f 232/295/1 3382/6001/1 3369/6004/1
f 232/295/1 3369/6004/1 3367/6005/1
f 3365/6006/1 3349/6003/1 230/294/1
f 232/295/1 3367/6005/1 3363/296/1
f 3363/296/1 3365/6006/1 230/294/1
f 3434/6007/1 3431/6008/1 3435/6009/1
f 3435/6009/1 3430/6010/1 3429/6011/1
f 3429/6011/1 3436/6012/1 3426/300/1
f 3426/300/1 3427/6013/1 3428/6014/1
f 3428/6014/1 3424/6015/1 3425/6016/1
f 3425/6016/16 3423/6017/16 3420/6018/16
f 3420/6018/1 3417/6019/1 3418/301/1
f 3418/301/16 3416/6020/16 3419/6021/16
f 3419/6021/1 3414/6022/1 3415/6023/1
f 3415/6023/1 3421/6024/1 3422/6025/1
f 3422/6025/1 3447/6026/1 3445/302/1
f 3445/302/14 3437/6027/14 3443/6028/14
f 3443/6028/17 3432/6029/17 3433/6030/17
f 3433/6030/17 3434/6007/17 3435/6009/17
f 3435/6009/1 3429/6011/1 3426/300/1
f 3426/300/1 3428/6014/1 3425/6016/1
f 3425/6016/1 3420/6018/1 3418/301/1
f 3418/301/1 3419/6021/1 3415/6023/1
f 3415/6023/1 3422/6025/1 3445/302/1
f 3445/302/1 3443/6028/1 3433/6030/1
f 3433/6030/1 3435/6009/1 3426/300/1
f 3426/300/1 3425/6016/1 3418/301/1
f 3418/301/1 3415/6023/1 3445/302/1
f 3445/302/1 3433/6030/1 3426/300/1
f 232/295/1 234/303/1 209/246/1
f 234/303/1 236/304/1 214/247/1
f 236/304/1 238/356/1 216/305/1
f 3475/6031/1 3483/6032/1 3482/6033/1
f 3475/6031/1 3482/6033/1 3474/306/1
f 3478/6034/1 3477/6035/1 3476/6036/1
f 3469/6037/1 3478/6034/1 3476/6036/1
f 238/356/1 3470/6038/1 3469/6037/1
f 3479/6039/1 218/259/1 216/305/1
f 3471/6040/1 3479/6039/1 216/305/1
f 216/305/1 238/356/1 3469/6037/1
f 216/305/1 3469/6037/1 3476/6036/1
f 3472/6041/1 3471/6040/1 216/305/1
f 3481/6042/1 3480/6043/1 3472/6041/1
f 3473/307/1 3481/6042/1 3472/6041/1
f 216/305/1 3476/6036/1 3475/6031/1
f 216/305/1 3475/6031/1 3474/306/1
f 3473/307/1 3472/6041/1 216/305/1
f 3552/6044/1 3506/6045/1 3509/6046/1
f 3509/6046/1 3504/6047/1 3508/6048/1
f 3508/6048/1 3501/6049/1 3500/308/1
f 3500/308/1 3497/6050/1 3493/6051/1
f 3493/6051/1 3494/6052/1 3492/6053/1
f 3492/6053/1 3489/6054/1 3487/6055/1
f 3487/6055/1 3485/6056/1 3477/6035/1
f 3477/6035/1 3478/6034/1 3484/6057/1
f 3484/6057/1 3488/6058/1 3490/6059/1
f 3490/6059/1 3495/6060/1 3513/6061/1
f 3513/6061/1 3498/6062/1 3503/309/1
f 3503/309/1 3499/6063/1 3502/6064/1
f 3502/6064/16 3512/6065/16 3505/6066/16
f 3505/6066/1 3510/6067/1 3507/6068/1
f 3507/6068/1 3553/6069/1 3515/6070/1
f 3515/6070/21 3520/6071/21 3518/6072/21
f 3518/6072/21 3529/6073/21 3521/6074/21
f 3521/6074/14 3523/6075/14 3527/6076/14
f 3527/6076/1 3524/6077/1 3545/310/1
f 3545/310/21 3532/6078/21 3530/856/21
f 3530/856/1 3531/857/1 3544/6079/1
f 3544/6079/14 3525/6080/14 3526/6081/14
f 3526/6081/1 3522/6082/1 3528/6083/1
f 3528/6083/14 3516/6084/14 3517/6085/14
f 3517/6085/17 3519/6086/17 3514/6087/17
f 3514/6087/1 3552/6044/1 3509/6046/1
f 3509/6046/1 3508/6048/1 3500/308/1
f 3500/308/1 3493/6051/1 3492/6053/1
f 3492/6053/1 3487/6055/1 3477/6035/1
f 3477/6035/1 3484/6057/1 3490/6059/1
f 3490/6059/1 3513/6061/1 3503/309/1
f 3503/309/1 3502/6064/1 3505/6066/1
f 3505/6066/1 3507/6068/1 3515/6070/1
f 3515/6070/17 3518/6072/17 3521/6074/17
f 3521/6074/16 3527/6076/16 3545/310/16
f 3545/310/1 3530/856/1 3544/6079/1
f 3544/6079/1 3526/6081/1 3528/6083/1
f 3528/6083/16 3517/6085/16 3514/6087/16
f 3514/6087/1 3509/6046/1 3500/308/1
f 3500/308/1 3492/6053/1 3477/6035/1
f 3477/6035/1 3490/6059/1 3503/309/1
f 3503/309/1 3505/6066/1 3515/6070/1
f 3515/6070/1 3521/6074/1 3545/310/1
f 3545/310/1 3544/6079/1 3528/6083/1
f 3528/6083/1 3514/6087/1 3500/308/1
f 3500/308/1 3477/6035/1 3503/309/1
f 3503/309/1 3515/6070/1 3545/310/1
f 3545/310/1 3528/6083/1 3500/308/1
f 3559/6088/1 3192/260/1 218/259/1
f 218/259/1 3479/6039/1 3555/6089/1
f 3558/6090/1 3480/6043/1 3481/6042/1
f 3559/6088/1 218/259/1 3555/6089/1
f 221/5784/1 3189/5783/1 3559/6088/1
f 3547/6091/1 3548/6092/1 241/318/1
f 3546/6093/1 3547/6091/1 241/318/1
f 241/318/1 221/5784/1 3559/6088/1
f 241/318/1 3559/6088/1 3555/6089/1
f 3541/6094/1 3546/6093/1 241/318/1
f 3540/6095/1 3541/6094/1 241/318/1
f 241/318/1 3555/6089/1 3558/6090/1
f 3481/6042/1 3549/6096/1 3554/6097/1
f 3558/6090/1 3481/6042/1 3554/6097/1
f 3539/6098/1 3540/6095/1 241/318/1
f 3536/6099/1 3539/6098/1 241/318/1
f 3558/6090/1 3554/6097/1 3557/6100/1
f 3556/311/1 3482/6033/1 3483/6032/1
f 241/318/1 3558/6090/1 3557/6100/1
f 3556/311/1 3483/6032/1 3486/6101/1
f 241/318/1 3557/6100/1 3556/311/1
f 3535/6102/1 3536/6099/1 241/318/1
f 3538/6103/1 3535/6102/1 241/318/1
f 3556/311/1 3486/6101/1 3491/6104/1
f 3556/311/1 3491/6104/1 3496/6105/1
f 3538/6103/1 241/318/1 3556/311/1
f 3537/6106/1 3538/6103/1 3556/311/1
f 3556/311/1 3496/6105/1 3511/6107/1
f 3556/311/1 3511/6107/1 3550/6108/1
f 3534/6109/1 3537/6106/1 3556/311/1
f 3533/6110/1 3534/6109/1 3556/311/1
f 3556/311/1 3550/6108/1 3551/6111/1
f 3556/311/1 3551/6111/1 3542/312/1
f 3543/313/1 3533/6110/1 3556/311/1
f 3618/6112/1 3566/6113/1 3576/6114/1
f 3618/6112/1 3576/6114/1 3619/6115/1
f 3602/6116/1 3598/6117/1 3608/6118/1
f 3600/6119/1 3602/6116/1 3608/6118/1
f 3607/6120/1 3600/6119/1 3608/6118/1
f 3610/6121/1 3607/6120/1 3608/6118/1
f 3617/6122/1 3610/6121/1 3608/6118/1
f 3617/6122/1 3608/6118/1 3618/6112/1
f 3612/6123/1 3617/6122/1 3618/6112/1
f 3612/6123/1 3618/6112/1 3619/6115/1
f 3615/6124/1 3612/6123/1 3619/6115/1
f 3615/6124/1 3619/6115/1 3620/6125/1
f 3613/6126/1 3615/6124/1 3620/6125/1
f 3605/6127/1 3603/6128/1 3597/6129/1
f 222/329/1 3242/5823/1 3605/6127/1
f 3203/5836/1 221/5784/1 241/318/1
f 3575/6130/1 3568/323/1 3563/6131/1
f 3563/6131/1 3203/5836/1 241/318/1
f 243/319/1 222/329/1 3605/6127/1
f 3605/6127/1 3597/6129/1 3601/6132/1
f 3605/6127/1 3601/6132/1 3599/6133/1
f 3573/6134/1 3575/6130/1 3563/6131/1
f 3570/6135/1 3573/6134/1 3563/6131/1
f 3605/6127/1 3599/6133/1 3606/6136/1
f 3605/6127/1 3606/6136/1 3609/6137/1
f 3569/6138/1 3570/6135/1 3563/6131/1
f 3571/6139/1 3569/6138/1 3563/6131/1
f 3605/6127/1 3609/6137/1 3611/6140/1
f 3605/6127/17 3611/6140/17 3616/6141/17
f 3574/6142/1 3571/6139/1 3563/6131/1
f 3565/322/1 3590/6143/1 3572/6144/1
f 3572/6144/1 3574/6142/1 3563/6131/1
f 243/319/1 3605/6127/1 3616/6141/1
f 243/319/19 3616/6141/19 3614/6145/19
f 3565/322/1 3572/6144/1 3563/6131/1
f 3562/6146/1 3565/322/1 3563/6131/1
f 243/319/1 3614/6145/1 3613/6126/1
f 243/319/1 3613/6126/1 3620/6125/1
f 3562/6146/1 3563/6131/1 241/318/1
f 243/319/1 3620/6125/1 3560/317/1
f 3560/317/1 3562/6146/1 241/318/1
f 3581/6147/1 3590/6143/1 3565/322/1
f 3565/322/1 3608/6118/1 3598/6117/1
f 3565/322/1 3598/6117/1 3604/6148/1
f 3579/6149/1 3581/6147/1 3565/322/1
f 3589/6150/1 3579/6149/1 3565/322/1
f 3565/322/1 3604/6148/1 3594/6151/1
f 3565/322/1 3594/6151/1 3596/6152/1
f 3583/6153/1 3589/6150/1 3565/322/1
f 3587/6154/1 3583/6153/1 3565/322/1
f 3565/322/1 3596/6152/1 3592/6155/1
f 3565/322/1 3592/6155/1 3622/320/1
f 3585/321/1 3587/6154/1 3565/322/1
f 3603/6128/1 3605/6127/1 3568/323/1
f 3568/323/1 3575/6130/1 3577/6156/1
f 3568/323/1 3577/6156/1 3580/6157/1
f 3593/6158/1 3603/6128/1 3568/323/1
f 3595/6159/17 3593/6158/17 3568/323/17
f 3568/323/1 3580/6157/1 3578/6160/1
f 3568/323/1 3578/6160/1 3588/6161/1
f 3591/6162/1 3595/6159/1 3568/323/1
f 3621/6163/1 3591/6162/1 3568/323/1
f 3568/323/1 3588/6161/1 3582/6164/1
f 3568/323/1 3582/6164/1 3586/324/1
f 3584/325/1 3621/6163/1 3568/323/1
f 869/326/1 868/365/1 245/327/1
f 245/327/1 225/277/1 852/328/1
f 865/331/1 856/279/1 222/329/1
f 222/329/1 243/319/1 872/330/1
f 880/332/1 878/369/1 249/333/1
f 249/333/1 228/282/1 862/334/1
f 874/337/1 859/285/1 226/335/1
f 226/335/1 248/370/1 876/336/1
f 249/333/1 251/374/1 230/294/1
f 3642/6165/1 3641/6166/1 3651/6167/1
f 3642/6165/1 3651/6167/1 3649/6168/1
f 3643/6169/14 3644/6170/14 3642/6165/14
f 3645/6171/21 3646/6172/21 3643/6169/21
f 3647/6173/14 3657/6174/14 3645/6171/14
f 3653/6175/1 3654/6176/1 3647/6173/1
f 3650/6177/1 3652/6178/1 3653/6175/1
f 3655/342/1 3656/6179/1 3650/6177/1
f 3688/6180/1 3660/6181/1 3655/342/1
f 3688/6180/1 3655/342/1 3650/6177/1
f 3650/6177/1 3653/6175/1 3647/6173/1
f 3647/6173/1 3645/6171/1 3643/6169/1
f 3643/6169/1 3642/6165/1 3649/6168/1
f 3643/6169/1 3649/6168/1 3668/6182/1
f 3650/6177/1 3647/6173/1 3643/6169/1
f 3688/6180/1 3650/6177/1 3643/6169/1
f 3643/6169/1 3668/6182/1 3667/6183/1
f 3643/6169/1 3667/6183/1 3661/6184/1
f 3688/6180/1 3643/6169/1 3661/6184/1
f 3688/6180/1 3661/6184/1 3664/6185/1
f 3688/6180/1 3664/6185/1 3670/6186/1
f 3688/6180/1 3670/6186/1 3672/6187/1
f 3688/6180/1 3672/6187/1 3675/6188/1
f 3688/6180/1 3675/6188/1 3694/750/1
f 3688/6180/1 3694/750/1 3695/6189/1
f 3688/6180/1 3695/6189/1 3683/6190/1
f 3688/6180/1 3683/6190/1 3690/6191/1
f 3688/6180/1 3690/6191/1 3691/6192/1
f 3688/6180/1 3691/6192/1 3692/6193/1
f 3688/6180/1 3692/6193/1 3693/6194/1
f 3688/6180/1 3693/6194/1 3689/6195/1
f 3688/6180/1 3689/6195/1 3687/6196/1
f 3705/348/1878 3688/6180/1878 3687/6196/1878
f 3686/6197/1 3685/6198/1 253/353/1
f 3705/348/17 3687/6196/17 3686/6197/17
f 3704/6199/1 3705/348/1 3686/6197/1
f 3686/6197/1 253/353/1 232/295/1
f 230/294/1 251/374/1 3623/6200/1
f 230/294/16 3623/6200/16 3626/6201/16
f 3704/6199/1 3686/6197/1 232/295/1
f 3700/6202/1 3697/6203/1 3703/6204/1
f 3703/6204/1 3704/6199/1 232/295/1
f 230/294/1 3626/6201/1 3625/6205/1
f 230/294/1 3625/6205/1 3624/6206/1
f 3702/6207/1 3700/6202/1 3703/6204/1
f 3702/6207/1 3703/6204/1 232/295/1
f 230/294/1 3624/6206/1 3631/6208/1
f 230/294/1 3631/6208/1 3630/6209/1
f 3701/6210/1 3702/6207/1 232/295/1
f 3627/6211/1 3701/6210/1 232/295/1
f 230/294/1 3630/6209/1 3632/6212/1
f 230/294/1 3632/6212/1 3636/6213/1
f 3627/6211/1 232/295/1 230/294/1
f 3633/340/1 3629/6214/1 3628/349/1
f 3628/349/1 3627/6211/1 230/294/1
f 230/294/1 3636/6213/1 3635/6215/1
f 230/294/1 3635/6215/1 3634/338/1
f 3633/340/1 3628/349/1 230/294/1
f 3638/341/1 3637/343/1 3633/340/1
f 3639/6216/1 3638/341/1 3633/340/1
f 3633/340/16 230/294/16 3634/338/16
f 3640/339/1 3639/6216/1 3633/340/1
f 3638/341/1 3656/6179/1 3655/342/1
f 3676/6217/1 3674/6218/1 3671/344/1
f 3671/344/1 3669/6219/1 3663/6220/1
f 3663/6220/1 3662/6221/1 3666/6222/1
f 3666/6222/1 3665/6223/1 3681/6224/1
f 3681/6224/21 3680/6225/21 3682/345/21
f 3682/345/1 3679/6226/1 3684/6227/1
f 3684/6227/16 3677/6228/16 3678/346/16
f 3678/346/17 3696/749/17 3673/751/17
f 3673/751/1 3676/6217/1 3671/344/1
f 3671/344/1 3663/6220/1 3666/6222/1
f 3666/6222/1 3681/6224/1 3682/345/1
f 3682/345/1 3684/6227/1 3678/346/1
f 3678/346/1 3673/751/1 3671/344/1
f 3671/344/1 3666/6222/1 3682/345/1
f 3658/347/1 3659/6229/1 3705/348/1
f 3705/348/1 3704/6199/1 3628/349/1
f 3628/349/1 3629/6214/1 3658/347/1
f 253/353/1 255/354/1 234/303/1
f 255/354/1 257/355/1 236/304/1
f 257/355/1 259/393/1 238/356/1
f 3723/6230/16 3724/6231/16 3730/6232/16
f 3730/6232/1 3735/6233/1 3733/6234/1
f 3733/6234/1 3747/6235/1 3744/6236/1
f 3744/6236/1 3741/6237/1 3739/6238/1
f 3715/6239/1 3750/6240/1 3749/6241/1
f 3714/6242/1 3470/6038/1 238/356/1
f 3715/6239/1 3749/6241/1 3714/6242/1
f 3715/6239/1 3714/6242/1 238/356/1
f 238/356/1 259/393/1 261/395/1
f 261/395/1 3742/6243/1 3745/6244/1
f 261/395/1 3745/6244/1 3748/6245/1
f 3711/357/1 3715/6239/1 238/356/1
f 3744/6236/1 3739/6238/1 3738/6246/1
f 3730/6232/1 3733/6234/1 3744/6236/1
f 3727/6247/1 3723/6230/1 3730/6232/1
f 3728/6248/1 3729/6249/1 3727/6247/1
f 3731/6250/1 3734/6251/1 3728/6248/1
f 3746/6252/16 3732/6253/16 3731/6250/16
f 3737/6254/1 3736/6255/1 3746/6252/1
f 3740/6256/17 3743/6257/17 3737/6254/17
f 3740/6256/1 3737/6254/1 3746/6252/1
f 3746/6252/1 3731/6250/1 3728/6248/1
f 3728/6248/1 3727/6247/1 3730/6232/1
f 238/356/1 261/395/1 3748/6245/1
f 238/356/1 3748/6245/1 3752/6258/1
f 238/356/1 3752/6258/1 3751/6259/1
f 238/356/1 3751/6259/1 3726/6260/1
f 238/356/1 3726/6260/1 3725/6261/1
f 238/356/1 3725/6261/1 3710/6262/1
f 238/356/1 3710/6262/1 3707/6263/1
f 238/356/1 3707/6263/1 3706/6264/1
f 3711/357/1 238/356/1 3706/6264/1
f 3711/357/16 3706/6264/16 3709/6265/16
f 3728/6248/1 3730/6232/1 3744/6236/1
f 3740/6256/1 3746/6252/1 3728/6248/1
f 3740/6256/1 3728/6248/1 3744/6236/1
f 3711/357/1 3709/6265/1 3708/6266/1
f 3711/357/1 3708/6266/1 3716/6267/1
f 3740/6256/1 3744/6236/1 3738/6246/1
f 3717/6268/1 3740/6256/1 3738/6246/1
f 3711/357/1 3716/6267/1 3713/6269/1
f 3711/357/1 3713/6269/1 3712/6270/1
f 3717/6268/1 3738/6246/1 3711/357/1
f 3718/6271/1 3717/6268/1 3711/357/1
f 3711/357/1 3712/6270/1 3722/6272/1
f 3711/357/1 3722/6272/1 3721/6273/1
f 3719/359/1 3718/6271/1 3711/357/1
f 3711/357/1 3721/6273/1 3720/358/1
f 3805/6274/1 3804/6275/1 3771/6276/1
f 3805/6274/1 3771/6276/1 3772/6277/1
f 3793/6278/1 3778/6279/1 3805/6274/1
f 3795/858/1882 3794/860/1882 3793/6278/1882
f 3787/6280/1888 3786/6281/1888 3795/858/1888
f 3789/6282/947 3788/6283/947 3787/6280/947
f 3791/6284/1 3790/6285/1 3789/6282/1
f 3792/6286/17 3783/6287/17 3791/6284/17
f 3797/6288/1 3796/6289/1 3792/6286/1
f 3799/6290/1 3798/6291/1 3797/6288/1
f 3777/6292/1 3775/6293/1 3799/6290/1
f 3769/6294/1 3773/6295/1 3777/6292/1
f 3765/6296/1 3767/6297/1 3769/6294/1
f 3759/6298/1 3762/6299/1 3765/6296/1
f 3756/6300/1 3758/6301/1 3759/6298/1
f 3753/6302/1 3761/6303/1 3756/6300/1
f 3738/6246/1 3739/6238/1 3753/6302/1
f 3738/6246/1 3753/6302/1 3756/6300/1
f 3756/6300/1 3759/6298/1 3765/6296/1
f 3765/6296/1 3769/6294/1 3777/6292/1
f 3777/6292/1 3799/6290/1 3797/6288/1
f 3797/6288/1 3792/6286/1 3791/6284/1
f 3791/6284/1 3789/6282/1 3787/6280/1
f 3787/6280/21 3795/858/21 3793/6278/21
f 3793/6278/1 3805/6274/1 3772/6277/1
f 3787/6280/1 3793/6278/1 3772/6277/1
f 3797/6288/1 3791/6284/1 3787/6280/1
f 3765/6296/1 3777/6292/1 3797/6288/1
f 3738/6246/1 3756/6300/1 3765/6296/1
f 3765/6296/1 3797/6288/1 3787/6280/1
f 3765/6296/1 3787/6280/1 3772/6277/1
f 3749/6241/1 3750/6240/1 3823/6304/1
f 3801/6305/1 3749/6241/1 3823/6304/1
f 3802/6306/1 3801/6305/1 3823/6304/1
f 3803/6307/1 3802/6306/1 3823/6304/1
f 3810/6308/1 3803/6307/1 3823/6304/1
f 3807/6309/1 3810/6308/1 3823/6304/1
f 3806/6310/1 3807/6309/1 3823/6304/1
f 241/318/1 3548/6092/1 3806/6310/1
f 3754/6311/1 3742/6243/1 261/395/1
f 3755/6312/1 3754/6311/1 261/395/1
f 264/362/1 241/318/1 3806/6310/1
f 264/362/1 3806/6310/1 3823/6304/1
f 3757/6313/1 3755/6312/1 261/395/1
f 3760/6314/1 3757/6313/1 261/395/1
f 264/362/1 3823/6304/1 3812/6315/1
f 3765/6296/1 3772/6277/1 3763/6316/1
f 3738/6246/1 3765/6296/1 3763/6316/1
f 3760/6314/1 261/395/1 264/362/1
f 3764/6317/1 3760/6314/1 264/362/1
f 3738/6246/1 3763/6316/1 3774/6318/1
f 3738/6246/1 3774/6318/1 3808/859/1
f 3766/6319/1 3764/6317/1 264/362/1
f 3768/6320/1 3766/6319/1 264/362/1
f 3812/6315/1 3738/6246/1 3808/859/1
f 3812/6315/1 3808/859/1 3809/6321/1
f 3770/6322/1 3768/6320/1 264/362/1
f 3800/6323/1 3770/6322/1 264/362/1
f 264/362/1 3812/6315/1 3809/6321/1
f 264/362/1 3809/6321/1 3814/6324/1
f 3776/6325/1 3800/6323/1 264/362/1
f 3779/6326/1 3776/6325/1 264/362/1
f 264/362/1 3814/6324/1 3815/6327/1
f 264/362/1 3815/6327/1 3816/6328/1
f 3785/6329/1 3779/6326/1 264/362/1
f 3784/6330/1 3785/6329/1 264/362/1
f 264/362/1 3816/6328/1 3811/6331/1
f 264/362/1 3811/6331/1 3813/6332/1
f 3782/6333/1 3784/6330/1 264/362/1
f 3781/6334/1 3782/6333/1 264/362/1
f 264/362/1 3813/6332/1 3819/6335/1
f 264/362/1 3819/6335/1 3820/6336/1
f 3780/6337/1 3781/6334/1 264/362/1
f 3817/6338/1 3780/6337/1 264/362/1
f 264/362/1 3820/6336/1 3821/6339/1
f 264/362/1 3821/6339/1 3822/360/1
f 3818/361/1 3817/6338/1 264/362/1
f 264/362/1 266/398/1 243/319/1
f 885/363/1 883/401/1 268/364/1
f 268/364/1 245/327/1 868/365/1
f 882/367/1 872/330/1 243/319/1
f 243/319/1 266/398/1 887/366/1
f 878/369/1 894/6340/1 896/368/1
f 896/368/1 272/373/1 249/333/1
f 889/372/1 876/336/1 248/370/1
f 270/371/1 892/6341/1 889/372/1
f 272/373/1 274/407/1 251/374/1
f 3837/6342/1 3835/6343/1 3897/375/1
f 3897/375/1 3888/760/1 3892/6344/1
f 3892/6344/1 3884/6345/1 3877/6346/1
f 3877/6346/1 3923/6347/1 3871/6348/1
f 3871/6348/1 3862/6349/1 3859/376/1
f 3859/376/1 3852/6350/1 3849/6351/1
f 3849/6351/1 3850/6352/1 3846/6353/1
f 3846/6353/1 3872/6354/1 3843/6355/1
f 3843/6355/1 3841/6356/1 3839/377/1
f 3839/377/1 3840/6357/1 3838/6358/1
f 3838/6358/1 3837/6342/1 3897/375/1
f 3897/375/1 3892/6344/1 3877/6346/1
f 3877/6346/1 3871/6348/1 3859/376/1
f 3859/376/1 3849/6351/1 3846/6353/1
f 3846/6353/1 3843/6355/1 3839/377/1
f 3839/377/1 3838/6358/1 3897/375/1
f 3897/375/1 3877/6346/1 3859/376/1
f 3859/376/1 3846/6353/1 3839/377/1
f 3857/378/1 3861/6359/1 3855/379/1
f 3873/6360/17 3882/6361/17 3879/6362/17
f 3879/6362/1 3878/6363/1 3893/6364/1
f 3893/6364/14 3885/6365/14 3887/6366/14
f 3887/6366/1 3886/6367/1 3889/6368/1
f 3889/6368/21 4001/6369/21 4008/6370/21
f 4008/6370/1 4005/6371/1 4003/6372/1
f 4003/6372/1 4042/6373/1 4012/6374/1
f 4012/6374/19 4047/6375/19 4004/6376/19
f 4004/6376/1 4002/6377/1 4007/6378/1
f 4007/6378/21 4000/6379/21 4011/6380/21
f 4011/6380/1 3989/6381/1 3991/6382/1
f 3991/6382/21 3987/6383/21 3998/6384/21
f 3998/6384/1 3985/6385/1 3986/6386/1
f 3986/6386/14 3984/6387/14 3996/6388/14
f 3996/6388/1 3980/6389/1 3979/6390/1
f 3979/6390/17 3981/6391/17 3978/6392/17
f 3978/6392/1 3976/6393/1 3975/6394/1
f 3975/6394/1 3973/6395/1 3972/6396/1
f 3972/6396/1 3969/6397/1 3971/6398/1
f 3972/6396/1 3971/6398/1 3827/6399/1
f 3978/6392/1 3975/6394/1 3972/6396/1
f 3996/6388/1 3979/6390/1 3978/6392/1
f 3998/6384/1 3986/6386/1 3996/6388/1
f 4011/6380/1 3991/6382/1 3998/6384/1
f 4004/6376/1 4007/6378/1 4011/6380/1
f 4003/6372/1 4012/6374/1 4004/6376/1
f 3889/6368/1 4008/6370/1 4003/6372/1
f 3893/6364/1 3887/6366/1 3889/6368/1
f 3873/6360/1 3879/6362/1 3893/6364/1
f 3883/6400/17 3874/6401/17 3873/6360/17
f 3869/6402/17 3868/6403/17 3883/6400/17
f 3863/6404/16 3867/6405/16 3869/6402/16
f 3860/6406/1 3865/6407/1 3863/6404/1
f 3856/6408/1 3854/6409/1 3860/6406/1
f 3828/6410/1 3856/6408/1 3860/6406/1
f 3860/6406/1 3863/6404/1 3869/6402/1
f 3869/6402/1 3883/6400/1 3873/6360/1
f 3873/6360/1 3893/6364/1 3889/6368/1
f 3889/6368/1 4003/6372/1 4004/6376/1
f 4004/6376/1 4011/6380/1 3998/6384/1
f 3998/6384/1 3996/6388/1 3978/6392/1
f 3978/6392/1 3972/6396/1 3827/6399/1
f 3998/6384/1 3978/6392/1 3827/6399/1
f 3889/6368/1 4004/6376/1 3998/6384/1
f 3869/6402/1 3873/6360/1 3889/6368/1
f 3828/6410/1 3860/6406/1 3869/6402/1
f 3858/380/1 3855/379/1 3830/6411/1
f 3828/6410/1 3869/6402/1 3889/6368/1
f 3853/6412/1 3858/380/1 3830/6411/1
f 3828/6410/1 3889/6368/1 3998/6384/1
f 3848/6413/1 3853/6412/1 3830/6411/1
f 3828/6410/1 3998/6384/1 3827/6399/1
f 3851/6414/1 3848/6413/1 3830/6411/1
f 3847/6415/1 3851/6414/1 3830/6411/1
f 3842/6416/1 3847/6415/1 3830/6411/1
f 3844/6417/1 3842/6416/1 3830/6411/1
f 3845/6418/1 3844/6417/1 3830/6411/1
f 3832/6419/1 3845/6418/1 3830/6411/1
f 3833/6420/1 3832/6419/1 3830/6411/1
f 3829/6421/1 3833/6420/1 3830/6411/1
f 3831/6422/1 3829/6421/1 3830/6411/1
f 3834/6423/1 3831/6422/1 3830/6411/1
f 274/407/1 3824/6424/1 3834/6423/1
f 3623/6200/1 251/374/1 274/407/1
f 3924/6425/1 3623/6200/1 274/407/1
f 274/407/1 3834/6423/1 3830/6411/1
f 274/407/1 3830/6411/1 3828/6410/1
f 3925/6426/1 3924/6425/1 274/407/1
f 3926/6427/1 3925/6426/1 274/407/1
f 274/407/1 3828/6410/1 3827/6399/1
f 274/407/1 3827/6399/1 3826/6428/1
f 3927/6429/1 3926/6427/1 274/407/1
f 3929/6430/1 3927/6429/1 274/407/1
f 3930/6431/1 3929/6430/1 274/407/1
f 3864/6432/1 3861/6359/1 3857/378/1
f 3864/6432/1 3857/378/1 3866/6433/1
f 3875/6434/1 3864/6432/1 3866/6433/1
f 3875/6434/1 3866/6433/1 3870/6435/1
f 3880/6436/1 3875/6434/1 3870/6435/1
f 3880/6436/1 3870/6435/1 3876/6437/1
f 3895/6438/1 3880/6436/1 3876/6437/1
f 3895/6438/1 3876/6437/1 3881/6439/1
f 3894/6440/1 3895/6438/1 3881/6439/1
f 3894/6440/1 3881/6439/1 3896/759/1
f 3890/6441/1 3894/6440/1 3896/759/1
f 3890/6441/1 3896/759/1 3891/6442/1
f 3922/6443/1 3890/6441/1 3891/6442/1
f 3922/6443/1 3891/6442/1 3903/6444/1
f 4043/6445/1 3922/6443/1 3903/6444/1
f 4043/6445/1 3903/6444/1 3906/6446/1
f 4031/6447/1 4043/6445/1 3906/6446/1
f 3898/6448/1 4097/6449/1 3900/6450/1
f 4031/6447/1 3906/6446/1 3898/6448/1
f 4030/757/1 4031/6447/1 3898/6448/1
f 3898/6448/1 3900/6450/1 3899/6451/1
f 3899/6451/21 3908/6452/21 3907/6453/21
f 3907/6453/21 3905/6454/21 3904/6455/21
f 3904/6455/14 3902/6456/14 3920/6457/14
f 3920/6457/1 3919/6458/1 3909/6459/1
f 3909/6459/14 3910/6460/14 3917/6461/14
f 3909/6459/1 3917/6461/1 3901/6462/1
f 3904/6455/1 3920/6457/1 3909/6459/1
f 3899/6451/1 3907/6453/1 3904/6455/1
f 4030/757/1 3898/6448/1 3899/6451/1
f 4028/755/1 4030/757/1 3899/6451/1
f 3899/6451/1 3904/6455/1 3909/6459/1
f 3899/6451/1 3909/6459/1 3901/6462/1
f 4024/6463/1 4028/755/1 3899/6451/1
f 4024/6463/1 3899/6451/1 3901/6462/1
f 4024/6463/1 3901/6462/1 3918/6464/1
f 4027/756/1 4024/6463/1 3918/6464/1
f 4027/756/1 3918/6464/1 3911/6465/1
f 4020/6466/1 4027/756/1 3911/6465/1
f 3665/6223/21 3965/6467/21 3966/6468/21
f 4032/6469/1 3681/6224/1 3665/6223/1
f 4014/6470/1 4013/6471/1 4032/6469/1
f 4006/6472/1 4044/6473/1 4014/6470/1
f 4009/6474/1 3999/6475/1 4006/6472/1
f 3990/6476/1 3988/6477/1 4009/6474/1
f 3994/6478/17 3993/6479/17 3990/6476/17
f 3982/6480/1 3995/6481/1 3994/6478/1
f 4045/388/1 3992/6482/1 3983/6483/1
f 3983/6483/17 3982/6480/17 3994/6478/17
f 3994/6478/1 3990/6476/1 4009/6474/1
f 4009/6474/1 4006/6472/1 4014/6470/1
f 4014/6470/1 4032/6469/1 3665/6223/1
f 4014/6470/1 3665/6223/1 3966/6468/1
f 3994/6478/1 4009/6474/1 4014/6470/1
f 4046/6484/1 4045/388/1 3983/6483/1
f 3983/6483/1 3994/6478/1 4014/6470/1
f 4014/6470/1 3966/6468/1 3960/6485/1
f 4014/6470/1 3960/6485/1 3961/6486/1
f 3964/6487/1 4046/6484/1 3983/6483/1
f 3983/6483/1 4014/6470/1 3961/6486/1
f 3983/6483/1 3961/6486/1 3957/6488/1
f 3959/6489/1 3964/6487/1 3983/6483/1
f 3836/6490/1 3963/6491/1 3962/6492/1
f 3962/6492/1 3959/6489/1 3983/6483/1
f 3983/6483/1 3957/6488/1 3958/6493/1
f 3983/6483/1 3958/6493/1 3955/6494/1
f 3945/6495/1 3836/6490/1 3962/6492/1
f 3962/6492/1 3983/6483/1 3955/6494/1
f 3962/6492/1 3955/6494/1 3952/6496/1
f 3945/6495/1 3962/6492/1 3952/6496/1
f 3945/6495/1 3952/6496/1 3949/6497/1
f 3928/6498/1 3945/6495/1 3949/6497/1
f 3928/6498/1 3949/6497/1 3948/6499/1
f 3928/6498/1 3948/6499/1 3944/6500/1
f 3928/6498/1 3944/6500/1 3932/6501/1
f 3928/6498/1 3932/6501/1 3931/6502/1
f 3928/6498/1 3931/6502/1 3938/6503/1
f 3928/6498/1 3938/6503/1 3930/6431/1
f 3916/6504/1 3921/6505/1 276/390/1
f 276/390/1 253/353/1 3685/6198/1
f 276/390/17 3685/6198/17 4022/6506/17
f 3915/6507/1 3916/6504/1 276/390/1
f 3914/6508/1 3915/6507/1 276/390/1
f 276/390/1 4022/6506/1 4023/6509/1
f 276/390/1 4023/6509/1 4025/6510/1
f 3913/6511/1 3914/6508/1 276/390/1
f 3912/6512/1 3913/6511/1 276/390/1
f 276/390/1 4025/6510/1 4026/6513/1
f 276/390/1 4026/6513/1 4029/6514/1
f 3911/6465/1 3912/6512/1 276/390/1
f 4020/6466/1 3911/6465/1 276/390/1
f 276/390/1 4029/6514/1 4017/6515/1
f 276/390/1 4017/6515/1 4019/6516/1
f 4041/6517/1 4020/6466/1 276/390/1
f 4040/6518/1 4041/6517/1 276/390/1
f 276/390/1 4019/6516/1 4033/6519/1
f 276/390/1 4033/6519/1 4034/6520/1
f 276/390/1 4034/6520/1 4035/6521/1
f 3928/6498/1 3930/6431/1 274/407/1
f 3825/6522/1 3928/6498/1 274/407/1
f 3825/6522/1 274/407/1 3826/6428/1
f 4021/383/1 3825/6522/1 3826/6428/1
f 4021/383/1 3826/6428/1 3970/6523/1
f 4015/387/1 4016/389/1 4018/6524/1
f 4021/383/1 3970/6523/1 3974/6525/1
f 4037/6526/1 4015/387/1 4018/6524/1
f 4021/383/1 3974/6525/1 3977/6527/1
f 4036/6528/1 4037/6526/1 4018/6524/1
f 4021/383/1 3977/6527/1 4048/6529/1
f 4035/6521/1 4036/6528/1 4018/6524/1
f 4021/383/1 4048/6529/1 3997/6530/1
f 276/390/1 4035/6521/1 4018/6524/1
f 4021/383/1 3997/6530/1 4010/6531/1
f 276/390/1 4018/6524/1 4021/383/1
f 4040/6518/1 276/390/1 4021/383/1
f 4021/383/1 4010/6531/1 4038/381/1
f 4039/382/1 4040/6518/1 4021/383/1
f 3940/6532/1 3941/6533/1 3943/384/1
f 3943/384/1 3947/6534/1 3946/6535/1
f 3946/6535/1 3950/6536/1 3953/6537/1
f 3953/6537/1 3951/6538/1 3954/6539/1
f 3954/6539/1 3956/6540/1 3968/385/1
f 3968/385/1887 3967/6541/1887 3651/6167/1887
f 3651/6167/1 3641/6166/1 3935/6542/1
f 3935/6542/15 3936/6543/15 3934/6544/15
f 3934/6544/17 3933/6545/17 3937/386/17
f 3937/386/1 3939/6546/1 3942/6547/1
f 3942/6547/1 3940/6532/1 3943/384/1
f 3943/384/1 3946/6535/1 3953/6537/1
f 3953/6537/1 3954/6539/1 3968/385/1
f 3968/385/1 3651/6167/1 3935/6542/1
f 3935/6542/1 3934/6544/1 3937/386/1
f 3937/386/1 3942/6547/1 3943/384/1
f 3943/384/1 3953/6537/1 3968/385/1
f 3968/385/1 3935/6542/1 3937/386/1
f 4015/387/1 3992/6482/1 4045/388/1
f 276/390/1 278/391/1 255/354/1
f 278/391/1 280/392/1 257/355/1
f 280/392/1 282/394/1 259/393/1
f 282/394/1 283/396/1 261/395/1
f 283/396/1 286/397/1 264/362/1
f 286/397/1 288/402/1 266/398/1
f 900/399/1 903/6548/1 290/400/1
f 290/400/1 268/364/1 883/401/1
f 897/403/1 901/6549/1 887/366/1
f 887/366/1 266/398/1 288/402/1
f 908/405/1 892/6341/1 270/371/1
f 270/371/1 292/6550/1 294/404/1
f 910/408/1 914/6551/1 274/407/1
f 274/407/1 272/373/1 905/406/1
f 912/409/1 908/405/1 294/404/1
f 294/404/1 296/412/1 916/410/1
f 918/411/1 916/410/1 296/412/1
f 296/412/1 298/421/1 924/413/1
f 4050/6552/1 3824/6424/1 274/407/1
f 274/407/1 914/6551/1 920/414/1
f 920/414/1 922/423/1 276/390/1
f 276/390/1 3921/6505/1 4100/6553/1
f 276/390/1 4100/6553/1 4101/6554/1
f 4049/6555/1 4050/6552/1 274/407/1
f 4051/6556/1 4049/6555/1 274/407/1
f 276/390/1 4101/6554/1 4102/6557/1
f 276/390/1 4102/6557/1 4099/6558/1
f 4051/6556/1 274/407/1 920/414/1
f 4052/6559/1 4051/6556/1 920/414/1
f 276/390/1 4099/6558/1 4103/6560/1
f 4105/6561/1 4106/6562/1 4107/6563/1
f 276/390/1 4103/6560/1 4105/6561/1
f 4053/6564/1 4052/6559/1 920/414/1
f 4054/6565/1 4053/6564/1 920/414/1
f 276/390/1 4105/6561/1 4107/6563/1
f 276/390/1 4107/6563/1 4108/6566/1
f 4055/6567/1 4054/6565/1 920/414/1
f 4063/6568/1 4055/6567/1 920/414/1
f 276/390/1 4108/6566/1 4109/6569/1
f 276/390/1 4109/6569/1 4110/6570/1
f 4064/6571/1 4063/6568/1 920/414/1
f 4067/6572/1 4064/6571/1 920/414/1
f 920/414/1 276/390/1 4110/6570/1
f 920/414/1 4110/6570/1 4095/6573/1
f 4069/6574/1 4067/6572/1 920/414/1
f 4071/6575/1 4069/6574/1 920/414/1
f 920/414/1 4095/6573/1 4096/6576/1
f 920/414/1 4096/6576/1 4087/6577/1
f 4074/6578/1 4071/6575/1 920/414/1
f 4076/6579/1 4074/6578/1 920/414/1
f 920/414/1 4087/6577/1 4088/6580/1
f 920/414/1 4088/6580/1 4084/6581/1
f 4081/416/1 4076/6579/1 920/414/1
f 920/414/1 4084/6581/1 4080/415/1
f 4092/758/1 3897/375/1 3835/6343/1
f 3835/6343/1878 4060/6582/1878 4057/6583/1878
f 4057/6583/1 4056/6584/1 4058/6585/1
f 4058/6585/1 4061/6586/1 4059/6587/1
f 4059/6587/1 4062/6588/1 4066/6589/1
f 4066/6589/1 4065/6590/1 4072/6591/1
f 4072/6591/1 4068/6592/1 4070/417/1
f 4070/417/1 4073/6593/1 4075/6594/1
f 4075/6594/1 4077/6595/1 4078/6596/1
f 4078/6596/1 4079/6597/1 4082/6598/1
f 4082/6598/1 4083/6599/1 4086/418/1
f 4086/418/1 4085/6600/1 4094/6601/1
f 4094/6601/1 4090/6602/1 4089/6603/1
f 4089/6603/1 4093/6604/1 4111/6605/1
f 4111/6605/1 4104/6606/1 4091/419/1
f 4091/419/1 4092/758/1 3835/6343/1
f 3835/6343/1 4057/6583/1 4058/6585/1
f 4058/6585/1 4059/6587/1 4066/6589/1
f 4066/6589/1 4072/6591/1 4070/417/1
f 4070/417/1 4075/6594/1 4078/6596/1
f 4078/6596/1 4082/6598/1 4086/418/1
f 4086/418/1 4094/6601/1 4089/6603/1
f 4089/6603/1 4111/6605/1 4091/419/1
f 4091/419/1 3835/6343/1 4058/6585/1
f 4058/6585/1 4066/6589/1 4070/417/1
f 4070/417/1 4078/6596/1 4086/418/1
f 4086/418/1 4089/6603/1 4091/419/1
f 4091/419/1 4058/6585/1 4070/417/1
f 926/420/1 924/413/1 298/421/1
f 298/421/1 300/426/1 932/422/1
f 927/424/1 930/428/1 278/391/1
f 278/391/1 276/390/1 922/423/1
f 934/425/1 932/422/1 300/426/1
f 300/426/1 302/430/1 940/427/1
f 936/429/1 938/434/1 280/392/1
f 280/392/1 278/391/1 930/428/1
f 947/432/1 940/427/1 302/430/1
f 302/430/1 304/435/1 949/431/1
f 943/433/1 945/439/1 282/394/1
f 282/394/1 280/392/1 938/434/1
f 955/437/1 949/431/1 304/435/1
f 304/435/1 306/440/1 958/436/1
f 951/438/1 954/444/1 283/396/1
f 283/396/1 282/394/1 945/439/1
f 963/442/1 958/436/1 306/440/1
f 306/440/1 308/445/1 965/441/1
f 959/443/1 961/449/1 286/397/1
f 286/397/1 283/396/1 954/444/1
f 974/447/1 965/441/1 308/445/1
f 309/446/1 972/450/1 974/447/1
f 961/449/1 967/6607/1 969/448/1
f 969/448/1 288/402/1 286/397/1
f 290/400/1 903/6548/1 972/450/1
f 972/450/1 309/446/1 312/451/1
f 317/452/2 320/456/2 313/453/2
f 321/455/2 324/458/2 320/456/2
f 325/457/2 327/460/2 324/458/2
f 329/459/2 332/462/2 327/460/2
f 333/461/2 335/464/2 332/462/2
f 337/463/2 339/466/2 335/464/2
f 341/465/2 344/468/2 339/466/2
f 345/467/2 348/470/2 344/468/2
f 350/469/2 352/472/2 348/470/2
f 354/471/2 356/482/2 352/472/2
f 320/456/2 360/474/2 358/473/2
f 324/458/2 363/475/2 360/474/2
f 327/460/2 370/476/2 363/475/2
f 332/462/2 374/477/2 370/476/2
f 335/464/2 377/478/2 374/477/2
f 339/466/2 379/479/2 377/478/2
f 344/468/2 386/480/2 379/479/2
f 348/470/2 389/481/2 386/480/2
f 352/472/2 393/483/2 389/481/2
f 356/482/2 395/493/2 393/483/2
f 360/474/2 403/485/2 401/484/2
f 363/475/2 407/486/2 403/485/2
f 370/476/2 413/487/2 407/486/2
f 374/477/2 417/488/2 413/487/2
f 377/478/2 418/489/2 417/488/2
f 379/479/2 425/490/2 418/489/2
f 386/480/2 427/491/2 425/490/2
f 389/481/2 433/492/2 427/491/2
f 393/483/2 437/494/2 433/492/2
f 395/493/2 441/504/2 437/494/2
f 403/485/2 446/496/2 444/495/2
f 407/486/2 450/497/2 446/496/2
f 413/487/2 456/498/2 450/497/2
f 417/488/2 461/499/2 456/498/2
f 418/489/2 465/500/2 461/499/2
f 425/490/2 469/501/2 465/500/2
f 427/491/2 473/502/2 469/501/2
f 433/492/2 476/503/2 473/502/2
f 437/494/2 481/505/2 476/503/2
f 441/504/2 485/515/2 481/505/2
f 446/496/2 493/507/2 489/506/2
f 450/497/2 495/508/2 493/507/2
f 456/498/2 499/509/2 495/508/2
f 461/499/2 502/510/2 499/509/2
f 465/500/2 506/511/2 502/510/2
f 469/501/2 510/512/2 506/511/2
f 473/502/2 514/513/2 510/512/2
f 476/503/2 518/514/2 514/513/2
f 481/505/2 522/516/2 518/514/2
f 485/515/2 527/526/2 522/516/2
f 493/507/2 534/518/2 529/517/2
f 495/508/2 539/519/2 534/518/2
f 499/509/2 543/520/2 539/519/2
f 502/510/2 545/521/2 543/520/2
f 506/511/2 549/522/2 545/521/2
f 510/512/2 555/523/2 549/522/2
f 514/513/2 558/524/2 555/523/2
f 518/514/2 563/525/2 558/524/2
f 522/516/2 566/527/2 563/525/2
f 527/526/2 570/537/2 566/527/2
f 534/518/2 578/529/2 574/528/2
f 539/519/2 583/530/2 578/529/2
f 543/520/2 587/531/2 583/530/2
f 545/521/2 591/532/2 587/531/2
f 549/522/2 592/533/2 591/532/2
f 555/523/2 598/534/2 592/533/2
f 558/524/2 602/535/2 598/534/2
f 563/525/2 604/536/2 602/535/2
f 566/527/2 610/538/2 604/536/2
f 570/537/2 611/548/2 610/538/2
f 578/529/2 620/540/2 616/539/2
f 583/530/2 623/541/2 620/540/2
f 587/531/2 627/542/2 623/541/2
f 591/532/2 632/543/2 627/542/2
f 592/533/2 635/544/2 632/543/2
f 598/534/2 641/545/2 635/544/2
f 602/535/2 643/546/2 641/545/2
f 604/536/2 645/547/2 643/546/2
f 610/538/2 647/549/2 645/547/2
f 611/548/2 650/559/2 647/549/2
f 620/540/2 654/551/2 651/550/2
f 623/541/2 655/552/2 654/551/2
f 627/542/2 657/553/2 655/552/2
f 632/543/2 659/554/2 657/553/2
f 635/544/2 661/555/2 659/554/2
f 641/545/2 663/556/2 661/555/2
f 643/546/2 665/557/2 663/556/2
f 645/547/2 668/558/2 665/557/2
f 647/549/2 670/560/2 668/558/2
f 650/559/2 672/570/2 670/560/2
f 654/551/2 676/562/2 674/561/2
f 655/552/2 678/563/2 676/562/2
f 657/553/2 679/564/2 678/563/2
f 659/554/2 681/565/2 679/564/2
f 661/555/2 683/566/2 681/565/2
f 663/556/2 685/567/2 683/566/2
f 665/557/2 687/568/2 685/567/2
f 668/558/2 689/569/2 687/568/2
f 670/560/2 692/571/2 689/569/2
f 672/570/2 694/599/2 692/571/2
f 226/572/3 574/572/3 616/573/3
f 66/574/4 395/574/4 356/575/4
f 302/576/5 683/576/5 685/577/5
f 10/578/6 329/578/6 325/579/6
f 270/580/3 651/580/3 674/581/3
f 144/515/4 485/515/4 441/504/4
f 20/469/6 350/469/6 345/467/6
f 45/582/3 358/582/3 401/583/3
f 304/567/5 685/567/5 687/568/5
f 12/461/6 333/461/6 329/459/6
f 292/561/5 674/561/5 676/562/5
f 225/537/4 570/537/4 527/526/4
f 2/584/3 315/584/3 313/585/3
f 105/586/3 444/586/3 489/587/3
f 306/568/5 687/568/5 689/569/5
f 4/588/6 317/588/6 315/584/6
f 22/589/6 354/589/6 350/590/6
f 268/591/4 650/591/4 611/592/4
f 294/593/5 676/593/5 678/594/5
f 192/517/3 529/517/3 574/528/3
f 43/482/4 356/482/4 354/471/4
f 308/595/5 689/595/5 692/596/5
f 13/597/6 337/597/6 333/598/6
f 312/599/4 694/599/4 672/570/4
f 248/573/3 616/573/3 651/580/3
f 296/594/5 678/594/5 679/600/5
f 101/601/4 441/601/4 395/574/4
f 6/455/6 321/455/6 317/452/6
f 23/585/3 313/585/3 358/582/3
f 309/596/5 692/596/5 694/602/5
f 16/465/6 341/465/6 337/463/6
f 191/526/4 527/526/4 485/515/4
f 298/600/5 679/600/5 681/603/5
f 68/583/3 401/583/3 444/586/3
f 8/579/6 325/579/6 321/604/6
f 245/548/4 611/548/4 570/537/4
f 150/587/3 489/587/3 529/605/3
f 300/603/5 681/603/5 683/576/5
f 18/606/6 345/606/6 341/607/6
f 290/570/4 672/570/4 650/559/4
f 859/608/4 874/626/4 166/609/4
f 166/609/4 156/624/4 857/610/4
f 783/613/3 785/628/3 114/611/3
f 114/611/3 124/627/3 804/612/3
f 947/614/6 203/631/6 198/615/6
f 723/619/5 719/630/5 87/617/5
f 87/617/5 92/625/5 727/618/5
f 815/619/3 819/630/3 131/617/3
f 131/617/3 136/625/3 839/618/3
f 758/621/5 756/626/5 108/609/5
f 108/609/5 112/629/5 766/620/5
f 792/622/4 809/630/4 128/617/4
f 128/617/4 120/627/4 794/612/4
f 949/623/6 955/610/6 206/624/6
f 206/624/6 203/631/6 947/614/6
f 95/615/5 733/616/5 727/618/5
f 147/615/3 154/631/3 853/614/3
f 141/615/4 134/625/4 828/618/4
f 958/608/6 963/626/6 210/609/6
f 210/609/6 206/624/6 955/610/6
f 868/608/3 869/610/3 160/624/3
f 160/624/3 168/609/3 885/626/3
f 916/613/6 918/612/6 184/627/6
f 184/627/6 180/611/6 912/628/6
f 844/623/4 857/610/4 156/624/4
f 156/624/4 148/631/4 841/614/4
f 965/621/6 974/620/6 213/629/6
f 213/629/6 210/609/6 963/626/6
f 95/615/5 99/631/5 740/614/5
f 876/621/4 889/620/4 172/629/4
f 172/629/4 166/609/4 874/626/4
f 924/622/6 926/630/6 189/617/6
f 189/617/6 184/627/6 918/612/6
f 800/622/3 804/612/3 124/627/3
f 124/627/3 131/617/3 819/630/3
f 707/613/5 704/628/5 77/611/5
f 77/611/5 84/627/5 711/612/5
f 776/613/4 794/612/4 120/627/4
f 120/627/4 75/611/4 778/628/4
f 741/623/5 740/614/5 99/631/5
f 99/631/5 104/624/5 747/610/5
f 147/615/3 835/616/3 839/618/3
f 932/619/6 934/618/6 195/625/6
f 195/625/6 189/617/6 926/630/6
f 807/619/4 828/618/4 134/625/4
f 134/625/4 128/617/4 809/630/4
f 716/622/5 711/612/5 84/627/5
f 84/627/5 87/617/5 719/630/5
f 852/623/3 853/614/3 154/631/3
f 154/631/3 160/624/3 869/610/3
f 841/614/4 148/631/4 141/615/4
f 198/615/6 195/625/6 934/618/6
f 750/608/5 747/610/5 104/624/5
f 104/624/5 108/609/5 756/626/5
f 883/621/3 885/626/3 168/609/3
f 168/609/3 176/629/3 900/620/3
f 908/635/9 912/628/9 180/611/9
f 180/611/9 172/634/9 889/632/9
f 892/633/9 908/635/9 180/611/9
f 696/633/13 778/632/13 75/634/13
f 75/634/13 77/611/13 704/628/13
f 699/635/13 696/633/13 75/634/13
f 763/639/11 766/620/11 112/629/11
f 112/629/11 114/638/11 785/636/11
f 770/637/11 763/639/11 112/629/11
f 903/637/12 900/636/12 176/638/12
f 176/638/12 213/629/12 974/620/12
f 972/639/12 903/637/12 176/638/12
f 862/640/3 864/572/3 537/572/3
f 532/641/3 553/573/3 880/573/3
f 862/640/3 537/572/3 532/641/3
f 781/613/4 802/654/4 471/6608/4
f 458/627/4 455/6609/4 788/642/4
f 781/613/4 471/6608/4 458/627/4
f 618/643/5 943/649/5 938/616/5
f 726/619/6 730/671/6 404/666/6
f 387/625/6 391/6610/6 722/644/6
f 726/619/6 404/666/6 387/625/6
f 813/619/4 837/671/4 504/666/4
f 491/625/4 487/6610/4 818/644/4
f 813/619/4 504/666/4 491/625/4
f 759/621/6 762/659/6 431/6611/6
f 429/609/6 422/6612/6 753/645/6
f 759/621/6 431/6611/6 429/609/6
f 790/622/3 796/654/3 462/6608/3
f 466/617/3 478/6610/3 812/644/3
f 790/622/3 462/6608/3 466/617/3
f 945/646/5 943/577/5 618/577/5
f 621/647/5 625/648/5 951/648/5
f 945/646/5 618/577/5 621/647/5
f 397/598/6 404/578/6 730/578/6
f 850/649/4 531/643/4 508/615/4
f 512/587/3 825/587/3 829/650/3
f 954/651/5 951/648/5 625/648/5
f 629/652/5 633/595/5 959/595/5
f 954/651/5 625/648/5 629/652/5
f 872/608/4 882/645/4 561/6612/4
f 540/624/4 547/6613/4 865/653/4
f 872/608/4 561/6612/4 540/624/4
f 914/613/5 910/642/5 585/6609/5
f 580/627/5 595/6608/5 920/654/5
f 914/613/5 585/6609/5 580/627/5
f 846/655/3 848/605/3 516/605/3
f 520/656/3 537/572/3 864/572/3
f 846/655/3 516/605/3 520/656/3
f 961/657/5 959/595/5 633/595/5
f 637/658/5 639/596/5 967/596/5
f 961/657/5 633/595/5 637/658/5
f 737/649/6 408/643/6 397/615/6
f 878/621/3 880/645/3 553/6612/3
f 551/609/3 564/6611/3 894/659/3
f 878/621/3 553/6612/3 551/609/3
f 922/622/5 920/654/5 595/6608/5
f 589/617/5 600/6610/5 927/644/5
f 922/622/5 595/6608/5 589/617/5
f 798/622/4 818/644/4 487/6610/4
f 474/617/4 471/6608/4 802/654/4
f 798/622/4 487/6610/4 474/617/4
f 709/660/6 713/604/6 384/604/6
f 368/661/6 372/588/6 705/588/6
f 709/660/6 384/604/6 368/661/6
f 774/663/3 780/585/3 442/585/3
f 452/662/3 462/582/3 796/582/3
f 774/663/3 442/585/3 452/662/3
f 743/664/6 745/607/6 414/2292/6
f 410/665/6 408/597/6 737/597/6
f 743/664/6 414/2292/6 410/665/6
f 504/666/4 837/671/4 832/616/4
f 930/668/5 927/600/5 600/600/5
f 596/667/5 614/603/5 936/603/5
f 930/668/5 600/600/5 596/667/5
f 806/670/3 812/583/3 478/583/3
f 483/669/3 497/650/3 829/650/3
f 806/670/3 478/583/3 483/669/3
f 717/622/6 722/644/6 391/6610/6
f 381/617/6 384/6608/6 713/654/6
f 717/622/6 391/6610/6 381/617/6
f 856/623/4 865/653/4 547/6613/4
f 525/631/4 531/643/4 850/649/4
f 856/623/4 547/6613/4 525/631/4
f 512/615/3 516/643/3 848/649/3
f 614/666/5 606/615/5 938/616/5
f 752/608/6 753/645/6 422/6612/6
f 420/624/6 414/6613/6 745/653/6
f 752/608/6 422/6612/6 420/624/6
f 887/621/4 901/659/4 568/6611/4
f 557/609/4 561/6612/4 882/645/4
f 887/621/4 568/6611/4 557/609/4
f 896/6614/11 894/580/11 564/580/11
f 896/6614/11 564/580/11 435/672/11
f 585/593/11 910/593/11 905/674/11
f 905/674/11 896/6614/11 435/672/11
f 439/673/11 585/593/11 905/674/11
f 702/6615/12 705/588/12 372/588/12
f 702/6615/12 372/588/12 376/675/12
f 442/585/12 780/585/12 698/677/12
f 698/677/12 702/6615/12 376/675/12
f 448/676/12 442/585/12 698/677/12
f 771/679/9 788/6616/9 455/6617/9
f 771/679/9 455/6617/9 361/678/9
f 431/6611/9 762/659/9 767/639/9
f 767/639/9 771/679/9 361/678/9
f 365/629/9 431/6611/9 767/639/9
f 969/639/13 967/659/13 639/6611/13
f 969/639/13 639/6611/13 576/629/13
f 568/6617/13 901/6616/13 897/679/13
f 897/679/13 969/639/13 576/629/13
f 572/678/13 568/6617/13 897/679/13
f 1694/861/22 1693/862/22 2359/862/22
f 2077/863/1889 2076/864/1889 3519/864/1889
f 823/865/24 821/839/24 2626/839/24
f 1271/866/4 1270/866/4 3699/866/4
f 1707/867/25 1706/901/25 2503/868/25
f 2094/870/379 2093/871/379 3518/871/379
f 755/872/27 754/885/27 2395/873/27
f 1266/578/3 1265/578/3 3697/578/3
f 2078/720/28 2077/863/28 3517/863/28
f 824/875/29 823/865/29 2625/865/29
f 1636/876/30 1635/910/30 2362/877/30
f 1621/879/31 1620/880/31 2504/880/31
f 1264/881/3 1263/6618/3 3704/882/3
f 2093/871/546 2092/884/546 3529/884/546
f 754/885/33 751/905/33 2396/886/33
f 1265/887/34 1264/894/34 3703/888/34
f 1695/890/1890 1694/861/1890 2363/861/1890
f 2117/891/36 2116/2862/36 3807/892/36
f 826/844/37 824/875/37 2630/875/37
f 1267/894/38 1266/887/38 3700/889/38
f 1268/895/3 1267/6619/3 3702/896/3
f 2079/718/39 2078/720/39 3516/720/39
f 827/842/40 826/844/40 2627/844/40
f 3637/900/6 3655/913/6 1274/898/6
f 1274/898/6 1273/1302/6 3633/899/6
f 1706/901/41 1705/902/41 2506/902/41
f 1696/903/42 1695/890/42 2361/890/42
f 1273/584/4 1272/584/4 3629/584/4
f 2092/884/43 2091/904/43 3521/904/43
f 751/905/44 749/918/44 2399/906/44
f 2080/907/45 2079/718/45 3528/718/45
f 830/845/533 827/842/533 2629/842/533
f 1272/786/5 1279/786/5 3658/786/5
f 1705/902/47 1704/908/47 2505/908/47
f 1275/909/3 1274/909/3 3655/909/3
f 831/847/48 830/845/48 2628/845/48
f 1635/910/49 1634/936/49 2372/911/49
f 2091/904/50 2090/912/50 3523/912/50
f 1276/894/6 1275/898/6 3660/913/6
f 1622/914/51 1621/879/51 2507/879/51
f 2131/915/52 2130/987/52 3542/916/52
f 749/918/53 748/6620/53 2398/919/53
f 1697/920/54 1696/903/54 2360/903/54
f 2081/909/55 2080/907/55 3522/907/55
f 833/848/56 831/847/56 2664/847/56
f 1279/683/3 1278/683/3 3659/683/3
f 1277/921/3 1276/6621/3 3688/922/3
f 834/850/57 833/848/57 2639/848/57
f 1278/924/5 1277/924/5 3705/924/5
f 1704/908/58 1703/925/58 2521/925/58
f 2090/912/59 2089/926/59 3527/926/59
f 1293/927/60 1292/928/60 3924/928/60
f 1698/929/61 1697/920/61 2374/920/61
f 2082/930/410 2081/909/410 3526/909/410
f 3623/931/1891 3924/928/1891 1292/928/1891
f 1292/928/1892 1291/726/1892 3626/726/1892
f 1703/925/1893 1702/932/1893 2509/932/1893
f 2089/926/65 2088/933/65 3524/933/65
f 836/850/4 834/850/4 2641/850/4
f 1291/726/1894 1290/934/1894 3625/934/1894
f 2083/935/67 2082/930/67 3525/930/67
f 1634/936/68 1633/6622/68 2373/937/68
f 1290/934/69 1289/938/69 3624/938/69
f 1623/939/70 1622/6623/70 2520/940/70
f 748/849/550 746/942/550 2397/942/550
f 1294/943/72 1293/927/72 3925/927/72
f 2088/944/73 2087/6624/73 3545/945/73
f 1699/947/74 1698/929/74 2364/929/74
f 2084/723/75 2083/935/75 3544/935/75
f 746/948/76 744/6625/76 2404/949/76
f 1289/938/77 1288/951/77 3631/951/77
f 742/952/78 2634/6626/78 2404/953/78
f 1702/932/79 1701/955/79 2511/955/79
f 2087/956/80 2086/957/80 3532/957/80
f 1288/951/1895 1287/958/1895 3630/958/1895
f 2366/960/82 2510/959/82 1700/959/82
f 1700/959/82 1699/947/82 2365/947/82
f 2085/721/83 2084/723/83 3531/723/83
f 742/961/84 739/6627/84 2637/962/84
f 1295/964/535 1294/6628/535 3926/965/535
f 739/967/86 738/6629/86 2638/968/86
f 1701/955/87 1700/959/87 2510/959/87
f 2086/957/88 2085/721/88 3530/721/88
f 1287/958/1896 1286/970/1896 3632/970/1896
f 738/971/1897 736/972/1897 2636/972/1897
f 3548/974/1898 3547/6630/1898 2118/973/1898
f 2118/973/1898 2117/891/1898 3806/893/1898
f 1286/970/1899 1285/975/1899 3636/975/1899
f 1633/976/93 1632/993/93 2369/977/93
f 736/979/94 735/1001/94 2635/980/94
f 1296/982/95 1295/983/95 3927/983/95
f 1624/984/1900 1623/6631/1900 2519/985/1900
f 664/851/3 662/851/3 2644/851/3
f 2130/987/97 2129/6632/97 3543/988/97
f 2119/989/443 2118/6633/443 3547/990/443
f 666/855/99 664/852/99 2642/852/99
f 1285/975/100 1284/992/100 3635/992/100
f 1632/993/101 1631/1011/101 2370/994/101
f 1625/995/102 1624/984/102 2518/986/102
f 1284/992/103 1283/997/103 3634/997/103
f 2129/998/104 2128/1018/104 3533/999/104
f 735/1001/105 734/6634/105 2653/1002/105
f 1297/1003/106 1296/6635/106 3929/1004/106
f 2120/1006/107 2119/989/107 3546/991/107
f 660/1008/3 658/2743/3 2661/1009/3
f 1631/1011/108 1630/1023/108 2371/1012/108
f 662/1013/5 660/894/5 2660/888/5
f 1626/1015/109 1625/995/109 2512/996/109
f 667/854/110 666/855/110 2633/855/110
f 1283/997/111 1282/1017/111 3640/1017/111
f 2128/1018/112 2127/1030/112 3534/1019/112
f 2121/1020/113 2120/1006/113 3541/1007/113
f 669/829/576 667/854/576 2632/854/576
f 1282/1017/115 1281/1022/115 3639/1022/115
f 1630/1023/116 1629/1036/116 2368/1024/116
f 1298/1025/117 1297/6636/117 3930/1026/117
f 1627/1028/118 1626/1015/118 2516/1016/118
f 671/827/119 669/829/119 2640/829/119
f 2127/1030/120 2126/1042/120 3537/1031/120
f 1628/1032/121 1627/1028/121 2515/1029/121
f 2122/1034/122 2121/1020/122 3540/1021/122
f 1281/1022/1901 1280/584/1901 3638/584/1901
f 2367/613/1902 2368/1024/1902 1629/1036/1902
f 1629/1036/1902 1628/1032/1902 2514/1033/1902
f 2653/828/125 734/828/125 732/1037/125
f 732/1037/125 2416/6637/125 2405/1038/125
f 2466/608/6 2492/2012/6 1717/1039/6
f 1717/1039/6 1716/6638/6 2442/1040/6
f 673/1041/126 671/827/126 2648/827/126
f 2126/1042/127 2125/1053/127 3538/1043/127
f 1394/1044/128 1393/6639/128 3643/1045/128
f 1716/1046/4 1715/1046/4 2453/1046/4
f 2123/1047/129 2122/1034/129 3539/1035/129
f 675/1049/130 673/1041/130 2649/1041/130
f 1395/1050/131 1394/1044/131 3646/1044/131
f 2124/1051/132 2123/1047/132 3536/1048/132
f 2125/1053/133 2124/1051/133 3535/1052/133
f 732/1054/589 729/1068/589 2415/1055/589
f 1396/1057/135 1395/1050/135 3645/1050/135
f 2453/1046/136 1715/1046/136 1714/1058/136
f 1714/1058/136 2489/1058/136 2462/1059/136
f 3738/608/6 3812/2012/6 2139/1039/6
f 2139/1039/6 2138/6638/6 3711/1040/6
f 677/1060/137 675/1049/137 2654/1049/137
f 2475/1061/6 2489/1061/6 1714/1061/6
f 1714/1061/6 1713/1061/6 2452/1061/6
f 1397/1062/1903 1396/6640/1903 3657/1063/1903
f 2138/584/4 2137/584/4 3715/584/4
f 1713/584/4 1712/584/4 2451/584/4
f 2140/1065/3 2139/6641/3 3812/1066/3
f 729/1068/139 728/1080/139 2414/1069/139
f 1398/1070/140 1397/1071/140 3647/1071/140
f 3715/786/5 2137/786/5 2140/786/5
f 2140/786/5 3823/786/5 3750/786/5
f 680/1072/141 677/1060/141 2663/1060/141
f 2451/1040/5 1712/6638/5 1721/1039/5
f 1721/1039/5 2513/2012/5 2461/608/5
f 2207/777/142 2206/779/142 3707/779/142
f 1399/1073/143 1398/6642/143 3654/1074/143
f 1718/1076/3 1717/6643/3 2492/1077/3
f 2464/1079/5 1719/6644/5 1718/1039/5
f 1718/1039/5 2491/2012/5 2465/608/5
f 2206/779/144 2205/778/144 3706/778/144
f 728/1080/145 725/1090/145 2412/1081/145
f 1400/1082/146 1399/6645/146 3653/1083/146
f 2463/608/1904 2517/2012/1904 1720/1039/1904
f 1720/1039/1904 1719/6644/1904 2464/1079/1904
f 682/1085/148 680/1072/148 2652/1072/148
f 2205/778/1905 2204/780/1905 3709/780/1905
f 1401/786/1906 1400/1086/1906 3652/1086/1906
f 1721/1087/3 1720/6646/3 2517/1088/3
f 3656/786/5 3638/786/5 1280/786/5
f 1280/786/5 1401/786/5 3650/786/5
f 1788/777/142 1787/779/142 2672/779/142
f 2204/780/151 2203/781/151 3708/781/151
f 725/1090/1907 724/1099/1907 2411/1091/1907
f 1299/1092/153 1298/1025/153 3938/1027/153
f 684/1094/154 682/1085/154 2651/1085/154
f 1787/779/144 1786/778/144 2674/778/144
f 2203/781/155 2202/1095/155 3716/1095/155
f 2208/1096/156 2207/777/156 3710/777/156
f 1392/1097/157 1391/1118/157 3642/1098/157
f 1786/778/1905 1785/780/1905 2673/780/1905
f 724/1099/158 721/1109/158 2410/1100/158
f 686/1101/159 684/1094/159 2650/1094/159
f 1393/1102/160 1392/6647/160 3644/1103/160
f 1785/780/151 1784/781/151 2677/781/151
f 2202/1095/161 2201/1105/161 3713/1105/161
f 1300/1106/162 1299/1092/162 3931/1093/162
f 1784/781/155 1783/1095/155 2676/1095/155
f 2201/1105/163 2200/1108/163 3712/1108/163
f 721/1109/164 720/1114/164 2409/1110/164
f 1789/1096/156 1788/777/156 2678/777/156
f 1390/1111/165 1389/1112/165 3936/1112/165
f 2200/1108/166 2199/1113/166 3722/1113/166
f 720/1114/167 718/1123/167 2408/1115/167
f 2209/1116/168 2208/1096/168 3725/1096/168
f 688/1117/169 686/1101/169 2656/1101/169
f 3641/1119/1908 3642/1098/1908 1391/1118/1908
f 1391/1118/1908 1390/1111/1908 3935/1111/1908
f 1783/1095/161 1782/1105/161 2675/1105/161
f 1301/1120/171 1300/1106/171 3932/1107/171
f 1782/1105/163 1781/1108/163 2685/1108/163
f 2199/1113/172 2198/1122/172 3721/1122/172
f 718/1123/173 715/6648/173 2407/1124/173
f 2406/1125/174 2423/703/174 690/703/174
f 690/703/174 688/1117/174 2655/1117/174
f 1389/1112/175 1388/1126/175 3934/1126/175
f 1781/1108/166 1780/1113/166 2684/1113/166
f 2198/1122/176 2197/1127/176 3720/1127/176
f 1790/1116/168 1789/1096/168 2680/1096/168
f 2210/1128/177 2209/1116/177 3726/1116/177
f 1388/1126/178 1387/1129/178 3933/1129/178
f 715/1130/179 714/1131/179 2431/1131/179
f 1387/1129/180 1386/1132/180 3937/1132/180
f 1780/1113/172 1779/1122/172 2683/1122/172
f 2197/1127/181 2196/1133/181 3719/1133/181
f 714/1134/182 712/1139/182 2421/1135/182
f 1386/1132/183 1385/1137/183 3939/1137/183
f 1779/1122/176 1778/1127/176 2692/1127/176
f 2196/1133/184 2195/1138/184 3718/1138/184
f 712/1139/185 710/6649/185 2420/1140/185
f 1791/1128/177 1790/1116/177 2681/1116/177
f 2211/784/186 2210/1128/186 3751/1128/186
f 1385/1137/187 1384/1141/187 3942/1141/187
f 710/1142/188 708/1143/188 2419/1143/188
f 1384/1141/189 1383/1144/189 3940/1144/189
f 1778/1127/181 1777/1133/181 2691/1133/181
f 2195/1145/190 2194/1224/190 3717/1146/190
f 708/1148/191 706/6650/191 2418/1149/191
f 1302/1151/192 1301/1120/192 3944/1121/192
f 2444/1153/184 2691/1133/184 1777/1133/184
f 1777/1133/184 1776/1138/184 2443/1138/184
f 706/1154/193 703/1155/193 2417/1155/193
f 1792/784/186 1791/1128/186 2694/1128/186
f 2184/1157/194 2183/1253/194 3727/1158/194
f 1383/1144/195 1382/1160/195 3941/1160/195
f 703/1161/196 701/1168/196 2430/1162/196
f 2185/1164/197 2184/1157/197 3729/1159/197
f 1382/1160/1909 1381/1166/1909 3943/1166/1909
f 1776/1138/190 1775/1167/190 2447/1167/190
f 701/1168/199 700/1173/199 2428/1169/199
f 2186/1170/200 2185/1164/200 3728/1165/200
f 1381/1166/1910 1380/1172/1910 3947/1172/1910
f 700/1173/202 697/1182/202 2425/1174/202
f 1303/1175/1911 1302/1151/1911 3948/1152/1911
f 1765/1177/194 1764/1272/194 2690/1178/194
f 2187/1180/204 2186/1170/204 3734/1171/204
f 697/1182/205 695/1189/205 2426/1183/205
f 1766/1184/197 1765/1177/197 2688/1179/197
f 2188/1186/206 2187/1180/206 3731/1181/206
f 1380/1172/207 1379/1188/207 3946/1188/207
f 695/1189/208 693/1199/208 2427/1190/208
f 1767/1191/200 1766/1184/200 2731/1185/200
f 2189/1193/209 2188/1186/209 3732/1187/209
f 691/1195/3 690/6651/3 2423/1196/3
f 1379/1188/210 1378/1198/210 3950/1198/210
f 693/1199/211 691/894/211 2422/888/211
f 1304/1200/212 1303/1175/212 3949/1176/212
f 1768/1202/204 1767/1191/204 2725/1192/204
f 2190/1204/219 2189/1193/219 3746/1194/219
f 842/894/6 840/1302/6 2523/899/6
f 1769/1206/206 1768/1202/206 2724/1203/206
f 1378/1198/214 1377/1208/214 3953/1208/214
f 2191/1209/215 2190/1204/215 3736/1205/215
f 1770/1211/209 1769/1206/209 2723/1207/209
f 840/1213/4 838/6652/4 2522/1214/4
f 2192/1216/216 2191/1209/216 3737/1210/216
f 1377/1208/217 1376/1218/217 3951/1218/217
f 2883/1046/6 2884/1046/6 5/1046/6
f 5/1046/6 3/1046/6 2864/1046/6
f 858/1111/3 2527/1111/3 2611/1111/3
f 1305/1219/218 1304/1200/218 3952/1201/218
f 1771/1221/219 1770/1211/219 2722/1212/219
f 2522/899/5 838/1302/5 860/898/5
f 860/898/5 2611/913/5 2528/1223/5
f 2193/1224/220 2192/1216/220 3743/1217/220
f 3/584/4 1/584/4 2863/584/4
f 2194/1225/5 2193/1225/5 3740/1225/5
f 7/1226/3 5/6653/3 2884/1227/3
f 1772/1229/215 1771/1221/215 2717/1222/215
f 858/898/5 855/1254/5 2646/1231/5
f 2212/1232/221 2211/784/221 3752/784/221
f 1376/1218/222 1375/1233/222 3954/1233/222
f 7/1234/5 2887/1357/5 2863/1235/5
f 2881/1238/223 2886/6654/223 19/1237/223
f 19/1237/223 17/1236/223 2869/1235/223
f 2445/622/216 2446/6655/216 1773/1239/216
f 1773/1239/216 1772/1229/216 2716/1230/216
f 1375/1233/225 1374/1240/225 3956/1240/225
f 2182/1241/226 2181/1259/226 3724/1242/226
f 1306/1244/1912 1305/1219/1912 3955/1220/1912
f 17/598/4 15/598/4 2867/598/4
f 1773/1239/220 2446/6655/220 2467/1246/220
f 855/1248/4 854/1248/4 2631/1248/4
f 1775/1249/5 1774/6656/5 2467/1250/5
f 851/1252/3 849/1252/3 2647/1252/3
f 2183/1253/228 2182/1241/228 3723/1243/228
f 15/598/229 14/1046/229 2888/1046/229
f 1793/1232/221 1792/784/221 2695/784/221
f 854/1254/5 851/1263/5 2645/1255/5
f 1374/1240/230 1373/1256/230 3968/1256/230
f 14/1257/231 11/1236/231 2866/1235/231
f 2181/1259/232 2180/1268/232 3730/1260/232
f 1307/1261/233 1306/1244/233 3958/1245/233
f 849/1263/5 847/1280/5 2657/1264/5
f 11/584/4 9/584/4 2865/584/4
f 1763/1265/226 1762/1286/226 2687/1266/226
f 2180/1268/234 2179/1275/234 3735/1269/234
f 847/956/4 845/956/4 2662/956/4
f 1373/1256/235 1372/1270/235 3967/1270/235
f 2865/1235/236 9/1236/236 21/1237/236
f 21/1237/236 2885/6654/236 2882/1271/236
f 1764/1272/228 1763/1265/228 2686/1267/228
f 843/1273/3 842/1213/3 2658/1215/3
f 2179/1275/237 2178/1295/237 3733/1276/237
f 21/1277/3 19/6657/3 2886/1278/3
f 845/1280/5 843/894/5 2659/888/5
f 2213/1281/238 2212/1232/238 3748/1232/238
f 3651/1283/1913 3967/1270/1913 1372/1270/1913
f 1372/1270/239 1371/1282/239 3649/1282/239
f 2877/1285/240 2872/1326/240 34/1284/240
f 34/1284/240 31/1236/240 3062/1235/240
f 1762/1286/232 1761/1291/232 2693/1287/232
f 966/1288/6 964/1288/6 2903/1288/6
f 1308/1289/241 1307/1261/241 3957/1262/241
f 31/907/4 30/907/4 3061/907/4
f 1761/1291/234 1760/1300/234 2700/1292/234
f 2529/619/4 2903/6658/4 964/1293/4
f 964/1293/4 962/6659/4 2526/1294/4
f 2178/1295/242 2177/1304/242 3747/1296/242
f 1371/1282/243 1370/1317/243 3668/1297/243
f 3061/1235/244 30/1236/244 27/1298/244
f 27/1298/244 2876/6660/244 2871/1299/244
f 1760/1300/237 1759/1319/237 2703/1301/237
f 962/1302/5 960/1341/5 2530/1303/5
f 2177/1304/245 2176/6661/245 3744/1305/245
f 1309/1306/246 1308/6662/246 3961/1307/246
f 27/1309/247 25/726/247 2870/726/247
f 1794/1281/238 1793/1232/238 2727/1232/238
f 866/1310/6 863/1302/6 2525/899/6
f 3742/608/256 3754/1337/256 2214/1312/256
f 2214/1312/248 2213/6663/248 3745/1313/248
f 25/584/4 24/584/4 2868/584/4
f 863/1314/4 861/6664/4 2524/1315/4
f 1370/1317/249 1369/1318/249 3667/1318/249
f 1759/1319/242 1758/1328/242 2726/1320/242
f 2176/1321/250 2175/6665/250 3741/1322/250
f 1310/1324/251 1309/1306/251 3960/1308/251
f 24/1236/252 46/1284/252 2873/1326/252
f 861/1302/5 994/1354/5 2532/1327/5
f 1758/1328/245 1757/6666/245 2718/1329/245
f 867/1330/253 866/1331/253 2531/1331/253
f 3741/1322/1914 2175/6665/1914 2174/1332/1914
f 2174/1332/254 3753/1370/254 3739/608/254
f 2875/1333/255 3070/1357/255 35/1234/255
f 35/1234/255 34/1284/255 2872/1326/255
f 2709/1335/256 2733/1334/256 1795/1334/256
f 1795/1334/256 1794/1281/256 2719/1281/256
f 2215/1336/257 2214/1312/257 3754/1337/257
f 1369/1318/258 1368/1248/258 3661/1248/258
f 1311/1339/259 1310/1324/259 3966/1325/259
f 960/1341/260 957/1364/260 2534/1342/260
f 1757/1321/1915 1756/6665/1915 2708/1322/1915
f 870/1343/261 867/1330/261 2533/1330/261
f 2174/1344/262 2173/1345/262 3761/1345/262
f 2216/1346/263 2215/1336/263 3755/1338/263
f 1368/1248/264 1367/1377/264 3664/1348/264
f 46/786/265 44/1111/265 2879/1111/265
f 2708/1322/254 1756/6665/254 1755/1332/254
f 1755/1332/254 2738/1370/254 2707/608/254
f 3666/1349/1916 1312/6667/1916 1311/1339/1916
f 1311/1339/1916 3965/1340/1916 3665/621/1916
f 37/1350/3 35/6668/3 3070/1351/3
f 1796/1353/257 1795/1334/257 2733/1334/257
f 994/1354/267 993/1408/267 2537/1355/267
f 2880/1358/268 2874/1363/268 39/1356/268
f 39/1356/268 37/1234/268 3069/1357/268
f 2173/1345/269 2172/1359/269 3756/1359/269
f 1313/1360/270 1312/6669/270 3666/1361/270
f 42/1234/271 39/1356/271 2874/1363/271
f 957/1364/272 956/1386/272 2536/1365/272
f 44/1366/3 42/6670/3 2878/1367/3
f 1755/1332/262 1754/1381/262 2750/1369/262
f 968/1371/273 966/1372/273 2919/1372/273
f 2172/1359/274 2171/1373/274 3758/1373/274
f 58/1284/240 56/1236/240 3043/1235/240
f 1797/1374/275 1796/1353/275 2746/1353/275
f 2217/1375/276 2216/1346/276 3757/1347/276
f 1367/1377/277 1366/1378/277 3670/1378/277
f 871/708/278 870/1343/278 2535/1343/278
f 1314/1379/279 1313/1360/279 3662/1362/279
f 56/907/4 54/907/4 3042/907/4
f 1754/1381/269 1753/1390/269 2745/1382/269
f 2171/1373/280 2170/1383/280 3759/1383/280
f 1315/1384/281 1314/1379/281 3663/1380/281
f 54/907/244 51/1309/244 3065/1309/244
f 956/1386/282 953/1399/282 2557/1387/282
f 2218/1388/283 2217/1375/283 3760/1376/283
f 51/1309/247 50/726/247 3064/726/247
f 1753/1390/284 1752/1401/284 2754/1391/284
f 873/706/285 871/708/285 2538/708/285
f 1798/1392/276 1797/1374/276 2747/1374/276
f 1366/1378/286 1365/1393/286 3672/1393/286
f 50/584/4 47/584/4 3063/584/4
f 2170/1394/287 2169/1422/287 3762/1395/287
f 1316/1397/288 1315/1384/288 3669/1385/288
f 953/1399/289 952/1418/289 2541/1400/289
f 47/1236/252 70/1284/252 3067/1326/252
f 1752/1401/280 1751/1394/280 2757/1396/280
f 2169/1402/290 2168/1403/290 3765/1403/290
f 3992/1406/6 4015/6671/6 1341/1404/6
f 1341/1404/6 1340/6672/6 3983/1405/6
f 1799/1407/283 1798/1392/283 2755/1392/283
f 993/1408/291 992/1462/291 2545/1409/291
f 2219/1410/292 2218/1388/292 3764/1389/292
f 59/1252/255 58/870/255 3066/870/255
f 875/726/293 873/706/293 2540/706/293
f 1340/1412/294 1339/1413/294 3982/1413/294
f 2143/1414/6 2142/1450/6 3763/1415/6
f 1751/1394/287 1750/1422/287 2758/1395/287
f 1365/1393/295 1364/1417/295 3675/1417/295
f 952/1418/296 950/6673/296 2547/1419/296
f 2142/584/4 2141/584/4 3774/584/4
f 1317/1420/297 1316/1421/297 3671/1421/297
f 1750/1422/290 1749/1460/290 2759/1423/290
f 970/924/298 968/1371/298 2913/1371/298
f 2144/1424/3 2143/6674/3 3772/1425/3
f 70/786/265 67/1111/265 3074/1111/265
f 1800/1427/292 1799/1407/292 2760/1407/292
f 61/1428/3 59/6675/3 3071/1429/3
f 877/1431/299 875/726/299 2539/726/299
f 1339/1413/300 1338/1432/300 3995/1432/300
f 63/1356/268 61/1234/268 3076/1357/268
f 1724/1433/6 1723/1433/6 2823/1433/6
f 2242/786/5 3808/786/5 3774/786/5
f 1318/1434/301 1317/6676/301 3674/1435/301
f 65/1234/271 63/1356/271 3068/1363/271
f 67/1437/3 65/6677/3 3075/1438/3
f 2497/584/4 2823/584/4 1723/584/4
f 1723/584/4 1722/584/4 2496/584/4
f 950/1440/302 948/680/302 2544/680/302
f 2168/1403/303 2167/1441/303 3767/1441/303
f 82/909/6 80/909/6 3047/909/6
f 1725/1442/3 1724/6678/3 2825/1443/3
f 879/1445/304 877/1431/304 2546/1431/304
f 2220/1446/305 2219/1410/305 3766/1411/305
f 1364/1417/306 1363/1448/306 3694/1448/306
f 80/681/4 78/681/4 3046/681/4
f 1338/1432/307 1337/1449/307 3994/1449/307
f 1722/1450/5 1823/6679/5 2490/1451/5
f 948/1452/308 946/6680/308 2542/1453/308
f 2167/1441/308 2166/1455/308 3769/1455/308
f 1319/1456/309 1318/1434/309 3676/1436/309
f 2145/1458/6 2144/1414/6 3771/1416/6
f 1749/1460/303 1748/1473/303 2778/1461/303
f 992/1462/310 991/1521/310 2552/1463/310
f 1801/1464/305 1800/1427/305 2779/1427/305
f 881/1465/311 879/1445/311 2543/1445/311
f 2221/1466/312 2220/1446/312 3768/1447/312
f 1337/1449/313 1336/1468/313 3993/1468/313
f 1320/1469/314 1319/1456/314 3673/1457/314
f 78/681/1917 76/1471/1917 3055/1471/1917
f 76/1471/316 73/1472/316 3045/1472/316
f 1748/1473/308 1747/1477/308 2784/1474/308
f 946/1475/317 944/1252/317 2556/1476/317
f 2166/1477/318 2165/6681/318 3773/1478/318
f 1321/1479/319 1320/1469/319 3696/1470/319
f 1726/1481/6 1725/1481/6 2824/1481/6
f 884/1471/320 881/1465/320 2555/1465/320
f 73/584/4 72/584/4 3044/584/4
f 2165/1482/321 2164/1483/321 3777/1483/321
f 1802/1484/312 1801/1464/312 2786/1464/312
f 971/1248/322 970/924/322 2911/924/322
f 2222/1485/323 2221/1466/323 3770/1467/323
f 1363/1448/324 1362/753/324 3695/753/324
f 1336/1468/1918 1335/870/1918 3990/1487/1918
f 1747/1455/318 1746/1482/318 2783/1482/318
f 944/1488/326 942/1500/326 2549/1489/326
f 2164/1483/327 2163/1491/327 3775/1491/327
f 1322/752/328 1321/754/328 3678/754/328
f 886/1492/329 884/1471/329 2548/1471/329
f 2223/1493/330 2222/1485/330 3800/1486/330
f 72/1236/5 100/1234/5 3072/1357/5
f 1745/1483/321 2826/1483/321 2783/1482/321
f 83/1495/3 82/6682/3 3060/1496/3
f 1803/1498/323 1802/1484/323 2785/1484/323
f 1335/870/331 1334/1499/331 3988/1499/331
f 86/884/5 83/884/5 3059/884/5
f 942/1500/332 941/6683/332 2554/1501/332
f 2163/1491/333 2162/1502/333 3799/1502/333
f 1323/1503/334 1322/6684/334 3677/1504/334
f 90/1506/335 88/1516/335 3050/1507/335
f 1745/1483/327 1744/1491/327 2827/1491/327
f 941/1509/336 939/1510/336 2551/1510/336
f 2162/1502/337 2161/1511/337 3798/1511/337
f 1804/1493/330 1803/1485/330 2815/1486/330
f 888/1512/338 886/1492/338 2553/1492/338
f 2224/1513/339 2223/1493/339 3776/1494/339
f 1334/1499/340 1333/1515/340 4009/1515/340
f 94/1516/341 91/1506/341 3054/1508/341
f 97/683/6 96/683/6 3048/683/6
f 1362/753/342 1361/1561/342 3683/1517/342
f 100/1518/3 97/6685/3 3073/1519/3
f 1744/1491/333 1743/1502/333 2830/1502/333
f 991/1521/343 990/1557/343 2597/1522/343
f 2161/1511/344 2160/1523/344 3797/1523/344
f 1324/956/345 1323/1524/345 3684/1524/345
f 91/1525/3 90/6686/3 3056/1526/3
f 2146/787/346 2145/1528/346 3804/1528/346
f 3265/1529/6 3280/1357/6 111/1234/6
f 111/1234/6 110/1236/6 3198/1235/6
f 1743/1530/337 1742/6687/337 2829/1531/337
f 939/1510/347 937/1533/347 2599/1533/347
f 1805/1513/339 1804/1493/339 2828/1494/339
f 890/1309/348 888/1512/348 2550/1512/348
f 2147/785/358 2146/787/358 3805/787/358
f 1333/1515/350 1332/1534/350 3999/1534/350
f 110/681/4 107/681/4 3197/681/4
f 1325/1535/351 1324/956/351 3679/956/351
f 2148/1536/352 2147/785/352 3778/785/352
f 1742/1511/344 1741/1523/344 2841/1523/344
f 937/1537/353 935/1552/353 2558/1538/353
f 117/598/3 116/598/3 3255/598/3
f 1727/787/346 1726/1528/346 2831/1528/346
f 973/1540/354 971/1248/354 2912/1248/354
f 1332/1534/355 1331/1541/355 4006/1541/355
f 2160/1542/356 2159/6688/356 3796/1543/356
f 1326/1545/357 1325/6689/357 3682/1546/357
f 1728/785/358 1727/787/358 2832/787/358
f 891/1548/359 890/1309/359 2598/1309/359
f 2149/1549/360 2148/1536/360 3793/1536/360
f 106/1471/1917 3259/1471/1917 3197/681/1917
f 106/1471/316 103/1472/316 3253/1472/316
f 1729/1536/361 1728/785/361 2833/785/361
f 2150/1550/1919 2149/1549/1919 3794/1549/1919
f 1331/1541/363 1330/1551/363 4044/1551/363
f 935/1552/313 933/6690/313 2565/1553/313
f 3681/621/364 4032/6691/364 1327/1554/364
f 1327/1554/364 1326/1545/364 3680/1547/364
f 3053/584/4 3253/584/4 103/584/4
f 103/584/4 102/584/4 3052/584/4
f 893/1555/1920 891/1548/1920 2560/1548/1920
f 2151/795/366 2150/1550/366 3795/1550/366
f 1741/1523/356 1740/793/356 2840/793/356
f 1730/1549/360 1729/1536/360 2834/1536/360
f 1330/1551/367 1329/1556/367 4014/1556/367
f 125/682/3 123/682/3 3257/682/3
f 990/1557/368 989/1616/368 2593/1558/368
f 2159/793/369 2158/792/369 3792/792/369
f 1731/1550/1919 1730/1549/1919 2835/1549/1919
f 2225/1559/370 2224/1513/370 3779/1514/370
f 1361/1561/371 1360/1562/371 3690/1562/371
f 933/1563/372 931/870/372 2561/1487/372
f 1328/1564/373 1327/1565/373 4032/1565/373
f 102/786/5 130/786/5 3058/786/5
f 1732/795/366 1731/1550/366 2836/1550/366
f 895/864/374 893/1555/374 2559/1555/374
f 2152/794/1921 2151/795/1921 3786/795/1921
f 113/1566/3 111/6692/3 3280/1567/3
f 116/884/5 113/884/5 3308/884/5
f 898/863/23 895/864/23 2564/864/23
f 2153/1569/376 2152/794/376 3787/794/376
f 1329/1556/377 1328/1564/377 4013/1564/377
f 119/1506/335 117/1516/335 3256/1507/335
f 1740/793/369 1739/792/369 2859/792/369
f 1806/1559/370 1805/1513/370 2842/1514/370
f 2154/797/378 2153/1569/378 3788/1569/378
f 931/870/379 929/871/379 2563/1570/379
f 1360/1562/380 1359/1571/380 3691/1571/380
f 123/1516/341 121/1506/341 3258/1508/341
f 1733/794/1921 1732/795/1921 2837/795/1921
f 899/720/28 898/863/28 2562/863/28
f 1342/1572/381 1341/6693/381 4015/1573/381
f 127/683/6 125/683/6 3254/683/6
f 2158/792/382 2157/798/382 3783/798/382
f 3058/1576/3 130/6694/3 127/1575/3
f 127/1575/3 3307/6695/3 3057/616/3
f 1734/1569/376 1733/794/376 2838/794/376
f 2155/796/383 2154/797/383 3789/797/383
f 1343/1577/1922 1342/1578/1922 4037/1578/1922
f 121/1579/3 119/6696/3 3260/1580/3
f 929/1582/1923 928/6697/1923 2573/1583/1923
f 133/1585/1402 132/584/1402 3261/584/1402
f 1735/797/378 1734/1569/378 2839/1569/378
f 2596/1587/1924 2592/1586/1924 975/1586/1924
f 975/1586/1924 973/1540/1924 2915/1540/1924
f 2156/799/386 2155/796/386 3790/796/386
f 1359/1571/387 1358/1597/387 3692/1588/387
f 132/584/1925 224/786/1925 3262/786/1925
f 902/718/39 899/720/39 2572/720/39
f 2157/798/389 2156/799/389 3791/799/389
f 1344/1589/390 1343/6698/390 4036/1590/390
f 135/1592/1818 133/1585/1818 3263/1585/1818
f 1739/792/382 1738/798/382 2858/798/382
f 1736/796/383 1735/797/383 2855/797/383
f 928/884/43 925/904/43 2567/904/43
f 2226/1594/392 2225/6699/392 3785/1595/392
f 1358/1597/393 1357/1598/393 3693/1598/393
f 224/786/1926 223/1599/1926 3264/1599/1926
f 1737/799/386 1736/796/386 2856/796/386
f 904/907/45 902/718/45 2566/718/45
f 1345/1600/395 1344/1601/395 4035/1601/395
f 137/1602/1927 135/1592/1927 3281/1592/1927
f 1738/798/389 1737/799/389 2857/799/389
f 2242/1603/397 2241/1610/397 3809/1604/397
f 1346/1606/398 1345/6700/398 4034/1607/398
f 925/904/50 923/912/50 2571/912/50
f 223/1599/1836 220/1609/1836 3266/1609/1836
f 2241/1610/1928 2240/1626/1928 3814/1611/1928
f 139/1612/1412 137/1602/1412 3267/1602/1412
f 1807/1613/392 1806/6701/392 2862/1614/392
f 989/1616/52 988/1701/52 2594/1617/52
f 2227/1618/402 2226/1594/402 3784/1596/402
f 1357/1598/403 1356/1620/403 3689/1620/403
f 906/909/404 904/907/404 2570/907/404
f 1347/1621/405 1346/1252/405 4033/1252/405
f 220/1609/1929 219/1622/1929 3270/1622/1929
f 1823/1623/397 1822/1631/397 2493/1624/397
f 2240/1626/407 2239/1633/407 3815/1627/407
f 1348/1628/408 1347/1621/408 4019/1621/408
f 140/1629/409 139/1612/409 3271/1612/409
f 923/912/59 921/926/59 2569/1630/59
f 1822/1631/1928 1821/6702/1928 2494/1632/1928
f 907/930/410 906/909/410 2568/909/410
f 2239/1633/411 2238/1649/411 3816/1634/411
f 1808/1635/402 1807/1613/402 2861/1615/402
f 2228/1637/412 2227/1618/412 3782/1619/412
f 1356/1620/413 1355/1661/413 3687/1639/413
f 219/1622/414 217/1640/414 3268/1640/414
f 1349/1641/415 1348/6703/415 4017/1642/415
f 143/1644/630 140/1629/630 3269/1629/630
f 921/1645/65 919/6704/65 2590/1646/65
f 2494/1632/407 1821/6702/407 1820/1648/407
f 1820/1648/407 2853/1655/407 2495/622/407
f 909/935/67 907/930/67 2595/930/67
f 2238/1649/418 2237/1656/418 3811/1650/418
f 1350/1651/419 1349/1641/419 4029/1643/419
f 217/1640/635 215/1653/635 3278/1653/635
f 1820/1648/411 1819/1670/411 2854/1654/411
f 2237/1656/421 2236/1663/421 3813/1657/421
f 145/1658/422 143/1644/422 3279/1644/422
f 1809/1659/412 1808/1635/412 2860/1636/412
f 919/933/73 917/956/73 2576/956/73
f 1355/1661/423 1354/1662/423 3686/1662/423
f 911/723/75 909/935/75 2575/935/75
f 2236/1663/424 2235/1676/424 3819/1664/424
f 1351/1665/425 1350/1666/425 4026/1666/425
f 2229/1667/426 2228/1637/426 3781/1638/426
f 215/1653/427 212/1669/427 3272/1669/427
f 1819/1670/418 1818/1674/418 2848/1671/418
f 1352/1672/428 1351/1665/428 4025/1665/428
f 146/1673/1930 145/1658/1930 3273/1658/1930
f 917/956/80 915/957/80 2578/957/80
f 1818/1674/421 1817/1681/421 2849/1675/421
f 913/721/430 911/723/430 2574/723/430
f 2235/1676/431 2234/1683/431 3820/1677/431
f 1353/1678/432 1352/1672/432 4023/1672/432
f 3686/1662/433 1354/1662/433 1353/1678/433
f 1353/1678/433 4022/1678/433 3685/1679/433
f 212/1669/1931 211/1680/1931 3276/1680/1931
f 1817/1681/424 1816/1694/424 2850/1682/424
f 2234/1683/435 2233/1688/435 3821/1684/435
f 1404/894/6 1403/1302/6 3825/899/6
f 149/1685/436 146/1673/436 3277/1673/436
f 1810/1686/426 1809/1659/426 2852/1660/426
f 915/957/88 913/721/88 2577/721/88
f 2233/1688/437 2232/1703/437 3822/1689/437
f 976/1690/91 975/1586/91 2592/1586/91
f 2229/1667/438 3780/1668/438 3817/1691/438
f 211/1680/439 208/1693/439 3274/1693/439
f 1816/1694/431 1815/1699/431 2851/1695/431
f 1403/584/4 1402/584/4 3928/584/4
f 151/1696/192 149/1685/192 3275/1685/192
f 2231/1697/441 2230/1692/441 3817/1691/441
f 1413/1111/3 1412/1111/3 3836/1111/3
f 1815/1699/435 1814/1706/435 2845/1700/435
f 988/1701/97 987/6705/97 2589/1702/97
f 2232/1703/1932 2231/1697/1932 3818/1698/1932
f 1402/786/5 1413/786/5 3945/786/5
f 977/1704/443 976/1690/443 2591/1690/443
f 208/1693/444 207/1705/444 3312/1705/444
f 1814/1706/437 1813/1718/437 2846/1707/437
f 1411/1188/5 3963/1188/5 3836/1188/5
f 153/1708/445 151/1696/445 3311/1696/445
f 1811/1709/438 1810/1686/438 2847/1687/438
f 987/1711/104 986/1720/104 2584/1712/104
f 1812/1714/441 1811/1709/441 2844/1710/441
f 978/1716/107 977/1704/107 2588/1704/107
f 207/1705/446 205/1717/446 3282/1717/446
f 1813/1718/1932 1812/1714/1932 2843/1715/1932
f 1411/1248/4 1410/1248/4 3962/1248/4
f 2711/1046/6 2808/1046/6 1826/1046/6
f 1826/1046/6 1825/1046/6 2682/1046/6
f 1409/1252/3 1408/1252/3 3964/1252/3
f 205/1717/447 202/1719/447 3286/1719/447
f 986/1720/112 985/1728/112 2585/1721/112
f 1410/1598/5 1409/1598/5 3959/1598/5
f 155/1722/448 153/1708/448 3283/1708/448
f 1825/584/4 1824/584/4 2679/584/4
f 979/1723/113 978/1716/113 2587/1716/113
f 1827/1724/3 1826/6706/3 2808/1725/3
f 1408/870/5 1407/870/5 4046/870/5
f 157/1727/449 155/1722/449 3287/1722/449
f 2679/1040/5 1824/6638/5 1827/1039/5
f 1827/1039/5 2809/2012/5 2710/608/5
f 2948/584/6 3033/584/6 1829/584/6
f 1829/584/6 1828/584/6 2925/584/6
f 985/1728/120 984/6707/120 2582/1729/120
f 1407/956/4 1406/956/4 4045/956/4
f 980/1188/122 979/1723/122 2586/1723/122
f 1405/1309/3 1404/1309/3 4021/1309/3
f 202/1719/450 200/1730/450 3284/1730/450
f 4016/907/5 4045/907/5 1406/907/5
f 1406/907/5 1405/907/5 4018/907/5
f 159/1731/451 157/1727/451 3285/1727/451
f 1467/1732/6 1466/1302/6 3830/899/6
f 2668/1734/4 2925/1734/4 1828/1734/4
f 1828/1734/4 1894/1734/4 2665/1734/4
f 984/1735/127 983/683/127 2580/1736/127
f 981/1737/129 980/1188/129 2583/1188/129
f 1466/1738/4 1465/1738/4 3828/1738/4
f 200/1730/453 199/1739/453 3294/1739/453
f 1894/1734/454 1893/1740/454 2667/1740/454
f 161/1741/455 159/1731/455 3295/1731/455
f 982/1742/132 981/1737/132 2581/1737/132
f 1465/1743/5 1464/1743/5 3856/1743/5
f 1893/1740/456 1892/1744/456 2666/1744/456
f 983/683/133 982/1742/133 2579/1742/133
f 1416/1310/6 1415/1302/6 3827/899/6
f 997/1061/6 996/1061/6 2890/1061/6
f 199/1739/457 196/1745/457 3288/1745/457
f 1892/1744/458 1891/1746/458 2669/1746/458
f 1415/584/4 1414/584/4 3826/584/4
f 163/1747/459 161/1741/459 3289/1741/459
f 1891/1746/460 1890/1748/460 2699/1748/460
f 1414/1302/5 1491/1354/5 3970/1327/5
f 996/1749/4 995/6708/4 2904/1750/4
f 1417/1752/253 1416/1310/253 3971/1311/253
f 196/1745/461 194/1754/461 3292/1754/461
f 1890/1748/462 1889/1755/462 2698/1755/462
f 1004/1756/3 1003/1756/3 2910/1756/3
f 165/1757/1933 163/2216/1933 3293/1758/1933
f 995/1302/5 1004/898/5 2905/913/5
f 1889/1755/464 1888/1760/464 2697/1760/464
f 1464/1743/260 1463/1598/260 3854/1598/260
f 1003/898/5 1002/1775/5 2908/1761/5
f 1418/1762/261 1417/1752/261 3969/1753/261
f 194/1754/1839 193/1764/1839 3290/1764/1839
f 1888/1760/466 1887/1765/466 2696/1765/466
f 167/1766/1934 165/1757/1934 3291/1759/1934
f 1896/1768/3 1895/6709/3 2670/1769/3
f 1491/786/267 1490/707/267 3974/707/267
f 1002/1748/4 1001/1748/4 2909/1748/4
f 193/1757/1434 190/1766/1434 3310/1767/1434
f 1887/1765/469 1886/831/469 2729/831/469
f 1000/1771/3 999/1771/3 2907/1771/3
f 1463/1598/272 1462/1772/272 3860/1772/272
f 169/1773/1935 167/1766/1935 3309/1767/1935
f 1001/1775/5 1000/1785/5 2906/1776/5
f 3861/1778/273 3864/1827/273 1468/1777/273
f 1468/1777/273 1467/1732/273 3855/1733/273
f 2670/1780/5 1895/6710/5 1921/1779/5
f 1921/1779/5 2774/6711/5 2715/608/5
f 998/1781/3 997/1749/3 2917/1751/3
f 1896/1768/471 2671/1770/471 2689/1783/471
f 999/1785/5 998/894/5 2914/888/5
f 1419/708/472 1418/1343/472 3972/1343/472
f 190/1766/1936 188/1773/1936 3296/1774/1936
f 1007/604/474 1006/588/474 2891/588/474
f 171/1786/475 169/6712/475 3297/1787/475
f 1898/1789/476 1897/1784/476 2689/1783/476
f 1006/584/4 1005/584/4 2889/584/4
f 1462/1772/282 1461/1791/282 3865/1791/282
f 1899/1792/477 1898/1789/477 2732/1790/477
f 1420/1794/285 1419/6713/285 3973/1795/285
f 188/1797/478 186/1798/478 3298/1798/478
f 173/1799/479 171/1786/479 3299/1788/479
f 1886/831/480 1885/1801/480 2728/1801/480
f 1005/1802/481 1012/894/481 2916/888/481
f 1461/1791/289 1460/1804/289 3863/1804/289
f 1900/1805/482 1899/1792/482 2701/1793/482
f 186/1807/483 185/1822/483 3300/1808/483
f 1013/1810/484 1015/2419/484 2894/1811/484
f 1490/707/291 1489/1813/291 3977/1813/291
f 175/1814/1458 173/1799/1458 3306/1800/1458
f 1901/1816/486 1900/1805/486 2704/1806/486
f 1014/866/487 1013/606/487 2892/606/487
f 1421/1818/293 1420/1794/293 3975/1796/293
f 1902/1820/488 1901/1816/488 2702/1817/488
f 185/1822/1798 183/1835/1798 3305/1823/1798
f 1460/1804/296 1459/1440/296 3867/1440/296
f 177/1824/490 175/1814/490 3301/1815/490
f 1469/1826/298 1468/1777/298 3864/1827/298
f 1885/1801/491 1884/1829/491 2720/1829/491
f 1015/866/4 1014/866/4 2893/866/4
f 1903/1830/492 1902/6714/492 2730/1831/492
f 1010/578/3 1009/578/3 2896/578/3
f 1422/1833/493 1421/1818/493 3976/1819/493
f 183/1835/494 181/1841/494 3303/1836/494
f 179/1837/1937 177/1838/1937 3304/1838/1937
f 1904/1839/496 1903/1830/496 2705/1832/496
f 181/1841/1379 179/6715/1379 3302/1842/1379
f 1008/1843/3 1007/6716/3 2899/1844/3
f 1459/1440/498 1458/680/498 3869/680/498
f 3568/1529/6 3605/1357/6 227/1234/6
f 227/1234/6 277/1236/6 3563/1235/6
f 1905/1846/499 1904/1839/499 2706/1840/499
f 1009/887/34 1008/894/34 2900/888/34
f 1423/1848/500 1422/1833/500 3978/1834/500
f 1011/597/38 1010/598/38 2895/598/38
f 1012/1850/3 1011/6717/3 2918/1851/3
f 1884/1853/501 1883/1868/501 2712/608/501
f 1018/604/6 1017/604/6 3160/604/6
f 1458/680/308 1457/1475/308 3868/1475/308
f 3203/1855/4 3563/1855/4 277/1855/4
f 277/1855/4 275/1855/4 3199/1855/4
f 1906/1856/502 1905/1857/502 2721/1857/502
f 1017/1858/4 1016/6718/4 3159/1859/4
f 1489/1813/310 1488/1861/310 4048/1861/310
f 275/1855/503 273/1862/503 3202/1862/503
f 2713/1864/504 2734/1863/504 1907/1863/504
f 1907/1863/504 1906/1856/504 2714/1856/504
f 1424/1865/311 1423/1848/311 3981/1849/311
f 1016/786/5 1021/786/5 3171/786/5
f 273/1862/505 271/1867/505 3201/1867/505
f 1883/1868/1938 1882/1886/1938 2736/1869/1938
f 2902/606/4 3171/606/4 1021/606/4
f 1021/606/4 1020/606/4 2901/606/4
f 1457/1475/317 1456/1252/317 3883/1476/317
f 271/1867/507 269/1870/507 3200/1870/507
f 1908/1871/508 1907/1863/508 2734/1863/508
f 2897/616/3 2898/6719/3 1019/1872/3
f 1019/1872/3 1018/1858/3 3168/1860/3
f 1425/1873/509 1424/1865/509 3979/1866/509
f 1020/597/5 1019/597/5 2898/597/5
f 269/1870/510 267/1875/510 3207/1875/510
f 1909/1876/511 1908/1871/511 2735/1871/511
f 1024/604/6 1023/604/6 3078/604/6
f 1470/1877/322 1469/1826/322 3875/1828/322
f 267/1875/512 265/1879/512 3206/1879/512
f 1023/1880/4 1022/6720/4 3077/1881/4
f 281/1883/3 279/2070/3 3209/1884/3
f 1882/1886/513 1881/1892/513 2739/1887/513
f 1456/1252/326 1455/1888/326 3874/1888/326
f 1910/1889/514 1909/1876/514 2737/1876/514
f 1027/786/5 3162/786/5 3077/786/5
f 1426/1492/329 1425/1471/329 3980/1471/329
f 284/1890/515 281/1883/515 3208/1885/515
f 1027/606/4 1026/606/4 3165/606/4
f 1881/1892/516 1880/1904/516 2741/1893/516
f 1025/1894/3 1024/1880/3 3170/1882/3
f 1455/1888/517 1454/1509/517 3873/1509/517
f 265/1879/518 263/1896/518 3213/1896/518
f 1911/841/519 1910/1889/519 2740/1889/519
f 1026/597/5 1025/597/5 3169/597/5
f 3141/726/6 3167/726/6 1030/726/6
f 1030/726/6 1029/726/6 3080/726/6
f 1454/1509/336 1453/1510/336 3882/1510/336
f 279/786/5 331/786/5 3248/786/5
f 1912/839/520 1911/841/520 2748/841/520
f 1427/1897/521 1426/6721/521 3996/1898/521
f 285/1900/522 284/1890/522 3205/1891/522
f 287/1902/523 285/1900/523 3204/1901/523
f 1880/1904/524 1879/1912/524 2749/1905/524
f 1029/1906/4 1028/6722/4 3079/1907/4
f 1488/1861/343 1487/1938/343 3997/1909/343
f 1913/865/24 1912/839/24 2742/839/24
f 1039/1111/3 1038/1111/3 3091/1111/3
f 289/1910/1939 287/1902/1939 3224/1903/1939
f 1028/786/5 1039/786/5 3089/786/5
f 1453/1510/347 1452/1533/347 3879/1533/347
f 1428/1309/348 1427/1512/348 3984/1512/348
f 1879/1912/27 1878/1923/27 2743/1913/27
f 1038/1188/5 1037/1188/5 3131/1188/5
f 263/1896/526 262/1914/526 3212/1914/526
f 1914/875/29 1913/865/29 2744/865/29
f 291/1915/728 289/1910/728 3210/1911/728
f 1452/1533/353 1451/1917/353 3878/1917/353
f 1471/1918/354 1470/1877/354 3880/1878/354
f 293/1920/528 291/6723/528 3214/1921/528
f 1878/1923/33 1877/1931/33 2766/1924/33
f 1037/1248/4 1036/1248/4 3161/1248/4
f 1915/844/37 1914/875/37 2769/875/37
f 1034/1252/3 3149/1252/3 3163/1252/3
f 1429/1925/359 1428/6724/359 3986/1926/359
f 1036/1598/5 1035/1598/5 3163/1598/5
f 262/1914/732 260/1928/732 3222/1928/732
f 1916/842/40 1915/844/40 2752/844/40
f 295/1929/531 293/1920/531 3211/1922/531
f 1033/870/5 3172/870/5 3149/870/5
f 1451/1917/313 1450/1563/313 3893/1563/313
f 1430/1555/1920 1429/1548/1920 3985/1548/1920
f 1877/1931/44 1876/1946/44 2767/1932/44
f 1033/956/4 1032/956/4 3164/956/4
f 260/1928/532 258/1933/532 3215/1933/532
f 1917/845/533 1916/842/533 2751/842/533
f 1031/1934/3 1030/1906/3 3167/1908/3
f 297/1936/534 295/1929/534 3223/1930/534
f 1032/907/5 1031/907/5 3166/907/5
f 1487/1938/368 1486/719/368 4010/719/368
f 1918/847/535 1917/845/535 2756/845/535
f 3138/1940/6 3146/888/6 1041/894/6
f 1041/894/6 1040/1302/6 3086/899/6
f 299/1941/536 297/1936/536 3216/1937/536
f 1450/1563/537 1449/870/537 3885/1487/537
f 1431/1943/538 1430/6725/538 3998/1944/538
f 1876/1946/53 1875/1967/53 2768/1947/53
f 258/1933/539 256/1948/539 3220/1948/539
f 1919/848/56 1918/847/56 2753/1939/56
f 1040/1949/4 1068/1954/4 3081/1950/4
f 1432/863/23 1431/864/23 3987/864/23
f 301/1952/540 299/1941/540 3221/1942/540
f 1920/850/57 1919/848/57 2772/848/57
f 1068/1954/541 1067/6726/541 3085/1955/541
f 1449/870/379 1448/871/379 3887/1570/379
f 256/1948/542 254/1956/542 3217/1956/542
f 1067/1957/543 1066/1958/543 3084/1958/543
f 1433/720/28 1432/863/28 3991/863/28
f 303/1959/544 301/1952/544 3219/1953/544
f 1066/1958/545 1065/870/545 3083/1487/545
f 1921/850/4 1920/850/4 2773/850/4
f 1448/871/32 1447/884/32 3886/1593/32
f 254/1956/547 252/1961/547 3227/1961/547
f 1065/870/548 1064/1962/548 3082/1962/548
f 1472/1963/1924 1471/1918/1924 3895/1919/1924
f 305/1965/549 303/1966/549 3218/1966/549
f 1875/1967/550 1874/1974/550 2770/1968/550
f 1064/1962/551 1063/1969/551 3094/1969/551
f 1434/1970/39 1433/6727/39 3989/1971/39
f 307/1973/552 305/1965/552 3226/1965/552
f 1874/1974/76 1873/6728/76 2771/1975/76
f 1063/1969/553 1062/578/553 3093/578/553
f 1447/884/43 1446/904/43 3889/904/43
f 252/1961/554 250/1976/554 3229/1976/554
f 1873/1977/78 1872/1983/78 2765/1978/78
f 1062/578/555 1061/1980/555 3092/1980/555
f 1435/907/45 1434/718/45 4011/718/45
f 310/1981/556 307/1973/556 3225/1973/556
f 1070/1982/3 1069/1982/3 3097/1982/3
f 1872/1983/84 1871/1986/84 2762/1984/84
f 1446/904/50 1445/912/50 4001/912/50
f 250/1976/557 247/1985/557 3237/1985/557
f 1871/1986/86 1870/6729/86 2763/1987/86
f 1061/1980/558 1060/956/558 3103/956/558
f 311/1988/559 310/1981/559 3228/1981/559
f 1486/719/52 1485/722/52 4038/722/52
f 1870/971/1897 1869/972/1897 2761/972/1897
f 1069/786/5 1095/786/5 3156/786/5
f 1436/909/404 1435/907/404 4000/907/404
f 314/694/560 311/1988/560 3230/1988/560
f 1071/1989/1940 1070/1252/1940 3096/1252/1940
f 1869/972/562 1868/853/562 2764/853/562
f 1832/1990/3 1831/6709/3 2822/1769/3
f 1072/1992/563 1071/1989/563 3095/1989/563
f 1445/912/59 1444/926/59 4008/1630/59
f 247/1993/564 246/1998/564 3232/1994/564
f 1437/930/410 1436/909/410 4007/909/410
f 316/692/565 314/694/565 3231/694/565
f 1833/1996/99 1832/1990/99 2782/1991/99
f 1073/597/1941 1072/1992/1941 3098/1992/1941
f 1444/926/65 1443/933/65 4005/933/65
f 246/1998/568 244/2025/568 3234/1999/568
f 1868/2000/569 1867/6730/569 2794/2001/569
f 1060/956/570 1059/2030/570 3115/2003/570
f 1438/2004/67 1437/6731/67 4002/2005/67
f 318/695/571 316/692/571 3236/692/571
f 2804/1769/3 1830/6709/3 1829/2007/3
f 1829/2007/3 3033/6732/3 2806/619/3
f 1074/2008/797 1073/6733/797 3100/2009/797
f 1831/2011/5 1830/1039/5 2804/2012/5
f 319/2014/1942 318/695/1942 3235/695/1942
f 1834/2015/574 1833/1996/574 2775/1997/574
f 1075/1598/575 1074/2017/575 3099/2017/575
f 1443/933/73 1442/956/73 4003/956/73
f 1439/2018/75 1438/2004/75 4004/2006/75
f 1835/2020/576 1834/2015/576 2777/2016/576
f 1076/2022/577 1075/6734/577 3104/2023/577
f 244/2025/578 242/2034/578 3251/2026/578
f 322/2027/1943 319/2014/1943 3233/2014/1943
f 1836/2028/119 1835/2020/119 2776/2021/119
f 1442/956/80 1441/957/80 4042/957/80
f 1059/2030/580 1058/2031/580 3106/2031/580
f 1440/721/430 1439/723/430 4047/723/430
f 1077/2032/154 1076/2033/154 3101/2033/154
f 242/2034/776 240/2047/776 3252/2035/776
f 1867/828/125 1866/1037/125 2792/1037/125
f 323/686/583 322/2027/583 3249/2027/583
f 1837/2036/126 1836/2028/126 2781/2029/126
f 1078/2038/584 1077/6735/584 3102/2039/584
f 1441/957/88 1440/721/88 4012/721/88
f 326/684/585 323/686/585 3238/686/585
f 1838/2041/586 1837/2036/586 2780/2037/586
f 1079/2043/587 1078/2044/587 3107/2044/587
f 1473/2045/91 1472/1963/91 3894/1964/91
f 240/2047/588 239/6736/588 3245/2048/588
f 1866/1037/589 1865/2049/589 2791/2049/589
f 1058/2031/590 1057/2050/590 3110/2050/590
f 1485/722/97 1484/1111/97 4039/2051/97
f 328/2052/785 326/684/785 3240/684/785
f 1839/2053/137 1838/6737/137 2795/2054/137
f 1080/1248/592 1079/2043/592 3105/2043/592
f 1474/2056/443 1473/6738/443 3890/2057/443
f 330/2059/593 328/2052/593 3239/2052/593
f 1081/2061/594 1080/6739/594 3113/2062/594
f 1865/2049/139 1864/2064/139 2789/2064/139
f 1484/1111/595 1483/2076/595 4040/2065/595
f 1840/2066/141 1839/2053/141 2821/2055/141
f 1474/2056/107 3922/2058/107 4043/2068/107
f 331/2070/4 330/6740/4 3250/2071/4
f 1057/2050/596 1056/2072/596 3111/2072/596
f 1082/2073/597 1081/2061/597 3109/2063/597
f 1864/2064/145 1863/2075/145 2787/2075/145
f 1483/2076/112 1482/2090/112 4041/2077/112
f 239/2078/598 237/2087/598 3246/2079/598
f 1841/2081/148 1840/2066/148 2793/2067/148
f 1083/2083/599 1082/2073/599 3112/2074/599
f 1476/2085/113 1475/2069/113 4043/2068/113
f 237/2087/600 235/2091/600 3247/2088/600
f 1863/2075/152 1862/2089/152 2820/2089/152
f 1056/2072/601 1055/907/601 3119/907/601
f 1482/2090/120 1481/1735/120 4020/1735/120
f 235/2091/602 233/2099/602 3243/2092/602
f 1842/2093/581 1841/2081/581 2790/2082/581
f 1084/2095/603 1083/2083/603 3118/2084/603
f 1477/2097/122 1476/2085/122 4031/2086/122
f 233/2099/604 231/2105/604 3244/2100/604
f 3242/623/3 3241/2106/3 229/2101/3
f 229/2101/3 227/6741/3 3605/2102/3
f 1862/2089/158 1861/2103/158 2796/2103/158
f 1055/907/605 1054/2104/605 3122/2104/605
f 1481/1735/127 1480/683/127 4027/1736/127
f 231/2105/606 229/2101/606 3241/2106/606
f 1843/2107/159 1842/2093/159 2788/2094/159
f 1085/1188/607 1084/606/607 3120/606/607
f 1478/2109/129 1477/2097/129 4030/2098/129
f 336/1585/1402 334/584/1402 3569/584/1402
f 1086/2111/608 1085/6742/608 3123/2112/608
f 1479/1742/132 1478/1737/132 4028/1737/132
f 334/584/1925 426/786/1925 3570/786/1925
f 1861/2103/164 1860/2114/164 2801/2114/164
f 1480/683/133 1479/1742/133 4024/1742/133
f 338/1592/1818 336/1585/1818 3571/1585/1818
f 1517/2115/609 1516/2116/609 4049/2116/609
f 1860/2114/167 1859/1046/167 2800/1046/167
f 1054/2104/610 1053/2131/610 3132/2117/610
f 1844/2118/169 1843/2107/169 2797/2108/169
f 1087/2120/611 1086/2111/611 3121/2113/611
f 1516/2116/612 1515/2122/612 4050/2122/612
f 426/786/1926 424/1599/1926 3573/1599/1926
f 1518/2123/613 1517/6743/613 4051/2124/613
f 340/1602/1927 338/1592/1927 3574/1592/1927
f 1088/2126/614 1087/2127/614 3135/2127/614
f 1859/1046/173 1858/1130/173 2798/1130/173
f 1845/1039/174 1844/2118/174 2799/2119/174
f 3824/2129/615 4050/2122/615 1515/2122/615
f 1515/2122/615 1514/2128/615 3834/2128/615
f 424/1599/1836 423/1609/1836 3575/1609/1836
f 3133/2130/616 3132/2117/616 1053/2131/616
f 1053/2131/616 1052/2132/616 3134/2132/616
f 1519/2133/617 1518/2123/617 4052/2125/617
f 342/1612/1412 340/1602/1412 3572/1602/1412
f 1089/2135/702 1088/6744/702 3126/2136/702
f 1858/1130/619 1857/1131/619 2819/1131/619
f 1090/1111/620 1089/2138/620 3125/2138/620
f 1514/2128/621 1513/2139/621 3831/2139/621
f 423/1609/1929 421/1622/1929 3577/1622/1929
f 1857/1131/182 1856/2140/182 2818/2140/182
f 1520/2141/622 1519/2133/622 4053/2134/622
f 343/1629/409 342/1612/409 3590/1612/409
f 1091/2143/1800 1090/6745/1800 3128/2144/1800
f 1856/2140/624 1855/1142/624 2817/1142/624
f 1092/2146/625 1091/2147/625 3127/2147/625
f 1513/2139/626 1512/2148/626 3829/2148/626
f 421/1622/627 419/1640/627 3580/1640/627
f 1855/1142/188 1854/1143/188 2816/1143/188
f 1521/2149/629 1520/2141/629 4054/2142/629
f 346/1644/630 343/1629/630 3581/1629/630
f 1854/1143/631 1853/1154/631 2803/1154/631
f 1052/2132/632 1051/604/632 3144/604/632
f 1093/2151/633 1092/2146/633 3154/2146/633
f 1512/2148/634 1511/2153/634 3833/2153/634
f 419/1640/635 416/1653/635 3578/1653/635
f 1853/1154/193 1852/1155/193 2802/1155/193
f 1522/2154/636 1521/6746/636 4055/2155/636
f 347/1658/422 346/1644/422 3579/1644/422
f 1094/2157/637 1093/2151/637 3137/2152/637
f 1852/1155/638 1851/2158/638 2812/2158/638
f 416/1653/427 415/1669/427 3588/1669/427
f 1851/2158/199 1850/2159/199 2813/2159/199
f 349/1673/1930 347/1658/1930 3589/1658/1930
f 1511/2160/640 1510/6747/640 3832/2161/640
f 1850/2159/641 1849/2163/641 2814/2163/641
f 1095/2157/4 1094/2157/4 3155/2157/4
f 1568/2164/642 1615/786/642 4058/786/642
f 415/1669/1931 412/1680/1931 3582/1680/1931
f 1849/2163/205 1848/2165/205 2810/2165/205
f 1569/2166/643 1568/6748/643 4056/2167/643
f 351/1685/436 349/1673/436 3583/1673/436
f 1051/604/644 1050/1309/644 3142/1309/644
f 1848/2165/645 1847/705/645 2811/705/645
f 1570/2169/646 1569/2166/646 4057/2168/646
f 1846/2171/3 1845/6749/3 2805/2172/3
f 1050/1309/647 1049/2174/647 3140/2174/647
f 412/1680/439 411/1693/439 3586/1693/439
f 1847/705/211 1846/704/211 2807/704/211
f 353/1696/192 351/1685/192 3587/1685/192
f 2956/584/6 3035/584/6 1923/584/6
f 1923/584/6 1922/584/6 2927/584/6
f 1049/2174/1944 1048/2175/1944 3150/2175/1944
f 1615/786/649 1614/2176/649 4061/2176/649
f 1523/2177/650 1522/2154/650 4063/2156/650
f 1048/2175/651 1047/2179/651 3151/2179/651
f 411/1693/444 409/1705/444 3584/1705/444
f 3835/639/652 3837/6750/652 1571/2180/652
f 1571/2180/652 1570/2169/652 4060/2170/652
f 355/1708/445 353/1696/445 3585/1696/445
f 1922/1734/4 1988/1734/4 2926/1734/4
f 1047/2179/1945 1046/2181/1945 3152/2181/1945
f 1988/1734/454 1987/1740/454 2931/1740/454
f 1046/2181/654 1045/726/654 3153/726/654
f 1510/2182/655 1509/2183/655 3845/2183/655
f 409/1705/446 406/1717/446 3621/1717/446
f 1044/724/3 1043/724/3 3148/724/3
f 1987/1740/456 1986/1744/456 2930/1744/456
f 1045/726/656 1044/725/656 3147/725/656
f 1614/2176/657 1613/2184/657 4059/2184/657
f 406/1717/447 405/1719/447 3591/1719/447
f 1042/2185/3 1041/1949/3 3146/1951/3
f 1572/2187/658 1571/2188/658 3837/2188/658
f 357/1722/448 355/1708/448 3622/1708/448
f 1986/1744/458 1985/1746/458 2929/1746/458
f 1043/2189/5 1042/2189/5 3145/2189/5
f 3449/1940/6 3462/888/6 1097/894/6
f 1097/894/6 1096/1302/6 3408/899/6
f 359/1727/449 357/1722/449 3592/1722/449
f 1985/1746/460 1984/1748/460 2935/1748/460
f 1613/2184/659 1612/2190/659 4062/2190/659
f 1573/2191/660 1572/6751/660 3838/2192/660
f 1984/2194/462 1983/6752/462 2934/2195/462
f 405/1719/450 402/1730/450 3595/1730/450
f 1096/2197/4 1124/6753/4 3407/2198/4
f 1524/2200/661 1523/2177/661 4064/2178/661
f 362/2202/451 359/6754/451 3596/2203/451
f 1983/1755/464 1982/1760/464 2933/1760/464
f 1124/2205/541 1123/1957/541 3410/1957/541
f 1982/1760/466 1981/1765/466 2932/1765/466
f 1509/2183/1946 1508/2206/1946 3844/2206/1946
f 402/1730/453 400/1739/453 3593/1739/453
f 1990/2207/3 1989/2386/3 2939/2208/3
f 1123/1957/543 1122/1958/543 3409/1958/543
f 364/2210/455 362/2202/455 3594/2204/455
f 1612/2190/663 1611/2212/663 4066/2212/663
f 1122/1958/545 1121/870/545 3413/1487/545
f 1574/2213/664 1573/6755/664 3840/2214/664
f 1981/1765/469 1980/831/469 2953/831/469
f 400/1739/457 399/1745/457 3603/1745/457
f 1121/870/548 1120/1962/548 3412/1962/548
f 366/2216/459 364/2210/459 3604/2211/459
f 2939/1780/5 1989/6710/5 2015/1779/5
f 2015/1779/5 2981/6711/5 2951/608/5
f 1611/2212/665 1610/2217/665 4065/2217/665
f 1991/2218/471 1990/2207/471 2938/2209/471
f 1120/1962/551 1119/1969/551 3411/1969/551
f 1575/2220/666 1574/2213/666 3839/2215/666
f 399/2210/461 398/2216/461 3597/1758/461
f 1992/2222/476 1991/2218/476 2937/2219/476
f 3088/2224/1947 3411/1969/1947 1119/1969/1947
f 1119/1969/1947 1118/578/1947 3087/578/1947
f 1525/2225/668 1524/2200/668 4067/2201/668
f 367/1757/1933 366/2216/1933 3598/1758/1933
f 1993/2227/477 1992/2222/477 2936/2223/477
f 1118/578/555 1117/1980/555 3090/1980/555
f 1126/1982/3 1125/1982/3 3422/1982/3
f 1508/2206/669 1507/2229/669 3842/2229/669
f 398/2216/1839 396/1757/1839 3601/1759/1839
f 369/1766/1934 367/1757/1934 3602/1759/1934
f 1980/831/480 1979/1801/480 2952/1801/480
f 1610/2217/670 1609/2241/670 4072/2230/670
f 1994/2231/482 1993/2227/482 2940/2228/482
f 1117/1980/558 1116/956/558 3117/956/558
f 1576/2233/671 1575/2220/671 3841/2221/671
f 396/1757/1434 394/1766/1434 3599/1767/1434
f 1995/2235/486 1994/2231/486 2943/2232/486
f 1125/786/5 1151/786/5 3447/786/5
f 1526/2237/672 1525/2225/672 4069/2226/672
f 371/1773/470 369/1766/470 3600/1767/470
f 1127/1989/1940 1126/1252/1940 3421/1252/1940
f 1996/2239/488 1995/2235/488 2941/2236/488
f 1128/1992/563 1127/1989/563 3415/1989/563
f 1609/2241/673 1608/2242/673 4068/2242/673
f 394/2243/473 392/1797/473 3606/1797/473
f 373/2244/475 371/6756/475 3607/2245/475
f 1979/1801/491 1978/1829/491 2946/1829/491
f 1129/597/1941 1128/1992/1941 3414/1992/1941
f 1507/2229/674 1506/2247/674 3847/2247/674
f 1997/1830/492 1996/6714/492 2942/1831/492
f 1577/2248/676 1576/2233/676 3843/2234/676
f 392/2250/677 390/2261/677 3609/2251/677
f 1998/1839/496 1997/1830/496 2954/1832/496
f 1116/956/570 1115/2030/570 3116/2003/570
f 375/2253/479 373/2244/479 3610/2246/479
f 1130/2255/797 1129/6757/797 3419/2256/797
f 1608/2242/1948 1607/2274/1948 4070/2258/1948
f 1999/1846/499 1998/1839/499 2944/1840/499
f 1578/2259/679 1577/2248/679 3872/2249/679
f 1131/1598/575 1130/2017/575 3416/2017/575
f 390/2261/483 388/2269/483 3611/2262/483
f 1527/2263/680 1526/2237/680 4071/2238/680
f 378/2265/1458 375/2253/1458 3617/2254/1458
f 1978/1829/501 1977/6758/501 2949/2267/501
f 1132/2022/577 1131/6734/577 3418/2023/577
f 2000/1856/502 1999/1857/502 2947/1857/502
f 1506/2247/681 1505/2268/681 3851/2268/681
f 388/2269/1798 385/2278/1798 3616/2270/1798
f 2950/2271/504 2961/1863/504 2001/1863/504
f 2001/1863/504 2000/1856/504 2945/1856/504
f 1115/2030/580 1114/2031/580 3108/2031/580
f 380/2272/490 378/2265/490 3612/2266/490
f 1133/2032/154 1132/2033/154 3417/2033/154
f 1607/2274/682 1606/2284/682 4073/2275/682
f 1579/2276/683 1578/2259/683 3846/2260/683
f 1977/1868/1938 1976/1886/1938 2964/1869/1938
f 1134/2038/584 1133/6735/584 3420/2039/584
f 385/2278/494 383/2286/494 3614/2279/494
f 2002/1871/508 2001/1863/508 2961/1863/508
f 382/2280/1937 380/2272/1937 3615/2273/1937
f 1135/2282/587 1134/2038/587 3423/2040/587
f 1606/2284/684 1605/2294/684 4075/2285/684
f 383/2286/1379 382/2280/1379 3613/2281/1379
f 2003/1876/511 2002/1871/511 2960/1871/511
f 1528/2287/685 1527/2263/685 4074/2264/685
f 432/604/474 430/588/474 3560/588/474
f 1114/2031/590 1113/2050/590 3114/2050/590
f 430/584/4 428/584/4 3562/584/4
f 1976/1886/513 1975/1892/513 2963/1887/513
f 1136/1248/592 1135/2043/592 3425/2043/592
f 1505/2268/686 1504/2289/686 3848/2289/686
f 2004/1889/687 2003/1876/687 2962/1876/687
f 1580/2290/688 1579/2276/688 3850/2277/688
f 1137/2061/594 1136/6739/594 3424/2062/594
f 3562/584/481 428/584/481 443/2292/481
f 443/2292/481 3608/2292/481 3565/2293/481
f 1975/1892/689 1974/1904/689 2965/1893/689
f 1605/2294/690 1604/2295/690 4077/2295/690
f 2005/841/519 2004/1889/519 2966/1889/519
f 1113/2050/596 1112/2072/596 3158/2072/596
f 1529/2296/691 1528/2287/691 4076/2288/691
f 445/2298/484 449/2301/484 3567/2299/484
f 1138/2073/597 1137/2061/597 3428/2063/597
f 447/2301/487 445/2298/487 3561/2300/487
f 2006/839/520 2005/841/520 2967/841/520
f 1139/2083/599 1138/2073/599 3427/2074/599
f 1604/2295/692 1603/2302/692 4078/2302/692
f 1974/1904/524 1973/1912/524 2978/1905/524
f 1504/2289/693 1503/2303/693 3853/2303/693
f 2007/865/24 2006/839/24 2969/839/24
f 1112/2072/601 1111/907/601 3124/907/601
f 1581/2304/694 1580/2290/694 3849/2291/694
f 449/866/4 447/866/4 3564/866/4
f 1140/2095/603 1139/2083/603 3426/2084/603
f 438/2306/3 436/6759/3 3576/2307/3
f 1973/1912/27 1972/1923/27 2968/1913/27
f 1603/2302/695 1602/2309/695 4079/2309/695
f 2008/875/29 2007/865/29 2970/865/29
f 1111/907/605 1110/2104/605 3136/2104/605
f 1582/2310/696 1581/2304/696 3852/2305/696
f 434/2312/3 432/6760/3 3620/2313/3
f 1141/1188/607 1140/606/607 3436/606/607
f 436/2315/34 434/1234/34 3619/1357/34
f 1530/2317/697 1529/2296/697 4081/2297/697
f 440/1234/38 438/2315/38 3566/2316/38
f 1972/1923/33 1971/1931/33 2972/1924/33
f 1142/2111/608 1141/6742/608 3429/2112/608
f 443/2319/3 440/6761/3 3618/2320/3
f 2009/844/37 2008/875/37 2973/875/37
f 454/894/474 453/1802/474 2253/1803/474
f 3858/2322/698 3853/2303/698 1503/2303/698
f 1503/2303/698 1502/2323/698 3857/2323/698
f 2010/842/40 2009/844/40 2971/844/40
f 1110/2104/610 1109/2131/610 3129/2117/610
f 453/584/4 451/584/4 2252/584/4
f 1143/2120/611 1142/2111/611 3430/2113/611
f 1602/2309/699 1601/2324/699 4082/2324/699
f 1583/2325/700 1582/2310/700 3859/2311/700
f 1971/1931/44 1970/1946/44 2976/1932/44
f 1144/2126/614 1143/2127/614 3435/2127/614
f 2011/845/533 2010/842/533 2977/842/533
f 1531/2327/701 1530/2317/701 4080/2318/701
f 464/894/481 2247/888/481 2252/1803/481
f 2012/847/535 2011/845/535 2974/845/535
f 3130/2329/616 3129/2117/616 1109/2131/616
f 1109/2131/616 1108/2132/616 3157/2132/616
f 467/1810/484 470/2419/484 2246/1811/484
f 1145/2135/702 1144/6744/702 3431/2136/702
f 1502/2323/703 1501/2330/703 3866/2330/703
f 468/866/487 467/606/487 2243/606/487
f 1970/1946/53 1969/1967/53 3009/1947/53
f 1146/1111/620 1145/2138/620 3434/2138/620
f 1601/2324/704 1600/2331/704 4083/2331/704
f 2013/848/56 2012/847/56 2975/1939/56
f 1584/2332/705 1583/2325/705 3862/2326/705
f 1147/2334/1800 1146/6762/1800 3433/2335/1800
f 2014/850/57 2013/848/57 2979/848/57
f 470/866/4 468/866/4 2244/866/4
f 1148/2146/625 1147/2147/625 3432/2147/625
f 1501/2330/706 1500/2337/706 3870/2337/706
f 460/578/3 459/578/3 2248/578/3
f 1532/2338/707 1531/2327/707 4084/2328/707
f 1108/2132/632 1107/604/632 3139/604/632
f 457/604/3 454/604/3 2251/604/3
f 2015/850/4 2014/850/4 2980/850/4
f 1149/2151/633 1148/2146/633 3443/2146/633
f 1600/2331/708 1599/2340/708 4086/2340/708
f 459/887/34 457/894/34 2249/888/34
f 1585/2341/709 1584/2332/709 3871/2333/709
f 463/597/38 460/598/38 2245/598/38
f 1150/2157/637 1149/2151/637 3437/2152/637
f 464/597/3 463/597/3 2250/597/3
f 1969/1967/550 1968/1974/550 3010/1968/550
f 472/2343/6 523/2343/6 2255/2344/6
f 1500/2337/710 1499/2345/710 3876/2345/710
f 1968/1974/76 1967/6728/76 2987/1975/76
f 1533/2346/711 1532/2338/711 4088/2339/711
f 1967/2348/78 1966/2352/78 2988/2349/78
f 1151/2157/4 1150/2157/4 3445/2157/4
f 523/1855/4 521/1855/4 2269/1855/4
f 1599/2340/712 1598/2351/712 4085/2351/712
f 1966/2352/84 1965/2360/84 2991/2353/84
f 1586/2354/713 1585/2341/713 3923/2342/713
f 521/2356/503 519/6763/503 2271/2357/503
f 3143/2359/644 3139/604/644 1107/604/644
f 1107/604/644 1106/1309/644 3465/1309/644
f 1965/2360/86 1964/6764/86 2992/2361/86
f 519/1862/505 517/1867/505 2270/1867/505
f 1106/1309/647 1105/2174/647 3466/2174/647
f 1598/2351/715 1597/2362/715 4094/2362/715
f 1964/971/1897 1963/972/1897 2990/972/1897
f 1587/2363/716 1586/2354/716 3877/2355/716
f 517/2365/507 515/2368/507 2274/2366/507
f 1105/2174/648 1104/2175/648 3467/2175/648
f 1963/972/94 1962/853/94 2989/853/94
f 515/2368/510 513/2375/510 2273/2369/510
f 1926/2370/3 1925/2386/3 3013/2208/3
f 1104/2175/651 1103/2179/651 3468/2179/651
f 1499/2345/717 1498/2372/717 3881/2372/717
f 1534/2373/1949 1533/2346/1949 4087/2347/1949
f 513/2375/512 511/6765/512 2272/2376/512
f 1927/2377/99 1926/2370/99 3012/2371/99
f 1103/2179/1945 1102/2181/1945 3442/2181/1945
f 526/2379/3 524/2379/3 2259/2379/3
f 1102/2181/654 1101/726/654 3444/726/654
f 1597/2362/719 1596/2380/719 4090/2380/719
f 528/2381/515 526/2382/515 2275/2382/515
f 1962/853/105 1961/828/105 3007/828/105
f 1100/724/3 1099/724/3 3448/724/3
f 1588/2383/720 1587/6766/720 3884/2384/720
f 1924/2386/3 1923/6767/3 3035/2387/3
f 1101/726/656 1100/725/656 3446/725/656
f 1925/2011/5 1924/1039/5 3038/2012/5
f 1098/2388/3 1097/2197/3 3462/2199/3
f 511/2390/518 509/2415/518 2280/2391/518
f 1928/2393/574 1927/2377/574 2986/2378/574
f 1099/2189/5 1098/2189/5 3461/2189/5
f 1498/2372/721 1497/2395/721 3896/2395/721
f 3379/2396/474 3457/888/474 1154/894/474
f 1154/894/474 1153/1802/474 3319/1803/474
f 1535/2397/722 1534/2373/722 4096/2374/722
f 577/1280/5 2321/1264/5 2259/913/5
f 1929/2399/576 1928/2393/576 3011/2394/576
f 530/2401/522 528/2381/522 2276/2381/522
f 1153/584/4 1152/584/4 3321/584/4
f 1930/2402/119 1929/2399/119 2996/2400/119
f 1596/2380/723 1595/2412/723 4089/2404/723
f 533/2405/523 530/2401/523 2279/2401/523
f 1589/2406/724 1588/2383/724 3892/2385/724
f 535/2408/1950 533/2405/1950 2277/2405/1950
f 1961/828/725 1960/1037/725 3006/1037/725
f 3321/584/481 1152/584/481 1159/2292/481
f 1159/2292/481 3458/2292/481 3450/2409/481
f 1931/2410/126 1930/2402/126 2997/2403/126
f 1595/2412/726 1594/2423/726 4093/2413/726
f 1160/1810/484 1162/2419/484 3439/1811/484
f 3897/639/1951 4092/2426/1951 1590/2414/1951
f 1590/2414/1951 1589/2406/1951 3888/2407/1951
f 509/2415/526 507/2428/526 2286/2416/526
f 1932/2417/586 1931/2410/586 2999/2411/586
f 1161/2419/487 1160/1810/487 3360/1812/487
f 536/2420/728 535/2408/728 2278/2408/728
f 1497/2395/729 1496/2421/729 3891/2421/729
f 538/2422/528 536/2420/528 2294/2420/528
f 1959/2049/589 3016/2049/589 3006/1037/589
f 1933/2053/137 1932/6737/137 2998/2054/137
f 1594/2423/730 1593/2438/730 4111/2424/730
f 1162/866/4 1161/866/4 3441/866/4
f 1591/2425/731 1590/2414/731 4092/2426/731
f 507/2428/732 505/2436/732 2284/2429/732
f 1157/578/3 1156/578/3 3438/578/3
f 541/2430/531 538/2422/531 2281/2422/531
f 1959/2049/139 1958/2064/139 3015/2064/139
f 1536/2431/733 1535/2397/733 4095/2398/733
f 1934/2066/141 1933/2053/141 3008/2055/141
f 1155/2433/3 1154/6768/3 3457/2434/3
f 505/2436/532 503/2451/532 2282/2437/532
f 1156/578/34 1155/579/34 3460/579/34
f 1593/2438/734 1592/2439/734 4104/2439/734
f 542/2440/534 541/2430/534 2285/2430/534
f 1958/2064/145 1957/2075/145 3017/2075/145
f 1158/894/38 1157/887/38 3440/889/38
f 1592/2441/593 1591/2425/593 4091/2427/593
f 1935/2081/1952 1934/2066/1952 3001/2067/1952
f 1159/2443/3 1158/6769/3 3459/2444/3
f 544/2446/536 542/2440/536 2283/2440/536
f 1176/2447/1953 1175/2448/1953 3314/2448/1953
f 1957/2075/152 1956/2089/152 3019/2089/152
f 1175/2448/737 1174/2449/737 3313/2449/737
f 1496/2421/1954 1495/2450/1954 3903/2450/1954
f 503/2451/539 501/2460/539 2288/2452/539
f 1936/2093/154 1935/2081/154 3000/2082/154
f 1537/2453/739 1536/6770/739 4110/2454/739
f 546/2456/540 544/2446/540 2293/2446/540
f 1174/2449/1955 1173/2457/1955 3316/2457/1955
f 1956/2089/158 1955/2103/158 3020/2103/158
f 1173/2457/741 1172/2458/741 3315/2458/741
f 1495/2450/742 1494/2459/742 3906/2459/742
f 501/2460/542 500/2468/542 2292/2461/542
f 1937/2107/159 1936/2093/159 3018/2094/159
f 1177/2462/743 1176/6771/743 3317/2463/743
f 1538/2465/1956 1537/2453/1956 4109/2455/1956
f 548/1966/544 546/2456/544 2287/2456/544
f 1955/2103/164 1954/2114/164 3025/2114/164
f 1172/2458/745 1171/2467/745 3323/2467/745
f 1494/2459/746 1493/762/746 3898/762/746
f 500/2468/547 498/2287/547 2291/2288/547
f 1539/2469/747 1538/2465/747 4108/2466/747
f 550/1965/549 548/1966/549 2289/1966/549
f 1954/2114/167 1953/1046/167 3024/1046/167
f 1171/2467/748 1170/2471/748 3322/2471/748
f 1938/2118/169 1937/2107/169 3021/2108/169
f 552/1973/749 550/1965/749 2290/1965/749
f 1170/2471/750 1169/2472/750 3320/2472/750
f 1178/2473/1957 1177/2462/1957 3324/2464/1957
f 1492/761/6 1567/761/6 4098/761/6
f 1953/1046/173 1952/1130/173 3023/1130/173
f 3898/762/1958 1493/762/1958 1492/584/1958
f 498/2287/554 496/2482/554 2296/2476/554
f 1939/1039/174 1938/2118/174 3022/2119/174
f 1540/2477/753 1539/2478/753 4107/2478/753
f 554/1981/556 552/1973/556 2297/1973/556
f 1169/2472/754 1168/2479/754 3318/2479/754
f 1952/1130/619 1951/1131/619 3027/1131/619
f 1168/2479/755 1167/2480/755 3331/2480/755
f 4097/2481/5 4098/2481/5 1567/2481/5
f 1567/2481/1959 1566/2481/1959 3900/2481/1959
f 496/2482/557 494/2493/557 2301/2483/557
f 1541/2484/757 1540/6772/757 4106/2485/757
f 556/1988/559 554/1981/559 2295/1981/559
f 1951/1131/182 1950/2140/182 3026/2140/182
f 1167/2480/1960 1166/2487/1960 3330/2487/1960
f 1179/2488/759 1178/2473/759 3334/2474/759
f 559/694/560 556/1988/560 2300/1988/560
f 1950/2140/624 1949/1142/624 3030/1142/624
f 3900/2481/760 1566/2481/760 1565/2490/760
f 1949/1142/188 1948/1143/188 3029/1143/188
f 1166/2487/761 1165/2491/761 3329/2491/761
f 1565/2490/762 1564/2492/762 3908/2492/762
f 494/2493/564 492/2499/564 2299/2494/564
f 1542/2495/763 1541/2484/763 4105/2486/763
f 560/692/565 559/694/565 2298/694/565
f 1948/1143/631 1947/1154/631 3028/1154/631
f 1165/2491/764 1164/2497/764 3328/2497/764
f 1947/1154/193 1946/1155/193 3031/1155/193
f 1164/2497/765 1163/584/765 3327/584/765
f 1564/2492/766 1563/2503/766 3907/2498/766
f 492/2499/568 490/2511/568 2303/2500/568
f 1180/2501/1961 1179/2488/1961 3335/2489/1961
f 562/695/571 560/692/571 2302/692/571
f 1946/1155/196 1945/2158/196 3039/2158/196
f 1563/2503/768 1562/765/768 3905/2504/768
f 1543/2505/769 1542/2495/769 4103/2496/769
f 565/2014/1942 562/695/1942 2304/695/1942
f 1945/2158/199 1944/2159/199 3040/2159/199
f 1251/2507/770 1250/6773/770 3332/2508/770
f 1944/2159/641 1943/2163/641 3041/2163/641
f 1562/765/771 1561/764/771 3904/2510/771
f 490/2511/578 488/2520/578 2306/2512/578
f 1252/2513/772 1251/2514/772 3337/2514/772
f 567/2027/579 565/2014/579 2307/2014/579
f 1943/2163/205 1942/2165/205 3032/2165/205
f 1561/764/773 1560/2515/773 3902/2515/773
f 1253/2516/774 1252/2513/774 3339/2513/774
f 1555/2517/775 1554/6774/775 3901/2518/775
f 1942/2165/208 1941/705/208 3034/705/208
f 488/2520/776 486/2534/776 2317/2521/776
f 1940/2522/3 1939/6775/3 3037/2523/3
f 1254/2525/777 1253/2516/777 3338/2516/777
f 1554/768/1962 1553/767/1962 3918/767/1962
f 569/686/583 567/2027/583 2305/2027/583
f 1941/705/211 1940/704/211 3036/704/211
f 1544/2526/779 1543/2505/779 4099/2506/779
f 2959/726/6 3003/726/6 2018/726/6
f 2018/726/6 2017/726/6 2920/726/6
f 1255/2528/1963 1254/6776/1963 3344/2529/1963
f 571/684/585 569/686/585 2322/686/585
f 1256/2531/113 1255/2532/113 3341/2532/113
f 1560/2515/782 1559/2550/782 3920/2533/782
f 486/2534/588 484/6777/588 2318/2535/588
f 2017/584/4 2016/584/4 2928/584/4
f 1257/2536/783 1256/6778/783 3343/2537/783
f 1553/767/784 1552/2539/784 3911/2539/784
f 573/2052/785 571/684/785 2308/684/785
f 2027/2540/3 2026/6779/3 2958/2541/3
f 1556/2543/786 1555/766/786 3917/766/786
f 2016/786/5 2027/786/5 2955/786/5
f 1258/2544/1964 1257/2545/1964 3342/2545/1964
f 575/2059/593 573/2052/593 2309/2052/593
f 2958/1188/5 2026/1188/5 2025/1188/5
f 2025/1188/5 2983/1188/5 2957/1188/5
f 1259/2547/1965 1258/6780/1965 3357/2548/1965
f 1559/2550/789 1558/2551/789 3919/2551/789
f 1557/2552/790 1556/2543/790 3910/2543/790
f 577/2059/4 575/2059/4 2320/2546/4
f 1260/786/791 1259/2553/791 3356/2553/791
f 1163/786/5 1260/786/5 3355/786/5
f 2025/1248/4 2024/1248/4 2982/1248/4
f 1181/2554/792 1180/6781/792 3336/2555/792
f 1558/2551/793 1557/2552/793 3909/2552/793
f 2023/2557/3 2022/6779/3 3014/2541/3
f 484/2559/794 482/2564/794 2319/2560/794
f 2024/1598/5 2023/1598/5 2993/1598/5
f 1545/2562/795 1544/2526/795 4102/2527/795
f 482/2564/600 480/2568/600 2314/2565/600
f 1249/727/796 1248/732/796 3326/732/796
f 2022/870/5 2021/870/5 3004/870/5
f 1546/2566/797 1545/2562/797 4101/2563/797
f 480/2568/602 479/2576/602 2315/2569/602
f 1250/728/798 1249/727/798 3325/727/798
f 2021/956/4 2020/956/4 3005/956/4
f 3921/2572/1966 3916/2570/1966 1547/2570/1966
f 1547/2570/1966 1546/2571/1966 4100/2571/1966
f 2019/2573/3 2018/6782/3 3003/2574/3
f 479/2576/604 477/2582/604 2316/2577/604
f 1248/732/1967 1247/731/1967 3333/2578/1967
f 2020/907/5 2019/907/5 3002/907/5
f 475/584/3 472/584/3 2312/584/3
f 1548/2579/801 1547/6783/801 3916/2580/801
f 3177/608/6 3196/2012/6 2030/1039/6
f 2030/1039/6 2029/6638/6 3175/1040/6
f 477/2582/606 475/6784/606 2311/2583/606
f 1247/731/802 1246/733/802 3340/733/802
f 582/604/474 581/588/474 2256/588/474
f 1549/2584/206 1548/2579/206 3915/2581/206
f 1246/733/803 1245/2586/803 3345/2586/803
f 581/584/4 579/584/4 2254/584/4
f 1182/2587/804 1181/2554/804 3359/2556/804
f 1550/2589/1968 1549/2584/1968 3914/2585/1968
f 2924/584/4 3175/584/4 2029/584/4
f 2029/584/4 2028/584/4 2921/584/4
f 2923/2592/3 2037/6785/3 2036/2591/3
f 2036/2591/3 3178/2607/3 2922/616/3
f 1551/2593/806 1550/2594/806 3913/2594/806
f 2028/786/5 2037/786/5 2923/786/5
f 1245/2586/807 1244/2596/807 3358/2596/807
f 1552/2539/808 1551/2593/808 3912/2595/808
f 579/1802/481 593/894/481 2313/888/481
f 1653/769/809 1652/771/809 2448/771/809
f 3178/2597/5 2036/2597/5 2035/2597/5
f 2035/2597/5 3184/2597/5 3176/2597/5
f 1244/2596/810 1243/2598/810 3346/2598/810
f 594/1810/484 599/2419/484 2265/1811/484
f 1183/2599/811 1182/2587/811 3354/2588/811
f 2323/2601/812 2448/771/812 1652/771/812
f 1652/771/812 1651/770/812 2326/770/812
f 597/866/487 594/606/487 2262/606/487
f 1651/770/813 1650/2602/813 2325/2602/813
f 2985/1748/4 3184/1748/4 2035/1748/4
f 2035/1748/4 2034/1748/4 2984/1748/4
f 1243/2598/814 1242/2603/814 3353/2603/814
f 1654/578/815 1653/769/815 2449/769/815
f 2994/2592/3 2033/6785/3 2032/2591/3
f 2032/2591/3 3193/2607/3 2995/616/3
f 2034/2604/5 2033/2604/5 2994/2604/5
f 1242/2603/816 1241/2613/816 3347/2605/816
f 2031/2591/3 2030/6786/3 3196/2606/3
f 599/866/4 597/866/4 2263/866/4
f 1184/2608/817 1183/2599/817 3352/2600/817
f 1650/2602/758 1649/2610/758 2324/2610/758
f 2032/1046/5 2031/1046/5 3194/1046/5
f 588/578/3 586/578/3 2268/578/3
f 1655/2611/818 1654/578/818 2450/578/818
f 3192/6787/474 3559/604/474 2040/604/474
f 2040/604/474 2039/588/474 3174/588/474
f 3183/2612/474 3192/6787/474 2040/604/474
f 1241/2613/819 1240/2614/819 3351/2614/819
f 2039/584/4 2038/584/4 3173/584/4
f 584/604/3 582/604/3 2266/604/3
f 1185/2615/1969 1184/2608/1969 3350/2609/1969
f 1649/2610/821 1648/2617/821 2331/2617/821
f 586/887/34 584/894/34 2267/888/34
f 1656/2618/822 1655/2611/822 2456/2611/822
f 590/894/38 588/887/38 2264/889/38
f 593/597/3 590/597/3 2310/597/3
f 1240/2614/823 1239/2619/823 3348/2619/823
f 3173/584/481 2038/584/481 2045/2292/481
f 2045/2292/481 3195/2292/481 3179/2620/481
f 605/1471/6 603/1471/6 2375/1471/6
f 1648/2617/824 1647/2621/824 2330/2621/824
f 1239/2619/825 1238/2622/825 3361/2622/825
f 1657/2623/826 1656/2618/826 2457/2618/826
f 3181/2625/484 2046/6788/484 2048/2624/484
f 2048/2624/484 3188/6789/484 3182/608/484
f 2257/613/4 2375/6790/4 603/2626/4
f 603/2626/4 601/6791/4 2258/2627/4
f 1186/2628/827 1185/2615/827 3349/2616/827
f 3180/608/487 3185/6789/487 2047/2624/487
f 2047/2624/487 2046/6788/487 3181/2625/487
f 601/1302/5 613/898/5 2260/913/5
f 1647/2621/828 1646/2630/828 2339/2630/828
f 607/909/3 605/909/3 2433/909/3
f 1238/2622/829 1237/2631/829 3364/2631/829
f 1658/2632/830 1657/2623/830 2458/2623/830
f 1187/2633/685 1186/2628/685 3365/2629/685
f 608/894/6 607/898/6 2435/913/6
f 2048/866/4 2047/866/4 3185/866/4
f 2043/2635/3 2042/6792/3 3186/2636/3
f 1237/2631/831 1236/2638/831 3362/2638/831
f 2260/683/3 613/683/3 612/683/3
f 612/683/3 2434/683/3 2261/683/3
f 1676/2639/832 1675/2661/832 2455/2640/832
f 609/680/3 608/680/3 2439/680/3
f 1236/2638/833 1235/2642/833 3366/2642/833
f 2328/2643/834 1677/6793/834 1676/2639/834
f 1676/2639/834 2454/2641/834 2329/613/834
f 3189/623/3 3190/6794/3 2041/2644/3
f 2041/2644/3 2040/6795/3 3559/2645/3
f 612/898/5 609/894/5 2441/888/5
f 1188/2646/273 1187/2633/273 3363/2634/273
f 2042/2648/34 2041/1039/34 3190/2012/34
f 619/1471/6 617/1471/6 2377/1471/6
f 1678/2650/835 1677/6793/835 2328/2643/835
f 2044/1039/38 2043/2648/38 3187/2649/38
f 2044/2652/3 3191/6796/3 3195/2653/3
f 617/2655/4 615/6797/4 2376/2656/4
f 1235/2642/836 1234/2658/836 3368/2658/836
f 3480/608/6 3558/2012/6 2051/1039/6
f 2051/1039/6 2050/6638/6 3472/1040/6
f 1189/2659/837 1188/2646/837 3367/2647/837
f 1675/2661/838 1674/2671/838 2468/2662/838
f 615/1302/5 630/898/5 2432/913/5
f 1678/2650/839 2327/2651/839 2332/2663/839
f 2050/584/4 2049/584/4 3471/584/4
f 622/909/3 619/909/3 2384/909/3
f 2052/2665/3 2051/6798/3 3558/2666/3
f 1234/2658/840 1233/2674/840 3381/2668/840
f 3471/786/5 2049/786/5 2052/786/5
f 2052/786/5 3555/786/5 3479/786/5
f 624/894/6 622/898/6 2383/913/6
f 1190/2669/841 1189/2659/841 3369/2660/841
f 1674/2671/842 1673/2687/842 2469/2672/842
f 3482/608/6 3556/2012/6 2055/1039/6
f 2055/1039/6 2054/6638/6 3474/1040/6
f 1646/2630/843 1645/2673/843 2336/2673/843
f 2054/584/4 2053/584/4 3473/584/4
f 628/683/3 2382/683/3 2432/683/3
f 1233/2674/844 1232/2675/844 3370/2675/844
f 1659/2676/845 1658/2632/845 2473/2632/845
f 626/680/3 624/680/3 2437/680/3
f 1191/2677/1970 1190/2669/1970 3382/2670/1970
f 3473/786/5 2053/786/5 2058/786/5
f 2058/786/5 3549/786/5 3481/786/5
f 626/894/5 2440/888/5 2382/913/5
f 1680/2679/1971 1679/2664/1971 2332/2663/1971
f 636/726/6 634/726/6 2379/726/6
f 2058/606/4 2057/606/4 3554/606/4
f 1232/2675/848 1231/2681/848 3371/2681/848
f 2056/2682/3 2055/6799/3 3556/2683/3
f 1192/2685/849 1191/2677/849 3372/2678/849
f 1673/2687/850 1672/2698/850 2470/2688/850
f 2057/597/5 2056/597/5 3557/597/5
f 1681/2689/851 1680/2679/851 2338/2680/851
f 3749/608/6 3801/2740/6 2112/2691/6
f 2112/2691/6 2111/6638/6 3714/1040/6
f 634/2692/4 631/6800/4 2378/2693/4
f 653/1111/3 652/1111/3 2386/1111/3
f 1231/2681/852 1230/2695/852 3377/2695/852
f 3470/1738/4 3714/1738/4 2111/1738/4
f 2111/1738/4 2110/1738/4 3469/1738/4
f 631/1302/5 653/898/5 2385/913/5
f 1213/2696/1972 1212/2697/1972 3380/2697/1972
f 1672/2698/854 1671/6801/854 2471/2699/854
f 3469/1743/5 2110/1743/5 2109/1743/5
f 2109/1743/5 3484/1743/5 3478/1743/5
f 652/898/5 649/1254/5 2400/1231/5
f 1211/2700/5 3451/2700/5 3380/2700/5
f 2333/608/855 2336/6802/855 1645/2701/855
f 1645/2701/855 1644/2732/855 2340/2702/855
f 3477/608/6 3485/2715/6 2061/2703/6
f 2061/2703/6 2060/6638/6 3476/1040/6
f 2460/2705/856 2477/2704/856 1660/2704/856
f 1660/2704/856 1659/2676/856 2474/2676/856
f 1230/2695/857 1229/2706/857 3376/2706/857
f 2060/584/4 2059/584/4 3475/584/4
f 1214/2707/858 1213/6803/858 3373/2708/858
f 1682/2710/859 1681/2711/859 2337/2711/859
f 649/1248/4 648/1248/4 2402/1248/4
f 3475/786/5 2059/786/5 2136/786/5
f 2136/786/5 3486/786/5 3483/786/5
f 646/1252/3 644/1252/3 2413/1252/3
f 1193/2712/860 1192/2685/860 3378/2686/860
f 2062/2714/253 2061/2703/253 3485/2715/253
f 648/1254/5 646/1263/5 2403/1255/5
f 1671/2717/861 1670/6804/861 2472/2718/861
f 1215/2720/862 1214/2707/862 3375/2709/862
f 2334/2723/863 2341/2722/863 1683/2722/863
f 1683/2722/863 1682/2710/863 2335/2710/863
f 644/1263/5 642/1280/5 2429/1264/5
f 2109/1743/260 2108/1598/260 3488/1598/260
f 2063/2724/261 2062/2714/261 3487/2716/261
f 642/956/4 640/956/4 2436/956/4
f 1229/2706/864 1228/2726/864 3405/2726/864
f 2472/2718/865 1670/6804/865 1669/2727/865
f 1669/2727/865 2476/2751/865 2459/608/865
f 636/2692/3 2424/2694/3 2438/2728/3
f 1216/2730/866 1215/2720/866 3374/2721/866
f 640/1280/5 638/894/5 2438/888/5
f 1644/2732/867 1643/2756/867 2345/2733/867
f 2136/786/267 2135/707/267 3491/707/267
f 658/894/6 656/1302/6 2601/899/6
f 1217/2734/868 1216/2735/868 3383/2735/868
f 1661/2736/869 1660/2704/869 2477/2704/869
f 2108/1598/272 2107/1772/272 3490/1772/272
f 1684/2738/870 1683/2722/870 2341/2722/870
f 2113/2739/273 2112/2691/273 3801/2740/273
f 1228/2726/871 1227/2742/871 3391/2742/871
f 656/2743/4 786/2752/4 2600/2744/4
f 1218/2745/872 1217/6805/872 3384/2746/872
f 2064/2748/278 2063/2724/278 3489/2725/278
f 1669/2727/873 1668/2771/873 2484/2750/873
f 786/2752/454 784/2758/454 2603/2753/454
f 1194/2754/874 1193/2712/874 3406/2713/874
f 1643/2756/875 1642/2791/875 2343/2757/875
f 2107/1772/876 2106/1791/876 3495/1791/876
f 784/2758/745 782/6806/745 2602/2759/745
f 1219/2760/877 1218/2761/877 3385/2761/877
f 1662/2762/878 1661/2736/878 2478/2737/878
f 2065/2763/285 2064/2748/285 3492/2749/285
f 782/1744/458 779/1746/458 2606/1746/458
f 1685/2765/879 1684/2738/879 2346/2738/879
f 1227/2742/880 1226/2766/880 3389/2766/880
f 2106/1791/289 2105/1804/289 3513/1804/289
f 779/2767/881 777/2773/881 2605/2768/881
f 1220/2770/882 1219/2760/882 3390/2760/882
f 1668/2771/883 1667/2782/883 2479/2772/883
f 2135/707/291 2134/1813/291 3496/1813/291
f 777/2773/462 775/2779/462 2604/2774/462
f 1221/2775/884 1220/2770/884 3386/2770/884
f 1686/2776/885 1685/2765/885 2344/2765/885
f 2066/2777/293 2065/2763/293 3494/2764/293
f 2380/622/464 2604/2774/464 775/2779/464
f 775/2779/464 773/6807/464 2388/2780/464
f 1226/2766/886 1225/736/886 3404/2781/886
f 1667/2782/887 1666/2803/887 2482/2783/887
f 2105/1804/296 2104/1440/296 3498/1440/296
f 773/2784/466 772/2797/466 2381/2785/466
f 1222/2787/888 1221/2775/888 3388/2775/888
f 2114/2788/298 2113/2739/298 3802/2741/298
f 789/2790/3 787/2790/3 2615/2790/3
f 1642/2791/889 1641/2808/889 2348/2792/889
f 1223/2793/890 1222/2787/890 3387/2787/890
f 1663/2794/891 1662/2762/891 2483/2762/891
f 2067/2795/299 2066/2777/299 3493/2778/299
f 772/2797/469 769/2815/469 2387/2798/469
f 1687/2799/892 1686/2776/892 2342/2776/892
f 1225/736/893 1224/735/893 3392/735/893
f 2104/1440/498 2103/680/498 3503/680/498
f 787/2800/5 836/6808/5 2643/2801/5
f 1224/735/894 1223/2793/894 3399/2793/894
f 2068/1445/304 2067/1431/304 3497/1431/304
f 791/830/471 789/832/471 2614/832/471
f 1666/2803/895 1665/2818/895 2481/2804/895
f 793/833/1973 791/830/1973 2613/830/1973
f 1195/2805/896 1194/6809/896 3403/2806/896
f 1641/2808/897 1640/2827/897 2349/2809/897
f 2103/680/674 2102/1475/674 3499/1475/674
f 1616/584/898 1663/2794/898 2480/2794/898
f 795/2810/1974 793/833/1974 2610/833/1974
f 2134/1813/310 2133/1861/310 3511/1861/310
f 1211/2700/899 1210/2819/899 3452/2811/899
f 1688/2812/900 1687/2799/900 2347/2799/900
f 2069/1465/901 2068/1445/901 3500/1445/901
f 1196/2813/902 1195/2805/902 3402/2807/902
f 769/2815/480 768/2833/480 2389/2816/480
f 797/2817/1975 795/2810/1975 2607/2810/1975
f 1665/2818/903 1664/2827/903 2485/2809/903
f 2102/1475/904 2101/1252/904 3502/1252/904
f 1210/2819/905 1209/2820/905 3453/2820/905
f 1617/2821/906 1616/584/906 2486/584/906
f 2070/1471/509 2069/1465/509 3501/1465/509
f 799/2822/486 797/2817/486 2609/2817/486
f 1209/2820/907 1208/2823/907 3454/2823/907
f 2115/2824/322 2114/2788/322 3803/2789/322
f 801/2826/488 799/2822/488 2608/2822/488
f 1664/2827/909 1711/2839/909 2499/2828/909
f 1208/2823/1976 1207/2829/1976 3455/2829/1976
f 1689/2830/911 1688/2812/911 2350/2812/911
f 1197/2831/912 1196/2813/912 3401/2814/912
f 2101/1252/326 2100/1888/326 3512/1888/326
f 768/2833/491 765/2847/491 2391/2834/491
f 2071/1492/1977 2070/1471/1977 3508/1471/1977
f 803/2835/492 801/2826/492 2612/2826/492
f 1640/2827/914 1639/2845/914 2351/2836/914
f 1207/2829/915 1206/2841/915 3456/2837/915
f 805/2838/496 803/2835/496 2616/2835/496
f 1711/2839/916 1710/2851/916 2498/2840/916
f 2100/1888/332 2099/1509/332 3505/1509/332
f 1206/2841/917 1205/741/917 3463/741/917
f 1690/2842/918 1689/2830/918 2352/2830/918
f 808/1857/1978 805/2838/1978 2618/2838/1978
f 2099/1509/336 2098/1510/336 3510/1510/336
f 1205/741/919 1204/740/919 3464/740/919
f 2072/1512/338 2071/1492/338 3504/1492/338
f 1198/2843/920 1197/2831/920 3400/2832/920
f 1639/2845/921 1638/2859/921 2354/2846/921
f 765/2847/501 764/2855/501 2390/2848/501
f 1618/2849/922 1617/2821/922 2487/2821/922
f 810/1856/502 808/1857/502 2617/1857/502
f 2133/1861/343 2132/1938/343 3550/1938/343
f 1204/740/923 1203/2850/923 3396/2850/923
f 811/1863/504 810/1856/504 2623/1856/504
f 1710/2851/924 1709/2865/924 2502/2852/924
f 2098/1510/347 2097/1533/347 3507/1533/347
f 1203/2850/925 1202/2857/925 3397/2853/925
f 1691/2854/926 1690/2842/926 2353/2842/926
f 2073/1309/348 2072/1512/348 3509/1512/348
f 764/2855/927 761/2863/927 2394/2856/927
f 1202/2857/1979 1201/748/1979 3395/748/1979
f 814/1871/508 811/1863/508 2622/1863/508
f 1199/746/929 1198/2858/929 3398/2858/929
f 1638/2859/930 1637/2867/930 2357/2860/930
f 2097/1533/931 2096/1917/931 3553/1917/931
f 1619/2861/932 1618/2849/932 2488/2849/932
f 2116/2862/354 2115/2824/354 3810/2825/354
f 816/1876/511 814/1871/511 2621/1871/511
f 1200/747/1980 1199/746/1980 3394/746/1980
f 1201/748/934 1200/747/934 3393/747/934
f 1692/606/935 1691/2854/935 2355/2854/935
f 2074/1548/529 2073/1309/529 3506/1309/529
f 1263/894/474 1262/1802/474 3628/1803/474
f 761/2863/513 760/2868/513 2393/2864/513
f 817/1889/687 816/1876/687 2619/1876/687
f 1262/584/4 1261/584/4 3627/584/4
f 1709/2865/936 1708/6810/936 2500/2866/936
f 2096/1917/313 2095/1563/313 3515/1563/313
f 2075/1555/365 2074/1548/365 3552/1548/365
f 1637/2867/937 1636/876/937 2358/878/937
f 760/2868/689 757/2873/689 2392/2869/689
f 1620/880/938 1619/2861/938 2501/2861/938
f 820/841/519 817/1889/519 2620/1889/519
f 1268/894/481 3701/888/481 3627/1803/481
f 2132/2870/368 2131/915/368 3551/917/368
f 1693/862/939 1692/606/939 2356/606/939
f 821/839/520 820/841/520 2624/841/520
f 1271/786/484 3698/786/484 3648/606/484
f 2095/1563/372 2094/870/372 3520/870/372
f 1270/2419/487 1269/1810/487 3648/1812/487
f 2076/864/538 2075/1555/538 3514/1555/538
f 1708/2872/940 1707/867/940 2508/869/940
f 757/2873/524 755/872/524 2401/874/524
f 5849/4885/4 4154/4885/4 4155/4885/4
f 5847/4886/4 4158/4993/4 4159/4887/4
f 5859/4889/2 5860/4921/2 5886/4890/2
f 5889/4892/2 5890/4989/2 5851/4893/2
f 5851/4893/2 5852/4896/2 5888/4894/2
f 5892/4895/2 5888/4894/2 5852/4896/2
f 5852/4896/2 5853/4899/2 5891/4897/2
f 5894/4898/2 5891/4897/2 5853/4899/2
f 5853/4899/2 5854/4902/2 5893/4900/2
f 5855/4903/2 5895/4990/2 5896/4901/2
f 5896/4901/2 5893/4900/2 5854/4902/2
f 5897/4904/2 5895/4990/2 5855/4903/2
f 5855/4903/2 5856/4907/2 5898/4905/2
f 5899/4906/2 5898/4905/2 5856/4907/2
f 5856/4907/2 5857/4910/2 5900/4908/2
f 5901/4909/2 5900/4908/2 5857/4910/2
f 5857/4910/2 5858/4913/2 5902/4911/2
f 5903/4912/2 5902/4911/2 5858/4913/2
f 5859/4889/2 5887/4891/2 5903/4912/2
f 5905/4914/2 5877/4967/2 5875/4915/2
f 5906/4917/2 5908/4925/2 5861/4918/2
f 5850/4919/2 5907/4988/2 5906/4917/2
f 5909/4920/2 5886/4890/2 5860/4921/2
f 5860/4921/2 5862/4927/2 5910/4922/2
f 5911/4923/2 5912/4931/2 5863/4924/2
f 5863/4924/2 5861/4918/2 5908/4925/2
f 5913/4926/2 5910/4922/2 5862/4927/2
f 5862/4927/2 5864/4933/2 5914/4928/2
f 5915/4929/2 5916/4937/2 5865/4930/2
f 5865/4930/2 5863/4924/2 5912/4931/2
f 5917/4932/2 5914/4928/2 5864/4933/2
f 5864/4933/2 5866/4939/2 5918/4934/2
f 5919/4935/2 5922/4941/2 5867/4936/2
f 5867/4936/2 5865/4930/2 5916/4937/2
f 5920/4938/2 5918/4934/2 5866/4939/2
f 5866/4939/2 5868/4945/2 5921/4940/2
f 5869/4943/2 5867/4936/2 5922/4941/2
f 5923/4942/2 5924/4949/2 5869/4943/2
f 5870/4946/2 5925/4991/2 5926/4944/2
f 5926/4944/2 5921/4940/2 5868/4945/2
f 5928/4947/2 5927/4954/2 5871/4948/2
f 5871/4948/2 5869/4943/2 5924/4949/2
f 5930/4950/2 5925/4991/2 5870/4946/2
f 5870/4946/2 5872/4956/2 5929/4951/2
f 5932/4952/2 5931/4959/2 5873/4953/2
f 5873/4953/2 5871/4948/2 5927/4954/2
f 5934/4955/2 5929/4951/2 5872/4956/2
f 5872/4956/2 5874/4961/2 5933/4957/2
f 5935/4958/2 5904/4916/2 5875/4915/2
f 5875/4915/2 5873/4953/2 5931/4959/2
f 5936/4960/2 5933/4957/2 5874/4961/2
f 5876/4962/2 5937/4964/2 5936/4960/2
f 5876/4962/2 5885/4986/2 5938/4963/2
f 5940/4965/2 5939/4970/2 5878/4966/2
f 5877/4967/2 5905/4914/2 5940/4965/2
f 5942/4968/2 5941/4973/2 5879/4969/2
f 5879/4969/2 5878/4966/2 5939/4970/2
f 5944/4971/2 5943/4992/2 5880/4972/2
f 5880/4972/2 5879/4969/2 5941/4973/2
f 5880/4972/2 5943/4992/2 5946/4974/2
f 5946/4974/2 5945/4978/2 5881/4975/2
f 5947/4976/2 5948/4981/2 5882/4977/2
f 5882/4977/2 5881/4975/2 5945/4978/2
f 5949/4979/2 5950/4984/2 5883/4980/2
f 5883/4980/2 5882/4977/2 5948/4981/2
f 5951/4982/2 5952/4987/2 5884/4983/2
f 5884/4983/2 5883/4980/2 5950/4984/2
f 5953/4985/2 5938/4963/2 5885/4986/2
f 5885/4986/2 5884/4983/2 5952/4987/2
f 5907/4988/2 5850/4919/2 5851/4893/2
f 7048/4885/3 6582/4885/3 5955/4885/3
f 7434/4887/3 6847/4993/3 7583/4886/3
f 7692/4890/1 7705/4921/1 7759/4889/1
f 7750/4892/1 7753/4894/1 7752/4896/1
f 7749/4893/1 7751/4989/1 7750/4892/1
f 7773/4895/1 7772/4897/1 7754/4899/1
f 7754/4899/1 7752/4896/1 7753/4894/1
f 7722/4898/1 7721/4900/1 7755/4902/1
f 7755/4902/1 7754/4899/1 7772/4897/1
f 7723/4901/1 7774/4990/1 7756/4903/1
f 7756/4903/1 7755/4902/1 7721/4900/1
f 7694/4904/1 7695/4905/1 7724/4907/1
f 7724/4907/1 7756/4903/1 7774/4990/1
f 7725/4906/1 7775/4908/1 7726/4910/1
f 7726/4910/1 7724/4907/1 7695/4905/1
f 7776/4909/1 7758/4911/1 7757/4913/1
f 7757/4913/1 7726/4910/1 7775/4908/1
f 7777/4912/1 7693/4891/1 7759/4889/1
f 7759/4889/1 7757/4913/1 7758/4911/1
f 7762/4916/1 7763/4915/1 7760/4967/1
f 7727/4917/1 7729/4988/1 7730/4919/1
f 7730/4919/1 7731/4918/1 7728/4925/1
f 7696/4920/1 7732/4922/1 7706/4927/1
f 7705/4921/1 7692/4890/1 7696/4920/1
f 7778/4923/1 7728/4925/1 7731/4918/1
f 7731/4918/1 7791/4924/1 7736/4931/1
f 7733/4926/1 7735/4928/1 7734/4933/1
f 7734/4933/1 7706/4927/1 7732/4922/1
f 7737/4929/1 7736/4931/1 7791/4924/1
f 7791/4924/1 7782/4930/1 7764/4937/1
f 7738/4932/1 7766/4934/1 7739/4939/1
f 7739/4939/1 7734/4933/1 7735/4928/1
f 7765/4935/1 7764/4937/1 7782/4930/1
f 7782/4930/1 7779/4936/1 7709/4941/1
f 7707/4938/1 7708/4940/1 7740/4945/1
f 7740/4945/1 7739/4939/1 7766/4934/1
f 7709/4941/1 7779/4936/1 7767/4943/1
f 7767/4943/1 7713/4949/1 7710/4942/1
f 7792/4944/1 7712/4991/1 7711/4946/1
f 7711/4946/1 7740/4945/1 7708/4940/1
f 7714/4947/1 7713/4949/1 7767/4943/1
f 7767/4943/1 7768/4948/1 7769/4954/1
f 7785/4950/1 7784/4951/1 7715/4956/1
f 7715/4956/1 7711/4946/1 7712/4991/1
f 7717/4952/1 7769/4954/1 7768/4948/1
f 7768/4948/1 7770/4953/1 7716/4959/1
f 7786/4955/1 7793/4957/1 7794/4961/1
f 7794/4961/1 7715/4956/1 7784/4951/1
f 7718/4958/1 7716/4959/1 7770/4953/1
f 7763/4915/1 7762/4916/1 7718/4958/1
f 7741/4960/1 7742/4964/1 7795/4962/1
f 7795/4962/1 7794/4961/1 7793/4957/1
f 7742/4964/1 7748/4963/1 7720/4986/1
f 7788/4965/1 7761/4914/1 7760/4967/1
f 7760/4967/1 7771/4966/1 7787/4970/1
f 7789/4968/1 7787/4970/1 7771/4966/1
f 7771/4966/1 7780/4969/1 7781/4973/1
f 7790/4971/1 7781/4973/1 7780/4969/1
f 7780/4969/1 7743/4972/1 7744/4992/1
f 7698/4974/1 7744/4992/1 7743/4972/1
f 7743/4972/1 7745/4975/1 7697/4978/1
f 7783/4976/1 7697/4978/1 7745/4975/1
f 7745/4975/1 7746/4977/1 7699/4981/1
f 7700/4979/1 7699/4981/1 7746/4977/1
f 7746/4977/1 7747/4980/1 7701/4984/1
f 7702/4982/1 7701/4984/1 7747/4980/1
f 7747/4980/1 7719/4983/1 7703/4987/1
f 7704/4985/1 7703/4987/1 7719/4983/1
f 7720/4986/1 7748/4963/1 7704/4985/1
f 7751/4989/1 7749/4893/1 7730/4919/1
f 5930/4950/3 7785/4950/3 7712/4991/3
f 4713/3542/948 6172/3542/948 6171/3457/948
f 4576/3424/1981 6908/3424/1981 6142/3428/1981
f 4624/3460/3 7590/3460/3 7589/3462/3
f 4571/3442/950 6909/3442/950 6144/3426/950
f 5933/4957/3 7793/4957/3 7786/4955/3
f 4709/3536/951 7124/3536/951 7122/3534/951
f 4681/3540/952 6174/3540/952 6173/3545/952
f 4632/3463/4 7591/3463/4 6149/3461/4
f 4717/3553/953 7319/3553/953 7125/3552/953
f 4623/3462/6 7589/3462/6 7591/3463/6
f 4572/3440/954 6910/3440/954 6909/3441/954
f 5872/4956/4 7715/4956/4 7794/4961/4
f 4640/3473/4 6157/3473/4 7461/3479/4
f 5936/4960/3 7741/4960/3 7793/4957/3
f 4677/3563/955 7321/3563/955 7126/3564/955
f 4721/3561/956 6178/3561/956 6177/3560/956
f 4648/3484/6 7462/3484/6 7463/3485/6
f 4604/3443/957 6911/3443/957 6140/3420/957
f 4670/3570/4 7322/3570/4 7118/3504/4
f 4673/3569/958 6180/3569/958 6179/2890/958
f 4664/3499/6 7464/3499/6 7465/3500/6
f 4612/3454/959 6912/3454/959 6146/3455/959
f 5874/4961/4 7794/4961/4 7795/4962/4
f 5876/4962/13 7795/4962/13 7720/4986/13
f 4744/3580/960 6183/3580/960 6181/3581/960
f 4695/3507/961 7119/3507/961 7466/3508/961
f 5905/4914/9 7761/4914/9 7788/4965/9
f 4748/3576/962 7323/3576/962 7130/3577/962
f 4752/3582/4 6184/3582/4 6182/3573/4
f 4628/3467/4 6914/3467/4 6151/3465/4
f 4687/3516/963 7592/3516/963 7469/3522/963
f 5942/4968/6 7789/4968/6 7781/4973/6
f 4756/3587/964 7324/3587/964 7131/3585/964
f 4751/3573/6 6182/3573/6 6185/3584/6
f 5879/4969/5 7780/4969/5 7771/4966/5
f 4760/3592/965 6187/3592/965 6186/3591/965
f 5941/4973/6 7781/4973/6 7790/4971/6
f 4740/3590/966 7325/3590/966 7133/3594/966
f 4768/3542/948 6189/3542/948 6188/3457/948
f 4703/3527/967 7468/3527/967 7467/3525/967
f 4636/3478/4 6916/3478/4 6154/3469/4
f 5890/4989/13 7751/4989/13 7729/4988/13
f 4652/3486/5 6670/3486/5 6671/3487/5
f 5919/4935/4 7765/4935/4 7709/4941/4
f 4736/3604/952 6191/3604/952 6190/3607/952
f 4711/3539/968 6681/3539/968 6920/3537/968
f 4660/3502/6 6676/3502/6 6677/3503/6
f 5945/4978/6 7697/4978/6 7783/4976/6
f 4764/3600/951 7134/3600/951 7132/3597/951
f 4719/3555/969 7593/3555/969 7470/3556/969
f 4772/3612/953 7326/3612/953 7135/3611/953
f 4691/3511/970 6917/3511/970 6678/3512/970
f 5926/4944/3 7792/4944/3 7708/4940/3
f 4776/3617/956 6195/3617/956 6194/3616/956
f 4679/3551/971 7594/3551/971 7471/3559/971
f 4699/3519/972 6918/3519/972 6679/3518/972
f 4732/3619/955 7328/3619/955 7136/3620/955
f 4728/3569/958 6197/3569/958 6196/2890/958
f 4707/3533/973 6919/3533/973 6680/3531/973
f 4725/3624/4 7329/3624/4 7128/3571/4
f 5897/4904/5 7694/4904/5 7774/4990/5
f 4780/3625/974 7138/3625/974 7139/3626/974
f 4683/3535/975 6921/3535/975 6682/3538/975
f 4788/3630/3 7140/3630/3 6199/3631/3
f 4784/3635/976 6201/3635/976 6198/3633/976
f 4715/3547/977 6176/3547/977 6175/3548/977
f 4796/3647/978 7330/3647/978 7142/3648/978
f 4800/3638/979 6204/3638/979 6202/3639/979
f 4675/3565/980 6922/3565/980 6683/3566/980
f 4804/3649/1982 6691/3649/1982 7141/3641/1982
f 4792/3657/982 6207/3657/982 6205/3658/982
f 4746/3578/970 6923/3578/970 6684/3579/970
f 4881/3672/983 7331/3672/983 7143/3671/983
f 4877/3668/984 6209/3668/984 6208/3667/984
f 4754/3519/972 6924/3519/972 6685/3518/972
f 4866/3691/985 6932/3691/985 6933/3692/985
f 4871/3676/986 6211/3676/986 6210/3675/986
f 4762/3399/973 6925/3399/973 6686/3595/973
f 4807/3680/987 6210/3680/987 6212/3681/987
f 4672/2890/988 6179/2890/988 7320/3568/988
f 4738/3599/975 6927/3599/975 6688/3602/975
f 4870/3681/989 6212/3681/989 6213/3682/989
f 4750/3574/961 7129/3574/961 7472/3575/961
f 4812/3698/990 7332/3698/990 7145/3695/990
f 4808/3683/991 6214/3683/991 6210/3675/991
f 4770/3547/977 6193/3547/977 6192/3548/977
f 4858/3704/992 6218/3704/992 6219/3706/992
f 4862/3697/993 6216/3697/993 6215/3699/993
f 4742/3583/963 7595/3583/963 7475/3586/963
f 4730/3621/980 6928/3621/980 6689/3622/980
f 4816/3707/994 6220/3707/994 6217/3705/994
f 4758/3589/967 7474/3589/967 7473/3588/967
f 4802/3636/995 6203/3636/995 6690/3637/995
f 4842/3731/996 7335/3731/996 7147/3727/996
f 4854/3717/997 6222/3717/997 6221/3718/997
f 4820/3732/998 7336/3732/998 7146/3720/998
f 4838/3719/999 6224/3719/999 6223/3713/999
f 4766/3603/968 6687/3603/968 6926/3601/968
f 4794/3651/1000 6930/3651/1000 6692/3652/1000
f 4850/3735/1001 7338/3735/1001 7337/3738/1001
f 4846/3739/1002 6226/3739/1002 6225/3737/1002
f 4774/3555/969 7596/3555/969 7476/3556/969
f 4879/3670/1983 6931/3670/1983 6693/3669/1983
f 4834/3744/1004 7339/3744/1004 7148/3745/1004
f 4827/3759/1005 6703/3759/1005 6704/3760/1005
f 4734/3610/971 7597/3610/971 7477/3615/971
f 4829/3755/1006 6230/3755/1006 6227/3753/1006
f 4830/3754/1007 6229/3754/1007 6230/3755/1007
f 4810/3693/342 6934/3693/342 6696/3689/342
f 4889/3770/4 7340/3770/4 6940/3769/4
f 4823/3750/1008 6227/3750/1008 6231/3757/1008
f 4864/3694/1009 6935/3694/1009 6697/3696/1009
f 4897/3773/5 7150/3773/5 7151/3774/5
f 4824/3756/1010 6232/3756/1010 6227/3750/1010
f 4913/3783/1011 7341/3783/1011 7153/3784/1011
f 4885/3763/3 6235/3763/3 6233/3764/3
f 4856/3708/1012 6698/3708/1012 6700/3710/1012
f 4818/3711/1013 6936/3711/1013 6699/3709/1013
f 4884/3764/1014 6233/3764/1014 6237/3766/1014
f 4840/3726/1015 6937/3726/1015 6701/3722/1015
f 4905/3802/1016 7342/3802/1016 7157/3803/1016
f 4892/3765/1017 6236/3765/1017 6238/3767/1017
f 4848/3741/1018 6938/3741/1018 6702/3740/1018
f 4921/3804/1019 7156/3804/1019 7154/3799/1019
f 4893/3768/1020 6239/3768/1020 6236/3765/1020
f 4832/3748/1021 6939/3748/1021 6228/3749/1021
f 4901/3779/6 6241/3779/6 6240/3780/6
f 4727/2890/988 6196/2890/988 7327/3568/988
f 4826/3760/1022 6704/3760/1022 6705/3761/1022
f 5017/3809/1023 7159/3809/1023 7158/3808/1023
f 4917/3785/1024 6243/3785/1024 6242/3781/1024
f 4782/3632/1025 7478/3632/1025 7479/3634/1025
f 5009/3835/1026 6255/3835/1026 6256/3836/1026
f 5001/3851/1027 6946/3851/1027 7163/3852/1027
f 4909/3792/1028 6246/3792/1028 6244/3793/1028
f 4798/3643/1029 7598/3643/1029 7480/3644/1029
f 4887/3771/4 6941/3771/4 6234/3762/4
f 5021/3816/1030 6249/3816/1030 6248/3815/1030
f 4790/3661/1031 7600/3661/1031 7599/2891/1031
f 5013/3828/1984 6251/3828/1984 6250/3826/1984
f 4806/3662/1033 7601/3662/1033 6206/3656/1033
f 4911/3788/1985 6942/3788/1985 6706/3789/1985
f 4929/3862/1986 7343/3862/1986 7164/3856/1986
f 4993/3868/1036 6265/3868/1036 6266/3870/1036
f 4919/3794/1037 6247/3794/1037 6245/3790/1037
f 5023/3818/1038 6943/3818/1038 6707/3817/1038
f 4875/3666/1039 7602/3666/1039 7482/3665/1039
f 5015/3822/1040 6944/3822/1040 6708/3821/1040
f 4937/3878/1041 7344/3878/1041 7165/3876/1041
f 5007/3837/1042 6257/3837/1042 6258/3838/1042
f 4961/3891/1043 7345/3891/1043 7166/3897/1043
f 4925/3839/457 6259/3839/457 6252/3829/457
f 5005/3842/1987 6261/3842/1987 6260/3843/1987
f 4985/3904/1045 7346/3904/1045 7168/3903/1045
f 4997/3861/1046 6263/3861/1046 6262/3863/1046
f 4927/3850/1047 6947/3850/1047 6710/3846/1047
f 4985/3904/817 7346/3904/817 6277/3912/817
f 4999/3855/1048 6948/3855/1048 6711/3859/1048
f 4953/3922/1049 7347/3922/1049 7169/3924/1049
f 4933/3871/1050 6267/3871/1050 6264/3869/1050
f 4989/3877/1051 6269/3877/1051 6268/3880/1051
f 4883/2943/1052 7603/2943/1052 7483/3674/1052
f 4991/3872/1053 6712/3872/1053 6714/3874/1053
f 4969/3943/1988 7348/3943/1988 7170/3944/1988
f 4789/2891/6 7599/2891/6 7603/2943/6
f 4935/3875/1989 6949/3875/1989 6713/3873/1989
f 4977/3958/1056 6720/3958/1056 7171/3960/1056
f 4941/3892/1990 6272/3892/1990 6270/3893/1990
f 4868/3687/1058 6694/3687/1058 6695/3688/1058
f 4986/3899/1059 6715/3899/1059 6716/3898/1059
f 5033/3968/6 7173/3968/6 7174/3969/6
f 4957/3906/1060 6275/3906/1060 6273/3910/1060
f 4959/3900/1991 6950/3900/1991 6717/3905/1991
f 5089/3974/3 7349/3974/3 7175/3975/3
f 4949/3919/1062 6278/3919/1062 6276/3920/1062
f 4860/3701/1063 7604/3701/1063 7485/3702/1063
f 5041/3364/1064 7350/3364/1064 7176/3365/1064
f 4814/3703/1065 7605/3703/1065 7484/3700/1065
f 4951/3927/1992 6951/3927/1992 6718/3925/1992
f 5113/3985/1067 7351/3985/1067 6293/3995/1067
f 4983/3930/1068 6279/3930/1068 6280/3931/1068
f 4965/3932/1069 6281/3932/1069 6274/3889/1069
f 4836/3714/6 7606/3714/6 7487/3715/6
f 5081/4002/1602 7352/4002/1602 7177/3387/1602
f 4981/3940/1993 6283/3940/1993 6282/3941/1993
f 4967/3938/1072 6952/3938/1072 6719/3936/1072
f 5049/3394/1073 7353/3394/1073 7178/2916/1073
f 4973/3952/1074 6286/3952/1074 6284/3953/1074
f 5029/3971/6 6288/3971/6 6287/3972/6
f 4975/3959/1075 6953/3959/1075 6721/3956/1075
f 5073/4020/1076 7354/4020/1076 7179/3414/1076
f 4852/3729/1077 7333/3729/1077 7334/3730/1077
f 5031/3967/6 6954/3967/6 6722/3970/6
f 5085/3988/1078 6291/3988/1078 6289/3990/1078
f 5039/3977/5 6724/3977/5 6725/3978/5
f 5057/4030/1079 7355/4030/1079 7180/4025/1079
f 5045/4000/1080 6294/4000/1080 6292/4001/1080
f 4844/3736/1081 7607/3736/1081 7486/3734/1081
f 5087/3983/1082 6955/3983/1082 6728/3941/1082
f 5065/3437/1083 7356/3437/1083 7181/3440/1083
f 5093/4007/1084 6296/4007/1084 6295/3998/1084
f 5077/4010/1085 6298/4010/1085 6297/3400/1085
f 5047/4005/1086 6957/4005/1086 6729/4003/1086
f 5097/4045/1087 7358/4045/1087 7182/4043/1087
f 5105/3451/1088 7359/3451/1088 6310/3452/1088
f 5053/3407/1089 6301/3407/1089 6299/3404/1089
f 5079/3388/1090 6958/3388/1090 6730/4009/1090
f 4835/3724/1091 7487/3724/1091 7488/3742/1091
f 5111/3390/1092 6956/3390/1092 6300/3405/1092
f 5136/4064/1093 7360/4064/1093 7183/4065/1093
f 5069/4032/1094 6304/4032/1094 6302/4033/1094
f 4821/3742/1095 7488/3742/1095 7339/3744/1095
f 5109/4022/1096 6306/4022/1096 6305/4035/1096
f 4822/3743/1097 7608/3743/1097 7488/3742/1097
f 5055/4024/1098 6959/4024/1098 6732/3411/1098
f 5144/4070/1099 6965/4070/1099 6963/4068/1099
f 4891/3766/4 6237/3766/4 7489/3772/4
f 5191/4076/1100 6741/4076/1100 6740/4077/1100
f 5061/4040/1101 6308/4040/1101 6307/4038/1101
f 4899/3777/5 7610/3777/5 7609/3778/5
f 5071/3415/1102 6960/3415/1102 6733/4027/1102
f 5231/4095/1103 6323/4095/1103 6324/4101/1103
f 4898/3778/3 7609/3778/3 6241/3779/3
f 5095/4028/1104 6303/4028/1104 6731/4017/1104
f 5199/4113/875 7361/4113/875 7184/4110/875
f 5103/4054/1105 6311/4054/1105 6309/4052/1105
f 5140/4058/1106 6313/4058/1106 6312/4059/1106
f 4915/3782/1107 7611/3782/1107 7490/2890/1107
f 5128/4111/1108 7362/4111/1108 7186/4116/1108
f 5063/3441/1109 6961/3441/1109 6734/3438/1109
f 5132/4072/1110 6316/4072/1110 6314/4084/1110
f 4907/3797/1111 7612/3797/1111 7491/3798/1111
f 5103/2935/1112 6311/2935/1112 6736/3458/1112
f 5235/4081/1113 6318/4081/1113 6317/4085/1113
f 5142/4066/1114 6962/4066/1114 6737/4063/1114
f 5019/3812/1115 7161/3812/1115 7160/3811/1115
f 5134/4067/1116 6964/4067/1116 6739/4069/1116
f 5152/4139/1117 7365/4139/1117 7188/4128/1117
f 5195/4092/1118 6321/4092/1118 6320/4088/1118
f 4923/3824/1119 7613/3824/1119 7492/3819/1119
f 5223/4137/1120 7364/4137/1120 7189/4143/1120
f 5207/4163/1121 7366/4163/1121 7190/4155/1121
f 5197/4102/1122 6966/4102/1122 6743/4096/1122
f 5148/4103/1123 6325/4103/1123 6322/4097/1123
f 5011/3831/1124 6253/3831/1124 6254/3834/1124
f 5229/4106/1125 6744/4106/1125 6745/4112/1125
f 5120/4168/1126 7368/4168/1126 7191/4174/1126
f 5227/4120/1127 6327/4120/1127 6326/4121/1127
f 5003/3845/1128 6709/3845/1128 6945/3457/1128
f 5119/4174/1129 7191/4174/1129 7369/4178/1129
f 5203/4138/1130 6329/4138/1130 6328/4135/1130
f 5211/4182/1131 6750/4182/1131 7191/4174/1131
f 5215/4181/1994 6972/4181/1994 6973/4184/1994
f 5124/4141/1133 6332/4141/1133 6330/4147/1133
f 5150/4122/1134 6967/4122/1134 6746/4114/1134
f 5160/4195/1995 6340/4195/1995 6752/4193/1995
f 4995/3865/1136 7614/3865/1136 7494/3866/1136
f 5176/4224/1137 7192/4224/1137 7193/4225/1137
f 4931/3867/1138 7615/3867/1138 7493/3864/1138
f 5126/4133/1139 6969/4133/1139 6747/4134/1139
f 5168/4235/1996 7370/4235/1996 7195/4234/1996
f 5219/4165/1997 6336/4165/1997 6337/4166/1997
f 4939/3881/1141 7616/3881/1141 7495/3879/1141
f 5205/4149/1142 6333/4149/1142 6331/4144/1142
f 5270/4246/1143 7371/4246/1143 7196/4248/1143
f 5156/4169/1998 6338/4169/1998 6334/4159/1998
f 5221/4148/1145 6970/4148/1145 6335/4154/1145
f 4963/3883/1146 7617/3883/1146 7496/3884/1146
f 5277/4257/1147 7372/4257/1147 6760/4255/1147
f 5116/4197/1148 6341/4197/1148 6339/4198/1148
f 4987/3887/1149 6271/3887/1149 6715/3896/1149
f 5293/4268/1150 7373/4268/1150 7197/4269/1150
f 5115/4198/1151 6339/4198/1151 6343/4202/1151
f 5301/4278/1152 7374/4278/1152 6362/4274/1152
f 4947/3913/1153 7618/3913/1153 7498/3911/1153
f 5158/4186/1154 6974/4186/1154 6749/4175/1154
f 5213/4190/1155 6975/4190/1155 6751/4185/1155
f 5262/4286/1156 7375/4286/1156 7198/4292/1156
f 5187/4204/1157 6345/4204/1157 6346/4209/1157
f 4955/3917/1999 7619/3917/1999 7499/3918/1999
f 5118/4183/2000 6976/4183/2000 6753/4192/2000
f 5285/4291/1160 6765/4291/1160 6983/4295/1160
f 5164/4211/414 6348/4211/414 6344/4205/414
f 4971/3949/1161 7620/3949/1161 7501/3947/1161
f 5179/4230/1162 6350/4230/1162 6349/4231/1162
f 4979/3948/1163 7500/3948/1163 6285/3950/1163
f 5183/4217/1164 6755/4217/1164 6756/4216/1164
f 5027/3961/5 7621/3961/5 7504/3962/5
f 5165/4218/1165 6756/4218/1165 6977/4219/1165
f 5172/4241/1166 6353/4241/1166 6351/4242/1166
f 5309/4305/1167 6769/4305/1167 6985/4302/1167
f 5273/4247/1168 6355/4247/1168 6354/4244/1168
f 5035/3963/6 7503/3963/6 7172/3966/6
f 5166/4221/1169 6979/4221/1169 6756/4216/1169
f 5239/4307/1170 7376/4307/1170 7201/4300/1170
f 5297/4260/1171 6357/4260/1171 6356/4261/1171
f 5091/3987/1065 6290/3987/1065 6727/3973/1065
f 5181/4222/1172 6978/4222/1172 6757/4223/1172
f 5325/4324/1173 6379/4324/1173 6380/4329/1173
f 5174/4226/1174 6352/4226/1174 6758/4243/1174
f 5317/4339/1175 7377/4339/1175 7202/4336/1175
f 5266/4256/1176 6360/4256/1176 6358/4270/1176
f 5043/3991/1177 7622/3991/1177 7506/3989/1177
f 5275/4251/1178 6980/4251/1178 6759/4249/1178
f 5254/4334/1179 7378/4334/1179 6989/4344/1179
f 5083/3994/1180 7623/3994/1180 7507/3997/1180
f 5268/4253/1181 6981/4253/1181 6761/4254/1181
f 5289/4279/1182 6364/4279/1182 6363/4281/1182
f 5299/4272/1183 6361/4272/1183 6359/4266/1183
f 5291/4273/1184 6982/4273/1184 6763/4275/1184
f 5281/4287/1185 6367/4287/1185 6365/4283/1185
f 5051/4014/1186 7624/4014/1186 7508/4011/1186
f 5247/4358/1187 7380/4358/1187 7203/4356/1187
f 5305/4290/1188 6369/4290/1188 6368/4288/1188
f 5333/4365/5 7205/4365/5 7206/4366/5
f 5329/4304/1189 6371/4304/1189 6370/4308/1189
f 5075/3401/1780 7625/3401/1780 7509/4016/1780
f 5307/4298/290 6984/4298/290 6767/4294/290
f 5397/4380/1191 7381/4380/1191 7208/4382/1191
f 5258/4306/1192 6374/4306/1192 6372/4313/1192
f 5260/4296/1193 6986/4296/1193 6770/4303/1193
f 5389/4394/1194 7382/4394/1194 7209/4393/1194
f 5313/4321/1195 6377/4321/1195 6376/4322/1195
f 5059/4036/1196 7626/4036/1196 7510/4034/1196
f 5315/4330/1197 6987/4330/1197 6771/4331/1197
f 5323/4332/2001 6381/4332/2001 6772/4338/2001
f 5381/4403/1199 7383/4403/1199 7210/4404/1199
f 5067/4037/1200 7627/4037/1200 7511/4039/1200
f 5410/4408/1201 6400/4408/1201 6998/4399/1201
f 5107/4044/2002 7357/4044/2002 7512/4046/2002
f 5243/4335/1203 6382/4335/1203 6378/4327/1203
f 5373/4415/1204 7384/4415/1204 7211/4417/1204
f 5321/4346/1205 6384/4346/1205 6383/4349/1205
f 5418/4434/1206 7385/4434/1206 7212/4431/1206
f 5250/4357/1207 6386/4357/1207 6385/4359/1207
f 5099/4050/1208 7628/4050/1208 7513/4047/1208
f 5245/4354/1209 6991/4354/1209 6773/4345/1209
f 5365/4435/1210 7386/4435/1210 7214/4436/1210
f 5337/4369/4 6389/4369/4 6387/4361/4
f 5138/4056/1211 7629/4056/1211 7514/4057/1211
f 5252/4353/28 6990/4353/28 6774/4355/28
f 5339/4370/1212 6992/4370/1212 6388/4364/1212
f 5401/4375/1213 6392/4375/1213 6390/4376/1213
f 5349/4448/1214 7387/4448/1214 7216/4449/1214
f 5406/4378/1215 6393/4378/1215 6391/4374/1215
f 5403/4372/1216 6994/4372/1216 6775/4373/1216
f 5437/2943/1217 6410/2943/1217 7218/4459/1217
f 5193/4086/2003 6319/4086/2003 6315/4082/2003
f 5385/4390/1219 6396/4390/1219 6394/4389/1219
f 5408/4384/1220 6995/4384/1220 6776/4385/1220
f 5432/4471/1221 7388/4471/1221 7221/4469/1221
f 5146/4089/1222 7631/4089/1222 7515/4080/1222
f 5425/4469/1223 7221/4469/1223 7003/4473/1223
f 5393/4398/1224 6398/4398/1224 6397/4397/1224
f 5233/4087/1225 7630/4087/1225 7516/4091/1225
f 5395/4386/1226 6996/4386/1226 6395/4387/1226
f 5426/4472/1227 7389/4472/1227 7221/4469/1227
f 5440/4480/5 7223/4480/5 7224/4481/5
f 5377/4409/1228 6401/4409/1228 6399/4410/1228
f 5130/4090/1229 7632/4090/1229 7517/4099/1229
f 5387/4392/1230 6997/4392/1230 6777/4391/1230
f 5502/4491/1231 7390/4491/1231 7226/4492/1231
f 5414/4419/1232 6404/4419/1232 6403/4416/1232
f 5201/4125/506 6968/4125/506 7185/4118/506
f 5379/4406/1233 6999/4406/1233 6778/4407/1233
f 5517/4508/1234 7391/4508/1234 7227/4506/1234
f 5225/4127/1235 7187/4127/1235 7363/4131/1235
f 5369/4422/900 6407/4422/900 6405/4423/900
f 5494/4510/1236 7392/4510/1236 7228/4513/1236
f 5371/4418/1237 7000/4418/1237 6779/4420/1237
f 5154/4153/1238 7633/4153/1238 7518/4145/1238
f 5525/3258/1239 6434/3258/1239 6792/3254/1239
f 5345/4433/5 6411/4433/5 6409/4428/5
f 5416/4424/1240 6408/4424/1240 6406/4421/1240
f 5486/4530/1241 7010/4530/1241 7011/4531/1241
f 5122/4152/1242 7634/4152/1242 7520/4158/1242
f 5361/4441/1243 6414/4441/1243 6412/4443/1243
f 5363/4438/1244 7001/4438/1244 6781/4440/1244
f 5479/4538/1245 7393/4538/1245 7229/4537/1245
f 5422/4452/1246 6415/4452/1246 6413/4442/1246
f 5437/4429/1247 6410/4429/1247 6782/4444/1247
f 5478/4541/1248 6443/4541/1248 6795/4544/1248
f 5352/4455/1249 6416/4455/1249 6410/2943/1249
f 5209/4173/2004 7367/4173/2004 7519/4167/2004
f 5437/4429/1251 6410/4429/1251 6783/4456/1251
f 5353/4454/431 6417/4454/431 6416/4455/431
f 5217/4176/1252 6748/4176/1252 6971/4177/1252
f 5436/4464/1253 6419/4464/1253 6418/4465/1253
f 5454/4551/1254 7394/4551/1254 7230/4549/1254
f 5162/4203/1255 7635/4203/1255 6342/4201/1255
f 5470/4557/1256 6448/4557/1256 6449/4559/1256
f 5185/4210/1257 6347/4210/1257 6754/4214/1257
f 5424/4466/1258 7002/4466/1258 6784/4461/1258
f 5462/4566/1259 6456/4566/1259 6457/4567/1259
f 5506/4487/1260 6423/4487/1260 6422/4488/1260
f 5177/4227/1261 7194/4227/1261 7192/4224/1261
f 5431/4473/376 7003/4473/376 6786/4474/376
f 5594/4576/1262 7395/4576/1262 7231/4577/1262
f 5170/4237/1263 7636/4237/1263 7521/4238/1263
f 5500/4493/1264 7004/4493/1264 6788/4494/1264
f 5600/4587/1265 7397/4587/1265 7396/4585/1265
f 5498/4496/1266 6427/4496/1266 6425/4499/1266
f 5272/4244/1267 6354/4244/1267 7522/4245/1267
f 5508/4495/4 6787/4495/4 6421/4486/4
f 5586/4590/1268 7398/4590/1268 7233/4596/1268
f 5507/4486/6 6421/4486/6 6424/4497/6
f 5513/3224/1269 6430/3224/1269 6429/3221/1269
f 5515/4505/1270 7005/4505/1270 6790/4504/1270
f 5279/4277/1271 7637/4277/1271 7524/4271/1271
f 5523/4517/1272 7006/4517/1272 6791/4516/1272
f 5608/4600/1273 7234/4600/1273 7232/4598/1273
f 5521/4514/1274 6432/4514/1274 6431/4512/1274
f 5577/4615/1275 6474/4615/1275 7399/4614/1275
f 5264/4276/1276 7638/4276/1276 7527/4282/1276
f 5492/4515/1277 7007/4515/1277 6793/4518/1277
f 5578/4613/1278 7400/4613/1278 6474/4615/1278
f 5303/4284/1279 7526/4284/1279 7525/4280/1279
f 5490/4520/1280 6435/4520/1280 6433/4522/1280
f 5618/4617/1281 6473/4617/1281 6474/4615/1281
f 5489/4522/1282 6433/4522/1282 6436/4523/1282
f 5570/3287/1471 6481/3287/1471 7022/3294/1471
f 5287/4285/1284 6366/4285/1284 6764/4289/1284
f 5527/4524/1285 6437/4524/1285 6433/4522/1285
f 5537/4627/1286 7401/4627/1286 7022/4628/1286
f 5538/4626/1853 7402/4626/1853 7401/4627/1853
f 5482/4534/1288 6440/4534/1288 6439/4535/1288
f 5311/4315/1289 6375/4315/1289 6373/4312/1289
f 5444/4539/4 6441/4539/4 6420/4484/4
f 5241/4318/1290 7640/4318/1290 7528/4314/1290
f 5450/4543/1291 6444/4543/1291 6442/4542/1291
f 5327/4316/1292 7639/4316/1292 7529/4320/1292
f 5562/4642/1293 7403/4642/1293 7238/4643/1293
f 5474/4550/1294 6446/4550/1294 6445/4552/1294
f 5484/4532/1295 7012/4532/1295 6794/4533/1295
f 5546/4644/1296 7404/4644/1296 7237/4641/1296
f 5256/4317/1297 7641/4317/1297 7530/4326/1297
f 5554/4652/1298 7405/4652/1298 7239/4653/1298
f 5622/4659/5 7406/4659/5 7242/4660/5
f 5319/4350/934 6988/4350/934 7379/4347/934
f 5446/3288/4 7014/3288/4 6438/3286/4
f 5630/4661/6 7241/4661/6 6808/4664/6
f 5249/4359/1299 6385/4359/1299 7531/4360/1299
f 5638/4678/6 7244/4678/6 7245/4679/6
f 5646/4688/1025 7246/4688/1025 7247/4690/1025
f 5466/4562/1300 6452/4562/1300 6453/4563/1300
f 5335/4362/3 7642/4362/3 7532/4363/3
f 5452/4547/1301 7016/4547/1301 6796/4545/1301
f 5476/4546/1302 7015/4546/1302 6797/4548/1302
f 5654/4693/3 7409/4693/3 7407/4694/3
f 5468/4560/1303 6450/4560/1303 6451/4561/1303
f 5653/4694/6 7407/4694/6 7410/4695/6
f 5399/4377/1304 7643/4377/1304 7533/4379/1304
f 5460/4568/1305 6458/4568/1305 6459/4569/1305
f 5662/4699/3 6502/4699/3 7028/4700/3
f 5391/4396/1306 7644/4396/1306 7534/4395/1306
f 5592/4578/1231 7017/4578/1231 6798/4579/1231
f 5408/4384/1307 6995/4384/1307 7535/4401/1307
f 5606/4597/1234 7018/4597/1234 6799/4595/1234
f 5710/4717/1308 7411/4717/1308 7250/4720/1308
f 5458/4570/4 6460/4570/4 6447/4558/4
f 5375/4412/1309 7645/4412/1309 7537/4413/1309
f 5584/4599/1236 7020/4599/1236 6801/4602/1236
f 5670/4723/1310 7412/4723/1310 7249/4721/1310
f 5590/4580/2005 6463/4580/2005 6461/4581/2005
f 5412/4414/1311 7536/4414/1311 6402/4411/1311
f 5718/4725/1312 6513/4725/1312 7248/4715/1312
f 5598/4582/4 6464/4582/4 6462/4573/4
f 5614/3258/1239 7021/3258/1239 6471/3254/1239
f 5343/4425/5 7539/4425/5 7540/4426/5
f 5576/4618/1241 6475/4618/1241 6476/4619/1241
f 5702/4738/1313 7413/4738/1313 7253/4741/1313
f 5597/4573/6 6462/4573/6 6465/4584/6
f 5604/4592/1270 6467/4592/1270 6466/4591/1270
f 5367/4430/1070 7646/4430/1070 7541/4432/1070
f 5569/3294/1245 7022/3294/1245 6804/3289/1245
f 5678/4745/1468 7414/4745/1468 7252/4742/1468
f 5568/3299/1248 7023/3299/1248 6483/3307/1248
f 5582/4604/1277 6470/4604/1277 6468/4607/1277
f 5420/4439/1315 6780/4439/1315 7213/4437/1315
f 5350/4451/1316 7647/4451/1316 6410/2943/1316
f 5694/4757/949 7415/4757/949 7255/4760/949
f 5351/4450/1317 7648/4450/1317 7647/4451/1317
f 5544/4639/1318 7025/4639/1318 6805/4637/1318
f 5686/4761/1473 7416/4761/1473 7254/4762/1473
f 5421/4442/1320 6413/4442/1320 7543/4453/1320
f 5560/4645/1256 7026/4645/1256 6806/4647/1256
f 5734/4759/579 6524/4759/579 6826/4767/579
f 5552/4654/1259 7027/4654/1259 6807/4655/1259
f 5428/4479/1321 7544/4479/1321 7545/4478/1321
f 5628/4666/6 6809/4666/6 6810/4667/6
f 5636/4677/6 6812/4677/6 6813/4680/6
f 5726/4774/1322 7417/4774/1322 7256/4772/1322
f 5504/4489/1262 7649/4489/1262 7546/4490/1262
f 5644/4681/974 6815/4681/974 6816/4682/974
f 5511/4500/1265 6428/4500/1265 6426/4498/1265
f 5652/4686/3 6817/4686/3 6498/4687/3
f 5742/4776/3 7420/4776/3 7418/4777/3
f 5574/4620/1295 6477/4620/1295 6478/4621/1295
f 5741/4777/6 7418/4777/6 7421/4778/6
f 5496/4503/1268 7650/4503/1268 7548/4507/1268
f 5660/4701/4 7029/4701/4 6500/4696/4
f 5806/4373/1323 7422/4373/1323 7257/4375/1323
f 5570/4624/1324 6481/4624/1324 6472/4616/1324
f 5716/4702/5 6504/4702/5 6818/4703/5
f 5814/4381/850 6536/4381/850 6534/4378/850
f 5519/4511/1273 7549/4511/1273 7547/4509/1273
f 5487/4527/1275 7009/4527/1275 7651/4526/1275
f 5790/4789/1325 7423/4789/1325 7258/4788/1325
f 5542/4634/1301 6485/4634/1301 6482/4632/1301
f 5488/4525/1278 7652/4525/1278 7009/4527/1278
f 5740/4709/1326 6507/4709/1326 6820/4713/1326
f 5798/4796/6 6538/4796/6 7259/4798/6
f 5529/4529/1281 7008/4529/1281 7009/4527/1281
f 5566/4635/1302 6484/4635/1302 6486/4636/1302
f 5668/4716/1327 7030/4716/1327 6819/4712/1327
f 5480/4536/1283 7013/4536/1283 7393/4538/1283
f 5558/4648/1303 6488/4648/1303 6487/4649/1303
f 5782/4806/1329 7424/4806/1329 7260/4808/1329
f 5550/4656/1330 6490/4656/1330 6489/4657/1330
f 5708/4724/1331 7031/4724/1331 6821/4727/1331
f 5822/4820/1332 7262/4820/1332 7261/4818/1332
f 5626/4665/6 6492/4665/6 6491/4668/6
f 5634/4671/5 6494/4671/5 6493/4672/5
f 5676/4013/1333 7032/4013/1333 6822/3394/1333
f 5774/4819/1334 7425/4819/1334 7263/4821/1334
f 5472/4554/1293 7653/4554/1293 7551/4555/1293
f 5456/4556/1296 7654/4556/1296 7550/4553/1296
f 5700/4744/1335 7033/4744/1335 6823/4746/1335
f 5464/4564/1336 6454/4564/1336 6455/4565/1336
f 5766/4841/1337 7426/4841/1337 7265/4842/1337
f 5684/3422/2006 7034/3422/2006 6824/3423/2006
f 5658/4697/3 6501/4697/3 6499/4698/3
f 5750/4846/1339 7427/4846/1339 7264/4832/1339
f 5596/4574/1260 7554/4574/1260 7555/4575/1260
f 5657/4698/6 6499/4698/6 6502/4699/6
f 5692/3436/1340 7035/3436/1340 6825/3437/1340
f 5758/4860/1341 7428/4860/1341 7266/4858/1341
f 5714/4704/6 6505/4704/6 6503/4705/6
f 5588/4583/1266 7655/4583/1266 7558/4586/1266
f 5724/4770/1342 7037/4770/1342 6827/4768/1342
f 5830/4866/1343 7429/4866/1343 6561/4856/1343
f 5666/4710/1344 6508/4710/1344 6506/4706/1344
f 5732/4769/1345 7036/4769/1345 6828/4771/1345
f 5845/4828/2007 6554/4828/2007 7267/4867/2007
f 5587/4586/1347 7558/4586/1347 7556/4588/1347
f 5738/4722/1348 6510/4722/1348 6509/4730/1348
f 5812/4374/1349 7038/4374/1349 6531/4371/1349
f 5837/4883/1350 6567/4883/1350 6568/4884/1350
f 5602/4589/1351 7557/4589/1351 7558/4586/1351
f 5610/4603/1352 6800/4603/1352 7019/4601/1352
f 5804/4376/1353 7039/4376/1353 6829/4377/1353
f 4119/2880/1354 7430/2880/1354 5963/2881/1354
f 5706/3387/1464 6514/3387/1464 6512/3388/1464
f 5580/4609/1280 7656/4609/1280 7560/4611/1280
f 5674/4732/1873 6515/4732/1873 6511/4731/1873
f 5579/3265/1282 7560/3265/1282 7235/3264/1282
f 4127/2886/3 7431/2886/3 6841/2887/3
f 5616/4612/1285 7559/4612/1285 7560/4611/1285
f 5788/4787/1357 7040/4787/1357 6831/4786/1357
f 4139/2900/3 7432/2900/3 6844/2901/3
f 5572/4622/1288 6479/4622/1288 6480/4623/1288
f 5698/3414/1358 6521/3414/1358 6519/3415/1358
f 5796/4797/1359 7041/4797/1359 6830/4795/1359
f 5533/4625/4 7657/4625/4 7553/4571/4
f 5682/4752/101 6522/4752/101 6517/4751/101
f 4151/2911/3 7433/2911/3 7049/2912/3
f 5689/4765/950 6523/4765/950 6524/4759/950
f 5780/4809/1360 7042/4809/1360 6832/4811/1360
f 4150/2912/1361 7049/2912/1361 6582/2913/1361
f 5540/4629/1291 7658/4629/1291 7561/4630/1291
f 5820/4815/1362 6549/4815/1362 6547/4813/1362
f 4154/4885/3 6582/4885/3 7048/4885/3
f 5564/4638/1294 7024/4638/1294 7236/4640/1294
f 5690/3440/954 6526/3440/954 6523/3441/954
f 5748/4827/4 6553/4827/4 6551/4824/4
f 4155/2914/1363 7048/2914/1363 7049/2912/1363
f 4158/4993/3 6847/4993/3 7434/4887/3
f 5722/4766/2008 6527/4766/2008 6525/4753/2008
f 5772/4822/1364 7044/4822/1364 6834/4829/1364
f 4167/2926/5 6848/2926/5 6849/2927/5
f 5730/3452/959 6529/3452/959 6528/2935/959
f 5828/4843/1365 6838/4843/1365 6835/4838/1365
f 4163/2917/3 7436/2917/3 7435/2891/3
f 5810/4779/1366 6532/4779/1366 6530/4780/1366
f 5764/4845/2009 7045/4845/2009 6839/4849/2009
f 5556/4650/1300 7659/4650/1300 7563/4651/1300
f 5802/4379/2010 6535/4379/2010 6533/4380/2010
f 4162/2932/6 7435/2932/6 7268/2937/6
f 5756/4455/1369 7046/4455/1369 6837/4450/1369
f 4208/2975/2011 5997/2975/2011 6000/2977/2011
f 5843/4868/1370 7047/4868/1370 6840/4870/1370
f 5794/4793/2012 6539/4793/2012 6537/4792/2012
f 4134/2893/1372 6572/2893/1372 6575/2896/1372
f 4242/3005/1373 7437/3005/1373 7055/3015/1373
f 4150/2912/2013 7049/2912/2013 5971/2915/2013
f 5786/4801/1375 6543/4801/1375 6540/4800/1375
f 5548/4658/4 7660/4658/4 7562/4646/4
f 5818/4810/2014 6545/4810/2014 6544/4807/2014
f 4238/3026/1377 7438/3026/1377 7057/3028/1377
f 5624/4669/6 7564/4669/6 7565/4670/6
f 5640/4673/6 6495/4673/6 6811/4676/6
f 5778/4812/1378 6548/4812/1378 6546/4814/1378
f 4178/2942/2015 7051/2942/2015 7050/2891/2015
f 4266/3036/1380 7439/3036/1380 6597/3034/1380
f 4177/2891/495 7050/2891/495 7052/2943/495
f 4223/2945/485 5979/2945/485 5980/2947/485
f 4234/3035/1382 7440/3035/1382 7058/3038/1382
f 5648/4691/976 7661/4691/976 7566/4689/976
f 5746/4825/3 6552/4825/3 6550/4826/3
f 5656/4695/4 7410/4695/4 7408/4692/4
f 4270/3042/2016 6601/3042/2016 7059/3041/2016
f 5745/4826/6 6550/4826/6 6554/4828/6
f 4183/2952/473 7053/2952/473 6851/2950/473
f 4274/3052/1384 7442/3052/1384 7441/3053/1384
f 5664/4707/3 7663/4707/3 7662/4708/3
f 4219/2953/467 5985/2953/467 5986/2955/467
f 4278/2942/2015 7444/2942/2015 7443/2891/2015
f 5663/4708/6 7662/4708/6 6507/4709/6
f 5770/4831/1385 6557/4831/1385 6555/4834/1385
f 4211/2969/192 5994/2969/192 5995/2971/192
f 4277/2891/495 7443/2891/495 6025/2943/495
f 5826/4836/1386 6558/4836/1386 6556/4833/1386
f 4207/2977/630 6000/2977/630 6001/2979/630
f 5712/4711/1388 7664/4711/1388 7567/4714/1388
f 5845/4828/1389 6554/4828/1389 6559/4850/1389
f 4253/3007/1390 7054/3007/1390 6015/3008/1390
f 4322/2947/479 7060/2947/479 7062/2949/479
f 5762/4857/1392 6562/4857/1392 6560/4861/1392
f 4241/3015/1393 7055/3015/1393 6594/3020/1393
f 4282/2950/677 7445/2950/677 7061/2948/677
f 5672/4728/1394 7665/4728/1394 7568/4726/1394
f 4314/2963/449 6864/2963/449 6865/2964/449
f 5841/4875/1395 6564/4875/1395 6563/4876/1395
f 5704/4009/1396 7666/4009/1396 7569/4010/1396
f 4237/3028/1397 7057/3028/1397 6596/3030/1397
f 5720/4743/1398 6520/4743/1398 6516/4733/1398
f 4310/2971/436 7064/2971/436 7066/2973/436
f 4294/2974/1931 7446/2974/1931 7065/2972/1931
f 4306/2979/2017 6867/2979/2017 7067/2984/2017
f 5736/4740/1399 7251/4740/1399 6518/4748/1399
f 5834/4478/2018 6570/4478/2018 6565/4475/2018
f 4233/3038/1401 7058/3038/1401 6602/3040/1401
f 4302/2990/2019 7068/2990/2019 7069/2991/2019
f 5680/4750/1403 7667/4750/1403 7570/4747/1403
f 4269/3041/1404 7059/3041/1404 6599/3039/1404
f 4333/3068/1017 6041/3068/1017 6042/3070/1017
f 4129/2894/1405 6573/2894/1405 6571/2885/1405
f 4334/3071/1020 7070/3071/1020 6041/3068/1020
f 5696/4754/1406 7668/4754/1406 7571/4756/1406
f 4133/2896/4 6575/2896/4 6574/2898/4
f 4338/3076/974 7072/3076/974 7073/3077/974
f 4137/2889/1407 6577/2889/1407 6576/2890/1407
f 4398/3150/1384 7295/3150/1384 7293/3148/1384
f 5688/4764/1408 7669/4764/1408 7572/4763/1408
f 4141/2905/1405 6580/2905/1405 6578/2899/1405
f 4281/2948/2020 7061/2948/2020 6608/2946/2020
f 4402/3159/3 7448/3159/3 7447/3160/3
f 5728/3458/1409 7670/3458/1409 7573/3456/1409
f 4321/2949/475 7062/2949/475 6027/2951/475
f 5744/4778/4 7421/4778/4 7419/4775/4
f 4153/2922/4 6583/2922/4 6581/2910/4
f 4317/2957/459 7063/2957/459 6029/2959/459
f 4401/3160/1014 7447/3160/1014 6087/3162/1014
f 4157/2924/4 6585/2924/4 6584/2923/4
f 4414/3169/5 7078/3169/5 7079/3170/5
f 5808/4781/1410 7671/4781/1410 7574/4372/1410
f 4426/3183/6 6625/3183/6 7082/3184/6
f 4165/2928/2013 6588/2928/2013 6586/2931/2013
f 4293/2972/439 7065/2972/439 6612/2970/439
f 4430/3185/5 7449/3185/5 6885/3186/5
f 5800/4382/1411 7672/4382/1411 7575/4383/1411
f 4309/2973/429 7066/2973/429 6035/2975/429
f 4305/2984/1412 7067/2984/1412 6039/2986/1412
f 4434/3191/6 7450/3191/6 7084/3194/6
f 5792/4791/1413 7673/4791/1413 7576/4790/1413
f 5816/4799/1414 6541/4799/1414 6542/4782/1414
f 4301/2991/388 7069/2991/388 6614/2989/388
f 4505/3200/1260 7087/3200/1260 7088/3201/1260
f 4186/2958/461 6591/2958/461 5987/2956/461
f 5784/4404/1416 7674/4404/1416 7577/4405/1416
f 4214/2963/449 5990/2963/449 5991/2964/449
f 4210/2971/436 5995/2971/436 5998/2973/436
f 4497/3212/1266 7451/3212/1266 6891/3219/1266
f 5776/4816/2021 7675/4816/2021 7578/4817/2021
f 4206/2979/2017 6001/2979/2017 6004/2984/2017
f 4337/3077/3 7073/3077/3 7071/2891/3
f 5824/4830/1418 6833/4830/1418 7043/4823/1418
f 4240/3022/1419 6594/3022/1419 6592/3023/1419
f 4336/3079/1014 7071/3079/1014 6047/3081/1014
f 4344/3080/1017 6048/3080/1017 7074/3082/1017
f 4517/3233/1234 6635/3233/1234 6633/3231/1234
f 5768/4835/1420 7676/4835/1420 7579/4837/1420
f 4345/3083/1020 6049/3083/1020 6048/3080/1020
f 4493/3238/1236 7452/3238/1236 6893/3244/1236
f 4236/3030/1421 6596/3030/1421 6595/3033/1421
f 4521/3245/1352 6892/3245/1352 7089/3240/1352
f 5752/4848/1422 7677/4848/1422 7580/4847/1422
f 4341/3085/4 7075/3085/4 6616/3084/4
f 4268/3039/1423 6599/3039/1423 6598/3037/1423
f 4349/3156/1424 6079/3156/1424 6080/3157/1424
f 4525/3258/1239 7299/3258/1239 6102/3254/1239
f 5760/4863/1425 7678/4863/1425 7581/4864/1425
f 4529/3269/1567 6640/3269/1567 6895/3270/1567
f 4232/3040/1427 6602/3040/1427 6600/3043/1427
f 4485/3279/1241 6643/3279/1241 6644/3280/1241
f 4272/3049/1428 6604/3049/1428 6603/3047/1428
f 4413/3170/3 7079/3170/3 7077/3171/3
f 4481/3283/2022 6645/3283/2022 6646/3284/2022
f 5832/4874/1429 7679/4874/1429 7582/4869/1429
f 4276/3006/3 6606/3006/3 6605/3055/3
f 4412/3171/6 7077/3171/6 7080/3172/6
f 5839/4879/1430 7680/4879/1430 6566/4880/1430
f 4417/3176/4 7081/3176/4 6621/3173/4
f 4442/3292/4 7453/3292/4 7086/3197/4
f 4124/2890/3 5966/2890/3 7681/2891/3
f 4280/2946/1798 6608/2946/1798 6607/2944/1798
f 4446/3293/1431 7454/3293/1431 7090/3289/1431
f 4123/2892/1432 7681/2892/1432 6572/2893/1432
f 4425/3184/4 7082/3184/4 6624/3181/4
f 4140/2899/1433 6578/2899/1433 7432/2900/1433
f 4437/3190/3 7083/3190/3 6627/3192/3
f 4152/2910/5 6581/2910/5 7433/2911/5
f 4284/2954/1434 6610/2954/1434 6609/2952/1434
f 4433/3194/3 7084/3194/3 6629/3195/3
f 4454/3318/1318 7455/3318/1318 7091/3314/1318
f 4316/2959/455 6029/2959/455 6030/2961/455
f 4441/3197/5 7086/3197/5 7085/3198/5
f 4148/2917/3 5970/2917/3 7682/2891/3
f 4147/2918/1436 7682/2918/1436 6847/2919/1436
f 4440/3198/3 7085/3198/3 7087/3200/3
f 4469/3326/1437 7092/3326/1437 7094/3328/1437
f 4159/2920/1438 7434/2920/1438 7682/2918/1438
f 4292/2970/444 6612/2970/444 6611/2968/444
f 4308/2975/2011 6035/2975/2011 6036/2977/2011
f 4504/3201/1439 7088/3201/1439 6090/3202/1439
f 4147/2918/6 7682/2918/6 5973/2921/6
f 4520/3240/1440 7089/3240/1440 6098/3241/1440
f 4156/2923/1441 6584/2923/1441 7048/2914/1441
f 4524/3254/1442 6102/3254/1442 6100/3251/1442
f 4160/2925/5 5972/2925/5 7434/2920/5
f 4300/2989/394 6614/2989/394 6613/2987/394
f 4484/3280/1444 6644/3280/1444 6106/3281/1444
f 4465/3331/1300 7456/3331/1300 6898/3332/1300
f 4217/2957/459 6590/2957/459 7271/2959/459
f 4340/3084/1025 6616/3084/1025 6615/3086/1025
f 4480/3284/1747 6646/3284/1747 6647/3285/1747
f 4213/2964/448 5991/2964/448 7273/2967/448
f 4380/3103/1814 6618/3103/1814 6617/3014/1814
f 4396/3146/1428 6619/3146/1428 6073/3044/1428
f 4445/3289/1760 7090/3289/1760 6648/3288/1760
f 4239/3023/1449 6592/3023/1449 7438/3026/1449
f 4400/3100/3 6059/3100/3 6074/3152/3
f 4476/3304/1761 6111/3304/1761 6112/3309/1761
f 4416/3173/5 6621/3173/5 6620/3174/5
f 4415/3174/3 6620/3174/3 6622/3175/3
f 4458/3341/1451 6117/3341/1451 7093/3327/1451
f 4231/3043/1452 6600/3043/1452 7586/3048/1452
f 4424/3181/5 6624/3181/5 6623/3182/5
f 4453/3314/1453 7091/3314/1453 6113/3310/1453
f 4230/3048/1454 7586/3048/1454 6604/3049/1454
f 4423/3182/3 6623/3182/3 6625/3183/3
f 4472/3321/1455 6650/3321/1455 6651/3323/1455
f 4597/3355/3 7457/3355/3 7098/3356/3
f 4273/3050/1456 7441/3050/1456 7586/3048/1456
f 4436/3192/6 6627/3192/6 6626/3193/6
f 4432/3195/6 6629/3195/6 6628/3196/6
f 4589/3380/1070 7458/3380/1070 7102/3382/1070
f 4279/2944/2023 6607/2944/2023 7444/2942/2023
f 4457/3327/1457 7093/3327/1457 6653/3325/1457
f 4323/2945/485 6024/2945/485 7060/2947/485
f 4499/3206/1264 6631/3206/1264 6630/3207/1264
f 4468/3328/1459 7094/3328/1459 6655/3329/1459
f 4601/3391/1084 6135/3391/1084 6661/3377/1084
f 4319/2953/467 6026/2953/467 6862/2955/467
f 4557/3394/1073 7459/3394/1073 6904/2916/1073
f 4311/2969/192 6032/2969/192 7064/2971/192
f 4544/3346/4 7095/3346/4 6120/3344/4
f 4615/3444/2002 7108/3444/2002 7313/3446/2002
f 4307/2977/630 6036/2977/630 6867/2979/630
f 4495/3226/1268 6634/3226/1268 6632/3232/1268
f 4335/3070/3 6042/3070/3 7070/3071/3
f 4343/3081/4 6047/3081/4 7285/3087/4
f 4607/3449/1208 7460/3449/1208 7314/3447/1208
f 4379/3014/1460 6617/3014/1460 7287/3010/1460
f 4523/3251/1272 6100/3251/1272 6636/3249/1272
f 4631/3461/6 6149/3461/6 6150/3464/6
f 4383/3109/1461 6063/3109/1461 6061/3106/1461
f 4527/3263/1462 6638/3263/1462 6637/3264/1462
f 4536/3353/4 7097/3353/4 6657/3342/4
f 4399/3151/1155 6074/3151/1155 7295/3052/1155
f 4351/3154/1463 6077/3154/1463 6078/3155/1463
f 4487/3267/1278 6641/3267/1278 6639/3273/1278
f 4596/3356/6 7098/3356/6 6127/3357/6
f 4639/3479/976 7461/3479/976 7315/3477/976
f 4403/3158/974 6081/3158/974 7448/3159/974
f 4411/3163/3 6083/3163/3 7076/3164/3
f 4548/3362/1344 7100/3362/1344 6124/3358/1344
f 4419/3172/4 7080/3172/4 7078/3169/4
f 4647/3485/4 7463/3485/4 7112/3480/4
f 4592/3371/1308 7101/3371/1308 6660/3372/1308
f 4655/3489/3 6672/3489/3 7115/3490/3
f 4439/3189/4 6886/3189/4 6884/3187/4
f 4621/3367/1067 6129/3367/1067 6131/3374/1067
f 4600/3377/1312 6661/3377/1312 6658/3369/1312
f 4663/3500/4 7465/3500/4 6674/3498/4
f 4588/3387/2024 7102/3387/2024 6663/3388/2024
f 4694/3508/1465 7466/3508/1465 7316/3509/1465
f 4435/3193/4 6626/3193/4 7450/3191/4
f 4559/2889/1466 7103/2889/1466 6138/3405/1466
f 4702/3525/1467 7467/3525/1467 7317/3526/1467
f 4560/3404/1468 7104/3404/1468 7103/2889/1468
f 4563/3417/1469 7105/3417/1469 6137/3409/1469
f 4686/3522/1470 7469/3522/1470 7318/3528/1470
f 4431/3196/4 6628/3196/4 7449/3185/4
f 4444/3288/4 6648/3288/4 6642/3286/4
f 4564/3416/101 7106/3416/101 7105/3417/101
f 4479/3285/1471 6647/3285/1471 6108/3291/1471
f 4518/3234/1472 6097/3234/1472 6635/3235/1472
f 4568/3429/1319 7107/3429/1319 6668/3430/1319
f 4710/3537/1474 6920/3537/1474 7124/3536/1474
f 4490/3253/1475 6099/3253/1475 7300/3257/1475
f 4718/3554/1476 7470/3554/1476 7319/3553/1476
f 4471/3323/2025 6651/3323/2025 6652/3324/2025
f 4605/3445/1087 7109/3445/1087 6911/3443/1087
f 4678/3559/1477 7471/3559/1477 7321/3563/1477
f 4526/3262/1478 6637/3262/1478 7299/3260/1478
f 4456/3325/1296 6653/3325/1296 6649/3322/1296
f 4613/3451/1088 7110/3451/1088 6912/3452/1088
f 4671/3562/6 7320/3562/6 7322/3570/6
f 4486/3273/1479 6639/3273/1479 6643/3279/1479
f 4467/3329/1480 6655/3329/1480 6654/3330/1480
f 4629/3466/6 6913/3466/6 6914/3467/6
f 4482/3282/1481 6105/3282/1481 6645/3283/1481
f 4535/3342/5 6657/3342/5 6656/3343/5
f 4637/3476/1025 6915/3476/1025 6916/3478/1025
f 4749/3575/1465 7472/3575/1465 7323/3576/1465
f 4443/3278/6 6642/3278/6 7453/3292/6
f 4757/3588/1467 7473/3588/1467 7324/3587/1467
f 4478/3294/1728 6108/3294/1728 6896/3299/1728
f 4599/3369/1065 6658/3369/1065 6126/3354/1065
f 4645/3481/3 7113/3481/3 7111/3482/3
f 4474/3313/1483 6114/3313/1483 7302/3317/1483
f 4644/3482/6 7111/3482/6 7114/3483/6
f 4741/3586/1470 7475/3586/1470 7325/3590/1470
f 4591/3372/1180 6660/3372/1180 6659/3376/1180
f 4455/3322/639 6649/3322/639 7455/3320/639
f 4653/3491/4 7116/3491/4 6670/3486/4
f 4466/3330/1484 6654/3330/1484 7456/3331/1484
f 4587/3392/1090 6663/3392/1090 6662/3393/1090
f 4661/3501/3 6675/3501/3 6676/3502/3
f 4765/3601/1474 6926/3601/1474 7134/3600/1474
f 4462/3337/1485 6115/3337/1485 7303/3338/1485
f 4558/3397/1486 6664/3397/1486 6132/3384/1486
f 4669/3504/5 7118/3504/5 7117/3505/5
f 4773/3613/1476 7476/3613/1476 7326/3612/1476
f 4618/3398/1487 6138/3398/1487 6664/3397/1487
f 4733/3615/1477 7477/3615/1477 7328/3619/1477
f 4534/3343/3 6656/3343/3 7683/3345/3
f 4619/3384/1092 6132/3384/1092 6138/3398/1092
f 4668/3505/3 7117/3505/3 7119/3507/3
f 4726/3618/6 7327/3618/6 7329/3624/6
f 4533/3345/6 7683/3345/6 7095/3346/6
f 4542/3347/3 6119/3347/3 6900/3349/3
f 4579/3418/1102 6666/3418/1102 6665/3419/1102
f 4692/3510/1488 7120/3510/1488 6917/3511/1488
f 4598/3354/5 6126/3354/5 7457/3355/5
f 4700/3520/1489 7121/3520/1489 6918/3519/1489
f 4708/3534/1490 7122/3534/1490 6919/3533/1490
f 4781/3634/4 7479/3634/4 7138/3625/4
f 4567/3427/1196 6668/3427/1196 6667/3425/1196
f 4684/3532/1491 7123/3532/1491 6921/3535/1491
f 4797/3646/1492 7480/3646/1492 7330/3647/1492
f 4594/3363/1388 6125/3363/1388 7305/3368/1388
f 4611/2935/1112 6146/2935/1112 6147/3458/1112
f 4805/3656/1493 6206/3656/1493 6691/3649/1493
f 4627/3465/6 6151/3465/6 6152/3468/6
f 4874/3665/1494 7482/3665/1494 7481/3664/1494
f 4550/3370/1327 6128/3370/1327 7304/3366/1327
f 4635/3469/974 6154/3469/974 6155/3470/974
f 4716/3552/2026 7125/3552/2026 6176/3550/2026
f 4882/3674/1496 7483/3674/1496 7331/3673/1496
f 4643/3474/3 6158/3474/3 6159/3475/3
f 4676/3564/1497 7126/3564/1497 6922/3565/1497
f 4867/3690/1498 6695/3690/1498 6932/3691/1498
f 4590/3376/1499 6659/3376/1499 7458/3380/1499
f 4724/3571/5 7128/3571/5 7127/3572/5
f 4619/3390/1500 6132/3390/1500 7459/3394/1500
f 4651/3487/3 6671/3487/3 6669/3488/3
f 4650/3488/6 6669/3488/6 6672/3489/6
f 4723/3572/3 7127/3572/3 7129/3574/3
f 4813/3700/1134 7484/3700/1134 7332/3698/1134
f 4586/3393/1396 6662/3393/1396 7307/3395/1396
f 4859/3702/1501 7485/3702/1501 6218/3704/1501
f 4565/3423/1502 7684/3423/1502 6137/3412/1502
f 4667/3496/4 6673/3496/4 6162/3494/4
f 4747/3577/1488 7130/3577/1488 6923/3578/1488
f 4566/3422/1338 6667/3422/1338 7684/3423/1338
f 4755/3520/1489 7131/3520/1489 6924/3519/1489
f 4843/3734/1503 7486/3734/1503 7335/3731/1503
f 4617/3409/1096 6137/3409/1096 6144/3426/1096
f 4763/3597/1490 7132/3597/1490 6925/3598/1490
f 4851/3733/523 7334/3733/523 7338/3735/523
f 4739/3594/1491 7133/3594/1491 6927/3599/1491
f 4849/3738/1504 7337/3738/1504 7336/3732/1504
f 4609/3456/1776 6145/3456/1776 7588/3457/1776
f 4659/3503/4 6677/3503/4 6161/3492/4
f 4820/3732/1506 7336/3732/1506 6938/3741/1506
f 4625/3459/5 6148/3459/5 7590/3460/5
f 4690/3512/1507 6678/3512/1507 6166/3513/1507
f 4771/3611/2026 7135/3611/2026 6193/3609/2026
f 4821/3742/1508 7488/3742/1508 7336/3732/1508
f 4698/3518/1509 6679/3518/1509 6167/3388/1509
f 4731/3620/1497 7136/3620/1497 6928/3621/1497
f 4706/3531/1510 6680/3531/1510 6170/3530/1510
f 4649/3483/3 7114/3483/3 7462/3484/3
f 4779/3626/3 7139/3626/3 7137/3627/3
f 4890/3772/976 7489/3772/976 7340/3770/976
f 4682/3538/1511 6682/3538/1511 6174/3540/1511
f 4902/3776/4 7152/3776/4 7150/3773/4
f 4657/3493/3 6160/3493/3 7685/3495/3
f 4778/3627/1014 7137/3627/1014 6200/3629/1014
f 4656/3495/6 7685/3495/6 6673/3496/6
f 4786/3628/1017 6929/3628/1017 7140/3630/1017
f 4914/2890/2027 7490/2890/2027 7341/3783/2027
f 4665/3497/3 6163/3497/3 7464/3499/3
f 4714/3546/1513 6175/3546/1513 6172/3544/1513
f 4787/3631/1020 6199/3631/1020 6929/3628/1020
f 4722/3517/3 6168/3517/3 6178/3561/3
f 4803/3641/1514 7141/3641/1514 6203/3642/1514
f 4906/3801/1515 7491/3801/1515 7342/3802/1515
f 4674/3566/1516 6683/3566/1516 6180/3567/1516
f 4688/3514/1517 6164/3514/1517 7592/3516/1517
f 4795/3650/1518 7142/3650/1518 6930/3651/1518
f 5018/3810/1519 7160/3810/1519 7159/3809/1519
f 4745/3579/1507 6684/3579/1507 6183/3580/1507
f 4880/3671/1520 7143/3671/1520 6931/3670/1520
f 4922/3819/1521 7492/3819/1521 7156/3804/1521
f 4753/3518/1509 6685/3518/1509 6184/3388/1509
f 4872/3679/2028 7144/3679/2028 6211/3677/2028
f 4761/3593/1510 6686/3593/1510 6187/3592/1510
f 4704/3529/1318 6169/3529/1318 7468/3527/1318
f 5010/3834/1523 6254/3834/1523 6255/3835/1523
f 4712/3541/1524 6171/3541/1524 6681/3539/1524
f 4737/3602/1511 6688/3602/1511 6191/3604/1511
f 4865/3692/1525 6933/3692/1525 6935/3694/1525
f 5002/3457/1526 6945/3457/1526 6946/3849/1526
f 4811/3695/2029 7145/3695/2029 6934/3693/2029
f 4680/3545/1528 6173/3545/1528 7594/3551/1528
f 4857/3706/1529 6219/3706/1529 6698/3708/1529
f 4769/3608/1513 6192/3608/1513 6189/3606/1513
f 4930/3864/1530 7493/3864/1530 7343/3862/1530
f 4777/3584/3 6185/3584/3 6195/3617/3
f 4994/3866/1531 7494/3866/1531 6265/3868/1531
f 4729/3623/1516 6689/3623/1516 6197/3569/1516
f 4785/3629/4 6200/3629/4 6201/3635/4
f 4819/3720/1532 7146/3720/1532 6936/3711/1532
f 4938/3879/1533 7495/3879/1533 7344/3878/1533
f 4720/3560/2030 6177/3560/2030 7593/3558/2030
f 4841/3727/2031 7147/3727/2031 6937/3726/2031
f 4801/3637/1536 6690/3637/1536 6204/3638/1536
f 4833/3745/1537 7148/3745/1537 6939/3746/1537
f 4962/3890/1538 7496/3890/1538 7345/3891/1538
f 4888/3769/1025 6940/3769/1025 6941/3771/1025
f 4986/3899/1539 6715/3899/1539 7346/3904/1539
f 4743/3581/1517 6181/3581/1517 7595/3583/1517
f 4793/3654/1143 6692/3654/1143 6207/3655/1143
f 4945/3908/1540 7497/3908/1540 7346/3909/1540
f 4896/3774/3 7151/3774/3 7149/3775/3
f 4946/3907/1541 7498/3907/1541 7497/3908/1541
f 4878/3669/1542 6693/3669/1542 6209/3668/1542
f 4895/3775/6 7149/3775/6 7152/3776/6
f 4954/3921/1543 7499/3921/1543 7347/3922/1543
f 4759/3591/1318 6186/3591/1318 7474/3589/1318
f 4912/3784/1544 7153/3784/1544 6942/3786/1544
f 4767/3605/1524 6188/3605/1524 6687/3603/1524
f 4920/3799/1545 7154/3799/1545 6247/3796/1545
f 4809/3689/1546 6696/3689/1546 6214/3683/1546
f 4970/3947/1547 7501/3947/1547 7348/3388/1547
f 4735/3607/1528 6190/3607/1528 7597/3610/1528
f 4863/3696/1548 6697/3696/1548 6216/3697/1548
f 4904/3803/1549 7157/3803/1549 7155/2891/1549
f 4978/3954/1550 6285/3954/1550 6720/3955/1550
f 5026/3962/3 7504/3962/3 7502/3964/3
f 4817/3709/1551 6699/3709/1551 6220/3707/1551
f 5025/3964/6 7502/3964/6 7505/3965/6
f 4855/3710/1552 6700/3710/1552 6222/3712/1552
f 5034/3966/3 7172/3966/3 7173/3968/3
f 4775/3616/2030 6194/3616/2030 7596/3614/2030
f 4839/3722/1553 6701/3722/1553 6224/3723/1553
f 5090/3973/5 6727/3973/5 7349/3974/5
f 4847/3740/1554 6702/3740/1554 6226/3739/1554
f 4831/3751/1555 6228/3751/1555 6229/3752/1555
f 4783/3633/4 6198/3633/4 7478/3632/4
f 4828/3757/1556 6231/3757/1556 6232/3756/1556
f 5114/3980/1326 6726/3980/1326 7351/3985/1326
f 4824/3758/1557 6232/3758/1557 6703/3759/1557
f 5024/2943/2032 7162/2943/2032 6943/3818/2032
f 5042/3989/1559 7506/3989/1559 7350/3984/1559
f 4799/3639/1560 6202/3639/1560 7598/3640/1560
f 4903/2891/6 7155/2891/6 7162/2943/6
f 4825/3761/1561 6705/3761/1561 6232/3758/1561
f 5016/3823/1562 7158/3823/1562 6944/3822/1562
f 5082/3997/1331 7507/3997/1331 7352/4002/1331
f 4886/3762/974 6234/3762/974 6235/3763/974
f 5008/3836/1563 6256/3836/1563 6257/3837/1563
f 4791/3658/1564 6205/3658/1564 7600/3659/1564
f 4894/3767/3 6238/3767/3 6239/3768/3
f 5050/4011/1565 7508/4011/1565 7353/4012/1565
f 4873/3664/1566 7481/3664/1566 7601/3662/1566
f 4918/3790/2033 6245/3790/2033 6243/3785/2033
f 4876/3667/1568 6208/3667/1568 7602/3666/1568
f 5074/4016/1335 7509/4016/1335 7354/4020/1335
f 4807/3675/1569 6210/3675/1569 7601/3662/1569
f 4910/3791/1570 6706/3791/1570 6246/3792/1570
f 5000/3854/1571 7163/3854/1571 6948/3855/1571
f 5022/3817/1572 6707/3817/1572 6249/3816/1572
f 4928/3856/1573 7164/3856/1573 6947/3850/1573
f 5058/3422/1338 7510/3422/1338 7355/3423/1338
f 4806/3678/1574 7601/3678/1574 7144/3679/1574
f 5014/3821/2034 6708/3821/2034 6251/3828/2034
f 4992/3870/1576 6266/3870/1576 6712/3872/1576
f 4869/3684/2035 6213/3684/2035 6694/3685/2035
f 5066/4039/1340 7511/4039/1340 7356/4041/1340
f 4861/3699/1578 6215/3699/1578 7604/3701/1578
f 4936/3876/1579 7165/3876/1579 6949/3875/1579
f 5006/3838/1580 6258/3838/1580 6261/3841/1580
f 4960/3897/2036 7166/3897/2036 6950/3900/2036
f 5098/4047/1342 7513/4047/1342 7358/4045/1342
f 4815/3705/1581 6217/3705/1581 7605/3703/1581
f 4943/3902/1582 7167/3902/1582 6715/3896/1582
f 5106/4049/1345 7512/4049/1345 7359/3451/1345
f 4837/3713/2037 6223/3713/2037 7606/3714/2037
f 4926/3846/2038 6710/3846/2038 6259/3839/2038
f 4944/3901/1585 7168/3901/1585 7167/3902/1585
f 4853/3721/1586 6221/3721/1586 7333/3725/1586
f 4998/3860/1587 6711/3860/1587 6263/3861/1587
f 4984/3916/1588 6277/3916/1588 6279/3926/1588
f 5137/4057/1589 7514/4057/1589 7360/4062/1589
f 4845/3737/1590 6225/3737/1590 7607/3736/1590
f 4934/3873/1591 6713/3873/1591 6267/3871/1591
f 4952/3928/1592 7169/3928/1592 6951/3927/1592
f 4990/3874/1593 6714/3874/1593 6269/3877/1593
f 5145/4080/1594 7515/4080/1594 6965/4070/1594
f 4823/3750/1595 6227/3750/1595 7608/3743/1595
f 4968/3942/1596 7170/3942/1596 6952/3939/1596
f 5192/4082/1597 6315/4082/1597 6741/4083/1597
f 4942/3898/1598 6716/3898/1598 6272/3892/1598
f 5232/4094/1599 7516/4094/1599 6323/4095/1599
f 4976/3960/1600 7171/3960/1600 6953/3959/1600
f 4958/3905/2039 6717/3905/2039 6275/3906/2039
f 5129/4108/1602 7517/4108/1602 7362/4109/1602
f 4900/3780/4 6240/3780/4 7610/3777/4
f 4916/3781/1603 6242/3781/1603 7611/3782/1603
f 4950/3923/1604 6718/3923/1604 6278/3919/1604
f 5032/3969/4 7174/3969/4 6954/3967/4
f 5200/4118/1605 7185/4118/1605 7361/4113/1605
f 4908/3793/1606 6244/3793/1606 7612/3795/1606
f 4966/3933/1607 6719/3933/1607 6281/3934/1607
f 5088/3975/6 7175/3975/6 6955/3976/6
f 5224/4131/1608 7363/4131/1608 7364/4137/1608
f 5020/3814/2040 6248/3814/2040 7161/3813/2040
f 4982/3931/1610 6280/3931/1610 6283/3937/1610
f 5040/3981/1344 7176/3981/1344 6724/3977/1344
f 4924/3829/1611 6252/3829/1611 7613/3824/1611
f 5112/3995/1348 6293/3995/1348 6956/4004/1348
f 5153/4145/1612 7518/4145/1612 7365/4139/1612
f 4974/3956/1613 6721/3956/1613 6286/3957/1613
f 5208/4167/1614 7519/4167/1614 7366/4163/1614
f 5012/3826/2041 6250/3826/2041 6253/3831/2041
f 5030/3970/3 6722/3970/3 6288/3971/3
f 5004/3844/1616 6260/3844/1616 6709/3845/1616
f 5080/3387/2024 7177/3387/2024 6958/3388/2024
f 5121/4164/1617 7520/4164/1617 7368/4168/1617
f 4996/3863/1618 6262/3863/1618 7614/3865/1618
f 5038/3978/3 6725/3978/3 6723/3979/3
f 5048/4006/1356 7178/4006/1356 6957/4005/1356
f 5037/3979/6 6723/3979/6 6726/3980/6
f 5216/4180/1619 6971/4180/1619 6972/4181/1619
f 5161/4199/1620 6342/4199/1620 6340/4195/1620
f 4932/3869/2042 6264/3869/2042 7615/3867/2042
f 5086/3941/1388 6728/3941/1388 6291/3986/1388
f 5184/4214/1622 6754/4214/1622 6755/4215/1622
f 5072/3414/1358 7179/3414/1358 6960/3415/1358
f 4964/3882/5 6274/3882/5 7617/3883/5
f 5056/4025/101 7180/4025/101 6959/4026/101
f 5169/4236/1623 7521/4236/1623 7370/4235/1623
f 5046/3381/1624 6729/3381/1624 6294/3378/1624
f 4988/3886/1625 6268/3886/1625 6271/3887/1625
f 5271/4245/1626 7522/4245/1626 7371/4246/1626
f 4940/3888/1627 6270/3888/1627 7616/3885/1627
f 5078/4009/1628 6730/4009/1628 6298/4010/1628
f 5064/3440/954 7181/3440/954 6961/3441/954
f 5094/4017/1398 6731/4017/1398 6296/4007/1398
f 5295/4258/2043 6762/4258/2043 7372/4257/2043
f 5096/4043/957 7182/4043/957 6303/4028/957
f 5277/4263/1630 7372/4263/1630 7523/4264/1630
f 4956/3910/2044 6273/3910/2044 7619/3914/2044
f 5104/4053/959 6310/4053/959 6311/4054/959
f 4948/3915/1632 6276/3915/1632 7618/3437/1632
f 5110/4015/1399 6300/4015/1399 6306/4022/1399
f 5294/4264/2045 7523/4264/2045 7373/4265/2045
f 4980/3945/1634 6282/3945/1634 7500/3946/1634
f 5054/4023/1403 6732/4023/1403 6301/4021/1403
f 5135/4065/1635 7183/4065/1635 6964/4067/1635
f 5143/4068/1636 6963/4068/1636 6962/4066/1636
f 5278/4271/1637 7524/4271/1637 7372/4257/1637
f 5070/4027/1406 6733/4027/1406 6304/4031/1406
f 5302/4280/1638 7525/4280/1638 7374/4278/1638
f 4972/3951/2046 6284/3951/2046 7620/3949/2046
f 5189/4074/1640 6738/4074/1640 6742/2943/1640
f 5062/4042/1408 6734/4042/1408 6308/4040/1408
f 5190/4075/1641 6740/4075/1641 6738/4071/1641
f 5263/4282/679 7527/4282/679 7375/4286/679
f 5036/3965/4 7505/3965/4 7503/3963/4
f 5101/3456/1642 6735/3456/1642 6311/2935/1642
f 5230/4101/1643 6324/4101/1643 6744/4106/1643
f 5102/3458/1409 6736/3458/1409 6735/3456/1409
f 5198/4110/1644 7184/4110/1644 6966/4102/1644
f 5141/4063/1645 6737/4063/1645 6313/4058/1645
f 5286/4289/1646 6764/4289/1646 6765/4291/1646
f 5133/4069/1647 6739/4069/1647 6316/4072/1647
f 5127/4116/1648 7186/4116/1648 6969/4124/1648
f 5028/3972/4 6287/3972/4 7621/3961/4
f 5310/4309/1649 6373/4309/1649 6769/4310/1649
f 5240/4314/1650 7528/4314/1650 7376/4307/1650
f 5236/2943/1651 6742/2943/1651 6318/4079/1651
f 5151/4128/1652 7188/4128/1652 6967/4122/1652
f 5326/4320/1653 7529/4320/1653 6379/4324/1653
f 5084/3993/1308 6289/3993/1308 7623/3994/1308
f 5222/4146/1654 7189/4146/1654 6970/4148/1654
f 5196/4096/1655 6743/4096/1655 6321/4092/1655
f 5206/4155/1656 7190/4155/1656 6333/4149/1656
f 5255/4326/1657 7530/4326/1657 7378/4334/1657
f 5044/2890/1310 6292/2890/1310 7622/3996/1310
f 5092/3998/1312 6295/3998/1312 6290/3987/1312
f 5119/4174/1658 7191/4174/1658 6976/4183/1658
f 5318/4347/1659 7379/4347/1659 7377/4339/1659
f 5076/3400/1313 6297/3400/1313 7625/3401/1313
f 5149/4114/1660 6746/4114/1660 6325/4103/1660
f 5228/4115/1661 6745/4115/1661 6327/4117/1661
f 5052/4019/1314 6299/4019/1314 7624/4014/1314
f 5214/4184/1662 6973/4184/1662 6975/4189/1662
f 5248/4360/1663 7531/4360/1663 7380/4358/1663
f 5125/4136/1664 6747/4136/1664 6332/4141/1664
f 5204/4144/1665 6331/4144/1665 6329/4138/1665
f 5334/4363/1666 7532/4363/1666 7205/4365/1666
f 5068/4033/1981 6302/4033/1981 7627/4037/1981
f 5159/4193/1667 6752/4193/1667 6974/4186/1667
f 5060/4038/1319 6307/4038/1319 7626/4036/1319
f 5220/4161/1668 6335/4161/1668 6336/4162/1668
f 5182/4219/1669 6977/4219/1669 6978/4220/1669
f 5108/4035/579 6305/4035/579 7357/4044/579
f 5398/4379/1368 7533/4379/1368 7381/4380/1368
f 5157/4175/1671 6749/4175/1671 6338/4169/1671
f 5100/3457/1322 6309/3457/1322 7628/3450/1322
f 5212/4185/1672 6751/4185/1672 6750/4182/1672
f 5175/4225/1673 7193/4225/1673 6352/4226/1673
f 5139/4055/1674 6312/4055/1674 7629/4056/1674
f 5390/4395/1371 7534/4395/1371 7382/4394/1371
f 5234/4085/1675 6317/4085/1675 7630/4087/1675
f 5117/4192/1676 6753/4192/1676 6341/4194/1676
f 5194/4088/1677 6320/4088/1677 6319/4086/1677
f 5188/4202/6 6343/4202/6 6345/4204/6
f 5382/4401/1375 7535/4401/1375 7383/4400/1375
f 5411/4411/1376 6402/4411/1376 6400/4408/1376
f 5131/4084/1678 6314/4084/1678 7632/4090/1678
f 5167/4234/2047 7195/4234/2047 6979/4221/2047
f 5374/4413/1378 7537/4413/1378 7384/4415/1378
f 5165/4216/1680 6756/4216/1680 6348/4211/1680
f 5269/4248/1681 7196/4248/1681 6981/4250/1681
f 5180/4229/1682 6757/4229/1682 6350/4230/1682
f 5276/4255/1683 6760/4255/1683 6980/4252/1683
f 5342/4426/3 7540/4426/3 7538/4427/3
f 5147/4097/1684 6322/4097/1684 7631/4089/1684
f 5173/4243/1685 6758/4243/1685 6353/4241/1685
f 5292/4269/177 7197/4269/177 6982/4273/177
f 5226/4121/1686 6326/4121/1686 7187/4127/1686
f 5274/4249/1687 6759/4249/1687 6355/4247/1687
f 5300/4274/1688 6362/4274/1688 6361/4272/1688
f 5341/4427/6 7538/4427/6 6410/4429/6
f 5202/4135/1689 6328/4135/1689 6968/4125/1689
f 5267/4254/2048 6761/4254/2048 6360/4256/2048
f 5261/4292/1691 7198/4292/1691 6986/4296/1691
f 5366/4432/1385 7541/4432/1385 7386/4435/1385
f 5123/4151/1692 6330/4151/1692 7634/4152/1692
f 5237/4297/1693 7199/4297/1693 6766/4293/1693
f 5419/4437/1386 7213/4437/1386 7385/4434/1386
f 5437/2943/1389 6410/2943/1389 7387/4448/1389
f 5298/4266/1694 6359/4266/1694 6357/4267/1694
f 5358/4453/1392 7543/4453/1392 7542/4458/1392
f 5155/4159/1695 6334/4159/1695 7633/4153/1695
f 5284/4295/1696 6983/4295/1696 7200/4299/1696
f 5357/4458/1697 7542/4458/1697 6410/4429/1697
f 5218/4171/1698 6337/4171/1698 6748/4172/1698
f 5290/4275/1699 6763/4275/1699 6364/4279/1699
f 5238/4300/1700 7201/4300/1700 7199/4297/1700
f 5433/4470/1395 7220/4470/1395 7388/4471/1395
f 5210/4178/1701 7369/4178/1701 7367/4173/1701
f 5283/4299/1702 7200/4299/1702 6768/4301/1702
f 5308/4302/1703 6985/4302/1703 6984/4298/1703
f 5429/4477/2049 6785/4477/2049 7389/4475/2049
f 5163/4205/1705 6344/4205/1705 7635/4206/1705
f 5282/4293/1706 6766/4293/1706 6367/4287/1706
f 5324/4329/1707 6380/4329/1707 6381/4332/1707
f 5426/4475/1708 7389/4475/1708 7544/4479/1708
f 5186/4209/1709 6346/4209/1709 6347/4210/1709
f 5306/4294/1710 6767/4294/1710 6369/4290/1710
f 5316/4336/1711 7202/4336/1711 6987/4330/1711
f 5427/4478/1400 7545/4478/1400 7389/4475/1400
f 5178/4231/1712 6349/4231/1712 7194/4227/1712
f 5330/4301/1713 6768/4301/1713 6371/4304/1713
f 5253/4344/1714 6989/4344/1714 6990/4353/1714
f 5441/4483/4 7225/4483/4 7223/4480/4
f 5171/4239/1413 6351/4239/1413 7636/4240/1413
f 5259/4303/1715 6770/4303/1715 6374/4306/1715
f 5503/4490/1716 7546/4490/1716 7390/4491/1716
f 5296/4259/1717 6356/4259/1717 6762/4258/1717
f 5246/4356/1718 7203/4356/1718 6991/4354/1718
f 5510/3217/1719 6426/3217/1719 6789/3216/1719
f 5314/4328/1720 6771/4328/1720 6377/4325/1720
f 5518/4509/1472 7547/4509/1472 7391/4508/1472
f 5265/4270/1721 6358/4270/1721 7638/4276/1721
f 5332/4366/3 7206/4366/3 7204/4367/3
f 5331/4367/6 7204/4367/6 7207/4368/6
f 5495/4507/1722 7548/4507/1722 7392/4510/1722
f 5340/4368/4 7207/4368/4 6992/4370/4
f 5322/4341/1723 6772/4341/1723 6384/4342/1723
f 5404/4371/1724 6993/4371/1724 6994/4372/1724
f 5244/4345/2050 6773/4345/2050 6382/4335/2050
f 5526/4523/1478 6436/4523/1478 6434/4521/1478
f 5251/4355/1726 6774/4355/1726 6386/4357/1726
f 5396/4382/1411 7208/4382/1411 6996/4383/1411
f 5487/4527/1479 7009/4527/1479 7010/4530/1479
f 5280/4283/1727 6365/4283/1727 7637/4277/1727
f 5338/4364/6 6388/4364/6 6389/4369/6
f 5479/4538/1728 7393/4538/1728 6443/4541/1728
f 5288/4281/1729 6363/4281/1729 6366/4285/1729
f 5304/4288/1730 6368/4288/1730 7526/4284/1730
f 5402/4373/1323 6775/4373/1323 6392/4375/1323
f 5388/4393/1413 7209/4393/1413 6997/4392/1413
f 5328/4308/1731 6370/4308/1731 7639/4316/1731
f 5407/4381/850 6776/4381/850 6393/4378/850
f 5409/4399/1414 6998/4399/1414 6995/4384/1414
f 5455/4553/639 7550/4553/639 7394/4551/639
f 5471/4555/1732 7551/4555/1732 6448/4557/1732
f 5257/4313/1733 6372/4313/1733 7641/4317/1733
f 5386/4391/1325 6777/4391/1325 6396/4390/1325
f 5380/4404/1416 7210/4404/1416 6999/4405/1416
f 5463/4565/159 6455/4565/159 6456/4566/159
f 5394/4387/6 6395/4387/6 6398/4398/6
f 5532/4571/5 7553/4571/5 7552/4572/5
f 5312/4319/1734 6376/4319/1734 6375/4315/1734
f 5372/4417/1417 7211/4417/1417 7000/4418/1417
f 5378/4407/1329 6778/4407/1329 6401/4409/1329
f 5531/4572/3 7552/4572/3 7554/4574/3
f 5415/4421/1332 6406/4421/1332 6404/4419/1332
f 5417/4431/1418 7212/4431/1418 6408/4424/1418
f 5595/4575/1439 7555/4575/1439 7395/4576/1439
f 5370/4420/1334 6779/4420/1334 6407/4422/1334
f 5364/4436/1420 7214/4436/1420 7001/4438/1420
f 5601/4588/1735 7556/4588/1735 7397/4587/1735
f 5242/4327/1736 6378/4327/1736 7640/4318/1736
f 5320/4352/1737 6383/4352/1737 6988/4350/1737
f 5347/4446/1738 7215/4446/1738 6410/4429/1738
f 5587/4586/1739 7558/4586/1739 7398/4590/1739
f 5336/4361/5 6387/4361/5 7642/4362/5
f 5362/4440/1337 6781/4440/1337 6414/4441/1337
f 5348/4445/1740 7216/4445/1740 7215/4446/1740
f 5405/4374/1349 6391/4374/1349 6993/4371/1349
f 5355/4460/1741 7217/4460/1741 6410/2943/1741
f 5346/4444/1339 6782/4444/1339 6411/4433/1339
f 5356/4459/1425 7218/4459/1425 7217/4460/1425
f 5400/4376/1353 6390/4376/1353 7643/4377/1353
f 5609/3240/1440 7019/3240/1440 7234/3241/1440
f 5354/4456/1341 6783/4456/1341 6417/4457/1341
f 5434/4468/1742 7219/4468/1742 7002/4466/1742
f 5578/4613/1743 7400/4613/1743 7559/4612/1743
f 5383/4388/1744 7686/4388/1744 6995/4384/1744
f 5424/4466/1582 7002/4466/1582 7220/4470/1582
f 5579/4611/1745 7560/4611/1745 7400/4613/1745
f 5423/4461/1343 6784/4461/1343 6415/4452/1343
f 5425/4469/1429 7221/4469/1429 7002/4466/1429
f 5617/4614/1746 7399/4614/1746 7400/4613/1746
f 5384/4389/1357 6394/4389/1357 7686/4388/1357
f 5437/4429/2007 6410/4429/2007 6419/4462/2007
f 5571/4623/1446 6480/4623/1446 6481/4624/1446
f 5430/4476/1350 6786/4476/1350 6785/4477/1350
f 5439/4481/3 7224/4481/3 7222/4482/3
f 5392/4397/1359 6397/4397/1359 7644/4396/1359
f 5438/4482/6 7222/4482/6 7225/4483/6
f 5498/4496/1748 6427/4496/1748 6787/4495/1748
f 5539/3300/1749 7561/3300/1749 7402/3298/1749
f 5376/4410/1360 6399/4410/1360 7645/4412/1360
f 5499/4494/1750 6788/4494/1750 6427/4496/1750
f 5501/4492/1751 7226/4492/1751 7004/4493/1751
f 5563/4640/1455 7236/4640/1455 7403/4642/1455
f 5413/4416/1752 6403/4416/1752 7536/4414/1752
f 5509/3216/1095 6789/3216/1095 6427/3215/1095
f 5516/4506/1753 7227/4506/1753 7005/4505/1753
f 5344/4428/4 6409/4428/4 7539/4425/4
f 5514/4504/1754 6790/4504/1754 6430/4502/1754
f 5493/4513/1755 7228/4513/1755 7007/4515/1755
f 5547/4646/1457 7562/4646/1457 7404/4644/1457
f 5368/4423/1364 6405/4423/1364 7646/4430/1364
f 5522/4516/1756 6791/4516/1756 6432/4514/1756
f 5555/4651/1757 7563/4651/1757 7405/4652/1757
f 5421/4442/1365 6413/4442/1365 6780/4439/1365
f 5491/4518/1475 6793/4518/1475 6435/4520/1475
f 5524/3254/1442 6792/3254/1442 7006/3251/1442
f 5631/4663/4 7243/4663/4 7241/4661/4
f 5359/4447/1758 7687/4447/1758 6413/4442/1758
f 5530/4497/3 6424/4497/3 7008/4529/3
f 5360/4443/2009 6412/4443/2009 7687/4447/2009
f 5483/4533/1481 6794/4533/1481 6440/4534/1481
f 5485/4531/1444 7011/4531/1444 7012/4532/1444
f 5437/2943/1759 6410/2943/1759 7648/4450/1759
f 5445/4528/6 6438/4528/6 6441/4539/6
f 5435/4467/1370 6418/4467/1370 7219/4468/1370
f 5447/3289/1760 7229/3289/1760 7014/3288/1760
f 5443/4484/5 6420/4484/5 7688/4485/5
f 5477/4544/1761 6795/4544/1761 7015/4546/1761
f 5623/4670/4 7565/4670/4 7406/4659/4
f 5451/4545/2051 6796/4545/2051 6444/4543/2051
f 5639/4676/3 6811/4676/3 7244/4678/3
f 5442/4485/3 7688/4485/3 6423/4487/3
f 5475/4548/1763 6797/4548/1763 6446/4550/1763
f 5467/4561/169 6451/4561/169 6452/4562/169
f 5453/4549/1453 7230/4549/1453 7016/4547/1453
f 5505/4488/1439 6422/4488/1439 7649/4489/1439
f 5459/4569/1765 6459/4569/1765 6460/4570/1765
f 5469/4559/1459 6449/4559/1459 6450/4560/1459
f 5647/4689/4 7566/4689/4 7246/4688/4
f 5512/4501/1735 6429/4501/1735 6428/4500/1735
f 5461/4567/1766 6457/4567/1766 6458/4568/1766
f 5655/4692/5 7408/4692/5 7409/4693/5
f 5591/4579/1751 6798/4579/1751 6463/4580/1751
f 5497/4499/1739 6425/4499/1739 7650/4503/1739
f 5605/4593/1753 6799/4593/1753 6467/4594/1753
f 5593/4577/1716 7231/4577/1716 7017/4578/1716
f 5711/4714/1767 7567/4714/1767 7411/4717/1767
f 5607/4598/1472 7232/4598/1472 7018/4597/1472
f 5583/4602/1768 6801/4602/1768 6470/4604/1768
f 5671/4726/1861 7568/4726/1861 7412/4723/1861
f 5582/4604/1769 6470/4604/1769 6802/4605/1769
f 5585/4596/1722 7233/4596/1722 7020/4599/1722
f 5719/4733/1084 6516/4733/1084 6513/4725/1084
f 5520/4512/1440 6431/4512/1440 7549/4511/1440
f 5612/4606/1770 6469/4606/1770 6470/4604/1770
f 5488/4525/1743 7652/4525/1743 6437/4524/1743
f 5613/3254/1442 6471/3254/1442 6469/3251/1442
f 5703/4737/1085 7569/4737/1085 7413/4738/1085
f 5489/4522/1745 6433/4522/1745 7652/4525/1745
f 5619/4584/3 6465/4584/3 6473/4617/3
f 5615/3264/1478 7235/3264/1478 7021/3258/1478
f 5528/4526/1746 7651/4526/1746 7652/4525/1746
f 5575/4619/1444 6476/4619/1444 6477/4620/1444
f 5577/4615/1479 6474/4615/1479 6475/4618/1479
f 5679/3407/1089 7570/3407/1089 7414/3404/1089
f 5481/4535/1446 6439/4535/1446 7013/4536/1446
f 5535/3288/1772 6803/3288/1772 6481/3287/1772
f 5569/3294/1482 7022/3294/1482 7023/3299/1482
f 5448/4540/1774 7689/4540/1774 7393/4538/1774
f 5536/3289/1448 6804/3289/1448 6803/3288/1448
f 5695/4031/1094 7571/4031/1094 7415/4757/1094
f 5567/3307/1761 6483/3307/1761 6484/3311/1761
f 5735/4748/1096 6518/4748/1096 6524/4759/1096
f 5449/4542/1749 6442/4542/1749 7689/4540/1749
f 5545/4641/639 7237/4641/639 7025/4639/639
f 5473/4552/1455 6445/4552/1455 7653/4554/1455
f 5561/4643/1732 7238/4643/1732 7026/4645/1732
f 5687/4763/1101 7572/4763/1101 7416/4761/1101
f 5543/4637/2052 6805/4637/2052 6485/4634/2052
f 5553/4653/1485 7239/4653/1485 7027/4654/1485
f 5559/4647/1459 6806/4647/1459 6488/4648/1459
f 5457/4558/1457 6447/4558/1457 7654/4556/1457
f 5551/4655/1766 6807/4655/1766 6490/4656/1766
f 5621/4660/3 7242/4660/3 7240/4662/3
f 5727/3456/1505 7573/3456/1505 7417/3457/1505
f 5465/4563/1757 6453/4563/1757 6454/4564/1757
f 5620/4662/6 7240/4662/6 7243/4663/6
f 5743/4775/5 7419/4775/5 7420/4776/5
f 5629/4664/3 6808/4664/3 6809/4666/3
f 5588/4583/1748 7655/4583/1748 6464/4582/1748
f 5627/4667/4 6810/4667/4 6492/4665/4
f 5807/4372/1216 7574/4372/1216 7422/4373/1216
f 5589/4581/1750 6461/4581/1750 7655/4583/1750
f 5599/4585/1777 7396/4585/1777 7655/4583/1777
f 5637/4679/4 7245/4679/4 6812/4677/4
f 5815/4782/1220 6542/4782/1220 6536/4783/1220
f 5603/4591/1754 6466/4591/1754 7557/4589/1754
f 5611/4605/1756 6802/4605/1756 6800/4603/1756
f 5635/4680/4 6813/4680/4 6494/4671/4
f 5799/4784/1226 7575/4784/1226 6538/4785/1226
f 5581/4607/1475 6468/4607/1475 7656/4609/1475
f 5643/4682/3 6816/4682/3 6814/4683/3
f 5645/4690/4 7247/4690/4 6815/4681/4
f 5791/4790/1230 7576/4790/1230 7423/4789/1230
f 5661/4700/6 7028/4700/6 7029/4701/6
f 5573/4621/1481 6478/4621/1481 6479/4622/1481
f 5642/4683/1014 6814/4683/1014 6496/4685/1014
f 5717/4715/1065 7248/4715/1065 6504/4702/1065
f 5783/4805/1233 7577/4805/1233 7424/4806/1233
f 5534/4616/6 6472/4616/6 7657/4625/6
f 5650/4684/1017 6497/4684/1017 6817/4686/1017
f 5651/4687/1020 6498/4687/1020 6497/4684/1020
f 5669/3996/1177 7249/3996/1177 7030/4718/1177
f 5659/4696/5 6500/4696/5 6501/4697/5
f 5775/4817/1237 7578/4817/1237 7425/4819/1237
f 5541/4632/2051 6482/4632/2051 7658/4629/2051
f 5709/4720/1180 7250/4720/1180 7031/4724/1180
f 5565/4636/1763 6486/4636/1763 7024/4638/1763
f 5715/4703/3 6818/4703/3 6505/4704/3
f 5823/4823/1240 7043/4823/1240 7262/4820/1240
f 5557/4649/169 6487/4649/169 7659/4650/169
f 5549/4657/1765 6489/4657/1765 7660/4658/1765
f 5667/4712/1064 6819/4712/1064 6508/4710/1064
f 5767/4840/1244 7579/4840/1244 7426/4841/1244
f 5625/4668/3 6491/4668/3 7564/4669/3
f 5739/4713/1067 6820/4713/1067 6510/4722/1067
f 5677/4742/2053 7252/4742/2053 7032/4739/2053
f 5751/4847/1779 7580/4847/1779 7427/4846/1779
f 5633/4672/3 6493/4672/3 7690/4674/3
f 5707/4727/1602 6821/4727/1602 6514/4729/1602
f 5701/3401/1780 7253/3401/1780 7033/4016/1780
f 5641/4675/4 7691/4675/4 6495/4673/4
f 5759/4460/1781 7581/4460/1781 7428/4862/1781
f 5632/4674/6 7690/4674/6 7691/4675/6
f 5675/4736/1073 6822/4736/1073 6515/4732/1073
f 5649/4685/4 6496/4685/4 7661/4691/4
f 5665/4706/5 6506/4706/5 7663/4707/5
f 5699/4746/1783 6823/4746/1783 6521/4749/1783
f 5685/3430/2054 7254/3430/2054 7034/3422/2054
f 5831/4869/1258 7582/4869/1258 7429/4866/1258
f 5713/4705/1082 6503/4705/1082 7664/4711/1082
f 5683/3423/1079 6824/3423/1079 6522/4755/1079
f 5693/4760/1200 7255/4760/1200 7035/3436/1200
f 5838/4882/376 6566/4882/376 6567/4883/376
f 5733/4767/1202 6826/4767/1202 7036/4769/1202
f 4154/4885/6 5849/4885/6 5955/4885/6
f 5691/3437/1083 6825/3437/1083 6526/3440/1083
f 4158/4993/6 5847/4886/6 7583/4886/6
f 5673/4731/1086 6511/4731/1086 7665/4728/1086
f 5848/4885/4 5954/4885/4 5955/4885/4
f 5846/4888/4 7584/4888/4 7583/4886/4
f 5725/4772/1208 7256/4772/1208 7037/4770/1208
f 5705/4734/1090 6512/4734/1090 7666/4735/1090
f 5723/4768/2055 6827/4768/2055 6527/4766/2055
f 4113/2875/3 5958/2875/3 5956/2876/3
f 4120/2879/3 5960/2879/3 7430/2880/3
f 5737/4730/1092 6509/4730/1092 7251/4740/1092
f 5731/4771/1088 6828/4771/1088 6529/4773/1088
f 5805/4375/1213 7257/4375/1213 7039/4376/1213
f 4112/2876/6 5956/2876/6 5959/2877/6
f 4128/2885/1433 6571/2885/1433 7431/2886/1433
f 5811/4371/1785 6531/4371/1785 6532/4779/1785
f 5813/4378/1215 6534/4378/1215 7038/4374/1215
f 4121/2878/1786 5961/2878/1786 5960/2879/1786
f 5681/4751/1787 6517/4751/1787 7667/4750/1787
f 5803/4377/1304 6829/4377/1304 6535/4379/1304
f 5789/4788/1219 7258/4788/1219 7040/4787/1219
f 4117/2882/3 5964/2882/3 5962/2883/3
f 4132/2898/1788 6574/2898/1788 6842/2895/1788
f 5697/3415/1789 6519/3415/1789 7668/4027/1789
f 4116/2883/1790 5962/2883/1790 5965/2884/1790
f 5721/4753/1791 6525/4753/1791 6520/4743/1791
f 5795/4794/1306 6830/4794/1306 6539/4793/1306
f 5797/4798/1224 7259/4798/1224 7041/4797/1224
f 4125/2889/1407 5967/2889/1407 5966/2890/1407
f 4136/2890/3 6576/2890/3 7585/2891/3
f 4145/2907/4 5969/2907/4 5968/2909/4
f 4135/2903/1432 7585/2903/1432 6579/2904/1432
f 5734/4759/1792 6524/4759/1792 7669/4764/1792
f 5787/4804/1793 6831/4804/1793 6543/4802/1793
f 5781/4808/1228 7260/4808/1228 7042/4809/1228
f 4149/2916/1794 5971/2916/1794 5970/2917/1794
f 5729/2935/1112 6528/2935/1112 7670/3458/1112
f 4161/2921/4 5973/2921/4 5972/2925/4
f 5779/4811/2056 6832/4811/2056 6548/4812/2056
f 5821/4818/1232 7261/4818/1232 6549/4815/1232
f 4169/2929/6 5975/2929/6 5974/2938/6
f 4144/2909/1788 5968/2909/1788 6845/2906/1788
f 5809/4780/2057 6530/4780/2057 7671/4781/2057
f 5819/4813/1311 6547/4813/1311 6545/4810/1311
f 4173/2933/1796 5977/2933/1796 5976/2940/1796
f 5773/4821/900 7263/4821/900 7044/4822/900
f 4164/2916/1794 6586/2916/1794 7436/2917/1794
f 5801/4380/1191 6533/4380/1191 7672/4382/1191
f 5747/4824/5 6551/4824/5 6552/4825/5
f 4168/2938/4 5974/2938/4 6848/2926/4
f 4181/2948/2020 5981/2948/2020 5978/2946/2020
f 4176/2937/4 7268/2937/4 7269/2941/4
f 5793/4792/1194 6537/4792/1194 7673/4791/1194
f 5771/4829/1070 6834/4829/1070 6557/4831/1070
f 5749/4832/5 7264/4832/5 6553/4827/5
f 4221/2949/475 5983/2949/475 5982/2951/475
f 4172/2940/4 5976/2940/4 6589/2939/4
f 5785/4403/1199 6540/4403/1199 7674/4404/1199
f 5827/4838/1315 6835/4838/1315 6558/4836/1315
f 5765/4844/1243 7265/4844/1243 7045/4845/1243
f 5817/4807/1201 6544/4807/1201 6541/4799/1201
f 5754/4852/1316 6836/4852/1316 6554/4828/1316
f 5829/4856/1246 6561/4856/1246 6838/4843/1246
f 4185/2956/1839 5987/2956/1839 5984/2954/1839
f 4224/2943/490 7052/2943/490 5979/2945/490
f 5755/4851/1317 6837/4851/1317 6836/4852/1317
f 4180/2946/1798 5978/2946/1798 7270/2944/1798
f 5777/4814/1204 6546/4814/1204 7675/4816/1204
f 5757/4858/431 7266/4858/431 7046/4859/431
f 5825/4833/1206 6556/4833/1206 6833/4830/1206
f 5763/4854/1799 6839/4854/1799 6562/4855/1799
f 5844/4867/1800 7267/4867/1800 7047/4868/1800
f 5836/4477/1801 6568/4477/1801 6569/4479/1801
f 4189/2965/450 5992/2965/450 5988/2962/450
f 4220/2951/470 5982/2951/470 5985/2953/470
f 5769/4834/1210 6555/4834/1210 7676/4835/1210
f 5842/4872/1802 6840/4872/1802 6564/4873/1802
f 4115/2877/4 5959/2877/4 5957/2874/4
f 4184/2954/1434 5984/2954/1434 7053/2952/1434
f 5835/4479/1321 6569/4479/1321 6570/4478/1321
f 4131/2895/1803 6842/2895/1803 6843/2897/1803
f 4114/2874/5 5957/2874/5 5958/2875/5
f 4143/2906/1803 6845/2906/1803 6846/2908/1803
f 4193/2972/439 5996/2972/439 5993/2970/439
f 5753/4850/1214 6559/4850/1214 7677/4848/1214
f 4118/2881/1804 5963/2881/1804 5964/2882/1804
f 4209/2973/1930 5998/2973/1930 5997/2975/1930
f 4216/2959/455 7271/2959/455 5989/2961/455
f 4122/2884/4 5965/2884/4 5961/2878/4
f 4171/2939/1441 6589/2939/1441 6587/2930/1441
f 4188/2962/453 5988/2962/453 7272/2960/453
f 5761/4865/1805 6560/4865/1805 7678/4459/1805
f 4175/2941/5 7269/2941/5 6850/2936/5
f 4126/2887/1806 6841/2887/1806 5967/2888/1806
f 4197/2980/627 6002/2980/627 5999/2981/627
f 4179/2944/2023 7270/2944/2023 7051/2942/2023
f 4205/2984/1412 6004/2984/1412 6003/2986/1412
f 4212/2967/445 7273/2967/445 5994/2969/445
f 4192/2970/444 5993/2970/444 7274/2968/444
f 5840/4878/1808 6563/4878/1808 7680/4879/1808
f 4130/2897/4 6843/2897/4 6573/2894/4
f 4187/2960/2058 7272/2960/2058 6591/2958/2058
f 4201/2991/388 6008/2991/388 6005/2989/388
f 5833/4881/1227 6565/4881/1227 7679/4874/1227
f 4215/2961/451 5989/2961/451 5990/2963/451
f 4196/2978/635 5999/2978/635 7275/2976/635
f 5848/4885/5 4155/4885/5 7048/4885/5
f 4138/2901/1806 6844/2901/1806 6577/2902/1806
f 4248/2997/1809 6011/2997/1809 6009/2998/1809
f 5846/4888/5 4159/4887/5 7434/4887/5
f 5886/4890/11 7692/4890/11 7693/4891/11
f 4191/2968/446 7274/2968/446 6852/2966/446
f 4244/3001/1810 6013/3001/1810 6012/3002/1810
f 4204/2986/1927 6003/2986/1927 6006/2988/1927
f 5898/4905/5 7695/4905/5 7694/4904/5
f 4200/2989/394 6005/2989/394 7276/2987/394
f 5909/4920/11 7696/4920/11 7692/4890/11
f 4146/2904/1372 6579/2904/1372 5969/2907/1372
f 4252/3004/1811 6015/3004/1811 6014/3003/1811
f 5946/4974/6 7698/4974/6 7697/4978/6
f 4142/2908/4 6846/2908/4 6580/2905/4
f 4195/2976/427 7275/2976/427 6853/2974/427
f 4247/2998/1813 6009/2998/1813 7277/2999/1813
f 5948/4981/6 7699/4981/6 7700/4979/6
f 4154/2913/6 6582/2913/6 6583/2922/6
f 4256/3016/1814 6017/3016/1814 6016/3012/1814
f 4251/3003/4 6014/3003/4 6010/2995/4
f 5950/4984/6 7701/4984/6 7702/4982/6
f 4158/2919/1796 6847/2919/1796 6585/2924/1796
f 4260/3025/1815 6019/3025/1815 6018/3024/1815
f 5952/4987/6 7703/4987/6 7704/4985/6
f 4199/2987/1836 7276/2987/1836 6854/2985/1836
f 4264/3032/1816 6021/3032/1816 6020/3031/1816
f 4243/3002/1817 6012/3002/1817 7437/3005/1817
f 4166/2927/3 6849/2927/3 6588/2928/3
f 4203/2988/2059 6006/2988/2059 6007/2990/2059
f 4227/3057/1463 6023/3057/1463 6022/3058/1463
f 4250/2994/6 6010/2994/6 6606/3006/6
f 5860/4921/4 7705/4921/4 7706/4927/4
f 4165/2928/1361 6588/2928/1361 5975/2929/1361
f 4324/2943/490 6025/2943/490 6024/2945/490
f 5921/4940/3 7708/4940/3 7707/4938/3
f 4170/2930/1363 6587/2930/1363 6588/2928/1363
f 4320/2951/470 6027/2951/470 6026/2953/470
f 5922/4941/4 7709/4941/4 7710/4942/4
f 4174/2935/4 6850/2935/4 5977/2934/4
f 4246/2999/1819 7277/2999/1819 6857/3000/1819
f 4255/3012/1820 6016/3012/1820 7278/3013/1820
f 4254/3010/880 7278/3010/880 7054/3011/880
f 5924/4949/4 7713/4949/4 7714/4947/4
f 4258/3021/1822 6593/3021/1822 6858/3018/1822
f 4288/2962/453 6031/2962/453 6028/2960/453
f 4259/3024/1461 6018/3024/1461 6593/3021/1461
f 5870/4946/4 7711/4946/4 7715/4956/4
f 4222/2947/2060 5980/2947/2060 5983/2949/2060
f 4262/3029/1823 7056/3029/1823 6859/3027/1823
f 4312/2967/445 6033/2967/445 6032/2969/445
f 4263/3031/1824 6020/3031/1824 7056/3029/1824
f 5932/4952/4 7717/4952/4 7716/4959/4
f 4182/2950/677 6851/2950/677 5981/2948/677
f 4229/3051/1825 6860/3051/1825 6861/3056/1825
f 5931/4959/4 7716/4959/4 7718/4958/4
f 4218/2955/1933 5986/2955/1933 6590/2957/1933
f 4235/3033/1826 6595/3033/1826 7440/3035/1826
f 4296/2978/420 6037/2978/420 6034/2976/420
f 5885/4986/5 7720/4986/5 7719/4983/5
f 4190/2966/447 6852/2966/447 5992/2965/447
f 4318/2955/463 6862/2955/463 7063/2957/463
f 4304/3063/1927 6039/3063/1927 6038/3064/1927
f 4267/3037/1827 6598/3037/1827 7439/3036/1827
f 5893/4900/5 7721/4900/5 7722/4898/5
f 4286/2958/461 7279/2958/461 6863/2956/461
f 5896/4901/5 7723/4901/5 7721/4900/5
f 4271/3044/97 6603/3044/97 6601/3045/97
f 4194/2974/1931 6853/2974/1931 5996/2972/1931
f 4290/2966/447 7280/2966/447 6866/2965/447
f 5899/4906/5 7725/4906/5 7695/4905/5
f 4328/3074/4 6044/3074/4 6040/3065/4
f 4230/3048/1828 7586/3048/1828 6860/3051/1828
f 5856/4907/6 7724/4907/6 7726/4910/6
f 4332/3069/4 6046/3069/4 6045/3075/4
f 4229/3054/1829 6860/3054/1829 7442/3052/1829
f 5906/4917/4 7727/4917/4 7728/4925/4
f 4198/2985/406 6854/2985/406 6002/2983/406
f 4298/2985/406 7281/2985/406 6868/2983/406
f 4275/3055/1830 6605/3055/1830 6860/3051/1830
f 5907/4988/13 7729/4988/13 7727/4917/13
f 4202/2990/2019 6007/2990/2019 6008/2991/2019
f 4225/2992/5 6855/2992/5 6856/2993/5
f 4326/3066/3 7283/3066/3 7282/3067/3
f 4347/3088/5 6050/3088/5 6051/3089/5
f 5861/4918/3 7731/4918/3 7730/4919/3
f 4283/2952/473 6609/2952/473 7445/2950/473
f 5913/4926/3 7733/4926/3 7732/4922/3
f 4325/3067/1014 7282/3067/1014 6046/3069/1014
f 4249/2996/3 6856/2996/3 6011/2997/3
f 4372/3091/1809 6054/3091/1809 6053/3092/1809
f 5912/4931/4 7736/4931/4 7737/4929/4
f 4287/2960/2058 6028/2960/2058 7279/2958/2058
f 5917/4932/3 7738/4932/3 7735/4928/3
f 4245/3000/1831 6857/3000/1831 6013/3001/1831
f 4330/3073/4 7284/3073/4 6043/3072/4
f 4368/3095/1810 6056/3095/1810 6055/3096/1810
f 4315/2961/451 6030/2961/451 6864/2963/451
f 5864/4933/4 7734/4933/4 7739/4939/4
f 4346/3082/3 7074/3082/3 6049/3083/3
f 4257/3018/1832 6858/3018/1832 6017/3016/1832
f 4376/3098/1811 6058/3098/1811 6057/3097/1811
f 5868/4945/4 7740/4945/4 7711/4946/4
f 4261/3027/1833 6859/3027/1833 6019/3025/1833
f 4291/2968/446 6611/2968/446 7280/2966/446
f 5937/4964/12 7742/4964/12 7741/4960/12
f 4265/3034/1834 6597/3034/1834 6021/3032/1834
f 4342/3087/976 7285/3087/976 7075/3085/976
f 5881/4975/5 7745/4975/5 7743/4972/5
f 4364/3105/1419 6062/3105/1419 6060/3108/1419
f 4295/3059/427 6034/3059/427 7446/3060/427
f 4370/3093/1819 7286/3093/1819 6869/3094/1819
f 5883/4980/5 7747/4980/5 7746/4977/5
f 4378/3010/880 7287/3010/880 6870/3011/880
f 4384/3111/1815 6064/3111/1815 6063/3112/1815
f 5953/4985/12 7704/4985/12 7748/4963/12
f 4228/3056/1835 6861/3056/1835 6023/3057/1835
f 4299/2987/1836 6613/2987/1836 7281/2985/1836
f 5850/4919/12 7730/4919/12 7749/4893/12
f 4226/3058/1837 6022/3058/1837 6855/2992/1837
f 4366/3099/1373 7288/3099/1373 6872/3102/1373
f 4388/3124/1838 6066/3124/1838 6065/3125/1838
f 4303/2988/2059 6038/2988/2059 7068/2990/2059
f 5889/4892/13 7750/4892/13 7751/4989/13
f 4327/3065/974 6040/3065/974 7283/3066/974
f 4360/3122/1421 6068/3122/1421 6067/3128/1421
f 5852/4896/6 7752/4896/6 7754/4899/6
f 4285/2956/1839 6863/2956/1839 6610/2954/1839
f 4382/3106/1822 6061/3106/1822 6871/3019/1822
f 4355/3143/1840 6070/3143/1840 6071/3141/1840
f 4331/3075/976 6045/3075/976 7284/3073/976
f 5854/4902/6 7755/4902/6 7756/4903/6
f 4362/3113/1377 7289/3113/1377 6875/3118/1377
f 4356/3140/1427 6072/3140/1427 6070/3143/1427
f 4386/3119/1823 6874/3119/1823 6873/3114/1823
f 4395/3144/1841 6073/3144/1841 6070/3143/1841
f 5858/4913/6 7757/4913/6 7759/4889/6
f 4289/2965/450 6866/2965/450 6031/2962/450
f 4313/2964/448 6865/2964/448 6033/2967/448
f 4390/3133/1380 7290/3133/1380 6069/3131/1380
f 4339/3086/4 6615/3086/4 7072/3078/4
f 5904/4916/9 7762/4916/9 7761/4914/9
f 4357/3138/1842 6877/3138/1842 7291/3137/1842
f 4358/3132/1382 7292/3132/1382 6877/3138/1382
f 4371/3092/1813 6053/3092/1813 7286/3093/1813
f 5877/4967/11 7760/4967/11 7763/4915/11
f 4297/2983/627 6868/2983/627 6037/2978/627
f 4392/3139/1843 6876/3139/1843 6877/3138/1843
f 4352/3153/1835 6076/3153/1835 6077/3154/1835
f 4375/3097/4 6057/3097/4 6052/3090/4
f 4329/3072/1025 6043/3072/1025 6044/3074/1025
f 4394/3141/1383 6071/3141/1383 6878/3142/1383
f 4350/3155/1837 6078/3155/1837 6050/3088/1837
f 5862/4927/4 7706/4927/4 7734/4933/4
f 4347/3088/1844 6050/3088/1844 6079/3156/1844
f 4367/3096/1817 6055/3096/1817 7288/3099/1817
f 5916/4937/4 7764/4937/4 7765/4935/4
f 4373/3089/3 6051/3089/3 6054/3091/3
f 4354/3145/1828 7294/3145/1828 6075/3149/1828
f 4348/3157/4 6080/3157/4 6050/3088/4
f 4374/3090/6 6052/3090/6 6059/3100/6
f 5920/4938/3 7707/4938/3 7766/4934/3
f 4369/3094/1831 6869/3094/1831 6056/3095/1831
f 5871/4948/3 7768/4948/3 7767/4943/3
f 4377/3011/1390 6870/3011/1390 6058/3004/1390
f 4409/3161/1017 6082/3161/1017 6083/3163/1017
f 4381/3019/1832 6871/3019/1832 6618/3103/1832
f 4410/3164/1020 7076/3164/1020 6082/3161/1020
f 4404/3167/4 6085/3167/4 6081/3158/4
f 5873/4953/3 7770/4953/3 7768/4948/3
f 4408/3162/4 6087/3162/4 6086/3168/4
f 4363/3108/1449 6060/3108/1449 7289/3113/1449
f 5935/4958/9 7718/4958/9 7762/4916/9
f 4365/3102/1393 6872/3102/1393 6062/3105/1393
f 5878/4966/5 7771/4966/5 7760/4967/5
f 4406/3166/4 7296/3166/4 6084/3165/4
f 4503/3202/1262 6090/3202/1262 6088/3203/1262
f 4387/3123/1824 6065/3123/1824 6874/3121/1824
f 5851/4893/6 7749/4893/6 7752/4896/6
f 4385/3114/1833 6873/3114/1833 6064/3115/1833
f 4418/3175/6 6622/3175/6 7081/3176/6
f 4507/3210/4 6091/3210/4 6089/3208/4
f 4422/3177/5 6880/3177/5 6881/3178/5
f 4506/3199/6 6089/3199/6 6092/3213/6
f 4359/3128/1826 6067/3128/1826 7292/3132/1826
f 5891/4897/5 7772/4897/5 7773/4895/5
f 4361/3118/1397 6875/3118/1397 6068/3122/1397
f 4438/3187/6 6884/3187/6 7083/3190/6
f 4511/3220/1265 6094/3220/1265 6093/3218/1265
f 5894/4898/5 7722/4898/5 7772/4897/5
f 4515/3229/1270 6096/3229/1270 6095/3230/1270
f 4391/3134/1827 7291/3134/1827 7290/3135/1827
f 5895/4990/5 7774/4990/5 7723/4901/5
f 4501/3204/1231 7297/3204/1231 6887/3205/1231
f 4519/3239/1273 6098/3239/1273 6097/3237/1273
f 5901/4909/5 7776/4909/5 7775/4908/5
f 4389/3129/1834 6069/3129/1834 6066/3124/1834
f 4509/3216/2061 7298/3216/2061 6888/3214/2061
f 5887/4891/11 7693/4891/11 7777/4912/11
f 4356/3140/1847 6072/3140/1847 6876/3139/1847
f 4513/3224/1269 6890/3224/1269 6889/3221/1269
f 4491/3248/1277 6101/3248/1277 6099/3253/1277
f 4355/3143/1452 6070/3143/1452 7294/3145/1452
f 4357/3138/1401 6877/3138/1401 6072/3140/1401
f 5908/4925/4 7728/4925/4 7778/4923/4
f 4354/3147/1454 7294/3147/1454 6619/3146/1454
f 4393/3142/1850 6878/3142/1850 6072/3140/1850
f 5869/4943/3 7767/4943/3 7779/4936/3
f 4531/3276/1851 6104/3276/1851 6103/3277/1851
f 4489/3257/1280 7300/3257/1280 6894/3261/1280
f 4397/3148/1456 7293/3148/1456 7294/3145/1456
f 4483/3281/1295 6106/3281/1295 6105/3282/1295
f 4353/3149/1852 6075/3149/1852 6076/3153/1852
f 4405/3165/1025 6084/3165/1025 6085/3167/1025
f 5880/4972/5 7743/4972/5 7780/4969/5
f 4448/3297/1853 6109/3297/1853 6107/3295/1853
f 4407/3168/976 6086/3168/976 7296/3166/976
f 5949/4979/6 7700/4979/6 7701/4984/6
f 4450/3301/1854 7301/3301/1854 6897/3302/1854
f 4427/3180/4 6882/3180/4 6880/3177/4
f 4421/3178/3 6881/3178/3 6879/3179/3
f 5951/4982/6 7702/4982/6 7703/4987/6
f 4477/3303/1855 6896/3303/1855 6111/3304/1855
f 4420/3179/6 6879/3179/6 6882/3180/6
f 5903/4912/5 7777/4912/5 7758/4911/5
f 4473/3317/1294 7302/3317/1294 6650/3321/1294
f 4452/3310/1301 6113/3310/1301 6110/3305/1301
f 4502/3203/1716 6088/3203/1716 7297/3204/1716
f 4461/3338/1259 7303/3338/1259 6899/3339/1259
f 4475/3309/1302 6112/3309/1302 6114/3313/1302
f 4429/3186/3 6885/3186/3 6883/3188/3
f 5867/4936/3 7779/4936/3 7782/4930/3
f 4541/3349/6 6900/3349/6 6901/3350/6
f 4463/3335/2062 6116/3335/2062 6115/3336/2062
f 4498/3207/1750 6630/3207/1750 7451/3212/1750
f 4428/3188/6 6883/3188/6 6886/3189/6
f 5923/4942/4 7710/4942/4 7713/4949/4
f 4537/3352/6 7096/3352/6 7097/3353/6
f 4459/3340/1330 6118/3340/1330 6117/3341/1330
f 4543/3344/6 6120/3344/6 6119/3347/6
f 4500/3205/1751 6887/3205/1751 6631/3206/1751
f 5875/4915/3 7763/4915/3 7770/4953/3
f 4549/3364/1064 7304/3364/1064 7100/3365/1064
f 4539/3348/6 6122/3348/6 6121/3351/6
f 4510/3217/1857 6093/3217/1857 7298/3216/1857
f 4508/3214/1858 6888/3214/1858 6091/3210/1858
f 5947/4976/6 7783/4976/6 7699/4981/6
f 4622/3361/1326 7099/3361/1326 6129/3367/1326
f 4547/3358/5 6124/3358/5 6123/3359/5
f 4512/3221/1735 6889/3221/1735 6094/3222/1735
f 5882/4977/5 7746/4977/5 7745/4975/5
f 4514/3227/1754 6095/3227/1754 6890/3224/1754
f 4593/3368/1078 7305/3368/1078 7101/3371/1078
f 4595/3357/1082 6127/3357/1082 6125/3363/1082
f 4496/3219/1739 6891/3219/1739 6634/3226/1739
f 5884/4983/5 7719/4983/5 7747/4980/5
f 4621/3367/1859 6129/3367/1859 6128/3370/1859
f 4494/3232/1860 6632/3232/1860 7452/3238/1860
f 4553/3378/1861 7306/3378/1861 6903/2890/1861
f 5853/4899/6 7754/4899/6 7755/4902/6
f 4516/3231/1862 6633/3231/1862 6096/3229/1862
f 5855/4903/6 7756/4903/6 7724/4907/6
f 4585/3395/1085 7307/3395/1085 6906/3396/1085
f 4555/3385/1086 6133/3385/1086 6130/3383/1086
f 4522/3249/1756 6636/3249/1756 6892/3245/1756
f 5900/4908/5 7775/4908/5 7725/4906/5
f 4601/3391/1863 6135/3391/1863 6134/3403/1863
f 4530/3274/1864 6103/3274/1864 6640/3269/1864
f 5902/4911/5 7758/4911/5 7776/4909/5
f 4561/3407/1089 7308/3407/1089 7104/3404/1089
f 4492/3244/1768 6893/3244/1768 6101/3248/1768
f 5911/4923/4 7778/4923/4 7736/4931/4
f 4618/3398/1399 6138/3398/1399 6137/3409/1399
f 4447/3295/2063 6107/3295/2063 7454/3296/2063
f 5915/4929/4 7737/4929/4 7764/4937/4
f 4581/3406/1783 7309/3406/1783 6907/3410/1783
f 4617/3412/1866 6137/3412/1866 6139/3411/1866
f 5928/4947/4 7714/4947/4 7769/4954/4
f 4617/3409/1867 6137/3409/1867 7106/3416/1867
f 4603/3420/1104 6140/3420/1104 6136/3402/1104
f 5929/4951/3 7784/4951/3 7785/4950/3
f 4451/3305/2051 6110/3305/2051 7301/3306/2051
f 4488/3261/1745 6894/3261/1745 6641/3267/1745
f 5927/4954/4 7769/4954/4 7717/4952/4
f 4577/3421/1094 7310/3421/1094 6908/3424/1094
f 4575/3428/1200 6142/3428/1200 6141/3432/1200
f 4470/3324/1732 6652/3324/1732 7092/3326/1732
f 4528/3268/1869 6895/3268/1869 6638/3266/1869
f 5934/4955/3 7786/4955/3 7784/4951/3
f 4616/3431/1792 6144/3431/1792 6143/3438/1792
f 4538/3351/3 6121/3351/3 7096/3352/3
f 5938/4963/12 7748/4963/12 7742/4964/12
f 4569/3433/1101 7311/3433/1101 7107/3434/1101
f 5940/4965/6 7788/4965/6 7787/4970/6
f 4610/3458/1409 6147/3458/1409 6145/3456/1409
f 4546/3359/3 6123/3359/3 7587/3360/3
f 4532/3213/3 6092/3213/3 6104/3276/3
f 5939/4970/6 7787/4970/6 7789/4968/6
f 4573/3437/1083 7312/3437/1083 6910/3440/1083
f 4545/3360/6 7587/3360/6 7099/3361/6
f 5944/4971/6 7790/4971/6 7744/4992/6
f 5943/4992/6 7744/4992/6 7698/4974/6
f 4554/3381/1394 6130/3381/1394 7306/3378/1394
f 4449/3300/1749 6897/3300/1749 6109/3298/1749
f 4606/3447/1342 7314/3447/1342 7109/3445/1342
f 4626/3468/4 6152/3468/4 6148/3459/4
f 4602/3402/1398 6136/3402/1398 6135/3391/1398
f 4464/3332/1757 6898/3332/1757 6116/3333/1757
f 5859/4889/9 7759/4889/9 7705/4921/9
f 4614/3446/1345 7313/3446/1345 7110/3448/1345
f 4460/3339/1766 6899/3339/1766 6118/3340/1766
f 5888/4894/5 7753/4894/5 7750/4892/5
f 4630/3464/3 6150/3464/3 6913/3466/3
f 4634/3470/3 6155/3470/3 6153/3471/3
f 4582/3403/1335 6134/3403/1335 7309/3406/1335
f 5892/4895/5 7773/4895/5 7753/4894/5
f 4633/3471/1014 6153/3471/1014 6157/3473/1014
f 4540/3350/4 6901/3350/4 6122/3348/4
f 5857/4910/6 7726/4910/6 7757/4913/6
f 4638/3477/4 7315/3477/4 6915/3476/4
f 4641/3472/1017 6156/3472/1017 6158/3474/1017
f 4562/3411/1403 6139/3411/1403 7308/3407/1403
f 4551/3373/1872 6902/3373/1872 6129/3367/1872
f 4646/3480/5 7112/3480/5 7113/3481/5
f 4642/3475/1020 6159/3475/1020 6156/3472/1020
f 5910/4922/3 7732/4922/3 7696/4920/3
f 4654/3490/6 7115/3490/6 7116/3491/6
f 4658/3492/5 6161/3492/5 6160/3493/5
f 4578/3419/1406 6665/3419/1406 7310/3421/1406
f 4552/3375/1310 6903/3375/1310 6902/3373/1310
f 5863/4924/3 7791/4924/3 7731/4918/3
f 4662/3498/6 6674/3498/6 6675/3501/6
f 4620/3374/1348 6131/3374/1348 6132/3384/1348
f 4666/3494/6 6162/3494/6 6163/3497/6
f 5914/4928/3 7735/4928/3 7733/4926/3
f 4574/3436/1340 6141/3436/1340 7312/3437/1340
f 4556/2916/1356 6904/2916/1356 6133/3389/1356
f 5865/4930/3 7782/4930/3 7791/4924/3
f 4693/3509/962 7316/3509/962 7120/3510/962
f 4689/3513/960 6166/3513/960 6164/3514/960
f 4570/3438/1408 6143/3438/1408 7311/3439/1408
f 4583/3401/1874 6905/3401/1874 6135/3399/1874
f 5918/4934/3 7766/4934/3 7738/4932/3
f 4697/3515/4 6167/3515/4 6165/3506/4
f 4616/3426/579 6144/3426/579 7108/3444/579
f 4584/3400/1313 6906/3400/1313 6905/3401/1313
f 4701/3523/964 7317/3523/964 7121/3520/964
f 5866/4939/4 7739/4939/4 7740/4945/4
f 4696/3506/6 6165/3506/6 6168/3517/6
f 4580/3414/1358 6907/3414/1358 6666/3415/1358
f 5925/4991/3 7712/4991/3 7792/4944/3
f 4685/3528/966 7318/3528/966 7123/3532/966
f 4705/3530/965 6170/3530/965 6169/3529/965
f 4608/3453/1322 7588/3453/1322 7460/3449/1322
g Immagine_Mesh
v -0.559310 4.096811 -0.748147
v -0.559310 2.096811 -0.748147
v -0.559309 4.096811 0.748147
v -0.559309 2.096811 0.748147
v -0.522336 4.096811 0.748147
v -0.522337 4.096811 -0.748147
v -0.522337 2.096811 -0.748147
v -0.522336 2.096811 0.748147
vn 1.0000 -0.0000 -0.0000
vn -1.0000 -0.0000 -0.0000
vn -0.0000 -0.0000 -1.0000
vn -0.0000 -0.0000 1.0000
vn -0.0000 1.0000 -0.0000
vn -0.0000 -1.0000 -0.0000
vt 0.987681 0.933260
vt 0.011340 0.074081
vt 0.011368 0.933319
vt 0.987653 0.074022
s 0
usemtl Material.002
f 7798/6811/2064 7797/6812/2064 7796/6813/2064
f 7802/6812/2065 7800/6811/2065 7801/6813/2065
f 7798/6811/2066 7803/6814/2066 7799/6814/2066
f 7797/6812/2067 7801/6813/2067 7796/6813/2067
f 7799/6814/2068 7802/6812/2068 7797/6812/2068
f 7796/6813/2069 7800/6811/2069 7798/6811/2069
f 7798/6811/2064 7799/6814/2064 7797/6812/2064
f 7802/6812/2065 7803/6814/2065 7800/6811/2065
f 7798/6811/2066 7800/6811/2066 7803/6814/2066
f 7797/6812/2067 7802/6812/2067 7801/6813/2067
f 7799/6814/2068 7803/6814/2068 7802/6812/2068
f 7796/6813/2069 7801/6813/2069 7800/6811/2069
